quote_id,time_to_expiry,strike,log_moneyness,fitted_total_variance,fitted_iv,status
q000001,0.01917800000000000,4400.00000000000000000,-0.31022165272392943,0.47458942349042010,4.97459089445899405,ok
q000002,0.01917800000000000,4500.00000000000000000,-0.28774879687187088,0.41966328533339875,4.67787735169925867,ok
q000003,0.01917800000000000,4600.00000000000000000,-0.26576989015309566,0.36780287784049193,4.37931217304780507,ok
q000004,0.01917800000000000,4700.00000000000000000,-0.24426368493213210,0.31948400866554399,4.08152917648233782,ok
q000005,0.01917800000000000,4800.00000000000000000,-0.22321027573429963,0.27592865859715754,3.79312144397255668,ok
q000006,0.01917800000000000,4850.00000000000000000,-0.21284748869875308,0.25604334504652093,3.65388680465539295,ok
q000007,0.01917800000000000,4900.00000000000000000,-0.20259098853156399,0.23720596292911394,3.51690910416307778,ok
q000008,0.01917800000000000,4950.00000000000000000,-0.19243861706754600,0.21920713819120483,3.38084833698488207,ok
q000009,0.01917800000000000,5000.00000000000000000,-0.18238828121404457,0.20196662971531140,3.24517522707516148,ok
q000010,0.01917800000000000,5050.00000000000000000,-0.17243795036087650,0.18549617116016415,3.11003887535909618,ok
q000011,0.01917800000000000,5075.00000000000000000,-0.16749966872029393,0.17752126381126809,3.04245058619997355,ok
q000012,0.01917800000000000,5100.00000000000000000,-0.16258565391786489,0.16971574272686965,2.97481119641847558,ok
q000013,0.01917800000000000,5125.00000000000000000,-0.15769566862367310,0.16202615048531835,2.90663768402648603,ok
q000014,0.01917800000000000,5150.00000000000000000,-0.15282947897250021,0.15457981175502974,2.83906103941359511,ok
q000015,0.01917800000000000,5175.00000000000000000,-0.14798685449671223,0.14724209263587482,2.77085840597621846,ok
q000016,0.01917800000000000,5200.00000000000000000,-0.14316756806076333,0.14008801145548044,2.70270613908844526,ok
q000017,0.01917800000000000,5225.00000000000000000,-0.13837139579727031,0.13310819788809161,2.63451541896358776,ok
q000018,0.01917800000000000,5250.00000000000000000,-0.13359811704461264,0.12624196731964013,2.56566659539334685,ok
q000019,0.01917800000000000,5275.00000000000000000,-0.12884751428601482,0.11962104665797081,2.49748070641641684,ok
q000020,0.01917800000000000,5300.00000000000000000,-0.12411937309006875,0.11309972783376496,2.42844975771937355,ok
q000021,0.01917800000000000,5325.00000000000000000,-0.11941348205265609,0.10678529958215384,2.35968525113355732,ok
q000022,0.01917800000000000,5350.00000000000000000,-0.11472963274022974,0.10062543076530961,2.29061562644931316,ok
q000023,0.01917800000000000,5370.00000000000000000,-0.11099828512737164,0.09580962487254990,2.23513064344124457,ok
q000024,0.01917800000000000,5375.00000000000000000,-0.11006761963441843,0.09460847589631736,2.22107572706423362,ok
q000025,0.01917800000000000,5380.00000000000000000,-0.10913781947445195,0.09340844374867577,2.20694449688726957,ok
q000026,0.01917800000000000,5390.00000000000000000,-0.10728080872723911,0.09110786178407532,2.17959734389257376,ok
q000027,0.01917800000000000,5400.00000000000000000,-0.10542724007791622,0.08881403104743858,2.15198447496492662,ok
q000028,0.01917800000000000,5410.00000000000000000,-0.10357710078975479,0.08652444421838092,2.12406475181233345,ok
q000029,0.01917800000000000,5420.00000000000000000,-0.10173037819659013,0.08423908562225335,2.09582571612804536,ok
q000030,0.01917800000000000,5425.00000000000000000,-0.10080829422162169,0.08310918337908063,2.08172256764268226,ok
q000031,0.01917800000000000,5430.00000000000000000,-0.09988705970230094,0.08202024656783040,2.06803973092905924,ok
q000032,0.01917800000000000,5440.00000000000000000,-0.09804713278029364,0.07984537783097351,2.04043720139387608,ok
q000033,0.01917800000000000,5450.00000000000000000,-0.09621058497299223,0.07767450334565139,2.01250786074061772,ok
q000034,0.01917800000000000,5460.00000000000000000,-0.09437740389133129,0.07550760846748292,1.98423771641154501,ok
q000035,0.01917800000000000,5470.00000000000000000,-0.09254757721425515,0.07336772579858770,1.95591902713867594,ok
q000036,0.01917800000000000,5475.00000000000000000,-0.09163391794558043,0.07234290800580846,1.94221061781166582,ok
q000037,0.01917800000000000,5480.00000000000000000,-0.09072109268822084,0.07131902569265978,1.92841740967753883,ok
q000038,0.01917800000000000,5485.00000000000000000,-0.08980909992095140,0.07029607715283991,1.91453754671263687,ok
q000039,0.01917800000000000,5490.00000000000000000,-0.08889793812670566,0.06927406068471152,1.90056910705367499,ok
q000040,0.01917800000000000,5495.00000000000000000,-0.08798760579256031,0.06825297459128454,1.88651009968253836,ok
q000041,0.01917800000000000,5500.00000000000000000,-0.08707810140971971,0.06723281718019873,1.87235846089359104,ok
q000042,0.01917800000000000,5510.00000000000000000,-0.08526157048332185,0.06519528165866170,1.84376864794042095,ok
q000043,0.01917800000000000,5515.00000000000000000,-0.08435454094267913,0.06421059477689552,1.82979185146107537,ok
q000044,0.01917800000000000,5520.00000000000000000,-0.08344833335914106,0.06325411795680458,1.81611248873484943,ok
q000045,0.01917800000000000,5525.00000000000000000,-0.08254294624432844,0.06229850711856125,1.80234183183027663,ok
q000046,0.01917800000000000,5530.00000000000000000,-0.08163837811390147,0.06134376069548627,1.78847774911005009,ok
q000047,0.01917800000000000,5535.00000000000000000,-0.08073462748754479,0.06038987712514809,1.77451802784812473,ok
q000048,0.01917800000000000,5540.00000000000000000,-0.07983169288895249,0.05943685484934701,1.76046036984782051,ok
q000049,0.01917800000000000,5545.00000000000000000,-0.07892957284581464,0.05848469231410099,1.74630238675108029,ok
q000050,0.01917800000000000,5550.00000000000000000,-0.07802826588980181,0.05753338796962926,1.73204159501180577,ok
q000051,0.01917800000000000,5555.00000000000000000,-0.07712777055655159,0.05658294027033817,1.71767541050347239,ok
q000052,0.01917800000000000,5560.00000000000000000,-0.07622808538565398,0.05567220107589169,1.70379578254397801,ok
q000053,0.01917800000000000,5565.00000000000000000,-0.07532920892063678,0.05478818585265335,1.69021442177199255,ok
q000054,0.01917800000000000,5570.00000000000000000,-0.07443113970895236,0.05390496453632319,1.67653538920874823,ok
q000055,0.01917800000000000,5575.00000000000000000,-0.07353387630196251,0.05302253570221353,1.66275625196146359,ok
q000056,0.01917800000000000,5580.00000000000000000,-0.07263741725492535,0.05214089792946862,1.64887447793367592,ok
q000057,0.01917800000000000,5585.00000000000000000,-0.07174176112698095,0.05126004980105042,1.63488743007368953,ok
q000058,0.01917800000000000,5590.00000000000000000,-0.07084690648113716,0.05037998990372478,1.62079236018752737,ok
q000059,0.01917800000000000,5595.00000000000000000,-0.06995285188425635,0.04950071682804831,1.60658640227540794,ok
q000060,0.01917800000000000,5600.00000000000000000,-0.06905959590704142,0.04862222916835468,1.59226656534612010,ok
q000061,0.01917800000000000,5605.00000000000000000,-0.06816713712402168,0.04778509954227355,1.57850001505944926,ok
q000062,0.01917800000000000,5610.00000000000000000,-0.06727547411354005,0.04697778820149179,1.56510913268702945,ok
q000063,0.01917800000000000,5615.00000000000000000,-0.06638460545773844,0.04617119606912649,1.55161477133998904,ok
q000064,0.01917800000000000,5620.00000000000000000,-0.06549452974254520,0.04536532186487772,1.53801418557963965,ok
q000065,0.01917800000000000,5625.00000000000000000,-0.06460524555766115,0.04456016431186116,1.52430451021143787,ok
q000066,0.01917800000000000,5630.00000000000000000,-0.06371675149654592,0.04375572213659573,1.51048275285003042,ok
q000067,0.01917800000000000,5635.00000000000000000,-0.06282904615640537,0.04295199406899215,1.49654578588069231,ok
q000068,0.01917800000000000,5640.00000000000000000,-0.06194212813817743,0.04214897884234015,1.48249033775614003,ok
q000069,0.01917800000000000,5645.00000000000000000,-0.06105599604651957,0.04134667519329718,1.46831298356038520,ok
q000070,0.01917800000000000,5650.00000000000000000,-0.06017064848979541,0.04058265148406363,1.45468363152646951,ok
q000071,0.01917800000000000,5655.00000000000000000,-0.05928608408006116,0.03985809203195445,1.44163924263688448,ok
q000072,0.01917800000000000,5660.00000000000000000,-0.05840230143305344,0.03913417293295758,1.42848742870709922,ok
q000073,0.01917800000000000,5665.00000000000000000,-0.05751929916817532,0.03841089305620618,1.41522517397581082,ok
q000074,0.01917800000000000,5670.00000000000000000,-0.05663707590848421,0.03768825127382675,1.40184932298082043,ok
q000075,0.01917800000000000,5675.00000000000000000,-0.05575563028067861,0.03696624646092822,1.38835657133882440,ok
q000076,0.01917800000000000,5680.00000000000000000,-0.05487496091508496,0.03624487749559128,1.37474345572847501,ok
q000077,0.01917800000000000,5685.00000000000000000,-0.05399506644564565,0.03552414325885844,1.36100634299095535,ok
q000078,0.01917800000000000,5690.00000000000000000,-0.05311594550990541,0.03480404263472296,1.34714141825114275,ok
q000079,0.01917800000000000,5695.00000000000000000,-0.05223759674899946,0.03411207820102823,1.33368243728411118,ok
q000080,0.01917800000000000,5700.00000000000000000,-0.05136001880764052,0.03347714950605613,1.32121221058334215,ok
q000081,0.01917800000000000,5705.00000000000000000,-0.05048321033410599,0.03284277752197949,1.30863424832535080,ok
q000082,0.01917800000000000,5710.00000000000000000,-0.04960716998022605,0.03220896127339583,1.29594539396773989,ok
q000083,0.01917800000000000,5715.00000000000000000,-0.04873189640137100,0.03157569978746395,1.28314233794852939,ok
q000084,0.01917800000000000,5720.00000000000000000,-0.04785738825643840,0.03094299209389463,1.27022160710863341,ok
q000085,0.01917800000000000,5725.00000000000000000,-0.04698364420784165,0.03031083722494235,1.25717955315612406,ok
q000086,0.01917800000000000,5730.00000000000000000,-0.04611066292149676,0.02967923421539573,1.24401234006399686,ok
q000087,0.01917800000000000,5735.00000000000000000,-0.04523844306681089,0.02904818210256927,1.23071593027849424,ok
q000088,0.01917800000000000,5740.00000000000000000,-0.04436698331666993,0.02842580950139960,1.21746017443159960,ok
q000089,0.01917800000000000,5745.00000000000000000,-0.04349628234742593,0.02788723670508982,1.20587164805917935,ok
q000090,0.01917800000000000,5750.00000000000000000,-0.04262633883888593,0.02734913243671770,1.19418089808409089,ok
q000091,0.01917800000000000,5755.00000000000000000,-0.04175715147429900,0.02681149588180589,1.18238487436433082,ok
q000092,0.01917800000000000,5760.00000000000000000,-0.04088871894034504,0.02627432622799917,1.17048037598421306,ok
q000093,0.01917800000000000,5765.00000000000000000,-0.04002103992712264,0.02573762266505693,1.15846404062286501,ok
q000094,0.01917800000000000,5770.00000000000000000,-0.03915411312813675,0.02520138438484563,1.14633233293984671,ok
q000095,0.01917800000000000,5775.00000000000000000,-0.03828793724028777,0.02466561058133191,1.13408153186455407,ok
q000096,0.01917800000000000,5780.00000000000000000,-0.03742251096385887,0.02413030045057488,1.12170771666023827,ok
q000097,0.01917800000000000,5785.00000000000000000,-0.03655783300250502,0.02359545319071926,1.10920675161519067,ok
q000098,0.01917800000000000,5790.00000000000000000,-0.03569390206324111,0.02313688608439614,1.09837539859428479,ok
q000099,0.01917800000000000,5795.00000000000000000,-0.03483071685642992,0.02270068009558752,1.08797214679363186,ok
q000100,0.01917800000000000,5800.00000000000000000,-0.03396827609577125,0.02226485030862702,1.07747755637118869,ok
q000101,0.01917800000000000,5805.00000000000000000,-0.03310657849829015,0.02182939607517018,1.06688891609442060,ok
q000102,0.01917800000000000,5810.00000000000000000,-0.03224562278432506,0.02139431674854692,1.05620338140145775,ok
q000103,0.01917800000000000,5815.00000000000000000,-0.03138540767751725,0.02095961168375624,1.04541796504915929,ok
q000104,0.01917800000000000,5820.00000000000000000,-0.03052593190479850,0.02052528023745999,1.03452952690121469,ok
q000105,0.01917800000000000,5825.00000000000000000,-0.02966719419638065,0.02009132176797757,1.02353476275769295,ok
q000106,0.01917800000000000,5830.00000000000000000,-0.02880919328574397,0.01965773563528005,1.01243019211372487,ok
q000107,0.01917800000000000,5835.00000000000000000,-0.02795192790962563,0.01925985527561842,1.00213182078765817,ok
q000108,0.01917800000000000,5840.00000000000000000,-0.02709539680800931,0.01891847367311544,0.99321070162177061,ok
q000109,0.01917800000000000,5845.00000000000000000,-0.02623959872411322,0.01857738422435156,0.98421646155345432,ok
q000110,0.01917800000000000,5850.00000000000000000,-0.02538453240437979,0.01823658642970512,0.97514706394151196,ok
q000111,0.01917800000000000,5855.00000000000000000,-0.02453019659846432,0.01789607979083500,0.96600037846463371,ok
q000112,0.01917800000000000,5860.00000000000000000,-0.02367659005922369,0.01755586381067608,0.95677417498304673,ok
q000113,0.01917800000000000,5865.00000000000000000,-0.02282371154270622,0.01721593799343527,0.94746611687362903,ok
q000114,0.01917800000000000,5870.00000000000000000,-0.02197155980813988,0.01687630184458675,0.93807375378219970,ok
q000115,0.01917800000000000,5875.00000000000000000,-0.02112013361792226,0.01653695487086798,0.92859451372951962,ok
q000116,0.01917800000000000,5880.00000000000000000,-0.02026943173760944,0.01619789658027530,0.91902569449913329,ok
q000117,0.01917800000000000,5885.00000000000000000,-0.01941945293590490,0.01592938307563106,0.91137648961952922,ok
q000118,0.01917800000000000,5890.00000000000000000,-0.01857019598464968,0.01566714447816952,0.90384355809171180,ok
q000119,0.01917800000000000,5895.00000000000000000,-0.01772165965881072,0.01540512839969729,0.89625378771983599,ok
q000120,0.01917800000000000,5900.00000000000000000,-0.01687384273647116,0.01514333446290363,0.88860571101691288,ok
q000121,0.01917800000000000,5905.00000000000000000,-0.01602674399881937,0.01488176229143666,0.88089779817462399,ok
q000122,0.01917800000000000,5910.00000000000000000,-0.01518036223013812,0.01462041150990000,0.87312845329820243,ok
q000123,0.01917800000000000,5915.00000000000000000,-0.01433469621779481,0.01435928174384977,0.86529601034400216,ok
q000124,0.01917800000000000,5920.00000000000000000,-0.01348974475223066,0.01409837261979125,0.85739872873053868,ok
q000125,0.01917800000000000,5925.00000000000000000,-0.01264550662695005,0.01383768376517555,0.84943478859036248,ok
q000126,0.01917800000000000,5930.00000000000000000,-0.01180198063851091,0.01360037152533767,0.84211950981745320,ok
q000127,0.01917800000000000,5935.00000000000000000,-0.01095916558651359,0.01340125901564555,0.83593237117078700,ok
q000128,0.01917800000000000,5940.00000000000000000,-0.01011706027359135,0.01320231417966563,0.82970436454868257,ok
q000129,0.01917800000000000,5945.00000000000000000,-0.00927566350539983,0.01300353673523766,0.82343455370918162,ok
q000130,0.01917800000000000,5950.00000000000000000,-0.00843497409060654,0.01280492640091295,0.81712196737630949,ok
q000131,0.01917800000000000,5955.00000000000000000,-0.00759499084088158,0.01260648289595214,0.81076559737854714,ok
q000132,0.01917800000000000,5960.00000000000000000,-0.00675571257088657,0.01240820594032261,0.80436439665829429,ok
q000133,0.01917800000000000,5965.00000000000000000,-0.00591713809826548,0.01221009525469634,0.79791727714125504,ok
q000134,0.01917800000000000,5970.00000000000000000,-0.00507926624363427,0.01201215056044741,0.79142310745348865,ok
q000135,0.01917800000000000,5975.00000000000000000,-0.00424209583057058,0.01181437157964958,0.78488071047261576,ok
q000136,0.01917800000000000,5980.00000000000000000,-0.00340562568560464,0.01165241700414190,0.77948246881223948,ok
q000137,0.01917800000000000,5985.00000000000000000,-0.00256985463820850,0.01150191844623256,0.77443234743157974,ok
q000138,0.01917800000000000,5990.00000000000000000,-0.00173478152078694,0.01135154556563047,0.76935333593421962,ok
q000139,0.01917800000000000,5995.00000000000000000,-0.00090040516866742,0.01120129815261124,0.76424485117279384,ok
q000140,0.01917800000000000,6000.00000000000000000,-0.00006672442008995,0.01105117599797502,0.75910629093237103,ok
q000141,0.01917800000000000,6005.00000000000000000,0.00076626188380196,0.01090117889304476,0.75393703304651094,ok
q000142,0.01917800000000000,6010.00000000000000000,0.00159855489897135,0.01075130662966444,0.74873643445998583,ok
q000143,0.01917800000000000,6015.00000000000000000,0.00243015577849716,0.01060155900019739,0.74350383023419342,ok
q000144,0.01917800000000000,6020.00000000000000000,0.00326106567258467,0.01045193579752441,0.73823853249091065,ok
q000145,0.01917800000000000,6025.00000000000000000,0.00409128572857374,0.01030548607543232,0.73304828707903313,ok
q000146,0.01917800000000000,6030.00000000000000000,0.00492081709094916,0.01020582363068446,0.72949508860506240,ok
q000147,0.01917800000000000,6035.00000000000000000,0.00574966090134996,0.01010624379054179,0.72592746515536866,ok
q000148,0.01917800000000000,6040.00000000000000000,0.00657781829857854,0.01000674641818509,0.72234519805928110,ok
q000149,0.01917800000000000,6045.00000000000000000,0.00740529041861099,0.00990733137713472,0.71874806341279784,ok
q000150,0.01917800000000000,6050.00000000000000000,0.00823207839460514,0.00980799853124960,0.71513583190126950,ok
q000151,0.01917800000000000,6055.00000000000000000,0.00905818335691066,0.00970874774472606,0.71150826861428662,ok
q000152,0.01917800000000000,6060.00000000000000000,0.00988360643307821,0.00960957888209669,0.70786513285236574,ok
q000153,0.01917800000000000,6065.00000000000000000,0.01070834874786840,0.00951049180822931,0.70420617792497697,ok
q000154,0.01917800000000000,6070.00000000000000000,0.01153241142326189,0.00941148638832572,0.70053115093943352,ok
q000155,0.01917800000000000,6075.00000000000000000,0.01235579557846719,0.00933222008630853,0.69757487358744119,ok
q000156,0.01917800000000000,6080.00000000000000000,0.01317850232993072,0.00930231865987085,0.69645642489056325,ok
q000157,0.01917800000000000,6085.00000000000000000,0.01400053279134562,0.00927244181331793,0.69533709878954930,ok
q000158,0.01917800000000000,6090.00000000000000000,0.01482188807366060,0.00924258950627213,0.69421688952393568,ok
q000159,0.01917800000000000,6100.00000000000000000,0.01646257753112059,0.00918295834968803,0.69197379827235161,ok
q000160,0.01917800000000000,6110.00000000000000000,0.01810057953535907,0.00912342486907981,0.68972710430787476,ok
q000161,0.01917800000000000,6120.00000000000000000,0.01973590287608970,0.00906398874498372,0.68747676019400639,ok
q000162,0.01917800000000000,6125.00000000000000000,0.02055256278264571,0.00907235567171487,0.68779399033567801,ok
q000163,0.01917800000000000,6130.00000000000000000,0.02136855629997510,0.00913126777640247,0.69002350087927711,ok
q000164,0.01917800000000000,6140.00000000000000000,0.02299854851090603,0.00924894796592728,0.69445564248169411,ok
q000165,0.01917800000000000,6150.00000000000000000,0.02462588817028152,0.00936643664977023,0.69885253186020924,ok
q000166,0.01917800000000000,6175.00000000000000000,0.02868268886589591,0.00971242485716548,0.71164299496085304,ok
q000167,0.01917800000000000,6200.00000000000000000,0.03272309840290088,0.01054068340974759,0.74136610709737472,ok
q000168,0.01917800000000000,6225.00000000000000000,0.03674724870262631,0.01141735720702149,0.77158031159138019,ok
q000169,0.01917800000000000,6250.00000000000000000,0.04075527010016513,0.01277964784061891,0.81631501735649381,ok
q000170,0.01917800000000000,6300.00000000000000000,0.04872343974934199,0.01594262947488704,0.91175534761001276,ok
q000171,0.01917800000000000,6350.00000000000000000,0.05662861925645526,0.01977870358158952,1.01554051385430322,ok
q000172,0.01917800000000000,6400.00000000000000000,0.06447179671748114,0.02404104736373135,1.11963131016994444,ok
q000173,0.01917800000000000,6500.00000000000000000,0.07997598325344638,0.03314969420178675,1.31473464131237594,ok
q000174,0.01917800000000000,6600.00000000000000000,0.09524345538423500,0.04274438085319090,1.49292454484122139,ok
q000175,0.01917800000000000,7000.00000000000000000,0.15408395540716835,0.08419811772550487,2.09531602390687732,ok
q000176,0.01917800000000000,7200.00000000000000000,0.18225483237386464,0.10530212343722316,2.34324072837780362,ok
q000177,0.01917800000000000,7400.00000000000000000,0.20965380656197904,0.12630869386658250,2.56634456112844367,ok
q000178,0.02191800000000000,4300.00000000000000000,-0.33336591026977774,0.47347776340821529,4.64782034247806131,ok
q000179,0.02191800000000000,4400.00000000000000000,-0.31037639204507889,0.42277243273720655,4.39190430979885083,ok
q000180,0.02191800000000000,4500.00000000000000000,-0.28790353619302039,0.37436832143711107,4.13284468762408075,ok
q000181,0.02191800000000000,4600.00000000000000000,-0.26592462947424517,0.32928193238791825,3.87599751171586160,ok
q000182,0.02191800000000000,4700.00000000000000000,-0.24441842425328150,0.28803415148070444,3.62511284978542037,ok
q000183,0.02191800000000000,4750.00000000000000000,-0.23383631492274465,0.26894160155740704,3.50290639404854032,ok
q000184,0.02191800000000000,4800.00000000000000000,-0.22336501505544920,0.25079040549427589,3.38263390441829914,ok
q000185,0.02191800000000000,4850.00000000000000000,-0.21300222801990257,0.23346243904345454,3.26368359060587299,ok
q000186,0.02191800000000000,4900.00000000000000000,-0.20274572785271355,0.21686765576030442,3.14555245023620422,ok
q000187,0.02191800000000000,4950.00000000000000000,-0.19259335638869551,0.20092982645340027,3.02776206424548944,ok
q000188,0.02191800000000000,5000.00000000000000000,-0.18254302053519403,0.18566592206298788,2.91048682756941091,ok
q000189,0.02191800000000000,5050.00000000000000000,-0.17259268968202601,0.17101101349992118,2.79326139498762682,ok
q000190,0.02191800000000000,5100.00000000000000000,-0.16274039323901435,0.15694486815047695,2.67591983336191497,ok
q000191,0.02191800000000000,5150.00000000000000000,-0.15298421829364961,0.14346302046034939,2.55840634690364954,ok
q000192,0.02191800000000000,5175.00000000000000000,-0.14814159381786174,0.13692601485646047,2.49943889000547781,ok
q000193,0.02191800000000000,5200.00000000000000000,-0.14332230738191282,0.13057121988737691,2.44074983997510175,ok
q000194,0.02191800000000000,5225.00000000000000000,-0.13852613511841977,0.12435465641907910,2.38193861273635221,ok
q000195,0.02191800000000000,5250.00000000000000000,-0.13375285636576206,0.11827636661285705,2.32299634286873635,ok
q000196,0.02191800000000000,5275.00000000000000000,-0.12900225360716422,0.11238148495820885,2.26436754675889462,ok
q000197,0.02191800000000000,5300.00000000000000000,-0.12427411241121825,0.10658068425456907,2.20515332130885433,ok
q000198,0.02191800000000000,5325.00000000000000000,-0.11956822137380570,0.10099440708438939,2.14658554563220250,ok
q000199,0.02191800000000000,5350.00000000000000000,-0.11488437206137930,0.09546956427264350,2.08704594032635882,ok
q000200,0.02191800000000000,5375.00000000000000000,-0.11022235895556796,0.09015607645697467,2.02813584275517611,ok
q000201,0.02191800000000000,5400.00000000000000000,-0.10558197939906575,0.08490612856088502,1.96819923274257369,ok
q000202,0.02191800000000000,5425.00000000000000000,-0.10096303354277117,0.07982430622214319,1.90838992459726908,ok
q000203,0.02191800000000000,5430.00000000000000000,-0.10004179902345040,0.07881075241459541,1.89623551186585115,ok
q000204,0.02191800000000000,5450.00000000000000000,-0.09636532429414169,0.07482720063749158,1.84769076333823534,ok
q000205,0.02191800000000000,5460.00000000000000000,-0.09453214321248081,0.07287997486875505,1.82349109089928429,ok
q000206,0.02191800000000000,5470.00000000000000000,-0.09270231653540462,0.07093631218667233,1.79901109631342582,ok
q000207,0.02191800000000000,5475.00000000000000000,-0.09178865726672998,0.06996581293288540,1.78666233061620083,ok
q000208,0.02191800000000000,5500.00000000000000000,-0.08723284073086925,0.06522727006158710,1.72509946288280402,ok
q000209,0.02191800000000000,5510.00000000000000000,-0.08541630980447133,0.06338237221806341,1.70052798543250594,ok
q000210,0.02191800000000000,5520.00000000000000000,-0.08360307268029048,0.06154081961271811,1.67564176565164247,ok
q000211,0.02191800000000000,5525.00000000000000000,-0.08269768556547795,0.06062129398758383,1.66307616699839134,ok
q000212,0.02191800000000000,5530.00000000000000000,-0.08179311743505095,0.05970260013608181,1.65042639854671602,ok
q000213,0.02191800000000000,5535.00000000000000000,-0.08088936680869423,0.05878473655478021,1.63769048893499503,ok
q000214,0.02191800000000000,5540.00000000000000000,-0.07998643221010203,0.05791733013163674,1.62556299963246609,ok
q000215,0.02191800000000000,5545.00000000000000000,-0.07908431216696404,0.05705561153884613,1.61342477326624656,ok
q000216,0.02191800000000000,5550.00000000000000000,-0.07818300521095130,0.05619466961907007,1.60120559816677055,ok
q000217,0.02191800000000000,5555.00000000000000000,-0.07728250987770116,0.05533450297352739,1.58890358668780451,ok
q000218,0.02191800000000000,5560.00000000000000000,-0.07638282470680340,0.05447511020721235,1.57651677945683444,ok
q000219,0.02191800000000000,5565.00000000000000000,-0.07548394824178629,0.05361648992888133,1.56404314150358759,ok
q000220,0.02191800000000000,5570.00000000000000000,-0.07458587903010185,0.05275864075103869,1.55148055811596319,ok
q000221,0.02191800000000000,5575.00000000000000000,-0.07368861562311196,0.05190156128992359,1.53882683039958779,ok
q000222,0.02191800000000000,5580.00000000000000000,-0.07279215657607489,0.05104525016549707,1.52607967051466464,ok
q000223,0.02191800000000000,5585.00000000000000000,-0.07189650044813035,0.05021389073586657,1.51360124163288923,ok
q000224,0.02191800000000000,5590.00000000000000000,-0.07100164580228664,0.04942555482222166,1.50167280301945216,ok
q000225,0.02191800000000000,5595.00000000000000000,-0.07010759120540593,0.04863792372397121,1.48965964330949552,ok
q000226,0.02191800000000000,5600.00000000000000000,-0.06921433522819086,0.04785099618195383,1.47755967661340537,ok
q000227,0.02191800000000000,5605.00000000000000000,-0.06832187644517121,0.04706477094037968,1.46537073301612053,ok
q000228,0.02191800000000000,5610.00000000000000000,-0.06743021343468954,0.04627924674681783,1.45309055376538243,ok
q000229,0.02191800000000000,5615.00000000000000000,-0.06653934477888791,0.04549442235218464,1.44071678610021014,ok
q000230,0.02191800000000000,5620.00000000000000000,-0.06564926906369475,0.04471029651073206,1.42824697768615771,ok
q000231,0.02191800000000000,5625.00000000000000000,-0.06475998487881067,0.04392686798003523,1.41567857062018976,ok
q000232,0.02191800000000000,5630.00000000000000000,-0.06387149081769541,0.04314413552098097,1.40300889496382464,ok
q000233,0.02191800000000000,5635.00000000000000000,-0.06298378547755484,0.04241922122813021,1.39117217990194941,ok
q000234,0.02191800000000000,5640.00000000000000000,-0.06209686745932686,0.04171551344271446,1.37958459231553943,ok
q000235,0.02191800000000000,5650.00000000000000000,-0.06032538781094490,0.04030996750199429,1.35614386217851490,ok
q000236,0.02191800000000000,5655.00000000000000000,-0.05944082340121062,0.03960812714128613,1.34428605164694348,ok
q000237,0.02191800000000000,5660.00000000000000000,-0.05855704075420288,0.03890690705495024,1.33233332997084886,ok
q000238,0.02191800000000000,5665.00000000000000000,-0.05767403848932486,0.03820630614757903,1.32028310049131914,ok
q000239,0.02191800000000000,5670.00000000000000000,-0.05679181522963371,0.03750632332666409,1.30813264949795816,ok
q000240,0.02191800000000000,5675.00000000000000000,-0.05591036960182809,0.03680695750258626,1.29587913871491267,ok
q000241,0.02191800000000000,5680.00000000000000000,-0.05502970023623440,0.03611014597090770,1.28355404802503914,ok
q000242,0.02191800000000000,5685.00000000000000000,-0.05414980576679507,0.03549399055601921,1.27255614782838533,ok
q000243,0.02191800000000000,5690.00000000000000000,-0.05327068483105492,0.03487837681629053,1.26147216309480870,ok
q000244,0.02191800000000000,5695.00000000000000000,-0.05239233607014893,0.03426330380016205,1.25029978703060096,ok
q000245,0.02191800000000000,5700.00000000000000000,-0.05151475812878997,0.03364877055857961,1.23903661109452812,ok
q000246,0.02191800000000000,5705.00000000000000000,-0.05063794965525552,0.03303477614498521,1.22768011860920256,ok
q000247,0.02191800000000000,5710.00000000000000000,-0.04976190930137556,0.03242131961530852,1.21622767784778385,ok
q000248,0.02191800000000000,5715.00000000000000000,-0.04888663572252047,0.03180840002795841,1.20467653454237045,ok
q000249,0.02191800000000000,5720.00000000000000000,-0.04801212757758797,0.03119601644381384,1.19302380375384320,ok
q000250,0.02191800000000000,5725.00000000000000000,-0.04713838352899107,0.03058416792621535,1.18126646103540955,ok
q000251,0.02191800000000000,5730.00000000000000000,-0.04626540224264627,0.02999144135512539,1.16976388163878253,ok
q000252,0.02191800000000000,5735.00000000000000000,-0.04539318238796038,0.02946203096459029,1.15939354882937518,ok
q000253,0.02191800000000000,5740.00000000000000000,-0.04452172263781938,0.02893308193393114,1.14893877674481493,ok
q000254,0.02191800000000000,5745.00000000000000000,-0.04365102166857547,0.02840459345973478,1.13839722287667455,ok
q000255,0.02191800000000000,5750.00000000000000000,-0.04278107816003533,0.02787656474068484,1.12776643749660876,ok
q000256,0.02191800000000000,5755.00000000000000000,-0.04191189079544848,0.02734899497755463,1.11704385666583161,ok
q000257,0.02191800000000000,5760.00000000000000000,-0.04104345826149462,0.02682188337319947,1.10622679464798956,ok
q000258,0.02191800000000000,5765.00000000000000000,-0.04017577924827206,0.02629522913254968,1.09531243566204739,ok
q000259,0.02191800000000000,5770.00000000000000000,-0.03930885244928626,0.02576903146260360,1.08429782490364457,ok
q000260,0.02191800000000000,5775.00000000000000000,-0.03844267656143726,0.02524328957242000,1.07317985875403554,ok
q000261,0.02191800000000000,5780.00000000000000000,-0.03757725028500832,0.02474613360071388,1.06255939433920066,ok
q000262,0.02191800000000000,5785.00000000000000000,-0.03671257232365457,0.02430196810459500,1.05298033839939653,ok
q000263,0.02191800000000000,5790.00000000000000000,-0.03584864138439052,0.02385818633681420,1.04332172749596341,ok
q000264,0.02191800000000000,5795.00000000000000000,-0.03498545617757940,0.02341478763491427,1.03358131673444209,ok
q000265,0.02191800000000000,5800.00000000000000000,-0.03412301541692082,0.02297177133815180,1.02375675656944032,ok
q000266,0.02191800000000000,5805.00000000000000000,-0.03326131781943958,0.02252913678749148,1.01384558585327422,ok
q000267,0.02191800000000000,5810.00000000000000000,-0.03240036210547459,0.02208688332560036,1.00384522427997647,ok
q000268,0.02191800000000000,5815.00000000000000000,-0.03154014699866674,0.02164501029684169,0.99375296415912961,ok
q000269,0.02191800000000000,5820.00000000000000000,-0.03068067122594796,0.02120351704726918,0.98356596144547015,ok
q000270,0.02191800000000000,5825.00000000000000000,-0.02982193351753019,0.02076240292462148,0.97328122594029221,ok
q000271,0.02191800000000000,5830.00000000000000000,-0.02896393260689338,0.02035232088813925,0.96362156242185770,ok
q000272,0.02191800000000000,5835.00000000000000000,-0.02810666723077512,0.01999183706031253,0.95504951956974038,ok
q000273,0.02191800000000000,5840.00000000000000000,-0.02725013612915878,0.01963166199811487,0.94640728093406157,ok
q000274,0.02191800000000000,5845.00000000000000000,-0.02639433804526266,0.01927179517306409,0.93769289278334034,ok
q000275,0.02191800000000000,5850.00000000000000000,-0.02553927172552931,0.01891223605803381,0.92890431159222042,ok
q000276,0.02191800000000000,5855.00000000000000000,-0.02468493591961382,0.01855298412724855,0.92003939816259550,ok
q000277,0.02191800000000000,5860.00000000000000000,-0.02383132938037316,0.01819403885627922,0.91109591124087708,ok
q000278,0.02191800000000000,5865.00000000000000000,-0.02297845086385567,0.01783539972203874,0.90207150057760721,ok
q000279,0.02191800000000000,5870.00000000000000000,-0.02212629912928941,0.01747706620277708,0.89296369936869824,ok
q000280,0.02191800000000000,5875.00000000000000000,-0.02127487293907176,0.01711903777807696,0.88376991600964638,ok
q000281,0.02191800000000000,5880.00000000000000000,-0.02042417105875891,0.01678686725568897,0.87515376761303265,ok
q000282,0.02191800000000000,5885.00000000000000000,-0.01957419225705435,0.01650622304963236,0.86780748850387435,ok
q000283,0.02191800000000000,5890.00000000000000000,-0.01872493530579909,0.01622581718263295,0.86040480668337393,ok
q000284,0.02191800000000000,5895.00000000000000000,-0.01787639897996022,0.01594564925021196,0.85294424278170689,ok
q000285,0.02191800000000000,5900.00000000000000000,-0.01702858205762063,0.01566571884891937,0.84542425354846085,ok
q000286,0.02191800000000000,5905.00000000000000000,-0.01618148331996882,0.01538602557633058,0.83784322792747457,ok
q000287,0.02191800000000000,5910.00000000000000000,-0.01533510155128765,0.01510656903104267,0.83019948281632039,ok
q000288,0.02191800000000000,5915.00000000000000000,-0.01448943553894431,0.01482734881267110,0.82249125847893001,ok
q000289,0.02191800000000000,5920.00000000000000000,-0.01364448407338014,0.01454836452184634,0.81471671357605013,ok
q000290,0.02191800000000000,5925.00000000000000000,-0.01280024594809961,0.01426961576021025,0.80687391977388367,ok
q000291,0.02191800000000000,5930.00000000000000000,-0.01195671995966034,0.01400504317141195,0.79935880783835944,ok
q000292,0.02191800000000000,5935.00000000000000000,-0.01111390490766311,0.01379819454517519,0.79343375128225946,ok
q000293,0.02191800000000000,5940.00000000000000000,-0.01027179959474083,0.01359152010727583,0.78746916063568406,ok
q000294,0.02191800000000000,5945.00000000000000000,-0.00943040282654928,0.01338501956459088,0.78146412210058314,ok
q000295,0.02191800000000000,5950.00000000000000000,-0.00858971341175608,0.01317869262473654,0.77541768735852512,ok
q000296,0.02191800000000000,5955.00000000000000000,-0.00774973016203098,0.01297253899606582,0.76932887171873099,ok
q000297,0.02191800000000000,5960.00000000000000000,-0.00691045189203606,0.01276655838766612,0.76319665213651244,ok
q000298,0.02191800000000000,5965.00000000000000000,-0.00607187741941505,0.01256075050935661,0.75701996509085168,ok
q000299,0.02191800000000000,5970.00000000000000000,-0.00523400556478370,0.01235511507168586,0.75079770430871096,ok
q000300,0.02191800000000000,5975.00000000000000000,-0.00439683515172009,0.01214965178592950,0.74452871832231904,ok
q000301,0.02191800000000000,5980.00000000000000000,-0.00356036500675402,0.01194436036408757,0.73821180784420160,ok
q000302,0.02191800000000000,5985.00000000000000000,-0.00272459395935796,0.01180333831125441,0.73384098984606105,ok
q000303,0.02191800000000000,5990.00000000000000000,-0.00188952084193649,0.01166440975130355,0.72950945044796334,ok
q000304,0.02191800000000000,5995.00000000000000000,-0.00105514448981683,0.01152559711006447,0.72515568463088009,ok
q000305,0.02191800000000000,6000.00000000000000000,-0.00022146374123944,0.01138690019425877,0.72077928351109688,ok
q000306,0.02191800000000000,6005.00000000000000000,0.00061152256265249,0.01124831881109099,0.71637982610870832,ok
q000307,0.02191800000000000,6010.00000000000000000,0.00144381557782169,0.01110985276824716,0.71195687884067116,ok
q000308,0.02191800000000000,6015.00000000000000000,0.00227541645734775,0.01097150187389295,0.70750999498623834,ok
q000309,0.02191800000000000,6020.00000000000000000,0.00310632635143529,0.01083326593667233,0.70303871412293617,ok
q000310,0.02191800000000000,6025.00000000000000000,0.00393654640742416,0.01069514476570589,0.69854256153105398,ok
q000311,0.02191800000000000,6030.00000000000000000,0.00476607776979961,0.01055713817058911,0.69402104756448235,ok
q000312,0.02191800000000000,6035.00000000000000000,0.00559492158020043,0.01045927098316415,0.69079668724329590,ok
q000313,0.02191800000000000,6040.00000000000000000,0.00642307897742904,0.01038237836983523,0.68825276484725029,ok
q000314,0.02191800000000000,6045.00000000000000000,0.00725055109746152,0.01030554938300369,0.68570152141219520,ok
q000315,0.02191800000000000,6050.00000000000000000,0.00807733907345569,0.01022878391745829,0.68314287140204821,ok
q000316,0.02191800000000000,6060.00000000000000000,0.00972886711192860,0.01007544313068378,0.67800300188629681,ok
q000317,0.02191800000000000,6070.00000000000000000,0.01137767210211255,0.00992235517302105,0.67283244096395667,ok
q000318,0.02191800000000000,6075.00000000000000000,0.01220105625731766,0.00984590574483358,0.67023542055925478,ok
q000319,0.02191800000000000,6080.00000000000000000,0.01302376300878121,0.00976951921211036,0.66763044711233299,ok
q000320,0.02191800000000000,6085.00000000000000000,0.01384579347019614,0.00970888609995266,0.66555544650681198,ok
q000321,0.02191800000000000,6090.00000000000000000,0.01466714875251115,0.00969416155601245,0.66505056269119289,ok
q000322,0.02191800000000000,6100.00000000000000000,0.01630783820997120,0.00966474870078552,0.66404088816744111,ok
q000323,0.02191800000000000,6110.00000000000000000,0.01794584021420951,0.00963538402388519,0.66303133372221090,ok
q000324,0.02191800000000000,6120.00000000000000000,0.01958116355494019,0.00960606736773711,0.66202189447506499,ok
q000325,0.02191800000000000,6125.00000000000000000,0.02039782346149623,0.00959142699841435,0.66151721652475681,ok
q000326,0.02191800000000000,6130.00000000000000000,0.02121381697882564,0.00957679857553871,0.66101256554232812,ok
q000327,0.02191800000000000,6150.00000000000000000,0.02447114884913195,0.00971170812044851,0.66565216587449882,ok
q000328,0.02191800000000000,6175.00000000000000000,0.02852794954474647,0.00998767942744169,0.67504361832626714,ok
q000329,0.02191800000000000,6200.00000000000000000,0.03256835908175136,0.01043450907576580,0.68997848587227251,ok
q000330,0.02191800000000000,6225.00000000000000000,0.03659250938147693,0.01110140548779912,0.71168616224456105,ok
q000331,0.02191800000000000,6250.00000000000000000,0.04060053077901565,0.01189759329961603,0.73676518959178305,ok
q000332,0.02191800000000000,6300.00000000000000000,0.04856870042819256,0.01415588268520031,0.80365197459343185,ok
q000333,0.02191800000000000,6400.00000000000000000,0.06431705739633180,0.02103143583920750,0.97956667159197564,ok
q000334,0.02191800000000000,6600.00000000000000000,0.09508871606308542,0.04096088232244739,1.36704934210602080,ok
q000335,0.02191800000000000,6800.00000000000000000,0.12494167921276651,0.06565735505231296,1.73077745907552094,ok
q000336,0.02465800000000000,4200.00000000000000000,-0.35702576790373108,0.48521707929571345,4.43597526172751611,ok
q000337,0.02465800000000000,4300.00000000000000000,-0.33349527049353700,0.43890510133106619,4.21896954291182436,ok
q000338,0.02465800000000000,4400.00000000000000000,-0.31050575226883831,0.39461603565792719,4.00044625855385672,ok
q000339,0.02465800000000000,4500.00000000000000000,-0.28803289641677976,0.35291346916174421,3.78316421277933079,ok
q000340,0.02465800000000000,4600.00000000000000000,-0.26605398969800437,0.31385592228496750,3.56768284297721072,ok
q000341,0.02465800000000000,4700.00000000000000000,-0.24454778447704084,0.27723062791510178,3.35306274378701108,ok
q000342,0.02465800000000000,4800.00000000000000000,-0.22349437527920851,0.24297797892780190,3.13909553750249648,ok
q000343,0.02465800000000000,4900.00000000000000000,-0.20287508807647286,0.21084304476866192,2.92415719524181261,ok
q000344,0.02465800000000000,4950.00000000000000000,-0.19272271661245483,0.19550865936438611,2.81581471868900657,ok
q000345,0.02465800000000000,5000.00000000000000000,-0.18267238075895345,0.18067348410710965,2.70687552723152747,ok
q000346,0.02465800000000000,5050.00000000000000000,-0.17272204990578532,0.16630000424335217,2.59697163430236255,ok
q000347,0.02465800000000000,5100.00000000000000000,-0.16286975346277363,0.15237615439065924,2.48587668022331609,ok
q000348,0.02465800000000000,5150.00000000000000000,-0.15311357851740903,0.13894913747394388,2.37382666265475217,ok
q000349,0.02465800000000000,5175.00000000000000000,-0.14827095404162094,0.13243407556713463,2.31750643148751445,ok
q000350,0.02465800000000000,5200.00000000000000000,-0.14345166760567210,0.12612583497283089,2.26163805469364032,ok
q000351,0.02465800000000000,5225.00000000000000000,-0.13865549534217911,0.11998206614587759,2.20586659587515799,ok
q000352,0.02465800000000000,5250.00000000000000000,-0.13388221658952146,0.11401832750115204,2.15034631473744087,ok
q000353,0.02465800000000000,5275.00000000000000000,-0.12913161383092356,0.10829984266808416,2.09572835179630079,ok
q000354,0.02465800000000000,5300.00000000000000000,-0.12440347263497764,0.10271385304828509,2.04096513719058770,ok
q000355,0.02465800000000000,5325.00000000000000000,-0.11969758159756502,0.09740526945304298,1.98752363529836185,ok
q000356,0.02465800000000000,5350.00000000000000000,-0.11501373228513856,0.09216981821751752,1.93337207437350078,ok
q000357,0.02465800000000000,5375.00000000000000000,-0.11035171917932729,0.08719049946091703,1.88042345067199523,ok
q000358,0.02465800000000000,5400.00000000000000000,-0.10571133962282511,0.08226867651547341,1.82657845717802103,ok
q000359,0.02465800000000000,5425.00000000000000000,-0.10109239376653048,0.07752128819462357,1.77309320852064034,ok
q000360,0.02465800000000000,5430.00000000000000000,-0.10017115924720967,0.07657443622149918,1.76223158058887197,ok
q000361,0.02465800000000000,5440.00000000000000000,-0.09833123232520249,0.07468334508241378,1.74033541034904937,ok
q000362,0.02465800000000000,5450.00000000000000000,-0.09649468451790107,0.07284190335813182,1.71874607169645910,ok
q000363,0.02465800000000000,5460.00000000000000000,-0.09466150343624011,0.07101474437711687,1.69705274257348804,ok
q000364,0.02465800000000000,5470.00000000000000000,-0.09283167675916396,0.06919092878128325,1.67511896695807838,ok
q000365,0.02465800000000000,5475.00000000000000000,-0.09191801749048929,0.06828027093354139,1.66405889803282125,ok
q000366,0.02465800000000000,5480.00000000000000000,-0.09100519223312965,0.06737044435734153,1.65293502317064345,ok
q000367,0.02465800000000000,5490.00000000000000000,-0.08918203767161456,0.06556123817655744,1.63058952988267158,ok
q000368,0.02465800000000000,5500.00000000000000000,-0.08736220095462849,0.06381573441404313,1.60873667120095631,ok
q000369,0.02465800000000000,5510.00000000000000000,-0.08554567002823062,0.06207340141396917,1.58662337344874182,ok
q000370,0.02465800000000000,5520.00000000000000000,-0.08373243290404982,0.06033422767764080,1.56423844229619902,ok
q000371,0.02465800000000000,5525.00000000000000000,-0.08282704578923725,0.05946582195712394,1.55294040231528419,ok
q000372,0.02465800000000000,5530.00000000000000000,-0.08192247765881033,0.05859820176879976,1.54156989430314462,ok
q000373,0.02465800000000000,5535.00000000000000000,-0.08101872703245358,0.05773136569281765,1.53012528389392188,ok
q000374,0.02465800000000000,5540.00000000000000000,-0.08011579243386134,0.05690136427512347,1.51908618965976805,ok
q000375,0.02465800000000000,5550.00000000000000000,-0.07831236543471065,0.05526551614284864,1.49709097082404807,ok
q000376,0.02465800000000000,5560.00000000000000000,-0.07651218493056280,0.05363261283328597,1.47480823326153709,ok
q000377,0.02465800000000000,5565.00000000000000000,-0.07561330846554566,0.05281726217748644,1.46355490182792547,ok
q000378,0.02465800000000000,5570.00000000000000000,-0.07471523925386117,0.05200264376305688,1.45222459431305539,ok
q000379,0.02465800000000000,5575.00000000000000000,-0.07381797584687137,0.05118875627597031,1.44081547624789130,ok
q000380,0.02465800000000000,5580.00000000000000000,-0.07292151679983415,0.05037559840573362,1.42932564180488120,ok
q000381,0.02465800000000000,5585.00000000000000000,-0.07202586067188969,0.04957625803825008,1.41794030550030126,ok
q000382,0.02465800000000000,5590.00000000000000000,-0.07113100602604594,0.04882420527335440,1.40714440210432068,ok
q000383,0.02465800000000000,5595.00000000000000000,-0.07023695142916518,0.04807282488473510,1.39627479203168736,ok
q000384,0.02465800000000000,5600.00000000000000000,-0.06934369545195020,0.04732211567118377,1.38532972274341626,ok
q000385,0.02465800000000000,5605.00000000000000000,-0.06845123666893052,0.04657207643470807,1.37430737367914002,ok
q000386,0.02465800000000000,5610.00000000000000000,-0.06755957365844882,0.04582270598052031,1.36320585250587967,ok
q000387,0.02465800000000000,5615.00000000000000000,-0.06666870500264727,0.04507400311702594,1.35202319109687097,ok
q000388,0.02465800000000000,5620.00000000000000000,-0.06577862928745408,0.04432596665581232,1.34075734121632961,ok
q000389,0.02465800000000000,5625.00000000000000000,-0.06488934510256995,0.04357859541163722,1.32940616988344829,ok
q000390,0.02465800000000000,5630.00000000000000000,-0.06400085104145478,0.04283188820241777,1.31796745438600960,ok
q000391,0.02465800000000000,5635.00000000000000000,-0.06311314570131418,0.04212803787071674,1.30709361132421154,ok
q000392,0.02465800000000000,5640.00000000000000000,-0.06222622768308628,0.04145417919457055,1.29659766773922658,ok
q000393,0.02465800000000000,5645.00000000000000000,-0.06134009559142847,0.04078091764626166,1.28602547859783578,ok
q000394,0.02465800000000000,5650.00000000000000000,-0.06045474803470425,0.04010825216845856,1.27537513098409039,ok
q000395,0.02465800000000000,5655.00000000000000000,-0.05957018362497005,0.03943618170663562,1.26464463333001786,ok
q000396,0.02465800000000000,5660.00000000000000000,-0.05868640097796216,0.03876470520906301,1.25383191081711587,ok
q000397,0.02465800000000000,5665.00000000000000000,-0.05780339871308409,0.03809382162679721,1.24293480042665805,ok
q000398,0.02465800000000000,5670.00000000000000000,-0.05692117545339303,0.03742352991367065,1.23195104560545632,ok
q000399,0.02465800000000000,5675.00000000000000000,-0.05603972982558737,0.03675382902628228,1.22087829050997310,ok
q000400,0.02465800000000000,5680.00000000000000000,-0.05515906045999377,0.03608471792398768,1.20971407378730289,ok
q000401,0.02465800000000000,5685.00000000000000000,-0.05427916599055439,0.03548292940343518,1.19958440033710279,ok
q000402,0.02465800000000000,5690.00000000000000000,-0.05340004505481421,0.03489105354452855,1.18953744482963564,ok
q000403,0.02465800000000000,5695.00000000000000000,-0.05252169629390831,0.03429969755908265,1.17941384387766446,ok
q000404,0.02465800000000000,5700.00000000000000000,-0.05164411835254931,0.03370886053463840,1.16921159075804137,ok
q000405,0.02465800000000000,5705.00000000000000000,-0.05076730987901482,0.03311854156113689,1.15892859238287582,ok
q000406,0.02465800000000000,5710.00000000000000000,-0.04989126952513494,0.03252873973091093,1.14856266401047979,ok
q000407,0.02465800000000000,5715.00000000000000000,-0.04901599594627982,0.03193945413867671,1.13811152353284095,ok
q000408,0.02465800000000000,5720.00000000000000000,-0.04814148780134728,0.03135068388152546,1.12757278529745508,ok
q000409,0.02465800000000000,5725.00000000000000000,-0.04726774375275047,0.03076242805891514,1.11694395341628816,ok
q000410,0.02465800000000000,5730.00000000000000000,-0.04639476246640562,0.03018073387496565,1.10633327251680980,ok
q000411,0.02465800000000000,5735.00000000000000000,-0.04552254261171981,0.02966899039266535,1.09691369791087223,ok
q000412,0.02465800000000000,5740.00000000000000000,-0.04465108286157867,0.02915769287424045,1.08742084650900273,ok
q000413,0.02465800000000000,5745.00000000000000000,-0.04378038189233472,0.02864684054308863,1.07785276761548676,ok
q000414,0.02465800000000000,5750.00000000000000000,-0.04291043838379466,0.02813643262463417,1.06820742506021493,ok
q000415,0.02465800000000000,5755.00000000000000000,-0.04204125101920778,0.02762646834632118,1.05848269186781940,ok
q000416,0.02465800000000000,5760.00000000000000000,-0.04117281848525388,0.02711694693760648,1.04867634449197866,ok
q000417,0.02465800000000000,5765.00000000000000000,-0.04030513947203140,0.02660786762995267,1.03878605657076672,ok
q000418,0.02465800000000000,5770.00000000000000000,-0.03943821267304557,0.02609922965682114,1.02880939215351708,ok
q000419,0.02465800000000000,5775.00000000000000000,-0.03857203678519653,0.02559103225366515,1.01874379834350925,ok
q000420,0.02465800000000000,5780.00000000000000000,-0.03770661050876768,0.02509815833252869,1.00888578567222265,ok
q000421,0.02465800000000000,5785.00000000000000000,-0.03684193254741389,0.02466558587489469,1.00015380995109160,ok
q000422,0.02465800000000000,5790.00000000000000000,-0.03597800160814991,0.02423338713001357,0.99135256817640038,ok
q000423,0.02465800000000000,5795.00000000000000000,-0.03511481640133877,0.02380156145271863,0.98248018553945371,ok
q000424,0.02465800000000000,5800.00000000000000000,-0.03425237564068015,0.02337010819951238,0.97353470359605754,ok
q000425,0.02465800000000000,5805.00000000000000000,-0.03339067804319899,0.02293902672856088,0.96451407495441777,ok
q000426,0.02465800000000000,5810.00000000000000000,-0.03252972232923396,0.02250831639968792,0.95541615752161457,ok
q000427,0.02465800000000000,5815.00000000000000000,-0.03166950722242608,0.02207797657436937,0.94623870826299594,ok
q000428,0.02465800000000000,5820.00000000000000000,-0.03081003144970738,0.02164800661572752,0.93697937642314388,ok
q000429,0.02465800000000000,5825.00000000000000000,-0.02995129374128946,0.02121840588852529,0.92763569615054275,ok
q000430,0.02465800000000000,5830.00000000000000000,-0.02909329283065272,0.02080639556246474,0.91858532141493809,ok
q000431,0.02465800000000000,5835.00000000000000000,-0.02823602745453443,0.02045148410038281,0.91071709826695868,ok
q000432,0.02465800000000000,5840.00000000000000000,-0.02737949635291806,0.02009687663102507,0.90278712983379328,ok
q000433,0.02465800000000000,5845.00000000000000000,-0.02652369826902202,0.01974257263407868,0.89479376270236444,ok
q000434,0.02465800000000000,5850.00000000000000000,-0.02566863194928863,0.01938857159056551,0.88673527050709489,ok
q000435,0.02465800000000000,5855.00000000000000000,-0.02481429614337310,0.01903487298283754,0.87860984934789965,ok
q000436,0.02465800000000000,5860.00000000000000000,-0.02396068960413253,0.01868147629457241,0.87041561283174040,ok
q000437,0.02465800000000000,5865.00000000000000000,-0.02310781108761499,0.01832838101076878,0.86215058669925337,ok
q000438,0.02465800000000000,5870.00000000000000000,-0.02225565935304871,0.01797558661774195,0.85381270299322720,ok
q000439,0.02465800000000000,5875.00000000000000000,-0.02140423316283114,0.01762309260311926,0.84539979372027951,ok
q000440,0.02465800000000000,5880.00000000000000000,-0.02055353128251825,0.01728384441984391,0.83722319160084147,ok
q000441,0.02465800000000000,5885.00000000000000000,-0.01970355248081377,0.01700361718397069,0.83040840312794861,ok
q000442,0.02465800000000000,5890.00000000000000000,-0.01885429552955848,0.01672362793303979,0.82354308378248464,ok
q000443,0.02465800000000000,5895.00000000000000000,-0.01800575920371957,0.01644387626317342,0.81662594910796549,ok
q000444,0.02465800000000000,5900.00000000000000000,-0.01715794228138006,0.01616436177152103,0.80965566099395203,ok
q000445,0.02465800000000000,5905.00000000000000000,-0.01631084354372810,0.01588508405625580,0.80263082448854806,ok
q000446,0.02465800000000000,5910.00000000000000000,-0.01546446177504690,0.01560604271657134,0.79554998436346203,ok
q000447,0.02465800000000000,5915.00000000000000000,-0.01461879576270364,0.01532723735267796,0.78841162140774068,ok
q000448,0.02465800000000000,5920.00000000000000000,-0.01377384429713943,0.01504866756579944,0.78121414842353820,ok
q000449,0.02465800000000000,5925.00000000000000000,-0.01292960617185887,0.01477033295816953,0.77395590589411001,ok
q000450,0.02465800000000000,5930.00000000000000000,-0.01208608018341967,0.01449506466190462,0.76671004718318592,ok
q000451,0.02465800000000000,5935.00000000000000000,-0.01124326513142240,0.01428512759030015,0.76113753205327095,ok
q000452,0.02465800000000000,5940.00000000000000000,-0.01040115981850021,0.01407536730782952,0.75552866166331312,ok
q000453,0.02465800000000000,5945.00000000000000000,-0.00955976305030862,0.01386578351699307,0.74988261219369978,ok
q000454,0.02465800000000000,5950.00000000000000000,-0.00871907363551539,0.01365637592104149,0.74419852935396635,ok
q000455,0.02465800000000000,5955.00000000000000000,-0.00787909038579036,0.01344714422397321,0.73847552678267925,ok
q000456,0.02465800000000000,5960.00000000000000000,-0.00703981211579541,0.01323808813053200,0.73271268433775560,ok
q000457,0.02465800000000000,5965.00000000000000000,-0.00620123764317437,0.01302920734620437,0.72690904626791231,ok
q000458,0.02465800000000000,5970.00000000000000000,-0.00536336578854309,0.01282050157721715,0.72106361925499018,ok
q000459,0.02465800000000000,5975.00000000000000000,-0.00452619537547946,0.01261197053053498,0.71517537031583422,ok
q000460,0.02465800000000000,5980.00000000000000000,-0.00368972523051346,0.01240361391385783,0.70924322455122246,ok
q000461,0.02465800000000000,5985.00000000000000000,-0.00285395418311725,0.01224776299876253,0.70477333272019183,ok
q000462,0.02465800000000000,5990.00000000000000000,-0.00201888106569575,0.01210388809738436,0.70062160555526087,ok
q000463,0.02465800000000000,5995.00000000000000000,-0.00118450471357617,0.01196013324182854,0.69644862427977761,ok
q000464,0.02465800000000000,6000.00000000000000000,-0.00035082396499874,0.01181649823193526,0.69225399866463566,ok
q000465,0.02465800000000000,6005.00000000000000000,0.00048216233889300,0.01167298286804492,0.68803732696099151,ok
q000466,0.02465800000000000,6010.00000000000000000,0.00131445535406245,0.01152958695099638,0.68379819541850451,ok
q000467,0.02465800000000000,6015.00000000000000000,0.00214605623358833,0.01138631028212549,0.67953617777740549,ok
q000468,0.02465800000000000,6020.00000000000000000,0.00297696612767590,0.01124315266326318,0.67525083473261116,ok
q000469,0.02465800000000000,6025.00000000000000000,0.00380718618366503,0.01110011389673405,0.67094171336801445,ok
q000470,0.02465800000000000,6030.00000000000000000,0.00463671754604029,0.01095719378535463,0.66660834655886814,ok
q000471,0.02465800000000000,6035.00000000000000000,0.00546556135644114,0.01084475410728676,0.66317925195540961,ok
q000472,0.02465800000000000,6040.00000000000000000,0.00629371875366978,0.01076265163951976,0.66066411430069416,ok
q000473,0.02465800000000000,6045.00000000000000000,0.00712119087370230,0.01068061710925969,0.65814145805943458,ok
q000474,0.02465800000000000,6050.00000000000000000,0.00794797884969628,0.01059865040416673,0.65561119296718329,ok
q000475,0.02465800000000000,6055.00000000000000000,0.00877408381200187,0.01051675141217943,0.65307322710539550,ok
q000476,0.02465800000000000,6060.00000000000000000,0.00959950688816926,0.01043492002151390,0.65052746685842044,ok
q000477,0.02465800000000000,6065.00000000000000000,0.01042424920295973,0.01035315612066273,0.64797381686903632,ok
q000478,0.02465800000000000,6070.00000000000000000,0.01124831187835306,0.01027145959839428,0.64541217999249301,ok
q000479,0.02465800000000000,6075.00000000000000000,0.01207169603355842,0.01018983034375159,0.64284245724897549,ok
q000480,0.02465800000000000,6080.00000000000000000,0.01289440278502179,0.01010826824605163,0.64026454777444664,ok
q000481,0.02465800000000000,6085.00000000000000000,0.01371643324643675,0.01003287571967406,0.63787237210757541,ok
q000482,0.02465800000000000,6090.00000000000000000,0.01453778852875179,0.01001404739734459,0.63727355542894337,ok
q000483,0.02465800000000000,6100.00000000000000000,0.01617847798621169,0.00997643708349775,0.63607570782665712,ok
q000484,0.02465800000000000,6110.00000000000000000,0.01781647999045028,0.00993888837543417,0.63487756783091021,ok
q000485,0.02465800000000000,6120.00000000000000000,0.01945180333118103,0.00990140107166301,0.63367912733555953,ok
q000486,0.02465800000000000,6125.00000000000000000,0.02026846323773688,0.00988268038369123,0.63307979185911400,ok
q000487,0.02465800000000000,6130.00000000000000000,0.02108445675506633,0.00986397497168032,0.63248037820424097,ok
q000488,0.02465800000000000,6140.00000000000000000,0.02271444896599738,0.00987021774092105,0.63268049045783270,ok
q000489,0.02465800000000000,6150.00000000000000000,0.02434178862537277,0.00997708442294554,0.63609634396232484,ok
q000490,0.02465800000000000,6175.00000000000000000,0.02839858932098703,0.01024349274617250,0.64453292567350873,ok
q000491,0.02465800000000000,6200.00000000000000000,0.03243899885799208,0.01067461875436576,0.65795662227566742,ok
q000492,0.02465800000000000,6225.00000000000000000,0.03646314915771760,0.01134796561476563,0.67839100597981650,ok
q000493,0.02465800000000000,6250.00000000000000000,0.04047117055525627,0.01214210734202135,0.70172687535302669,ok
q000494,0.02465800000000000,6300.00000000000000000,0.04843934020443329,0.01444301364770524,0.76533220141743108,ok
q000495,0.02465800000000000,6400.00000000000000000,0.06418769717257233,0.02151687167668777,0.93413714303133466,ok
q000496,0.02465800000000000,6500.00000000000000000,0.07969188370853766,0.03091229505265298,1.11966138607185028,ok
q000497,0.02465800000000000,6600.00000000000000000,0.09495935583932617,0.04170388331698494,1.30049690892126080,ok
q000498,0.02465800000000000,6800.00000000000000000,0.12481231898900728,0.06613899569715306,1.63775854435405566,ok
q000499,0.02739700000000000,4200.00000000000000000,-0.35702426297098311,0.45197882007291751,4.06169714008888683,ok
q000500,0.02739700000000000,4300.00000000000000000,-0.33349376556078902,0.41086289835490947,3.87254932286441589,ok
q000501,0.02739700000000000,4400.00000000000000000,-0.31050424733609033,0.37165287732780156,3.68313166942538883,ok
q000502,0.02739700000000000,4500.00000000000000000,-0.28803139148403173,0.33427266704692604,3.49300275656364834,ok
q000503,0.02739700000000000,4600.00000000000000000,-0.26605248476525650,0.29863527534949164,3.30155888983097245,ok
q000504,0.02739700000000000,4700.00000000000000000,-0.24454627954429298,0.26461260606803055,3.10780499336363514,ok
q000505,0.02739700000000000,4800.00000000000000000,-0.22349287034646051,0.23218232971189826,2.91113990465452499,ok
q000506,0.02739700000000000,4900.00000000000000000,-0.20287358314372486,0.20140506331156618,2.71133816569260278,ok
q000507,0.02739700000000000,4950.00000000000000000,-0.19272121167970685,0.18669930957692005,2.61047687945290852,ok
q000508,0.02739700000000000,5000.00000000000000000,-0.18267087582620542,0.17256021368561139,2.50968277583987742,ok
q000509,0.02739700000000000,5050.00000000000000000,-0.17272054497303735,0.15903038323756818,2.40928705896173723,ok
q000510,0.02739700000000000,5100.00000000000000000,-0.16286824853002574,0.14615515021850498,2.30969990751076315,ok
q000511,0.02739700000000000,5150.00000000000000000,-0.15311207358466106,0.13394340670326502,2.21110397539027481,ok
q000512,0.02739700000000000,5175.00000000000000000,-0.14826944910887307,0.12805170919409603,2.16192779433923032,ok
q000513,0.02739700000000000,5200.00000000000000000,-0.14345016267292418,0.12235070450486854,2.11325415885963208,ok
q000514,0.02739700000000000,5225.00000000000000000,-0.13865399040943116,0.11677170480505912,2.06451149581637416,ok
q000515,0.02739700000000000,5250.00000000000000000,-0.13388071165677348,0.11132549222778744,2.01579241708946677,ok
q000516,0.02739700000000000,5275.00000000000000000,-0.12913010889817556,0.10603036755315644,1.96726845704124464,ok
q000517,0.02739700000000000,5300.00000000000000000,-0.12440196770222960,0.10082106520615425,1.91833361020994220,ok
q000518,0.02739700000000000,5325.00000000000000000,-0.11969607666481694,0.09579178226678919,1.86987520141154340,ok
q000519,0.02739700000000000,5350.00000000000000000,-0.11501222735239058,0.09081686839620944,1.82067218013291066,ok
q000520,0.02739700000000000,5375.00000000000000000,-0.11035021424657927,0.08603919789782030,1.77213446375994232,ok
q000521,0.02739700000000000,5400.00000000000000000,-0.10570983469007707,0.08131662791995774,1.72281314015393372,ok
q000522,0.02739700000000000,5425.00000000000000000,-0.10109088883378253,0.07676082069661538,1.67385679569487067,ok
q000523,0.02739700000000000,5430.00000000000000000,-0.10016965431446177,0.07585217898309662,1.66392032107188292,ok
q000524,0.02739700000000000,5440.00000000000000000,-0.09832972739245449,0.07403740292325613,1.64389503296658290,ok
q000525,0.02739700000000000,5450.00000000000000000,-0.09649317958515308,0.07228419053516862,1.62431463064113224,ok
q000526,0.02739700000000000,5460.00000000000000000,-0.09465999850349213,0.07054787368967444,1.60468746252368866,ok
q000527,0.02739700000000000,5470.00000000000000000,-0.09283017182641599,0.06881473400395212,1.58485382697583632,ok
q000528,0.02739700000000000,5475.00000000000000000,-0.09191651255774126,0.06794935196662252,1.57485710730953365,ok
q000529,0.02739700000000000,5490.00000000000000000,-0.08918053273886650,0.06536773185700476,1.54465040680958832,ok
q000530,0.02739700000000000,5500.00000000000000000,-0.08736069602188055,0.06372755697758581,1.52514849356454230,ok
q000531,0.02739700000000000,5510.00000000000000000,-0.08554416509548270,0.06209036152738082,1.50543008000597456,ok
q000532,0.02739700000000000,5520.00000000000000000,-0.08373092797130190,0.06045613470156051,1.48548641191052910,ok
q000533,0.02739700000000000,5525.00000000000000000,-0.08282554085648929,0.05964013116233929,1.47542721536419008,ok
q000534,0.02739700000000000,5530.00000000000000000,-0.08192097272606232,0.05882486575396434,1.46530815794346725,ok
q000535,0.02739700000000000,5535.00000000000000000,-0.08101722209970562,0.05801033714226316,1.45512797408616423,ok
q000536,0.02739700000000000,5540.00000000000000000,-0.08011428750111334,0.05723518871592250,1.44537338934318282,ok
q000537,0.02739700000000000,5545.00000000000000000,-0.07921216745797549,0.05647237835767585,1.43570936893174617,ok
q000538,0.02739700000000000,5550.00000000000000000,-0.07831086050196266,0.05571025552575769,1.42598865507576100,ok
q000539,0.02739700000000000,5555.00000000000000000,-0.07741036516871244,0.05494881898193946,1.41621006440597719,ok
q000540,0.02739700000000000,5565.00000000000000000,-0.07561180353279763,0.05342799982238640,1.39647431764857100,ok
q000541,0.02739700000000000,5570.00000000000000000,-0.07471373432111320,0.05266861474685647,1.38651458747318035,ok
q000542,0.02739700000000000,5575.00000000000000000,-0.07381647091412336,0.05190991103981230,1.37649182812169335,ok
q000543,0.02739700000000000,5585.00000000000000000,-0.07202435573914180,0.05040751144222527,1.35642605644829195,ok
q000544,0.02739700000000000,5590.00000000000000000,-0.07112950109329799,0.04970949521954281,1.34700178635536005,ok
q000545,0.02739700000000000,5600.00000000000000000,-0.06934219051920226,0.04831533385324147,1.32797832781430780,ok
q000546,0.02739700000000000,5605.00000000000000000,-0.06844973173618253,0.04761918648280925,1.31837658456615325,ok
q000547,0.02739700000000000,5610.00000000000000000,-0.06755806872570089,0.04692365984127836,1.30871305301822516,ok
q000548,0.02739700000000000,5615.00000000000000000,-0.06666720006989929,0.04622875282267261,1.29898633865020918,ok
q000549,0.02739700000000000,5620.00000000000000000,-0.06577712435470603,0.04553446432396929,1.28919499574361551,ok
q000550,0.02739700000000000,5625.00000000000000000,-0.06488784016982199,0.04484079324508845,1.27933752471288775,ok
q000551,0.02739700000000000,5630.00000000000000000,-0.06399934610870676,0.04414773848888205,1.26941236925513889,ok
q000552,0.02739700000000000,5635.00000000000000000,-0.06311164076856622,0.04349460639122831,1.25998738691221734,ok
q000553,0.02739700000000000,5640.00000000000000000,-0.06222472275033827,0.04286922077319497,1.25089624800186261,ok
q000554,0.02739700000000000,5645.00000000000000000,-0.06133859065868041,0.04224438932946372,1.24174669675686489,ok
q000555,0.02739700000000000,5650.00000000000000000,-0.06045324310195625,0.04162011107876078,1.23253741780336568,ok
q000556,0.02739700000000000,5655.00000000000000000,-0.05956867869222200,0.04099638504241616,1.22326704757373061,ok
q000557,0.02739700000000000,5660.00000000000000000,-0.05868489604521428,0.04037321024435493,1.21393417179952667,ok
q000558,0.02739700000000000,5665.00000000000000000,-0.05780189378033616,0.03975058571108751,1.20453732283447068,ok
q000559,0.02739700000000000,5670.00000000000000000,-0.05691967052064505,0.03912851047170104,1.19507497679308372,ok
q000560,0.02739700000000000,5675.00000000000000000,-0.05603822489283946,0.03850698355785012,1.18554555048927845,ok
q000561,0.02739700000000000,5680.00000000000000000,-0.05515755552724580,0.03788600400374744,1.17594739815753324,ok
q000562,0.02739700000000000,5685.00000000000000000,-0.05427766105780649,0.03732574473274616,1.16722004162461923,ok
q000563,0.02739700000000000,5690.00000000000000000,-0.05339854012206625,0.03677430565517822,1.15856588419719619,ok
q000564,0.02739700000000000,5695.00000000000000000,-0.05252019136116030,0.03622335093347193,1.14985428191488115,ok
q000565,0.02739700000000000,5700.00000000000000000,-0.05164261341980136,0.03567287971750725,1.14108390549405625,ok
q000566,0.02739700000000000,5705.00000000000000000,-0.05076580494626683,0.03512289115940002,1.13225337548461757,ok
q000567,0.02739700000000000,5710.00000000000000000,-0.04988976459238701,0.03457338441349479,1.12336125958103739,ok
q000568,0.02739700000000000,5715.00000000000000000,-0.04901449101353184,0.03402435863635631,1.11440606974542455,ok
q000569,0.02739700000000000,5720.00000000000000000,-0.04813998286859924,0.03347581298676234,1.10538625912630795,ok
q000570,0.02739700000000000,5725.00000000000000000,-0.04726623882000249,0.03292774662569568,1.09630021875511074,ok
q000571,0.02739700000000000,5730.00000000000000000,-0.04639325753365760,0.03238559738237002,1.08723757029872781,ok
q000572,0.02739700000000000,5735.00000000000000000,-0.04552103767897173,0.03190493594191889,1.07913911291439946,ok
q000573,0.02739700000000000,5740.00000000000000000,-0.04464957792883077,0.03142469337859314,1.07098655684121269,ok
q000574,0.02739700000000000,5745.00000000000000000,-0.04377887695958677,0.03094486896295914,1.06277864458374349,ok
q000575,0.02739700000000000,5750.00000000000000000,-0.04290893345104677,0.03046546196748717,1.05451407094100769,ok
q000576,0.02739700000000000,5755.00000000000000000,-0.04203974608645984,0.02998647166654434,1.04619148043591870,ok
q000577,0.02739700000000000,5760.00000000000000000,-0.04117131355250588,0.02950789733638847,1.03780946456408096,ok
q000578,0.02739700000000000,5765.00000000000000000,-0.04030363453928348,0.02902973825516129,1.02936655884614559,ok
q000579,0.02739700000000000,5770.00000000000000000,-0.03943670774029759,0.02855199370288172,1.02086123966631903,ok
q000580,0.02739700000000000,5775.00000000000000000,-0.03857053185244861,0.02807466296143984,1.01229192087777631,ok
q000581,0.02739700000000000,5780.00000000000000000,-0.03770510557601970,0.02761066810248211,1.00389190644745985,ok
q000582,0.02739700000000000,5785.00000000000000000,-0.03684042761466586,0.02719849898126732,0.99637073621487648,ok
q000583,0.02739700000000000,5790.00000000000000000,-0.03597649667540195,0.02678668594573078,0.98879893071886193,ok
q000584,0.02739700000000000,5795.00000000000000000,-0.03511331146859075,0.02637522838113652,0.98117530625714811,ok
q000585,0.02739700000000000,5800.00000000000000000,-0.03425087070793220,0.02596412567433932,0.97349863392790270,ok
q000586,0.02739700000000000,5805.00000000000000000,-0.03338917311045099,0.02555337721377877,0.96576763717814174,ok
q000587,0.02739700000000000,5810.00000000000000000,-0.03252821739648590,0.02514298238947420,0.95798098917868768,ok
q000588,0.02739700000000000,5815.00000000000000000,-0.03166800228967809,0.02473294059301910,0.95013731001041213,ok
q000589,0.02739700000000000,5820.00000000000000000,-0.03080852651695934,0.02432325121757551,0.94223516364493132,ok
q000590,0.02739700000000000,5825.00000000000000000,-0.02994978880854148,0.02391391365786899,0.93427305470111632,ok
q000591,0.02739700000000000,5830.00000000000000000,-0.02909178789790480,0.02351954283747714,0.92653735437211149,ok
q000592,0.02739700000000000,5835.00000000000000000,-0.02823452252178646,0.02317319853151044,0.91969004658257436,ok
q000593,0.02739700000000000,5840.00000000000000000,-0.02737799142017015,0.02282715088023185,0.91279730637104017,ok
q000594,0.02739700000000000,5845.00000000000000000,-0.02652219333627406,0.02248139937588822,0.90585808641266252,ok
q000595,0.02739700000000000,5850.00000000000000000,-0.02566712701654062,0.02213594351202897,0.89887129996478876,ok
q000596,0.02739700000000000,5855.00000000000000000,-0.02481279121062515,0.02179078278350159,0.89183581876011253,ok
q000597,0.02739700000000000,5860.00000000000000000,-0.02395918467138453,0.02144591668644703,0.88475047075295410,ok
q000598,0.02739700000000000,5865.00000000000000000,-0.02310630615486706,0.02110134471829562,0.87761403770597368,ok
q000599,0.02739700000000000,5870.00000000000000000,-0.02225415442030072,0.02075706637776228,0.87042525260327019,ok
q000600,0.02739700000000000,5875.00000000000000000,-0.02140272823008310,0.02041308116484253,0.86318279687438748,ok
q000601,0.02739700000000000,5880.00000000000000000,-0.02055202634977027,0.02008051666049676,0.85612255027737261,ok
q000602,0.02739700000000000,5885.00000000000000000,-0.01970204754806574,0.01979812218065778,0.85008136355180342,ok
q000603,0.02739700000000000,5890.00000000000000000,-0.01885279059681051,0.01951596752630827,0.84400212199749836,ok
q000604,0.02739700000000000,5895.00000000000000000,-0.01800425427097156,0.01923405229044681,0.83788398843294543,ok
q000605,0.02739700000000000,5900.00000000000000000,-0.01715643734863199,0.01895237606710731,0.83172609568790745,ok
q000606,0.02739700000000000,5905.00000000000000000,-0.01630933861098020,0.01867093845135535,0.82552754507883208,ok
q000607,0.02739700000000000,5910.00000000000000000,-0.01546295684229895,0.01838973903928457,0.81928740478325268,ok
q000608,0.02739700000000000,5915.00000000000000000,-0.01461729082995575,0.01810877742801350,0.81300470810489089,ok
q000609,0.02739700000000000,5920.00000000000000000,-0.01377233936439150,0.01782805321568173,0.80667845162032448,ok
q000610,0.02739700000000000,5925.00000000000000000,-0.01292810123911088,0.01754756600144679,0.80030759319721778,ok
q000611,0.02739700000000000,5930.00000000000000000,-0.01208457525067175,0.01726994358498928,0.79395146530624694,ok
q000612,0.02739700000000000,5935.00000000000000000,-0.01124176019867443,0.01705038973928542,0.78888854584328094,ok
q000613,0.02739700000000000,5940.00000000000000000,-0.01039965488575219,0.01683102078105242,0.78379722806368302,ok
q000614,0.02739700000000000,5945.00000000000000000,-0.00955825811756066,0.01661183639916286,0.77867694763517792,ok
q000615,0.02739700000000000,5950.00000000000000000,-0.00871756870276738,0.01639283628327387,0.77352712209041374,ok
q000616,0.02739700000000000,5955.00000000000000000,-0.00787758545304241,0.01617402012382476,0.76834715000080622,ok
q000617,0.02739700000000000,5960.00000000000000000,-0.00703830718304740,0.01595538761203417,0.76313641010140598,ok
q000618,0.02739700000000000,5965.00000000000000000,-0.00619973271042632,0.01573693843989760,0.75789426036321617,ok
q000619,0.02739700000000000,5970.00000000000000000,-0.00536186085579510,0.01551867230018478,0.75262003700903790,ok
q000620,0.02739700000000000,5975.00000000000000000,-0.00452469044273141,0.01530058888643696,0.74731305346859012,ok
q000621,0.02739700000000000,5980.00000000000000000,-0.00368822029776548,0.01508268789296452,0.74197259926827241,ok
q000622,0.02739700000000000,5985.00000000000000000,-0.00285244925036933,0.01491395815275125,0.73781071016863053,ok
q000623,0.02739700000000000,5990.00000000000000000,-0.00201737613294778,0.01475632627753419,0.73390123718027900,ok
q000624,0.02739700000000000,5995.00000000000000000,-0.00118299978082826,0.01459882592663380,0.72997411496101328,ok
q000625,0.02739700000000000,6000.00000000000000000,-0.00034931903225078,0.01444145688075145,0.72602905160205100,ok
q000626,0.02739700000000000,6005.00000000000000000,0.00048366727164101,0.01428421892113658,0.72206574750603580,ok
q000627,0.02739700000000000,6010.00000000000000000,0.00131596028681041,0.01412711182958475,0.71808389510029214,ok
q000628,0.02739700000000000,6015.00000000000000000,0.00214756116633644,0.01397013538843598,0.71408317853621150,ok
q000629,0.02739700000000000,6020.00000000000000000,0.00297847106042395,0.01381328938057280,0.71006327337393194,ok
q000630,0.02739700000000000,6025.00000000000000000,0.00380869111641280,0.01365657358941859,0.70602384625142611,ok
q000631,0.02739700000000000,6030.00000000000000000,0.00463822247878822,0.01349998779893553,0.70196455453704154,ok
q000632,0.02739700000000000,6035.00000000000000000,0.00546706628918901,0.01337343875891131,0.69866669591745012,ok
q000633,0.02739700000000000,6040.00000000000000000,0.00629522368641781,0.01327656978703438,0.69613174106706521,ok
q000634,0.02739700000000000,6050.00000000000000000,0.00794948378244419,0.01308307217987017,0.69104028186758937,ok
q000635,0.02739700000000000,6055.00000000000000000,0.00877558874474972,0.01298644327982201,0.68848361113790513,ok
q000636,0.02739700000000000,6060.00000000000000000,0.00960101182091727,0.01288989413950231,0.68591953296657793,ok
q000637,0.02739700000000000,6070.00000000000000000,0.01124981681110116,0.01269703461212367,0.68076880516155536,ok
q000638,0.02739700000000000,6075.00000000000000000,0.01207320096630625,0.01260072396291451,0.67818197704519001,ok
q000639,0.02739700000000000,6080.00000000000000000,0.01289590771776978,0.01250449254913115,0.67558738444206456,ok
q000640,0.02739700000000000,6085.00000000000000000,0.01371793817918467,0.01241441750400246,0.67314971858885475,ok
q000641,0.02739700000000000,6090.00000000000000000,0.01453929346149988,0.01237953473693943,0.67220332529878135,ok
q000642,0.02739700000000000,6100.00000000000000000,0.01617998291895987,0.01230985503876298,0.67030886716321614,ok
q000643,0.02739700000000000,6110.00000000000000000,0.01781798492319813,0.01224028947609738,0.66841215596236092,ok
q000644,0.02739700000000000,6120.00000000000000000,0.01945330826392897,0.01217083767564550,0.66651316223996449,ok
q000645,0.02739700000000000,6125.00000000000000000,0.02026996817048498,0.01213615432009464,0.66556280014356517,ok
q000646,0.02739700000000000,6130.00000000000000000,0.02108596168781416,0.01210149926593866,0.66461185623000707,ok
q000647,0.02739700000000000,6140.00000000000000000,0.02271595389874531,0.01207220489103134,0.66380694829103559,ok
q000648,0.02739700000000000,6150.00000000000000000,0.02434329355812080,0.01213470478117124,0.66552305163803815,ok
q000649,0.02739700000000000,6175.00000000000000000,0.02840009425373519,0.01229051097463222,0.66978198867186878,ok
q000650,0.02739700000000000,6200.00000000000000000,0.03244050379074016,0.01258856193128468,0.67785461244813350,ok
q000651,0.02739700000000000,6225.00000000000000000,0.03646465409046559,0.01309531918454363,0.69136364605098222,ok
q000652,0.02739700000000000,6250.00000000000000000,0.04047267548800441,0.01370158705953352,0.70718645260173185,ok
q000653,0.02739700000000000,6275.00000000000000000,0.04446469675754185,0.01458006837060965,0.72950500424190967,ok
q000654,0.02739700000000000,6300.00000000000000000,0.04844084513718127,0.01549930031921100,0.75215014198273233,ok
q000655,0.02739700000000000,6400.00000000000000000,0.06418920210532042,0.02115100208208170,0.87864606649983290,ok
q000656,0.03013700000000000,4200.00000000000000000,-0.35744832816292282,0.42355557605621841,3.74891153886796458,ok
q000657,0.03013700000000000,4300.00000000000000000,-0.33391783075272874,0.38547704725331622,3.57642607657602829,ok
q000658,0.03013700000000000,4400.00000000000000000,-0.31092831252803005,0.34879558955135909,3.40200919668888391,ok
q000659,0.03013700000000000,4450.00000000000000000,-0.29962875727409655,0.33114646449498608,3.31482077673324049,ok
q000660,0.03013700000000000,4500.00000000000000000,-0.28845545667597139,0.31396690772069186,3.22769083272337953,ok
q000661,0.03013700000000000,4550.00000000000000000,-0.27740562048938638,0.29726308437973048,3.14065679986579660,ok
q000662,0.03013700000000000,4600.00000000000000000,-0.26647654995719616,0.28103049463421115,3.05370243111827611,ok
q000663,0.03013700000000000,4650.00000000000000000,-0.25566563385298058,0.26519571354627547,2.96642410144590807,ok
q000664,0.03013700000000000,4700.00000000000000000,-0.24497034473623261,0.24969925190112560,2.87844948029243675,ok
q000665,0.03013700000000000,4725.00000000000000000,-0.23966529250653945,0.24206684730648945,2.83411616984260251,ok
q000666,0.03013700000000000,4750.00000000000000000,-0.23438823540569570,0.23449011525634555,2.78940940579545948,ok
q000667,0.03013700000000000,4775.00000000000000000,-0.22913887951955184,0.22698337245572361,2.74439748790399340,ok
q000668,0.03013700000000000,4800.00000000000000000,-0.22391693553840017,0.21954330489253446,2.69904477819235300,ok
q000669,0.03013700000000000,4825.00000000000000000,-0.21872211866129618,0.21216462206502973,2.65330072060704092,ok
q000670,0.03013700000000000,4850.00000000000000000,-0.21355414850285362,0.20488276310012532,2.60737022756730585,ok
q000671,0.03013700000000000,4875.00000000000000000,-0.20841274900243495,0.19766377173289518,2.56102330201860351,ok
q000672,0.03013700000000000,4900.00000000000000000,-0.20329764833566455,0.19054364839263885,2.51447446253963891,ok
q000673,0.03013700000000000,4925.00000000000000000,-0.19820857882819329,0.18351701209357937,2.46767610529401926,ok
q000674,0.03013700000000000,4950.00000000000000000,-0.19314527687164657,0.17657246567332624,2.42053564086734818,ok
q000675,0.03013700000000000,4970.00000000000000000,-0.18911301334370817,0.17114047005548666,2.38301266880441487,ok
q000676,0.03013700000000000,4975.00000000000000000,-0.18810748284168941,0.16979123184102415,2.37360047668434593,ok
q000677,0.03013700000000000,5000.00000000000000000,-0.18309494101814514,0.16309490889280570,2.32632395709622664,ok
q000678,0.03013700000000000,5010.00000000000000000,-0.18109693835547203,0.16049348379885708,2.30769650910061763,ok
q000679,0.03013700000000000,5020.00000000000000000,-0.17910291974860759,0.15789724599667238,2.28895507307689083,ok
q000680,0.03013700000000000,5025.00000000000000000,-0.17810739950710608,0.15660106587331307,2.27954068464023152,ok
q000681,0.03013700000000000,5030.00000000000000000,-0.17711286934059767,0.15530617484029388,2.27009667495406875,ok
q000682,0.03013700000000000,5040.00000000000000000,-0.17512677136896820,0.15272652256555719,2.25116445418651079,ok
q000683,0.03013700000000000,5050.00000000000000000,-0.17314461016497706,0.15024459589905970,2.23279793036417162,ok
q000684,0.03013700000000000,5060.00000000000000000,-0.17116637015287131,0.14776757908080521,2.21431585676069442,ok
q000685,0.03013700000000000,5070.00000000000000000,-0.16919203584915363,0.14529545272341757,2.19571516902232045,ok
q000686,0.03013700000000000,5075.00000000000000000,-0.16820632852439452,0.14406121744035605,2.18636935382247533,ok
q000687,0.03013700000000000,5090.00000000000000000,-0.16525502288981408,0.14044652714245837,2.15876562173959741,ok
q000688,0.03013700000000000,5100.00000000000000000,-0.16329231372196534,0.13810120546376836,2.14066508530835309,ok
q000689,0.03013700000000000,5110.00000000000000000,-0.16133344923663243,0.13576047795389345,2.12244610016761426,ok
q000690,0.03013700000000000,5120.00000000000000000,-0.15937841440082903,0.13342432664930179,2.10410544781336029,ok
q000691,0.03013700000000000,5125.00000000000000000,-0.15840232842777355,0.13225796148915867,2.09488845441284743,ok
q000692,0.03013700000000000,5130.00000000000000000,-0.15742719426956736,0.13112765644160498,2.08591756234572046,ok
q000693,0.03013700000000000,5140.00000000000000000,-0.15547977398517174,0.12890465523137037,2.06816075014856304,ok
q000694,0.03013700000000000,5150.00000000000000000,-0.15353613877660066,0.12668597472591953,2.05028511890010234,ok
q000695,0.03013700000000000,5160.00000000000000000,-0.15159627395877415,0.12447159816207561,2.03228739642165257,ok
q000696,0.03013700000000000,5170.00000000000000000,-0.14966016493190770,0.12226150887402754,2.01416417257051839,ok
q000697,0.03013700000000000,5175.00000000000000000,-0.14869351430081268,0.12119565609150287,2.00536540234048921,ok
q000698,0.03013700000000000,5180.00000000000000000,-0.14772779718085374,0.12013857415511581,1.99660073931453241,ok
q000699,0.03013700000000000,5190.00000000000000000,-0.14579915627444823,0.11802746788827739,1.97898059610589905,ok
q000700,0.03013700000000000,5200.00000000000000000,-0.14387422786486379,0.11592042535112478,1.96123653065464376,ok
q000701,0.03013700000000000,5210.00000000000000000,-0.14195299768696998,0.11381743092892833,1.94336501520899718,ok
q000702,0.03013700000000000,5220.00000000000000000,-0.14003545155769814,0.11175374206742765,1.92566629115170906,ok
q000703,0.03013700000000000,5225.00000000000000000,-0.13907805560137076,0.11074442316813687,1.91695061070895378,ok
q000704,0.03013700000000000,5230.00000000000000000,-0.13812157537541392,0.10973606966248864,1.90820351546124201,ok
q000705,0.03013700000000000,5240.00000000000000000,-0.13621135511929472,0.10772225145742208,1.89061327014822878,ok
q000706,0.03013700000000000,5250.00000000000000000,-0.13430477684871311,0.10571227275555140,1.87289183343340992,ok
q000707,0.03013700000000000,5260.00000000000000000,-0.13240182670262693,0.10370611894410145,1.85503531475369954,ok
q000708,0.03013700000000000,5270.00000000000000000,-0.13050249089897456,0.10176696711898564,1.83761025926145405,ok
q000709,0.03013700000000000,5275.00000000000000000,-0.12955417409011530,0.10080013255143128,1.82886034204169845,ok
q000710,0.03013700000000000,5280.00000000000000000,-0.12860675573407537,0.09983421398076206,1.82007671016116523,ok
q000711,0.03013700000000000,5290.00000000000000000,-0.12671460758203740,0.09790511789891046,1.80240626511441371,ok
q000712,0.03013700000000000,5300.00000000000000000,-0.12482603289416935,0.09597966506017458,1.78459472921781281,ok
q000713,0.03013700000000000,5310.00000000000000000,-0.12294101819839799,0.09408496376870597,1.76689239694066380,ok
q000714,0.03013700000000000,5320.00000000000000000,-0.12105955009869251,0.09223083476736429,1.74939572393547516,ok
q000715,0.03013700000000000,5325.00000000000000000,-0.12012014185675669,0.09130507680965814,1.74059388734236919,ok
q000716,0.03013700000000000,5330.00000000000000000,-0.11918161527449231,0.09038018770046789,1.73175563875042493,ok
q000717,0.03013700000000000,5340.00000000000000000,-0.11730720048014197,0.08853300951483037,1.71396758706195107,ok
q000718,0.03013700000000000,5350.00000000000000000,-0.11543629254433034,0.08668928723052927,1.69602678625419023,ok
q000719,0.03013700000000000,5360.00000000000000000,-0.11356887836953485,0.08490475738039269,1.67847935393315884,ok
q000720,0.03013700000000000,5370.00000000000000000,-0.11170494493147211,0.08313356655236086,1.66087977779038787,ok
q000721,0.03013700000000000,5375.00000000000000000,-0.11077427943851903,0.08224920762010338,1.65202209801015654,ok
q000722,0.03013700000000000,5380.00000000000000000,-0.10984447927855245,0.08136567096498173,1.64312497181216388,ok
q000723,0.03013700000000000,5390.00000000000000000,-0.10798746853133967,0.07960105837965342,1.62520972358647442,ok
q000724,0.03013700000000000,5400.00000000000000000,-0.10613389988201684,0.07785543090388151,1.60729075728520310,ok
q000725,0.03013700000000000,5410.00000000000000000,-0.10428376059385533,0.07616468581289566,1.58974262311685011,ok
q000726,0.03013700000000000,5420.00000000000000000,-0.10243703800069061,0.07447706305995765,1.57203156516043197,ok
q000727,0.03013700000000000,5425.00000000000000000,-0.10151495402572218,0.07363441896060241,1.56311317289352592,ok
q000728,0.03013700000000000,5430.00000000000000000,-0.10059371950640145,0.07279255113413405,1.55415189052417202,ok
q000729,0.03013700000000000,5440.00000000000000000,-0.09875379258439422,0.07111113858802910,1.53609758765076898,ok
q000730,0.03013700000000000,5450.00000000000000000,-0.09691724477709272,0.06947317654541764,1.51830341658202395,ok
q000731,0.03013700000000000,5460.00000000000000000,-0.09508406369543183,0.06786756450974149,1.50065591072143079,ok
q000732,0.03013700000000000,5470.00000000000000000,-0.09325423701835563,0.06626489046662241,1.48283126074824234,ok
q000733,0.03013700000000000,5475.00000000000000000,-0.09234057774968092,0.06546465183609822,1.47385046296488653,ok
q000734,0.03013700000000000,5480.00000000000000000,-0.09142775249232125,0.06466514368365865,1.46482287840249525,ok
q000735,0.03013700000000000,5490.00000000000000000,-0.08960459793080623,0.06306831348714896,1.44662377967734268,ok
q000736,0.03013700000000000,5500.00000000000000000,-0.08778476121382021,0.06154395353796342,1.42903441114684493,ok
q000737,0.03013700000000000,5510.00000000000000000,-0.08596823028742241,0.06003145279747926,1.41136524205596747,ok
q000738,0.03013700000000000,5520.00000000000000000,-0.08415499316324154,0.05852169458024079,1.39350469916391861,ok
q000739,0.03013700000000000,5525.00000000000000000,-0.08324960604842895,0.05776784081332784,1.38450031395180329,ok
q000740,0.03013700000000000,5530.00000000000000000,-0.08234503791800200,0.05701466895855398,1.37544520761377176,ok
q000741,0.03013700000000000,5535.00000000000000000,-0.08144128729164533,0.05626217778336209,1.36633835675450599,ok
q000742,0.03013700000000000,5540.00000000000000000,-0.08053835269305307,0.05552394795541042,1.35734472715871601,ok
q000743,0.03013700000000000,5545.00000000000000000,-0.07963623264991514,0.05481823983236439,1.34869123240316346,ok
q000744,0.03013700000000000,5550.00000000000000000,-0.07873492569390232,0.05411316776900166,1.33998973055166681,ok
q000745,0.03013700000000000,5555.00000000000000000,-0.07783443036065213,0.05340873061978454,1.33123926594840869,ok
q000746,0.03013700000000000,5560.00000000000000000,-0.07693474518975442,0.05270492724226718,1.32243885231398850,ok
q000747,0.03013700000000000,5565.00000000000000000,-0.07603586872473737,0.05200175649708461,1.31358747135384446,ok
q000748,0.03013700000000000,5570.00000000000000000,-0.07513779951305284,0.05129921724794122,1.30468407128441055,ok
q000749,0.03013700000000000,5575.00000000000000000,-0.07424053610606302,0.05059730836160040,1.29572756527100985,ok
q000750,0.03013700000000000,5580.00000000000000000,-0.07334407705902589,0.04989602870787312,1.28671682977090929,ok
q000751,0.03013700000000000,5585.00000000000000000,-0.07244842093108141,0.04919537715960712,1.27765070277443238,ok
q000752,0.03013700000000000,5590.00000000000000000,-0.07155356628523774,0.04853379623593385,1.26903068140864916,ok
q000753,0.03013700000000000,5595.00000000000000000,-0.07065951168835695,0.04788580022241187,1.26053052094217866,ok
q000754,0.03013700000000000,5600.00000000000000000,-0.06976625571114194,0.04723838303524071,1.25198032117083269,ok
q000755,0.03013700000000000,5605.00000000000000000,-0.06887379692812223,0.04659154364126291,1.24337903601084454,ok
q000756,0.03013700000000000,5610.00000000000000000,-0.06798213391764049,0.04594528101008468,1.23472558401174415,ok
q000757,0.03013700000000000,5615.00000000000000000,-0.06709126526183892,0.04529959411406610,1.22601884666008831,ok
q000758,0.03013700000000000,5620.00000000000000000,-0.06620118954664581,0.04465448192831134,1.21725766657726853,ok
q000759,0.03013700000000000,5625.00000000000000000,-0.06531190536176167,0.04400994343065861,1.20844084560320209,ok
q000760,0.03013700000000000,5630.00000000000000000,-0.06442341130064647,0.04336597760167091,1.19956714275696630,ok
q000761,0.03013700000000000,5635.00000000000000000,-0.06353570596050583,0.04272906006835489,1.19072551740575538,ok
q000762,0.03013700000000000,5640.00000000000000000,-0.06264878794227791,0.04214330373222678,1.18253575269067612,ok
q000763,0.03013700000000000,5645.00000000000000000,-0.06176265585062019,0.04155806645362007,1.17429620549786162,ok
q000764,0.03013700000000000,5650.00000000000000000,-0.06087730829389593,0.04097334731344188,1.16600580739075266,ok
q000765,0.03013700000000000,5655.00000000000000000,-0.05999274388416170,0.04038914539503853,1.15766345275401084,ok
q000766,0.03013700000000000,5660.00000000000000000,-0.05910896123715390,0.03980545978418665,1.14926799695772708,ok
q000767,0.03013700000000000,5665.00000000000000000,-0.05822595897227580,0.03922228956908466,1.14081825440356832,ok
q000768,0.03013700000000000,5670.00000000000000000,-0.05734373571258483,0.03863963384034426,1.13231299644344419,ok
q000769,0.03013700000000000,5675.00000000000000000,-0.05646229008477914,0.03805749169098167,1.12375094916037699,ok
q000770,0.03013700000000000,5680.00000000000000000,-0.05558162071918551,0.03747586221640962,1.11513079100028389,ok
q000771,0.03013700000000000,5685.00000000000000000,-0.05470172624974610,0.03691819936290740,1.10680279274868143,ok
q000772,0.03013700000000000,5690.00000000000000000,-0.05382260531400589,0.03639671209112873,1.09895793098070516,ok
q000773,0.03013700000000000,5695.00000000000000000,-0.05294425655309996,0.03587568286707853,1.09106363010781360,ok
q000774,0.03013700000000000,5700.00000000000000000,-0.05206667861174105,0.03535511088681161,1.08311879680664402,ok
q000775,0.03013700000000000,5705.00000000000000000,-0.05118987013820654,0.03483499534849726,1.07512229844548446,ok
q000776,0.03013700000000000,5710.00000000000000000,-0.05031382978432663,0.03431533545241232,1.06707296107823413,ok
q000777,0.03013700000000000,5715.00000000000000000,-0.04943855620547148,0.03379613040093348,1.05896956730493419,ok
q000778,0.03013700000000000,5720.00000000000000000,-0.04856404806053891,0.03327737939853001,1.05081085398788376,ok
q000779,0.03013700000000000,5725.00000000000000000,-0.04769030401194219,0.03275908165175653,1.04259550981123961,ok
q000780,0.03013700000000000,5730.00000000000000000,-0.04681732272559731,0.03224123636924542,1.03432217267079585,ok
q000781,0.03013700000000000,5735.00000000000000000,-0.04594510287091148,0.03175881388789135,1.02655477646910165,ok
q000782,0.03013700000000000,5740.00000000000000000,-0.04507364312077042,0.03130053020893731,1.01912120490788838,ok
q000783,0.03013700000000000,5745.00000000000000000,-0.04420294215152644,0.03084264555805195,1.01163955634657299,ok
q000784,0.03013700000000000,5750.00000000000000000,-0.04333299864298635,0.03038515924097143,1.00410874464430200,ok
q000785,0.03013700000000000,5755.00000000000000000,-0.04246381127839955,0.02992807056524231,0.99652764368794466,ok
q000786,0.03013700000000000,5760.00000000000000000,-0.04159537874444563,0.02947137884021500,0.98889508530347447,ok
q000787,0.03013700000000000,5765.00000000000000000,-0.04072769973122312,0.02901508337703789,0.98120985702507790,ok
q000788,0.03013700000000000,5770.00000000000000000,-0.03986077293223726,0.02855918348865087,0.97347069970994882,ok
q000789,0.03013700000000000,5775.00000000000000000,-0.03899459704438819,0.02810367848977914,0.96567630498553880,ok
q000790,0.03013700000000000,5780.00000000000000000,-0.03812917076795942,0.02764856769692717,0.95782531251465541,ok
q000791,0.03013700000000000,5785.00000000000000000,-0.03726449280660560,0.02723519939456558,0.95063821913354218,ok
q000792,0.03013700000000000,5790.00000000000000000,-0.03640056186734161,0.02683902723759081,0.94369874280475663,ok
q000793,0.03013700000000000,5795.00000000000000000,-0.03553737666053043,0.02644319705058255,0.93671391462135245,ok
q000794,0.03013700000000000,5800.00000000000000000,-0.03467493589987179,0.02604770824368303,0.92968270185412660,ok
q000795,0.03013700000000000,5805.00000000000000000,-0.03381323830239071,0.02565256022855942,0.92260403342600072,ok
q000796,0.03013700000000000,5810.00000000000000000,-0.03295228258842565,0.02525775241839826,0.91547679789011527,ok
q000797,0.03013700000000000,5815.00000000000000000,-0.03209206748161775,0.02486328422790066,0.90829984126892660,ok
q000798,0.03013700000000000,5820.00000000000000000,-0.03123259170889902,0.02446915507327677,0.90107196474242901,ok
q000799,0.03013700000000000,5825.00000000000000000,-0.03037385400048119,0.02407536437224077,0.89379192217244641,ok
q000800,0.03013700000000000,5830.00000000000000000,-0.02951585308984442,0.02368191154400561,0.88645841744855780,ok
q000801,0.03013700000000000,5835.00000000000000000,-0.02865858771372622,0.02333149433083099,0.87987558830511825,ok
q000802,0.03013700000000000,5840.00000000000000000,-0.02780205661210981,0.02299636968677414,0.87353363469445211,ok
q000803,0.03013700000000000,5845.00000000000000000,-0.02694625852821374,0.02266153184176305,0.86715078706023718,ok
q000804,0.03013700000000000,5850.00000000000000000,-0.02609119220848033,0.02232698030533327,0.86072612618117239,ok
q000805,0.03013700000000000,5855.00000000000000000,-0.02523685640256478,0.02199271458827739,0.85425869915658026,ok
q000806,0.03013700000000000,5860.00000000000000000,-0.02438324986332428,0.02165873420264081,0.84774751765458523,ok
q000807,0.03013700000000000,5865.00000000000000000,-0.02353037134680672,0.02132503866171731,0.84119155604149609,ok
q000808,0.03013700000000000,5870.00000000000000000,-0.02267821961224041,0.02099162748004505,0.83458974938241337,ok
q000809,0.03013700000000000,5875.00000000000000000,-0.02182679342202281,0.02065850017340214,0.82794099130204579,ok
q000810,0.03013700000000000,5880.00000000000000000,-0.02097609154170989,0.02032565625880249,0.82124413169362009,ok
q000811,0.03013700000000000,5885.00000000000000000,-0.02012611274000538,0.02003220025866744,0.81529413381089266,ok
q000812,0.03013700000000000,5890.00000000000000000,-0.01927685578875018,0.01975708622700755,0.80967632112968069,ok
q000813,0.03013700000000000,5895.00000000000000000,-0.01842831946291125,0.01948220563961126,0.80402407393766695,ok
q000814,0.03013700000000000,5900.00000000000000000,-0.01758050254057171,0.01920755810064255,0.79833665261692000,ok
q000815,0.03013700000000000,5905.00000000000000000,-0.01673340380291983,0.01893314321527133,0.79261329172410222,ok
q000816,0.03013700000000000,5910.00000000000000000,-0.01588702203423861,0.01865896058967002,0.78685319871104153,ok
q000817,0.03013700000000000,5915.00000000000000000,-0.01504135602189543,0.01838500983101022,0.78105555256273373,ok
q000818,0.03013700000000000,5920.00000000000000000,-0.01419640455633119,0.01811129054745919,0.77521950234616654,ok
q000819,0.03013700000000000,5925.00000000000000000,-0.01335216643105060,0.01783780234817670,0.76934416566273967,ok
q000820,0.03013700000000000,5930.00000000000000000,-0.01250864044261138,0.01756454484331152,0.76342862699632064,ok
q000821,0.03013700000000000,5935.00000000000000000,-0.01166582539061408,0.01732217029191941,0.75814302336494688,ok
q000822,0.03013700000000000,5940.00000000000000000,-0.01082372007769186,0.01710605616754579,0.75339882370164690,ok
q000823,0.03013700000000000,5945.00000000000000000,-0.00998232330950036,0.01689012388090875,0.74862858944678234,ok
q000824,0.03013700000000000,5950.00000000000000000,-0.00914163389470710,0.01667437312627007,0.74383181289735023,ok
q000825,0.03013700000000000,5955.00000000000000000,-0.00830165064498205,0.01645880359866206,0.73900797036221899,ok
q000826,0.03013700000000000,5960.00000000000000000,-0.00746237237498706,0.01624341499388487,0.73415652144850041,ok
q000827,0.03013700000000000,5965.00000000000000000,-0.00662379790236600,0.01602820700850394,0.72927690830649583,ok
q000828,0.03013700000000000,5970.00000000000000000,-0.00578592604773480,0.01581317933984744,0.72436855483023654,ok
q000829,0.03013700000000000,5975.00000000000000000,-0.00494875563467114,0.01559833168600362,0.71943086581038407,ok
q000830,0.03013700000000000,5980.00000000000000000,-0.00411228548970511,0.01538366374581844,0.71446322603598544,ok
q000831,0.03013700000000000,5985.00000000000000000,-0.00327651444230899,0.01518659800059303,0.70987231570338394,ok
q000832,0.03013700000000000,5990.00000000000000000,-0.00244144132488746,0.01502849839877921,0.70616759678184038,ok
q000833,0.03013700000000000,5995.00000000000000000,-0.00160706497276796,0.01487053071154210,0.70244645493496882,ok
q000834,0.03013700000000000,6000.00000000000000000,-0.00077338422419051,0.01471269471893236,0.69870862254731403,ok
q000835,0.03013700000000000,6005.00000000000000000,0.00005960207970137,0.01455499020155032,0.69495382506922210,ok
q000836,0.03013700000000000,6010.00000000000000000,0.00089189509487074,0.01439741694054415,0.69118178076244197,ok
q000837,0.03013700000000000,6015.00000000000000000,0.00172349597439675,0.01423997471760798,0.68739220043362081,ok
q000838,0.03013700000000000,6020.00000000000000000,0.00255440586848424,0.01408266331498012,0.68358478715498172,ok
q000839,0.03013700000000000,6025.00000000000000000,0.00338462592447328,0.01392548251544128,0.67975923597142240,ok
q000840,0.03013700000000000,6030.00000000000000000,0.00421415728684869,0.01376843210231269,0.67591523359321781,ok
q000841,0.03013700000000000,6040.00000000000000000,0.00587115849447801,0.01351001404058925,0.66954210156045835,ok
q000842,0.03013700000000000,6050.00000000000000000,0.00752541859050457,0.01330828014441054,0.66452443998739630,ok
q000843,0.03013700000000000,6060.00000000000000000,0.00917694662897760,0.01310687941749353,0.65947698373481600,ok
q000844,0.03013700000000000,6070.00000000000000000,0.01082575161916145,0.01290581076117545,0.65439901551928337,ok
q000845,0.03013700000000000,6075.00000000000000000,0.01164913577436673,0.01280540061764339,0.65184835805635510,ok
q000846,0.03013700000000000,6080.00000000000000000,0.01247184252583023,0.01270507308221900,0.64928979152215849,ok
q000847,0.03013700000000000,6090.00000000000000000,0.01411522826956007,0.01253836825437306,0.64501602042245521,ok
q000848,0.03013700000000000,6100.00000000000000000,0.01575591772702002,0.01245376260187222,0.64283613658479155,ok
q000849,0.03013700000000000,6110.00000000000000000,0.01739391973125845,0.01236929553363079,0.64065242438666270,ok
q000850,0.03013700000000000,6120.00000000000000000,0.01902924307198925,0.01228496659638841,0.63846483276792054,ok
q000851,0.03013700000000000,6125.00000000000000000,0.01984590297854524,0.01224285378585544,0.63736956602454031,ok
q000852,0.03013700000000000,6130.00000000000000000,0.02066189649587461,0.01220077533910478,0.63627330995375797,ok
q000853,0.03013700000000000,6140.00000000000000000,0.02229188870680571,0.01212211803857666,0.63421899522252867,ok
q000854,0.03013700000000000,6150.00000000000000000,0.02391922836618094,0.01216426292997896,0.63532053121965237,ok
q000855,0.03013700000000000,6160.00000000000000000,0.02554392409318289,0.01220633934874120,0.63641837562385684,ok
q000856,0.03013700000000000,6170.00000000000000000,0.02716598446505097,0.01224834751699699,0.63751255328764256,ok
q000857,0.03013700000000000,6175.00000000000000000,0.02797602906179543,0.01226932607630643,0.63805827478659005,ok
q000858,0.03013700000000000,6180.00000000000000000,0.02878541801735397,0.01229028765580074,0.63860308880169658,ok
q000859,0.03013700000000000,6190.00000000000000000,0.03040223324425934,0.01233215998513465,0.63969000649871788,ok
q000860,0.03013700000000000,6200.00000000000000000,0.03201643859880030,0.01247649367880864,0.64342253350220591,ok
q000861,0.03013700000000000,6210.00000000000000000,0.03362804249314186,0.01265497536371980,0.64800841101325946,ok
q000862,0.03013700000000000,6220.00000000000000000,0.03523705329884258,0.01283316986960926,0.65255476073024643,ok
q000863,0.03013700000000000,6225.00000000000000000,0.03604058889852584,0.01292215971892714,0.65481337754325153,ok
q000864,0.03013700000000000,6230.00000000000000000,0.03684347934711632,0.01301107811914114,0.65706242645383095,ok
q000865,0.03013700000000000,6240.00000000000000000,0.03844732892909088,0.01318870103054012,0.66153222198872519,ok
q000866,0.03013700000000000,6250.00000000000000000,0.04004861029606475,0.01342639304437972,0.66746680092032540,ok
q000867,0.03013700000000000,6260.00000000000000000,0.04164733165976161,0.01375083271366422,0.67548310382612442,ok
q000868,0.03013700000000000,6270.00000000000000000,0.04324350119258381,0.01407475452212329,0.68339281033853005,ok
q000869,0.03013700000000000,6275.00000000000000000,0.04404063156560209,0.01423652174464958,0.68730885440838219,ok
q000870,0.03013700000000000,6280.00000000000000000,0.04483712702786184,0.01439816012031037,0.69119961957643627,ok
q000871,0.03013700000000000,6290.00000000000000000,0.04642821726010372,0.01472105115090038,0.69890701863848792,ok
q000872,0.03013700000000000,6300.00000000000000000,0.04801677994524161,0.01504690688825108,0.70659995868783387,ok
q000873,0.03013700000000000,6310.00000000000000000,0.04960282310087622,0.01551791898078444,0.71757406037943128,ok
q000874,0.03013700000000000,6320.00000000000000000,0.05118635470652053,0.01598818521062660,0.72836585145944344,ok
q000875,0.03013700000000000,6325.00000000000000000,0.05197718116133843,0.01622303936449448,0.73369591648237276,ok
q000876,0.03013700000000000,6350.00000000000000000,0.05592195945235487,0.01739453225283800,0.75972491351542071,ok
q000877,0.03013700000000000,6375.00000000000000000,0.05985123759224432,0.01884140682788817,0.79069074325841116,ok
q000878,0.03013700000000000,6400.00000000000000000,0.06376513691338075,0.02033725722159048,0.82147846271475689,ok
q000879,0.03013700000000000,6425.00000000000000000,0.06766377732903796,0.02201612459795652,0.85471323343938910,ok
q000880,0.03013700000000000,6500.00000000000000000,0.07926932344934597,0.02768430918687524,0.95844420618819826,ok
q000881,0.03013700000000000,6600.00000000000000000,0.09453679558013438,0.03649962285301338,1.10051047187341000,ok
q000882,0.03013700000000000,6800.00000000000000000,0.12438975872981546,0.05654679773750079,1.36979002347620105,ok
q000883,0.03013700000000000,7000.00000000000000000,0.15337729560306790,0.07789522930135234,1.60770151490971180,ok
q000884,0.03013700000000000,7200.00000000000000000,0.18154817256976416,0.10008036532864614,1.82231912035987209,ok
q000885,0.03835600000000000,4000.00000000000000000,-0.40635692296267029,0.42520738775623201,3.32953623625742479,ok
q000886,0.03835600000000000,4200.00000000000000000,-0.35756675879323829,0.35064766370923522,3.02356159153586779,ok
q000887,0.03835600000000000,4300.00000000000000000,-0.33403626138304415,0.31668573885662582,2.87340999600236957,ok
q000888,0.03835600000000000,4400.00000000000000000,-0.31104674315834530,0.28563303646175003,2.72889963593559770,ok
q000889,0.03835600000000000,4500.00000000000000000,-0.28857388730628669,0.25732226691813398,2.59013278689378224,ok
q000890,0.03835600000000000,4600.00000000000000000,-0.26659498058751147,0.23067263033096491,2.45234393576910348,ok
q000891,0.03835600000000000,4700.00000000000000000,-0.24508877536654788,0.20495006983745798,2.31157176107687379,ok
q000892,0.03835600000000000,4800.00000000000000000,-0.22403536616871553,0.18005376733025136,2.16662849891393794,ok
q000893,0.03835600000000000,4900.00000000000000000,-0.20341607896597985,0.15631511699591977,2.01875602123937270,ok
q000894,0.03835600000000000,5000.00000000000000000,-0.18321337164846041,0.13435546193685541,1.87159125914254165,ok
q000895,0.03835600000000000,5050.00000000000000000,-0.17326304079529234,0.12413363328142435,1.79898722160595725,ok
q000896,0.03835600000000000,5100.00000000000000000,-0.16341074435228070,0.11440315764048425,1.72703981877267365,ok
q000897,0.03835600000000000,5150.00000000000000000,-0.15365456940691602,0.10514952107113572,1.65572038002373412,ok
q000898,0.03835600000000000,5200.00000000000000000,-0.14399265849517914,0.09635300326874653,1.58495148455188151,ok
q000899,0.03835600000000000,5250.00000000000000000,-0.13442320747902844,0.08798237922545303,1.51454156306358301,ok
q000900,0.03835600000000000,5275.00000000000000000,-0.12967260472043068,0.08393851317402645,1.47932630933571096,ok
q000901,0.03835600000000000,5300.00000000000000000,-0.12494446352448466,0.08000285669348149,1.44422910333760801,ok
q000902,0.03835600000000000,5325.00000000000000000,-0.12023857248707207,0.07614502079688183,1.40897763603717285,ok
q000903,0.03835600000000000,5350.00000000000000000,-0.11555472317464563,0.07238215314595126,1.37372276068472310,ok
q000904,0.03835600000000000,5375.00000000000000000,-0.11089271006883439,0.06869675142505589,1.33829373596042656,ok
q000905,0.03835600000000000,5400.00000000000000000,-0.10625233051233211,0.06510269104411998,1.30281519549972491,ok
q000906,0.03835600000000000,5425.00000000000000000,-0.10163338465603763,0.06159828342202629,1.26726561109138047,ok
q000907,0.03835600000000000,5440.00000000000000000,-0.09887222321470958,0.05950782512604535,1.24557643737021362,ok
q000908,0.03835600000000000,5450.00000000000000000,-0.09703567540740811,0.05818377064414154,1.23164139323862543,ok
q000909,0.03835600000000000,5470.00000000000000000,-0.09337266764867105,0.05554293449442509,1.20336605212974157,ok
q000910,0.03835600000000000,5475.00000000000000000,-0.09245900837999636,0.05488423416285071,1.19620923051684702,ok
q000911,0.03835600000000000,5480.00000000000000000,-0.09154618312263670,0.05422613510961781,1.18901592385535748,ok
q000912,0.03835600000000000,5490.00000000000000000,-0.08972302856112158,0.05291173645428174,1.17451712191013735,ok
q000913,0.03835600000000000,5500.00000000000000000,-0.08790319184413559,0.05166498213841510,1.16059711539428112,ok
q000914,0.03835600000000000,5510.00000000000000000,-0.08608666091773767,0.05043487117094964,1.14669733434400989,ok
q000915,0.03835600000000000,5520.00000000000000000,-0.08427342379355696,0.04920699068696958,1.13265265684669769,ok
q000916,0.03835600000000000,5525.00000000000000000,-0.08336803667874437,0.04859388435139988,1.12557425988774495,ok
q000917,0.03835600000000000,5530.00000000000000000,-0.08246346854831745,0.04798133261231975,1.11845753033655160,ok
q000918,0.03835600000000000,5540.00000000000000000,-0.08065678332336841,0.04675788891660763,1.10410605719782318,ok
q000919,0.03835600000000000,5545.00000000000000000,-0.07975466328023048,0.04614914750635608,1.09689532742520690,ok
q000920,0.03835600000000000,5550.00000000000000000,-0.07885335632421768,0.04558359312290545,1.09015342288301054,ok
q000921,0.03835600000000000,5555.00000000000000000,-0.07795286099096749,0.04501854801857225,1.08337569162819647,ok
q000922,0.03835600000000000,5560.00000000000000000,-0.07705317582006979,0.04445401127697465,1.07656144589974700,ok
q000923,0.03835600000000000,5570.00000000000000000,-0.07525623014336812,0.04332645922880555,1.06282055311615165,ok
q000924,0.03835600000000000,5575.00000000000000000,-0.07435896673637843,0.04276344210179065,1.05589242084875612,ok
q000925,0.03835600000000000,5580.00000000000000000,-0.07346250768934130,0.04220092969660666,1.04892480167127755,ok
q000926,0.03835600000000000,5585.00000000000000000,-0.07256685156139683,0.04163892110913913,1.04191689208895788,ok
q000927,0.03835600000000000,5590.00000000000000000,-0.07167199691555305,0.04107741543770068,1.03486786222928973,ok
q000928,0.03835600000000000,5595.00000000000000000,-0.07077794231867228,0.04051641178302243,1.02777685461384349,ok
q000929,0.03835600000000000,5600.00000000000000000,-0.06988468634145728,0.03997286934273431,1.02085957616099465,ok
q000930,0.03835600000000000,5610.00000000000000000,-0.06810056454795585,0.03894871749418166,1.00769690782495958,ok
q000931,0.03835600000000000,5615.00000000000000000,-0.06720969589215428,0.03843732596027399,1.00105958516526705,ok
q000932,0.03835600000000000,5620.00000000000000000,-0.06631962017696107,0.03792638960358170,0.99438392748155646,ok
q000933,0.03835600000000000,5625.00000000000000000,-0.06543033599207705,0.03741590761454093,0.98766914676959250,ok
q000934,0.03835600000000000,5630.00000000000000000,-0.06454184193096187,0.03690587918574553,0.98091442885795233,ok
q000935,0.03835600000000000,5635.00000000000000000,-0.06365413659082124,0.03639630351193974,0.97411893217554901,ok
q000936,0.03835600000000000,5640.00000000000000000,-0.06276721857259332,0.03588717979001036,0.96728178644359020,ok
q000937,0.03835600000000000,5650.00000000000000000,-0.06099573892421125,0.03487028499999532,0.95347891475378377,ok
q000938,0.03835600000000000,5655.00000000000000000,-0.06011117451447704,0.03438974505509670,0.94688627846098639,ok
q000939,0.03835600000000000,5660.00000000000000000,-0.05922739186746924,0.03393105417028639,0.94055028916379280,ok
q000940,0.03835600000000000,5670.00000000000000000,-0.05746216634290008,0.03301488676137006,0.92776556894343609,ok
q000941,0.03835600000000000,5675.00000000000000000,-0.05658072071509451,0.03255740880986335,0.92131525335514175,ok
q000942,0.03835600000000000,5680.00000000000000000,-0.05570005134950089,0.03210033374519997,0.91482519920110172,ok
q000943,0.03835600000000000,5685.00000000000000000,-0.05482015688006150,0.03164366085838408,0.90829454447210178,ok
q000944,0.03835600000000000,5690.00000000000000000,-0.05394103594432130,0.03118738944228965,0.90172239680642674,ok
q000945,0.03835600000000000,5695.00000000000000000,-0.05306268718341538,0.03073151879165397,0.89510783197315524,ok
q000946,0.03835600000000000,5700.00000000000000000,-0.05218510924205636,0.03027604820307110,0.88844989225671733,ok
q000947,0.03835600000000000,5705.00000000000000000,-0.05130830076852186,0.02982097697498536,0.88174758473474746,ok
q000948,0.03835600000000000,5710.00000000000000000,-0.05043226041464196,0.02939896199175937,0.87548627775676446,ok
q000949,0.03835600000000000,5715.00000000000000000,-0.04955698683578682,0.02899415487150665,0.86943790887465122,ok
q000950,0.03835600000000000,5720.00000000000000000,-0.04868247869085425,0.02858970175840029,0.86335251302573013,ok
q000951,0.03835600000000000,5725.00000000000000000,-0.04780873464225754,0.02818560203381701,0.85722929224944477,ok
q000952,0.03835600000000000,5730.00000000000000000,-0.04693575335591268,0.02778185508075346,0.85106742067242847,ok
q000953,0.03835600000000000,5735.00000000000000000,-0.04606353350122686,0.02737846028382100,0.84486604312300451,ok
q000954,0.03835600000000000,5740.00000000000000000,-0.04519207375108580,0.02697541702923975,0.83862427365608938,ok
q000955,0.03835600000000000,5745.00000000000000000,-0.04432137278184184,0.02657272470483309,0.83234119398133632,ok
q000956,0.03835600000000000,5750.00000000000000000,-0.04345142927330176,0.02617038270002211,0.82601585178663983,ok
q000957,0.03835600000000000,5755.00000000000000000,-0.04258224190871485,0.02576839040581999,0.81964725894836887,ok
q000958,0.03835600000000000,5760.00000000000000000,-0.04171380937476094,0.02536674721482651,0.81323438961883299,ok
q000959,0.03835600000000000,5765.00000000000000000,-0.04084613036153845,0.02499840254858057,0.80730840429538653,ok
q000960,0.03835600000000000,5770.00000000000000000,-0.03997920356255259,0.02464774572331425,0.80162628206181441,ok
q000961,0.03835600000000000,5775.00000000000000000,-0.03911302767470365,0.02429739262855395,0.79590856966152956,ok
q000962,0.03835600000000000,5780.00000000000000000,-0.03824760139827477,0.02394734273858677,0.79015448580961756,ok
q000963,0.03835600000000000,5785.00000000000000000,-0.03738292343692097,0.02359759552906369,0.78436322132979885,ok
q000964,0.03835600000000000,5790.00000000000000000,-0.03651899249765698,0.02324815047699465,0.77853393774125135,ok
q000965,0.03835600000000000,5795.00000000000000000,-0.03565580729084581,0.02289900706074390,0.77266576575213475,ok
q000966,0.03835600000000000,5800.00000000000000000,-0.03479336653018718,0.02255016476002532,0.76675780365217061,ok
q000967,0.03835600000000000,5805.00000000000000000,-0.03393166893270600,0.02220162305589778,0.76080911559589515,ok
q000968,0.03835600000000000,5810.00000000000000000,-0.03307071321874095,0.02185338143076052,0.75481872976735653,ok
q000969,0.03835600000000000,5815.00000000000000000,-0.03221049811193305,0.02150543936834851,0.74878563641610341,ok
q000970,0.03835600000000000,5820.00000000000000000,-0.03135102233921433,0.02118568962786143,0.74319819769421858,ok
q000971,0.03835600000000000,5825.00000000000000000,-0.03049228463079663,0.02088961887168429,0.73798681587319448,ok
q000972,0.03835600000000000,5830.00000000000000000,-0.02963428372015987,0.02059380214450110,0.73274288988466696,ok
q000973,0.03835600000000000,5835.00000000000000000,-0.02877701834404156,0.02029823901077136,0.72746570814187017,ok
q000974,0.03835600000000000,5840.00000000000000000,-0.02792048724242517,0.02000292903607363,0.72215453374889194,ok
q000975,0.03835600000000000,5845.00000000000000000,-0.02706468915852911,0.01970787178710185,0.71680860322317330,ok
q000976,0.03835600000000000,5850.00000000000000000,-0.02620962283879571,0.01941306683166144,0.71142712513398465,ok
q000977,0.03835600000000000,5855.00000000000000000,-0.02535528703288016,0.01911851373866555,0.70600927865002583,ok
q000978,0.03835600000000000,5860.00000000000000000,-0.02450168049363956,0.01882421207813128,0.70055421198863044,ok
q000979,0.03835600000000000,5865.00000000000000000,-0.02364880197712202,0.01853016142117589,0.69506104075830333,ok
q000980,0.03835600000000000,5870.00000000000000000,-0.02279665024255571,0.01823636134001304,0.68952884618549204,ok
q000981,0.03835600000000000,5875.00000000000000000,-0.02194522405233812,0.01795990016923031,0.68428229639866012,ok
q000982,0.03835600000000000,5880.00000000000000000,-0.02109452217202533,0.01771908204514599,0.67967916088107283,ok
q000983,0.03835600000000000,5885.00000000000000000,-0.02024454337032083,0.01747846861137451,0.67504859002824125,ok
q000984,0.03835600000000000,5890.00000000000000000,-0.01939528641906552,0.01723805952024653,0.67039000856941455,ok
q000985,0.03835600000000000,5895.00000000000000000,-0.01854675009322660,0.01699785442497767,0.66570282166034633,ok
q000986,0.03835600000000000,5900.00000000000000000,-0.01769893317088707,0.01675785297966563,0.66098641393863111,ok
q000987,0.03835600000000000,5910.00000000000000000,-0.01600545266455398,0.01627845965969490,0.65146336592867538,ok
q000988,0.03835600000000000,5915.00000000000000000,-0.01515978665221070,0.01603906709761488,0.64665538296356051,ok
q000989,0.03835600000000000,5920.00000000000000000,-0.01431483518664648,0.01579987681064307,0.64181549148335160,ok
q000990,0.03835600000000000,5925.00000000000000000,-0.01347059706136590,0.01556088845724273,0.63694295711588722,ok
q000991,0.03835600000000000,5930.00000000000000000,-0.01262707107292680,0.01532210169674141,0.63203701787825528,ok
q000992,0.03835600000000000,5935.00000000000000000,-0.01178425602092951,0.01513715046706494,0.62821081535514223,ok
q000993,0.03835600000000000,5940.00000000000000000,-0.01094215070800730,0.01495240643901628,0.62436549164371502,ok
q000994,0.03835600000000000,5945.00000000000000000,-0.01010075393981570,0.01476781785400494,0.62049960388483438,ok
q000995,0.03835600000000000,5950.00000000000000000,-0.00926006452502245,0.01458338445067226,0.61661275977096408,ok
q000996,0.03835600000000000,5955.00000000000000000,-0.00842008127529740,0.01439910596831818,0.61270455493005027,ok
q000997,0.03835600000000000,5960.00000000000000000,-0.00758080300530242,0.01421498214689906,0.60877457239974864,ok
q000998,0.03835600000000000,5965.00000000000000000,-0.00674222853268137,0.01403101272702543,0.60482238207186045,ok
q000999,0.03835600000000000,5970.00000000000000000,-0.00590435667805008,0.01384719744995986,0.60084754010488839,ok
q001000,0.03835600000000000,5975.00000000000000000,-0.00506718626498642,0.01366353605761471,0.59684958830244850,ok
q001001,0.03835600000000000,5980.00000000000000000,-0.00423071612002052,0.01348002829255003,0.59282805345508416,ok
q001002,0.03835600000000000,5985.00000000000000000,-0.00339494507262440,0.01329667389797127,0.58878244664280843,ok
q001003,0.03835600000000000,5990.00000000000000000,-0.00255987195520288,0.01314438151428253,0.58540095016574933,ok
q001004,0.03835600000000000,5995.00000000000000000,-0.00172549560308328,0.01301615441254405,0.58253857760974825,ok
q001005,0.03835600000000000,6000.00000000000000000,-0.00089181485450584,0.01288803421127793,0.57966447485781747,ok
q001006,0.03835600000000000,6005.00000000000000000,-0.00005882855061397,0.01276002073239090,0.57677846252924336,ok
q001007,0.03835600000000000,6010.00000000000000000,0.00077346446455539,0.01263211379823435,0.57388035691095174,ok
q001008,0.03835600000000000,6015.00000000000000000,0.00160506534408128,0.01250431323160289,0.57096996980936121,ok
q001009,0.03835600000000000,6020.00000000000000000,0.00243597523816887,0.01237661885573280,0.56804710839566763,ok
q001010,0.03835600000000000,6025.00000000000000000,0.00326619529415780,0.01224903049430071,0.56511157504421172,ok
q001011,0.03835600000000000,6030.00000000000000000,0.00409572665653330,0.01212154797142196,0.56216316716352821,ok
q001012,0.03835600000000000,6040.00000000000000000,0.00575272786416283,0.01186689973997132,0.55622689155151317,ok
q001013,0.03835600000000000,6045.00000000000000000,0.00658019998419514,0.01174071786651495,0.55326178169586104,ok
q001014,0.03835600000000000,6050.00000000000000000,0.00740698796018936,0.01166960748488279,0.55158375783224256,ok
q001015,0.03835600000000000,6060.00000000000000000,0.00905851599866215,0.01152756285856758,0.54821648981403770,ok
q001016,0.03835600000000000,6070.00000000000000000,0.01070732098884599,0.01138575243619419,0.54483401468816250,ok
q001017,0.03835600000000000,6075.00000000000000000,0.01153070514405137,0.01131493481038617,0.54313697993742738,ok
q001018,0.03835600000000000,6080.00000000000000000,0.01235341189551475,0.01124417544672034,0.54143602888399112,ok
q001019,0.03835600000000000,6090.00000000000000000,0.01399679763924479,0.01110283112290508,0.53802221992981591,ok
q001020,0.03835600000000000,6100.00000000000000000,0.01563748709670472,0.01096171870128388,0.53459226607775390,ok
q001021,0.03835600000000000,6110.00000000000000000,0.01727548910094313,0.01089832998849510,0.53304432233135346,ok
q001022,0.03835600000000000,6120.00000000000000000,0.01891081244167391,0.01087144916603818,0.53238653732371144,ok
q001023,0.03835600000000000,6125.00000000000000000,0.01972747234822978,0.01085802522142182,0.53205774330460842,ok
q001024,0.03835600000000000,6150.00000000000000000,0.02380079773586576,0.01079106944954041,0.53041474536915623,ok
q001025,0.03835600000000000,6175.00000000000000000,0.02785759843148010,0.01087445393505428,0.53246010562299118,ok
q001026,0.03835600000000000,6200.00000000000000000,0.03189800796848502,0.01109676883113594,0.53787531627134344,ok
q001027,0.03835600000000000,6225.00000000000000000,0.03592215826821041,0.01135989665475182,0.54421503425869044,ok
q001028,0.03835600000000000,6250.00000000000000000,0.03993017966574939,0.01187441125238175,0.55640290400359260,ok
q001029,0.03835600000000000,6300.00000000000000000,0.04789834931492615,0.01311440592154273,0.58473306951174930,ok
q001030,0.03835600000000000,6400.00000000000000000,0.06364670628306532,0.01692763031182738,0.66432627222627105,ok
q001031,0.03835600000000000,6500.00000000000000000,0.07915089281903057,0.02242717092092188,0.76466390697341768,ok
q001032,0.03835600000000000,6800.00000000000000000,0.12427132809950014,0.04489343036695011,1.08186915997894095,ok
q001033,0.03835600000000000,7000.00000000000000000,0.15325886497275243,0.06162064638256273,1.26749562755924750,ok
q001034,0.03835600000000000,7200.00000000000000000,0.18142974193944875,0.07879216359196273,1.43325959579281403,ok
q001035,0.04109600000000000,3800.00000000000000000,-0.45775582614796778,0.48096328405112521,3.42102451070155889,ok
q001036,0.04109600000000000,4000.00000000000000000,-0.40646253176041730,0.41020986452928371,3.15939025006744467,ok
q001037,0.04109600000000000,4200.00000000000000000,-0.35767236759098514,0.34046044040248302,2.87828339311581871,ok
q001038,0.04109600000000000,4300.00000000000000000,-0.33414187018079106,0.30785287359858676,2.73698129601232498,ok
q001039,0.04109600000000000,4400.00000000000000000,-0.31115235195609231,0.27745898432089872,2.59836178155609065,ok
q001040,0.04109600000000000,4500.00000000000000000,-0.28867949610403376,0.24913989996195041,2.46219172000055364,ok
q001041,0.04109600000000000,4600.00000000000000000,-0.26670058938525854,0.22265674093575918,2.32765251878227675,ok
q001042,0.04109600000000000,4650.00000000000000000,-0.25588967328104284,0.21003894705194109,2.26073750852231425,ok
q001043,0.04109600000000000,4700.00000000000000000,-0.24519438416429495,0.19780098058422665,2.19388795501606149,ok
q001044,0.04109600000000000,4750.00000000000000000,-0.23461227483375793,0.18593190195841933,2.12704745663384687,ok
q001045,0.04109600000000000,4800.00000000000000000,-0.22414097496646262,0.17442215963161892,2.06016048719659350,ok
q001046,0.04109600000000000,4850.00000000000000000,-0.21377818793091596,0.16326623806336665,1.99318870123697156,ok
q001047,0.04109600000000000,4900.00000000000000000,-0.20352168776372695,0.15246758332000976,1.92614501895051493,ok
q001048,0.04109600000000000,4950.00000000000000000,-0.19336931629970888,0.14203189698932500,1.85905897624026517,ok
q001049,0.04109600000000000,5000.00000000000000000,-0.18331898044620751,0.13196397489640493,1.79195837735506114,ok
q001050,0.04109600000000000,5050.00000000000000000,-0.17336864959303938,0.12226508085793204,1.72485043813048389,ok
q001051,0.04109600000000000,5100.00000000000000000,-0.16351635315002783,0.11292861797415159,1.65768584968463939,ok
q001052,0.04109600000000000,5150.00000000000000000,-0.15376017820466306,0.10394474347341418,1.59038213846405108,ok
q001053,0.04109600000000000,5200.00000000000000000,-0.14409826729292613,0.09530406993715600,1.52284586142045764,ok
q001054,0.04109600000000000,5250.00000000000000000,-0.13452881627677549,0.08700049268591024,1.45499358876258755,ok
q001055,0.04109600000000000,5300.00000000000000000,-0.12505007232223164,0.07904500937283088,1.38687542060431612,ok
q001056,0.04109600000000000,5325.00000000000000000,-0.12034418128481909,0.07525344149638098,1.35320441667648828,ok
q001057,0.04109600000000000,5350.00000000000000000,-0.11566033197239270,0.07147963278514224,1.31883778111015104,ok
q001058,0.04109600000000000,5375.00000000000000000,-0.11099831886658135,0.06788283763984448,1.28522811635628309,ok
q001059,0.04109600000000000,5400.00000000000000000,-0.10635793931007911,0.06432217326684427,1.25106702819765814,ok
q001060,0.04109600000000000,5425.00000000000000000,-0.10173899345378454,0.06091838719389558,1.21751528483309346,ok
q001061,0.04109600000000000,5450.00000000000000000,-0.09714128420515518,0.05758544040407650,1.18374067255202275,ok
q001062,0.04109600000000000,5475.00000000000000000,-0.09256461717774334,0.05437633592488942,1.15028430359412948,ok
q001063,0.04109600000000000,5480.00000000000000000,-0.09165179192038368,0.05375617837518360,1.14370604569534562,ok
q001064,0.04109600000000000,5490.00000000000000000,-0.08982863735886858,0.05251755898282085,1.13045294496719850,ok
q001065,0.04109600000000000,5500.00000000000000000,-0.08800880064188260,0.05128119367612992,1.11706716534042383,ok
q001066,0.04109600000000000,5510.00000000000000000,-0.08619226971548470,0.05004707426587361,1.10354378842853795,ok
q001067,0.04109600000000000,5520.00000000000000000,-0.08437903259130387,0.04883761353360887,1.09012786420116248,ok
q001068,0.04109600000000000,5525.00000000000000000,-0.08347364547649129,0.04826575039774201,1.08372665423950854,ok
q001069,0.04109600000000000,5540.00000000000000000,-0.08076239212111534,0.04655326098788799,1.06432748559389223,ok
q001070,0.04109600000000000,5550.00000000000000000,-0.07895896512196475,0.04541417539436846,1.05122562804666719,ok
q001071,0.04109600000000000,5560.00000000000000000,-0.07715878461781688,0.04427714036108164,1.03798243837080739,ok
q001072,0.04109600000000000,5570.00000000000000000,-0.07536183894111523,0.04314214851853292,1.02459234878024441,ok
q001073,0.04109600000000000,5575.00000000000000000,-0.07446457553412542,0.04258954686529390,1.01800927147438758,ok
q001074,0.04109600000000000,5580.00000000000000000,-0.07356811648708829,0.04206809959733603,1.01175805430788746,ok
q001075,0.04109600000000000,5590.00000000000000000,-0.07177760571330007,0.04102660533797547,0.99915534380812554,ok
q001076,0.04109600000000000,5595.00000000000000000,-0.07088355111641929,0.04050655667709185,0.99280255710326848,ok
q001077,0.04109600000000000,5600.00000000000000000,-0.06999029513920429,0.03998697255281393,0.98641458698418105,ok
q001078,0.04109600000000000,5605.00000000000000000,-0.06909783635618461,0.03946785213598205,0.97999073513851176,ok
q001079,0.04109600000000000,5610.00000000000000000,-0.06820617334570289,0.03894919459965453,0.97353028093379779,ok
q001080,0.04109600000000000,5615.00000000000000000,-0.06731530468990132,0.03843099911909981,0.96703248040586187,ok
q001081,0.04109600000000000,5620.00000000000000000,-0.06642522897470812,0.03791326487178854,0.96049656518756821,ok
q001082,0.04109600000000000,5625.00000000000000000,-0.06553594478982398,0.03739599103738574,0.95392174137358687,ok
q001083,0.04109600000000000,5630.00000000000000000,-0.06464745072870880,0.03687917679774304,0.94730718831643512,ok
q001084,0.04109600000000000,5635.00000000000000000,-0.06375974538856818,0.03640905870637435,0.94124991331635421,ok
q001085,0.04109600000000000,5640.00000000000000000,-0.06287282737034028,0.03593940894421935,0.93515949740168713,ok
q001086,0.04109600000000000,5645.00000000000000000,-0.06198669527868246,0.03547017535381769,0.92903460573979735,ok
q001087,0.04109600000000000,5650.00000000000000000,-0.06110134772195822,0.03500135719825598,0.92287454219471632,ok
q001088,0.04109600000000000,5655.00000000000000000,-0.06021678331222401,0.03453295374257639,0.91667858794872537,ok
q001089,0.04109600000000000,5660.00000000000000000,-0.05933300066521633,0.03406496425376975,0.91044600045432567,ok
q001090,0.04109600000000000,5670.00000000000000000,-0.05756777514064718,0.03313022425444007,0.89786783014743732,ok
q001091,0.04109600000000000,5675.00000000000000000,-0.05668632951284151,0.03266347228758001,0.89152063324805242,ok
q001092,0.04109600000000000,5680.00000000000000000,-0.05580566014724789,0.03219713137490509,0.88513357234497747,ok
q001093,0.04109600000000000,5685.00000000000000000,-0.05492576567780851,0.03173120079304660,0.87870576814270540,ok
q001094,0.04109600000000000,5690.00000000000000000,-0.05404664474206831,0.03129294953199611,0.87261660618276582,ok
q001095,0.04109600000000000,5695.00000000000000000,-0.05316829598116240,0.03087585638777388,0.86678169220465162,ok
q001096,0.04109600000000000,5700.00000000000000000,-0.05229071803980339,0.03045912927531803,0.86091240509451405,ok
q001097,0.04109600000000000,5705.00000000000000000,-0.05141390956626889,0.03004276755274896,0.85500802784551921,ok
q001098,0.04109600000000000,5710.00000000000000000,-0.05053786921238899,0.02962677057987402,0.84906781923894037,ok
q001099,0.04109600000000000,5715.00000000000000000,-0.04966259563353386,0.02921113771818158,0.84309101268439779,ok
q001100,0.04109600000000000,5720.00000000000000000,-0.04878808748860131,0.02879586833083519,0.83707681498777142,ok
q001101,0.04109600000000000,5725.00000000000000000,-0.04791434344000448,0.02838096178266765,0.83102440504120056,ok
q001102,0.04109600000000000,5730.00000000000000000,-0.04704136215365963,0.02796641744017527,0.82493293242906529,ok
q001103,0.04109600000000000,5735.00000000000000000,-0.04616914229897381,0.02755223467151200,0.81880151594327100,ok
q001104,0.04109600000000000,5740.00000000000000000,-0.04529768254883276,0.02713841284648369,0.81262924200052211,ok
q001105,0.04109600000000000,5745.00000000000000000,-0.04442698157958880,0.02672595810151769,0.80643035218413572,ok
q001106,0.04109600000000000,5750.00000000000000000,-0.04355703807104874,0.02636301005819929,0.80093582811253616,ok
q001107,0.04109600000000000,5760.00000000000000000,-0.04181941817250792,0.02563805983325322,0.78984668912499445,ok
q001108,0.04109600000000000,5765.00000000000000000,-0.04095173915928544,0.02527605655719449,0.78425064196820871,ok
q001109,0.04109600000000000,5770.00000000000000000,-0.04008481236029959,0.02491436711149676,0.77861927991271818,ok
q001110,0.04109600000000000,5775.00000000000000000,-0.03921863647245066,0.02455299095249544,0.77295182253833639,ok
q001111,0.04109600000000000,5780.00000000000000000,-0.03835321019602179,0.02419192753793728,0.76724746136651489,ok
q001112,0.04109600000000000,5785.00000000000000000,-0.03748853223466798,0.02383117632697581,0.76150535842849820,ok
q001113,0.04109600000000000,5790.00000000000000000,-0.03662460129540401,0.02347073678016627,0.75572464473824241,ok
q001114,0.04109600000000000,5800.00000000000000000,-0.03489897532793421,0.02275079052820372,0.74404374417774777,ok
q001115,0.04109600000000000,5805.00000000000000000,-0.03403727773045304,0.02240985654761102,0.73844773354543369,ok
q001116,0.04109600000000000,5810.00000000000000000,-0.03317632201648800,0.02210289043455854,0.73337273357146349,ok
q001117,0.04109600000000000,5815.00000000000000000,-0.03231610690968011,0.02179618837841007,0.72826678002041534,ok
q001118,0.04109600000000000,5820.00000000000000000,-0.03145663113696139,0.02148974992526454,0.72312920957402949,ok
q001119,0.04109600000000000,5825.00000000000000000,-0.03059789342854358,0.02118357462239023,0.71795933582843530,ok
q001120,0.04109600000000000,5830.00000000000000000,-0.02973989251790683,0.02087766201822073,0.71275644815417805,ok
q001121,0.04109600000000000,5835.00000000000000000,-0.02888262714178853,0.02057201166235098,0.70751981048292056,ok
q001122,0.04109600000000000,5840.00000000000000000,-0.02802609604017214,0.02026662310553327,0.70224866001497521,ok
q001123,0.04109600000000000,5845.00000000000000000,-0.02717029795627609,0.01996149589967329,0.69694220584125999,ok
q001124,0.04109600000000000,5850.00000000000000000,-0.02631523163654269,0.01965662959782618,0.69159962747265691,ok
q001125,0.04109600000000000,5860.00000000000000000,-0.02460728929138656,0.01904767792411487,0.68080265875957136,ok
q001126,0.04109600000000000,5870.00000000000000000,-0.02290225904030272,0.01852510632227779,0.67139882715496746,ok
q001127,0.04109600000000000,5875.00000000000000000,-0.02205083285008513,0.01827575674087822,0.66686497494194219,ok
q001128,0.04109600000000000,5880.00000000000000000,-0.02120013096977224,0.01802661928164920,0.66230398317486172,ok
q001129,0.04109600000000000,5885.00000000000000000,-0.02035015216806785,0.01777769358399203,0.65771528057772233,ok
q001130,0.04109600000000000,5890.00000000000000000,-0.01950089521681255,0.01752897928822663,0.65309827635705675,ok
q001131,0.04109600000000000,5900.00000000000000000,-0.01780454196863411,0.01703218346822607,0.64377689654904591,ok
q001132,0.04109600000000000,5910.00000000000000000,-0.01611106146230104,0.01653622896246372,0.63433468958057782,ok
q001133,0.04109600000000000,5915.00000000000000000,-0.01526539544995776,0.01628856631289482,0.62956656254094601,ok
q001134,0.04109600000000000,5920.00000000000000000,-0.01442044398439355,0.01604111292625710,0.62476612182883073,ok
q001135,0.04109600000000000,5925.00000000000000000,-0.01357620585911297,0.01583132797810373,0.62066734530340906,ok
q001136,0.04109600000000000,5930.00000000000000000,-0.01273267987067377,0.01564019726541433,0.61690932768608631,ok
q001137,0.04109600000000000,5935.00000000000000000,-0.01188986481867649,0.01544922764057603,0.61313147320957262,ok
q001138,0.04109600000000000,5940.00000000000000000,-0.01104775950575428,0.01525841883228292,0.60933340749243936,ok
q001139,0.04109600000000000,5945.00000000000000000,-0.01020636273756268,0.01506777056991393,0.60551474477474343,ok
q001140,0.04109600000000000,5950.00000000000000000,-0.00936567332276944,0.01487728258353052,0.60167508742799081,ok
q001141,0.04109600000000000,5970.00000000000000000,-0.00600996547579709,0.01411692802284178,0.58609811396484812,ok
q001142,0.04109600000000000,5975.00000000000000000,-0.00517279506273344,0.01392723739103635,0.58214706572137032,ok
q001143,0.04109600000000000,5980.00000000000000000,-0.00433632491776743,0.01373770542979046,0.57817235668628297,ok
q001144,0.04109600000000000,5985.00000000000000000,-0.00350055387037132,0.01358507493570589,0.57495154165440410,ok
q001145,0.04109600000000000,5990.00000000000000000,-0.00266548075294981,0.01345269592608784,0.57214339223074784,ok
q001146,0.04109600000000000,5995.00000000000000000,-0.00183110440083022,0.01332042737039135,0.56932375235955401,ok
q001147,0.04109600000000000,6000.00000000000000000,-0.00099742365225289,0.01318826908444979,0.56649244650901243,ok
q001148,0.04109600000000000,6005.00000000000000000,-0.00016443734836102,0.01305622088455672,0.56364929491319316,ok
q001149,0.04109600000000000,6010.00000000000000000,0.00066785566680833,0.01292428258746444,0.56079411342743912,ok
q001150,0.04109600000000000,6015.00000000000000000,0.00149945654633432,0.01279245401038239,0.55792671337735578,ok
q001151,0.04109600000000000,6020.00000000000000000,0.00233036644042180,0.01266073497097566,0.55504690140105017,ok
q001152,0.04109600000000000,6025.00000000000000000,0.00316058649641083,0.01252912528736350,0.55215447928424988,ok
q001153,0.04109600000000000,6030.00000000000000000,0.00399011785878621,0.01239762477811775,0.54924924378790041,ok
q001154,0.04109600000000000,6040.00000000000000000,0.00564711906641573,0.01213495055926706,0.54339949348596783,ok
q001155,0.04109600000000000,6045.00000000000000000,0.00647459118644815,0.01203265383393327,0.54110423750166092,ok
q001156,0.04109600000000000,6050.00000000000000000,0.00730137916244225,0.01195926043752236,0.53945147569111818,ok
q001157,0.04109600000000000,6055.00000000000000000,0.00812748412474774,0.01188592767176388,0.53779500625269649,ok
q001158,0.04109600000000000,6060.00000000000000000,0.00895290720091525,0.01181265543656594,0.53613479254915841,ok
q001159,0.04109600000000000,6070.00000000000000000,0.01060171219109907,0.01166629215872154,0.53280298314809305,ok
q001160,0.04109600000000000,6075.00000000000000000,0.01142509634630434,0.01159320091712628,0.53113131149351323,ok
q001161,0.04109600000000000,6080.00000000000000000,0.01224780309776783,0.01152016980819235,0.52945574363710701,ok
q001162,0.04109600000000000,6090.00000000000000000,0.01389118884149785,0.01137428759310500,0.52609276118314541,ok
q001163,0.04109600000000000,6100.00000000000000000,0.01553187829895777,0.01122864472548375,0.52271371358941243,ok
q001164,0.04109600000000000,6110.00000000000000000,0.01716988030319617,0.01115527782000569,0.52100323393284775,ok
q001165,0.04109600000000000,6120.00000000000000000,0.01880520364392694,0.01112695016554777,0.52034129698511811,ok
q001166,0.04109600000000000,6125.00000000000000000,0.01962186355048291,0.01111280369122899,0.52001041854083185,ok
q001167,0.04109600000000000,6150.00000000000000000,0.02369518893811876,0.01104224409533646,0.51835691352852065,ok
q001168,0.04109600000000000,6175.00000000000000000,0.02775198963373296,0.01108030675975107,0.51924953426433862,ok
q001169,0.04109600000000000,6200.00000000000000000,0.03179239917073796,0.01130421597973984,0.52446975317070876,ok
q001170,0.04109600000000000,6225.00000000000000000,0.03581654947046342,0.01152722415415302,0.52961782425092541,ok
q001171,0.04109600000000000,6250.00000000000000000,0.03982457086800226,0.01200174043803681,0.54040870818425069,ok
q001172,0.04109600000000000,6300.00000000000000000,0.04779274051717919,0.01312128184415608,0.56505192102260426,ok
q001173,0.04109600000000000,6400.00000000000000000,0.06354109748531823,0.01679974528900090,0.63936899511819989,ok
q001174,0.04109600000000000,6500.00000000000000000,0.07904528402128358,0.02206184642165376,0.73269149808225875,ok
q001175,0.04109600000000000,7000.00000000000000000,0.15315325617500550,0.05899486031594697,1.19813929612572534,ok
q001176,0.04383600000000000,3800.00000000000000000,-0.45800762189614691,0.47750781761348432,3.30046235777725228,ok
q001177,0.04383600000000000,4000.00000000000000000,-0.40671432750859632,0.40011389133163283,3.02117829335144039,ok
q001178,0.04383600000000000,4200.00000000000000000,-0.35792416333916427,0.33248359732520338,2.75403625570159249,ok
q001179,0.04383600000000000,4300.00000000000000000,-0.33439366592897019,0.30209936268854781,2.62518216701149321,ok
q001180,0.04383600000000000,4400.00000000000000000,-0.31140414770427149,0.27323213072526070,2.49660838798406370,ok
q001181,0.04383600000000000,4500.00000000000000000,-0.28893129185221278,0.24579006101180623,2.36791822182706690,ok
q001182,0.04383600000000000,4600.00000000000000000,-0.26695238513343761,0.21969825625948783,2.23871003425447279,ok
q001183,0.04383600000000000,4700.00000000000000000,-0.24544617991247403,0.19495436181249673,2.10887587697089662,ok
q001184,0.04383600000000000,4800.00000000000000000,-0.22439277071464173,0.17171288990923375,1.97918317137441035,ok
q001185,0.04383600000000000,4900.00000000000000000,-0.20377348351190597,0.15011008684585669,1.85050165983515580,ok
q001186,0.04383600000000000,5000.00000000000000000,-0.18357077619438655,0.13010106415214656,1.72276073695855159,ok
q001187,0.04383600000000000,5050.00000000000000000,-0.17362044534121848,0.12066396324087737,1.65910294315481677,ok
q001188,0.04383600000000000,5100.00000000000000000,-0.16376814889820687,0.11157992457481809,1.59542933317615554,ok
q001189,0.04383600000000000,5150.00000000000000000,-0.15401197395284222,0.10282573067673387,1.53156503494391272,ok
q001190,0.04383600000000000,5200.00000000000000000,-0.14435006304110520,0.09437958533973974,1.46731573005867100,ok
q001191,0.04383600000000000,5250.00000000000000000,-0.13478061202495453,0.08622557885947632,1.40249912885837369,ok
q001192,0.04383600000000000,5275.00000000000000000,-0.13003000926635677,0.08229507222983104,1.37016054114794206,ok
q001193,0.04383600000000000,5300.00000000000000000,-0.12530186807041077,0.07838314962528765,1.33719854731908416,ok
q001194,0.04383600000000000,5325.00000000000000000,-0.12059597703299818,0.07464113820087635,1.30488929272444865,ok
q001195,0.04383600000000000,5350.00000000000000000,-0.11591212772057176,0.07091825168893258,1.27193099688219813,ok
q001196,0.04383600000000000,5375.00000000000000000,-0.11125011461476039,0.06736428304633646,1.23965086236801780,ok
q001197,0.04383600000000000,5400.00000000000000000,-0.10660973505825826,0.06385621737482099,1.20694126314207728,ok
q001198,0.04383600000000000,5425.00000000000000000,-0.10199078920196365,0.06050213202321578,1.17481607500600771,ok
q001199,0.04383600000000000,5450.00000000000000000,-0.09739307995333427,0.05723335596379178,1.14263927322210868,ok
q001200,0.04383600000000000,5475.00000000000000000,-0.09281641292592240,0.05408232393145908,1.11073949215916068,ok
q001201,0.04383600000000000,5480.00000000000000000,-0.09190358766856280,0.05347732899171222,1.10450934497659192,ok
q001202,0.04383600000000000,5490.00000000000000000,-0.09008043310704765,0.05226899335989202,1.09195969602029330,ok
q001203,0.04383600000000000,5500.00000000000000000,-0.08826059639006163,0.05106285670222903,1.07928736951002646,ok
q001204,0.04383600000000000,5510.00000000000000000,-0.08644406546366383,0.04985891102970980,1.06648790693859619,ok
q001205,0.04383600000000000,5520.00000000000000000,-0.08463082833948296,0.04866766493816284,1.05367043802351223,ok
q001206,0.04383600000000000,5525.00000000000000000,-0.08372544122467042,0.04811134551202865,1.04763088256388048,ok
q001207,0.04383600000000000,5530.00000000000000000,-0.08282087309424355,0.04755552931475203,1.04156181767879485,ok
q001208,0.04383600000000000,5540.00000000000000000,-0.08101418786929449,0.04644540297088763,1.02933302891563505,ok
q001209,0.04383600000000000,5550.00000000000000000,-0.07921076087014374,0.04533727865938782,1.01697965552444147,ok
q001210,0.04383600000000000,5560.00000000000000000,-0.07741058036599595,0.04423114917220949,1.00449701921720003,ok
q001211,0.04383600000000000,5570.00000000000000000,-0.07561363468929426,0.04312700734016676,0.99188015731130430,ok
q001212,0.04383600000000000,5575.00000000000000000,-0.07471637128230450,0.04257718239570348,0.98553715032543654,ok
q001213,0.04383600000000000,5580.00000000000000000,-0.07381991223526731,0.04206966320683066,0.97964574948300720,ok
q001214,0.04383600000000000,5590.00000000000000000,-0.07202940146147915,0.04105598770365591,0.96777142156674167,ok
q001215,0.04383600000000000,5595.00000000000000000,-0.07113534686459831,0.04054982976446548,0.96178734523101106,ok
q001216,0.04383600000000000,5600.00000000000000000,-0.07024209088738335,0.04004412395390979,0.95577119886819772,ok
q001217,0.04383600000000000,5605.00000000000000000,-0.06934963210436371,0.03953886946497635,0.94972236333036197,ok
q001218,0.04383600000000000,5610.00000000000000000,-0.06845796909388203,0.03903406549281144,0.94364020026571560,ok
q001219,0.04383600000000000,5615.00000000000000000,-0.06756710043808040,0.03852971123471235,0.93752405127420158,ok
q001220,0.04383600000000000,5620.00000000000000000,-0.06667702472288722,0.03802580589011999,0.93137323701480135,ok
q001221,0.04383600000000000,5625.00000000000000000,-0.06578774053800314,0.03752234866061081,0.92518705626114051,ok
q001222,0.04383600000000000,5630.00000000000000000,-0.06489924647688788,0.03701933874988946,0.91896478490170630,ok
q001223,0.04383600000000000,5635.00000000000000000,-0.06401154113674730,0.03654747803293974,0.91308928778680909,ok
q001224,0.04383600000000000,5640.00000000000000000,-0.06312462311851944,0.03608824861720645,0.90733454033796235,ok
q001225,0.04383600000000000,5645.00000000000000000,-0.06223849102686155,0.03562942613942247,0.90154820830631177,ok
q001226,0.04383600000000000,5650.00000000000000000,-0.06135314347013734,0.03517100987902477,0.89572967041590235,ok
q001227,0.04383600000000000,5655.00000000000000000,-0.06046857906040318,0.03471299911736234,0.88987828571406247,ok
q001228,0.04383600000000000,5660.00000000000000000,-0.05958479641339531,0.03425539313768951,0.88399339268783950,ok
q001229,0.04383600000000000,5665.00000000000000000,-0.05870179414851728,0.03379819122515950,0.87807430832883127,ok
q001230,0.04383600000000000,5670.00000000000000000,-0.05781957088882625,0.03334139266681728,0.87212032714267718,ok
q001231,0.04383600000000000,5675.00000000000000000,-0.05693812526102050,0.03288499675159313,0.86613072009916936,ok
q001232,0.04383600000000000,5680.00000000000000000,-0.05605745589542693,0.03242900277029616,0.86010473351856731,ok
q001233,0.04383600000000000,5685.00000000000000000,-0.05517756142598759,0.03197341001560734,0.85404158788931139,ok
q001234,0.04383600000000000,5690.00000000000000000,-0.05429844049024743,0.03153061236995180,0.84810718717551681,ok
q001235,0.04383600000000000,5695.00000000000000000,-0.05342009172934144,0.03111989344160170,0.84256534308527775,ok
q001236,0.04383600000000000,5700.00000000000000000,-0.05254251378798247,0.03070953495114642,0.83699171812843276,ok
q001237,0.04383600000000000,5705.00000000000000000,-0.05166570531444802,0.03029953626651584,0.83138566445502038,ok
q001238,0.04383600000000000,5710.00000000000000000,-0.05078966496056805,0.02988989675730096,0.82574651287457612,ok
q001239,0.04383600000000000,5720.00000000000000000,-0.04903988323678044,0.02907169275175384,0.81436612648595574,ok
q001240,0.04383600000000000,5725.00000000000000000,-0.04816613918818354,0.02866312700285719,0.80862343731422670,ok
q001241,0.04383600000000000,5730.00000000000000000,-0.04729315790183873,0.02825491792423630,0.80284473919275468,ok
q001242,0.04383600000000000,5735.00000000000000000,-0.04642093804715295,0.02784706489370124,0.79702923999121722,ok
q001243,0.04383600000000000,5740.00000000000000000,-0.04554947829701184,0.02743956729068873,0.79117611925024922,ok
q001244,0.04383600000000000,5745.00000000000000000,-0.04467877732776792,0.02703242449625660,0.78528452674346594,ok
q001245,0.04383600000000000,5750.00000000000000000,-0.04380883381922789,0.02666025841076886,0.77986013066748694,ok
q001246,0.04383600000000000,5755.00000000000000000,-0.04293964645464091,0.02630116912234666,0.77459032442287812,ok
q001247,0.04383600000000000,5760.00000000000000000,-0.04207121392068704,0.02594239167876478,0.76928904312523694,ok
q001248,0.04383600000000000,5765.00000000000000000,-0.04120353490746460,0.02558392553886066,0.76395562345502499,ok
q001249,0.04383600000000000,5770.00000000000000000,-0.04033660810847868,0.02522577016287918,0.75858937943035021,ok
q001250,0.04383600000000000,5775.00000000000000000,-0.03947043222062967,0.02486792501246795,0.75318960130858770,ok
q001251,0.04383600000000000,5780.00000000000000000,-0.03860500594420084,0.02451038955067212,0.74775555441867325,ok
q001252,0.04383600000000000,5785.00000000000000000,-0.03774032798284709,0.02415316324192978,0.74228647791865998,ok
q001253,0.04383600000000000,5790.00000000000000000,-0.03687639704358302,0.02379624555206705,0.73678158347259826,ok
q001254,0.04383600000000000,5795.00000000000000000,-0.03601321183677191,0.02343963594829345,0.73124005384025659,ok
q001255,0.04383600000000000,5800.00000000000000000,-0.03515077107611332,0.02308333389919687,0.72566104137254928,ok
q001256,0.04383600000000000,5805.00000000000000000,-0.03428907347863207,0.02273054328432849,0.72009442539427126,ok
q001257,0.04383600000000000,5810.00000000000000000,-0.03342811776466707,0.02242560550743397,0.71524796351783193,ok
q001258,0.04383600000000000,5815.00000000000000000,-0.03256790265785922,0.02212093004263795,0.71037264945329492,ok
q001259,0.04383600000000000,5820.00000000000000000,-0.03170842688514044,0.02181651643903856,0.70546787773963182,ok
q001260,0.04383600000000000,5825.00000000000000000,-0.03084968917672266,0.02151236424689566,0.70053302231250880,ok
q001261,0.04383600000000000,5830.00000000000000000,-0.02999168826608595,0.02120847301762661,0.69556743550974642,ok
q001262,0.04383600000000000,5835.00000000000000000,-0.02913442288996758,0.02090484230380244,0.69057044701427694,ok
q001263,0.04383600000000000,5840.00000000000000000,-0.02827789178835123,0.02060147165914403,0.68554136272972122,ok
q001264,0.04383600000000000,5845.00000000000000000,-0.02742209370445522,0.02029836063851789,0.68047946358325995,ok
q001265,0.04383600000000000,5850.00000000000000000,-0.02656702738472175,0.01999550879793239,0.67538400424998368,ok
q001266,0.04383600000000000,5855.00000000000000000,-0.02571269157880625,0.01969291569453397,0.67025421179233002,ok
q001267,0.04383600000000000,5860.00000000000000000,-0.02485908503956570,0.01939058088660305,0.66508928420759217,ok
q001268,0.04383600000000000,5865.00000000000000000,-0.02400620652304809,0.01910348315148000,0.66014725341560787,ok
q001269,0.04383600000000000,5870.00000000000000000,-0.02315405478848183,0.01885570090865252,0.65585205133238311,ok
q001270,0.04383600000000000,5875.00000000000000000,-0.02230262859826428,0.01860812963412882,0.65153222710310954,ok
q001271,0.04383600000000000,5880.00000000000000000,-0.02145192671795143,0.01836076896896658,0.64718728136065828,ok
q001272,0.04383600000000000,5885.00000000000000000,-0.02060194791624686,0.01811361855513873,0.64281669834616162,ok
q001273,0.04383600000000000,5890.00000000000000000,-0.01975269096499160,0.01786667803553050,0.63841994514606826,ok
q001274,0.04383600000000000,5900.00000000000000000,-0.01805633771681313,0.01737342525505558,0.62954570585680469,ok
q001275,0.04383600000000000,5905.00000000000000000,-0.01720923897916130,0.01712711228449227,0.62506706063246908,ok
q001276,0.04383600000000000,5910.00000000000000000,-0.01636285721048013,0.01688100778874909,0.62055992507001956,ok
q001277,0.04383600000000000,5915.00000000000000000,-0.01551719119813679,0.01663511141522582,0.61602366729266234,ok
q001278,0.04383600000000000,5920.00000000000000000,-0.01467223973257261,0.01638942281221615,0.61145763258778774,ok
q001279,0.04383600000000000,5925.00000000000000000,-0.01382800160729208,0.01616483799305609,0.60725376910449569,ok
q001280,0.04383600000000000,5930.00000000000000000,-0.01298447561885280,0.01597580485365161,0.60369268616690086,ok
q001281,0.04383600000000000,5935.00000000000000000,-0.01214166056685556,0.01578693103423182,0.60011350012022679,ok
q001282,0.04383600000000000,5940.00000000000000000,-0.01129955525393339,0.01559821626646824,0.59651587996955280,ok
q001283,0.04383600000000000,5950.00000000000000000,-0.00961746907094852,0.01522126281598020,0.58926396437367168,ok
q001284,0.04383600000000000,5960.00000000000000000,-0.00793820755122848,0.01484494236906529,0.58193408959310977,ok
q001285,0.04383600000000000,5965.00000000000000000,-0.00709963307860747,0.01465701885828254,0.57823897918749501,ok
q001286,0.04383600000000000,5970.00000000000000000,-0.00626176122397622,0.01446925280332952,0.57452322964586677,ok
q001287,0.04383600000000000,5975.00000000000000000,-0.00542459081091261,0.01428164394057146,0.57078643262538176,ok
q001288,0.04383600000000000,5980.00000000000000000,-0.00458812066594653,0.01409419200703517,0.56702816671859324,ok
q001289,0.04383600000000000,5985.00000000000000000,-0.00375234961855046,0.01392636765421889,0.56364215802461792,ok
q001290,0.04383600000000000,5990.00000000000000000,-0.00291727650112899,0.01379567519832119,0.56099116458255671,ok
q001291,0.04383600000000000,5995.00000000000000000,-0.00208290014900933,0.01366509178912441,0.55832981183422070,ok
q001292,0.04383600000000000,6000.00000000000000000,-0.00124921940043193,0.01353461724480829,0.55565794719803940,ok
q001293,0.04383600000000000,6005.00000000000000000,-0.00041623309654010,0.01340425138400688,0.55297541455911703,ok
q001294,0.04383600000000000,6010.00000000000000000,0.00041605991862921,0.01327399402580710,0.55028205415337428,ok
q001295,0.04383600000000000,6015.00000000000000000,0.00124766079815528,0.01314384498974719,0.54757770244676773,ok
q001296,0.04383600000000000,6020.00000000000000000,0.00207857069224282,0.01301380409581528,0.54486219200933150,ok
q001297,0.04383600000000000,6025.00000000000000000,0.00290879074823170,0.01288387116444785,0.54213535138376512,ok
q001298,0.04383600000000000,6030.00000000000000000,0.00373832211060716,0.01275404601652815,0.53939700494827558,ok
q001299,0.04383600000000000,6040.00000000000000000,0.00539532331823659,0.01249471835679073,0.53388507047227818,ok
q001300,0.04383600000000000,6045.00000000000000000,0.00622279543826909,0.01237628436412580,0.53134877120009327,ok
q001301,0.04383600000000000,6050.00000000000000000,0.00704958341426326,0.01230331404407084,0.52978004473085605,ok
q001302,0.04383600000000000,6055.00000000000000000,0.00787568837656859,0.01223040400516283,0.52820796102088308,ok
q001303,0.04383600000000000,6060.00000000000000000,0.00870111145273618,0.01215755414788681,0.52663248784908534,ok
q001304,0.04383600000000000,6070.00000000000000000,0.01034991644291992,0.01201203458140152,0.52347124199375727,ok
q001305,0.04383600000000000,6075.00000000000000000,0.01117330059812525,0.01193936467439027,0.52188540259932581,ok
q001306,0.04383600000000000,6090.00000000000000000,0.01363939309331876,0.01172171327659022,0.51710660833026112,ok
q001307,0.04383600000000000,6100.00000000000000000,0.01528008255077860,0.01157690996752215,0.51390266373561044,ok
q001308,0.04383600000000000,6120.00000000000000000,0.01855340789574783,0.01145280485893629,0.51114070937195699,ok
q001309,0.04383600000000000,6125.00000000000000000,0.01937006780230366,0.01143699501204834,0.51078778940074709,ok
q001310,0.04383600000000000,6150.00000000000000000,0.02344339318993963,0.01135813886864471,0.50902384597363848,ok
q001311,0.04383600000000000,6175.00000000000000000,0.02750019388555396,0.01136548535180761,0.50918843854759122,ok
q001312,0.04383600000000000,6200.00000000000000000,0.03154060342255888,0.01156765625788555,0.51369723514009868,ok
q001313,0.04383600000000000,6225.00000000000000000,0.03556475372228447,0.01176901359674887,0.51814889123777985,ok
q001314,0.04383600000000000,6250.00000000000000000,0.03957277511982323,0.01219250016173818,0.52738882830754974,ok
q001315,0.04383600000000000,6300.00000000000000000,0.04754094476899998,0.01321951717612155,0.54915170660191925,ok
q001316,0.04383600000000000,6400.00000000000000000,0.06328930173713933,0.01666265876164852,0.61653351653118427,ok
q001317,0.04383600000000000,6500.00000000000000000,0.07879348827310455,0.02159476798912244,0.70187344605094637,ok
q001318,0.04383600000000000,6600.00000000000000000,0.09406096040389295,0.02769969974414125,0.79491752486773626,ok
q001319,0.04383600000000000,7000.00000000000000000,0.15290146042682648,0.05545337000508081,1.12473060522297086,ok
q001320,0.04931500000000000,3600.00000000000000000,-0.51243670067912106,0.51139016128384862,3.22022832278297733,ok
q001321,0.04931500000000000,3700.00000000000000000,-0.48503772649100657,0.47575287142437289,3.10599813309761963,ok
q001322,0.04931500000000000,3750.00000000000000000,-0.47161470615886597,0.45774218938005934,3.04663868672330507,ok
q001323,0.04931500000000000,3800.00000000000000000,-0.45836947940884526,0.43967620125511481,2.98591170098881031,ok
q001324,0.04931500000000000,3850.00000000000000000,-0.44529739784149258,0.42170824111472893,2.92426364700797592,ok
q001325,0.04931500000000000,3900.00000000000000000,-0.43239399300558462,0.40401207920613058,2.86225060749793325,ok
q001326,0.04931500000000000,3950.00000000000000000,-0.41965496722815476,0.38670206887606973,2.80026240016997940,ok
q001327,0.04931500000000000,4000.00000000000000000,-0.40707618502129472,0.36982988283656248,2.73849202947342096,ok
q001328,0.04931500000000000,4050.00000000000000000,-0.39465366502273752,0.35343293860286135,2.67709628931918564,ok
q001329,0.04931500000000000,4100.00000000000000000,-0.38238357243092325,0.33753460839999466,2.61619213507734738,ok
q001330,0.04931500000000000,4150.00000000000000000,-0.37026221189857839,0.32211892560819982,2.55575136966302319,ok
q001331,0.04931500000000000,4200.00000000000000000,-0.35828602085186279,0.30717335716916400,2.49575674436507944,ok
q001332,0.04931500000000000,4250.00000000000000000,-0.34645156320485987,0.29268444468637173,2.43618520876714761,ok
q001333,0.04931500000000000,4275.00000000000000000,-0.34058644375246183,0.28559820748873860,2.40651304352740159,ok
q001334,0.04931500000000000,4280.00000000000000000,-0.33941753654747997,0.28420292424920757,2.40062736506585361,ok
q001335,0.04931500000000000,4290.00000000000000000,-0.33708381320125969,0.28141724112842142,2.38883323071442044,ok
q001336,0.04931500000000000,4300.00000000000000000,-0.33475552344166865,0.27863804388805585,2.37700824185624082,ok
q001337,0.04931500000000000,4310.00000000000000000,-0.33243264202552891,0.27586530239622109,2.36515180653492330,ok
q001338,0.04931500000000000,4320.00000000000000000,-0.33011514388516644,0.27313409975219166,2.35341459814312204,ok
q001339,0.04931500000000000,4325.00000000000000000,-0.32895840575734281,0.27177719179127124,2.34756153368580955,ok
q001340,0.04931500000000000,4330.00000000000000000,-0.32780300412678681,0.27042185160419568,2.34170062756603770,ok
q001341,0.04931500000000000,4340.00000000000000000,-0.32549619802887192,0.26771586008954767,2.32995499062322597,ok
q001342,0.04931500000000000,4350.00000000000000000,-0.32319470104059261,0.26501609640897605,2.31817708001951672,ok
q001343,0.04931500000000000,4360.00000000000000000,-0.32089848878024246,0.26232880408809650,2.30639384800974723,ok
q001344,0.04931500000000000,4370.00000000000000000,-0.31860753703368655,0.25968722569052488,2.29475209293123106,ok
q001345,0.04931500000000000,4375.00000000000000000,-0.31746402633160758,0.25836870242937598,2.28891904819577885,ok
q001346,0.04931500000000000,4380.00000000000000000,-0.31632182175283063,0.25705168519169713,2.28307778869366240,ok
q001347,0.04931500000000000,4390.00000000000000000,-0.31404131905410532,0.25442215505270011,2.27137031048455595,ok
q001348,0.04931500000000000,4400.00000000000000000,-0.31176600521696990,0.25179860792260084,2.25962901994297383,ok
q001349,0.04931500000000000,4410.00000000000000000,-0.30949585668243068,0.24920253105240994,2.24795030300622178,ok
q001350,0.04931500000000000,4420.00000000000000000,-0.30723085005157863,0.24663476173279320,2.23633893603369138,ok
q001351,0.04931500000000000,4425.00000000000000000,-0.30610026768129245,0.24535305479022751,2.23052048458766983,ok
q001352,0.04931500000000000,4430.00000000000000000,-0.30497096208414104,0.24407279528664008,2.22469341222489314,ok
q001353,0.04931500000000000,4440.00000000000000000,-0.30271616969705201,0.24151660554537888,2.21301307245893897,ok
q001354,0.04931500000000000,4450.00000000000000000,-0.30046644996303651,0.23896616651705327,2.20129724280761341,ok
q001355,0.04931500000000000,4460.00000000000000000,-0.29822178010921269,0.23645521851841930,2.18970158582103647,ok
q001356,0.04931500000000000,4470.00000000000000000,-0.29598213751570784,0.23395873160248817,2.17811151177589490,ok
q001357,0.04931500000000000,4475.00000000000000000,-0.29486419441436668,0.23271258173315293,2.17230305724279571,ok
q001358,0.04931500000000000,4480.00000000000000000,-0.29374749971429159,0.23146782343291700,2.16648554235893043,ok
q001359,0.04931500000000000,4490.00000000000000000,-0.29151784438702238,0.22898246913232168,2.15482297951529667,ok
q001360,0.04931500000000000,4500.00000000000000000,-0.28929314936491135,0.22650461106215439,2.14313241493613793,ok
q001361,0.04931500000000000,4510.00000000000000000,-0.28707339262659837,0.22407361250490532,2.13160062651573856,ok
q001362,0.04931500000000000,4520.00000000000000000,-0.28485855229704560,0.22164799822350800,2.12003186185383408,ok
q001363,0.04931500000000000,4525.00000000000000000,-0.28375296898929586,0.22043720274323350,2.11423338813190309,ok
q001364,0.04931500000000000,4530.00000000000000000,-0.28264860664624269,0.21922774442002874,2.10842539785489036,ok
q001365,0.04931500000000000,4540.00000000000000000,-0.28044353408792877,0.21681282745396305,2.09678049416649337,ok
q001366,0.04931500000000000,4550.00000000000000000,-0.27824331317832629,0.21441426426923987,2.08515007659379004,ok
q001367,0.04931500000000000,4560.00000000000000000,-0.27604792261489070,0.21205445964548206,2.07364393802285107,ok
q001368,0.04931500000000000,4570.00000000000000000,-0.27385734123507199,0.20969982436786458,2.06209901422715935,ok
q001369,0.04931500000000000,4575.00000000000000000,-0.27276384741370074,0.20852443816611085,2.05631176896191104,ok
q001370,0.04931500000000000,4580.00000000000000000,-0.27167154801509180,0.20735033583812620,2.05051453835593378,ok
q001371,0.04931500000000000,4590.00000000000000000,-0.26949052206873153,0.20500597160586748,2.03888972459310658,ok
q001372,0.04931500000000000,4600.00000000000000000,-0.26731424264613607,0.20268495544400092,2.02731502084263582,ok
q001373,0.04931500000000000,4610.00000000000000000,-0.26514268913262817,0.20039644322187591,2.01583734140416482,ok
q001374,0.04931500000000000,4620.00000000000000000,-0.26297584104753791,0.19811288986002171,2.00431902028367404,ok
q001375,0.04931500000000000,4625.00000000000000000,-0.26189417517679681,0.19697296604508990,1.99854436557303905,ok
q001376,0.04931500000000000,4630.00000000000000000,-0.26081367804304262,0.19583427391469285,1.99275924364097579,ok
q001377,0.04931500000000000,4640.00000000000000000,-0.25865617990302153,0.19356057408093910,1.98115717678298009,ok
q001378,0.04931500000000000,4650.00000000000000000,-0.25650332654192037,0.19131504975663188,1.96963180636222468,ok
q001379,0.04931500000000000,4660.00000000000000000,-0.25435509800363093,0.18909775299091108,1.95818475612081744,ok
q001380,0.04931500000000000,4670.00000000000000000,-0.25221147446037939,0.18688520927656341,1.94669514999846482,ok
q001381,0.04931500000000000,4675.00000000000000000,-0.25114138340053505,0.18578071345420136,1.94093411920101100,ok
q001382,0.04931500000000000,4680.00000000000000000,-0.25007243621163006,0.18467739827965635,1.93516212346071459,ok
q001383,0.04931500000000000,4690.00000000000000000,-0.24793796368299734,0.18247429979646343,1.92358478902413066,ok
q001384,0.04931500000000000,4700.00000000000000000,-0.24580803742517252,0.18030135397501154,1.91209724304922268,ok
q001385,0.04931500000000000,4710.00000000000000000,-0.24368263811285898,0.17815420303870483,1.90067786772591263,ok
q001386,0.04931500000000000,4720.00000000000000000,-0.24156174654372140,0.17601160597842733,1.88921390781039045,ok
q001387,0.04931500000000000,4725.00000000000000000,-0.24050298519547925,0.17494200912336438,1.88346492189308146,ok
q001388,0.04931500000000000,4730.00000000000000000,-0.23944534363734374,0.17387354351849146,1.87770444261365066,ok
q001389,0.04931500000000000,4740.00000000000000000,-0.23733341043420028,0.17173999650533717,1.86614852611239135,ok
q001390,0.04931500000000000,4750.00000000000000000,-0.23522592809463552,0.16963592603871236,1.85468174868418001,ok
q001391,0.04931500000000000,4760.00000000000000000,-0.23312287789785680,0.16755752863851073,1.84328485312276524,ok
q001392,0.04931500000000000,4770.00000000000000000,-0.23102424124093551,0.16548349304088492,1.83184119355025121,ok
q001393,0.04931500000000000,4775.00000000000000000,-0.22997657220849183,0.16444810520438058,1.82610152093603229,ok
q001394,0.04931500000000000,4780.00000000000000000,-0.22892999963782082,0.16341380097648497,1.82034978626286459,ok
q001395,0.04931500000000000,4790.00000000000000000,-0.22684013471836148,0.16134843429050191,1.80880961947106700,ok
q001396,0.04931500000000000,4800.00000000000000000,-0.22475462822734019,0.15930943550013191,1.79734410108504261,ok
q001397,0.04931500000000000,4810.00000000000000000,-0.22267346202351554,0.15729844232018864,1.78596396611265273,ok
q001398,0.04931500000000000,4820.00000000000000000,-0.22059661807867648,0.15529162566075869,1.77453471351589886,ok
q001399,0.04931500000000000,4825.00000000000000000,-0.21955981135023608,0.15428977811202316,1.76880133969217423,ok
q001400,0.04931500000000000,4830.00000000000000000,-0.21852407847670405,0.15328896820982110,1.76305528850224880,ok
q001401,0.04931500000000000,4840.00000000000000000,-0.21645582541264494,0.15129045276277220,1.75152460499691687,ok
q001402,0.04931500000000000,4850.00000000000000000,-0.21439184119179353,0.14931279947940121,1.74003907209293507,ok
q001403,0.04931500000000000,4860.00000000000000000,-0.21233210822878290,0.14736789721676802,1.72866932111187244,ok
q001404,0.04931500000000000,4870.00000000000000000,-0.21027660904668694,0.14542699270055548,1.71724789608921724,ok
q001405,0.04931500000000000,4875.00000000000000000,-0.20925044169137488,0.14445803446809141,1.71151745232691588,ok
q001406,0.04931500000000000,4880.00000000000000000,-0.20822532627612947,0.14349006952973514,1.70577366155113097,ok
q001407,0.04931500000000000,4890.00000000000000000,-0.20617824265440471,0.14155711140400196,1.69424544699848267,ok
q001408,0.04931500000000000,4900.00000000000000000,-0.20413534102460437,0.13963714291583268,1.68271651987445403,ok
q001409,0.04931500000000000,4910.00000000000000000,-0.20209660433475615,0.13775700953465334,1.67134972594334541,ok
q001410,0.04931500000000000,4920.00000000000000000,-0.20006201563696854,0.13588070145292380,1.65992846088116375,ok
q001411,0.04931500000000000,4925.00000000000000000,-0.19904627151713314,0.13494397704120914,1.65419701952397125,ok
q001412,0.04931500000000000,4930.00000000000000000,-0.19803155808658662,0.13400820313641737,1.64845149693753479,ok
q001413,0.04931500000000000,4940.00000000000000000,-0.19600521494135417,0.13213949914533987,1.63691756691124035,ok
q001414,0.04931500000000000,4950.00000000000000000,-0.19398296956058644,0.13027457413356691,1.62532536231322799,ok
q001415,0.04931500000000000,4960.00000000000000000,-0.19196480540434918,0.12845694208549024,1.61394700762908028,ok
q001416,0.04931500000000000,4970.00000000000000000,-0.18995070603264802,0.12664392960751519,1.60251709140250753,ok
q001417,0.04931500000000000,4975.00000000000000000,-0.18894517553062931,0.12573879087763978,1.59678013537327579,ok
q001418,0.04931500000000000,4980.00000000000000000,-0.18794065510462374,0.12483456137818331,1.59102828711692990,ok
q001419,0.04931500000000000,4990.00000000000000000,-0.18593463637775806,0.12302882277662303,1.57947921590089391,ok
q001420,0.04931500000000000,4995.00000000000000000,-0.18493313404066855,0.12212731004126537,1.57368163653314008,ok
q001421,0.04931500000000000,5000.00000000000000000,-0.18393263370708493,0.12122669926977536,1.56786845197823133,ok
q001422,0.04931500000000000,5005.00000000000000000,-0.18293313337400144,0.12033581095251975,1.56209673909647750,ok
q001423,0.04931500000000000,5010.00000000000000000,-0.18193463104441193,0.11945901040273894,1.55639539670935889,ok
q001424,0.04931500000000000,5015.00000000000000000,-0.18093712472728654,0.11858308446711803,1.55067881095877658,ok
q001425,0.04931500000000000,5020.00000000000000000,-0.17994061243754747,0.11770803140252906,1.54494680119555094,ok
q001426,0.04931500000000000,5025.00000000000000000,-0.17894509219604590,0.11683384947105041,1.53919918365374819,ok
q001427,0.04931500000000000,5030.00000000000000000,-0.17795056202953752,0.11596053693994532,1.53343577137369058,ok
q001428,0.04931500000000000,5040.00000000000000000,-0.17596446405790805,0.11421651317371220,1.52186079831223942,ok
q001429,0.04931500000000000,5045.00000000000000000,-0.17497289233561306,0.11334579849885235,1.51604884691504305,ok
q001430,0.04931500000000000,5050.00000000000000000,-0.17398230285391691,0.11247594634486156,1.51022031937598444,ok
q001431,0.04931500000000000,5060.00000000000000000,-0.17200406284181113,0.11075484100640406,1.49862109053561499,ok
q001432,0.04931500000000000,5065.00000000000000000,-0.17101640844053864,0.10990944155127580,1.49289059441879468,ok
q001433,0.04931500000000000,5070.00000000000000000,-0.17002972853809359,0.10906487623486719,1.48714370365245263,ok
q001434,0.04931500000000000,5075.00000000000000000,-0.16904402121333437,0.10822114341274465,1.48138021617670645,ok
q001435,0.04931500000000000,5080.00000000000000000,-0.16805928455079477,0.10737824144533256,1.47559992625268910,ok
q001436,0.04931500000000000,5085.00000000000000000,-0.16707551664066206,0.10653616869789445,1.46980262436690867,ok
q001437,0.04931500000000000,5090.00000000000000000,-0.16609271557875399,0.10569492354051341,1.46398809713239797,ok
q001438,0.04931500000000000,5095.00000000000000000,-0.16511087946649727,0.10485450434807357,1.45815612718652954,ok
q001439,0.04931500000000000,5100.00000000000000000,-0.16413000641090522,0.10401490950024103,1.45230649308535198,ok
q001440,0.04931500000000000,5105.00000000000000000,-0.16315009452455648,0.10317613738144563,1.44643896919430581,ok
q001441,0.04931500000000000,5110.00000000000000000,-0.16217114192557230,0.10233818638086148,1.44055332557515570,ok
q001442,0.04931500000000000,5115.00000000000000000,-0.16119314673759561,0.10152301843688495,1.43480453945756570,ok
q001443,0.04931500000000000,5120.00000000000000000,-0.16021610708976888,0.10070982742588035,1.42904665316902690,ok
q001444,0.04931500000000000,5125.00000000000000000,-0.15924002111671348,0.09989743015927821,1.42327112765422092,ok
q001445,0.04931500000000000,5130.00000000000000000,-0.15826488695850721,0.09908582508906356,1.41747773622701079,ok
q001446,0.04931500000000000,5135.00000000000000000,-0.15729070276066387,0.09827501067174584,1.41166624783990469,ok
q001447,0.04931500000000000,5140.00000000000000000,-0.15631746667411156,0.09746498536834074,1.40583642696450473,ok
q001448,0.04931500000000000,5145.00000000000000000,-0.15534517685517241,0.09665574764435347,1.39998803346773415,ok
q001449,0.04931500000000000,5150.00000000000000000,-0.15437383146554060,0.09584729596976037,1.39412082248363856,ok
q001450,0.04931500000000000,5155.00000000000000000,-0.15340342867226217,0.09503962881899217,1.38823454428059034,ok
q001451,0.04931500000000000,5160.00000000000000000,-0.15243396664771394,0.09423274467091636,1.38232894412367258,ok
q001452,0.04931500000000000,5165.00000000000000000,-0.15146544356958347,0.09342794442962241,1.37641335602627723,ok
q001453,0.04931500000000000,5170.00000000000000000,-0.15049785762084761,0.09264797390678664,1.37065591442398316,ok
q001454,0.04931500000000000,5175.00000000000000000,-0.14953120698975264,0.09186875734300777,1.36487978718963210,ok
q001455,0.04931500000000000,5180.00000000000000000,-0.14856548986979362,0.09109029328206313,1.35908472521716894,ok
q001456,0.04931500000000000,5185.00000000000000000,-0.14760070445969470,0.09031258027194519,1.35327047437729764,ok
q001457,0.04931500000000000,5190.00000000000000000,-0.14663684896338811,0.08953561686484468,1.34743677537337736,ok
q001458,0.04931500000000000,5195.00000000000000000,-0.14567392158999470,0.08875940161713489,1.34158336359198826,ok
q001459,0.04931500000000000,5200.00000000000000000,-0.14471192055380364,0.08798393308935520,1.33570996894790572,ok
q001460,0.04931500000000000,5205.00000000000000000,-0.14375084407425315,0.08720920984619575,1.32981631572324233,ok
q001461,0.04931500000000000,5210.00000000000000000,-0.14279069037590983,0.08643523045648059,1.32390212240046412,ok
q001462,0.04931500000000000,5215.00000000000000000,-0.14183145768844965,0.08566199349315247,1.31796710148902063,ok
q001463,0.04931500000000000,5220.00000000000000000,-0.14087314424663797,0.08489053133983625,1.31201894832784016,ok
q001464,0.04931500000000000,5225.00000000000000000,-0.13991574829031064,0.08414630915464695,1.30625515414207682,ok
q001465,0.04931500000000000,5230.00000000000000000,-0.13895926806435385,0.08340279880331583,1.30047136419954601,ok
q001466,0.04931500000000000,5235.00000000000000000,-0.13800370181868524,0.08265999892543385,1.29466729985971463,ok
q001467,0.04931500000000000,5240.00000000000000000,-0.13704904780823451,0.08191790816448806,1.28884267654538864,ok
q001468,0.04931500000000000,5245.00000000000000000,-0.13609530429292485,0.08117652516784711,1.28299720356302593,ok
q001469,0.04931500000000000,5250.00000000000000000,-0.13514246953765299,0.08043584858674581,1.27713058391600476,ok
q001470,0.04931500000000000,5255.00000000000000000,-0.13419054181227097,0.07969587707627090,1.27124251411053057,ok
q001471,0.04931500000000000,5260.00000000000000000,-0.13323951939156684,0.07895660929534613,1.26533268395380616,ok
q001472,0.04931500000000000,5265.00000000000000000,-0.13228940055524652,0.07821804390671808,1.25940077634409553,ok
q001473,0.04931500000000000,5270.00000000000000000,-0.13134018358791444,0.07748017957694110,1.25344646705226848,ok
q001474,0.04931500000000000,5275.00000000000000000,-0.13039186677905523,0.07674301497636318,1.24746942449441511,ok
q001475,0.04931500000000000,5280.00000000000000000,-0.12944444842301522,0.07603346024040619,1.24168907211422774,ok
q001476,0.04931500000000000,5285.00000000000000000,-0.12849792681898439,0.07532735897563379,1.23591001589349614,ok
q001477,0.04931500000000000,5290.00000000000000000,-0.12755230027097736,0.07462192541901275,1.23010931328079587,ok
q001478,0.04931500000000000,5295.00000000000000000,-0.12660756708781565,0.07391715830893079,1.22428664614461513,ok
q001479,0.04931500000000000,5300.00000000000000000,-0.12566372558310918,0.07321305638734779,1.21844168912558337,ok
q001480,0.04931500000000000,5305.00000000000000000,-0.12472077407523890,0.07250961839978279,1.21257410940344390,ok
q001481,0.04931500000000000,5310.00000000000000000,-0.12377871088733793,0.07180684309529989,1.20668356645428987,ok
q001482,0.04931500000000000,5315.00000000000000000,-0.12283753434727404,0.07110472922649529,1.20076971179758751,ok
q001483,0.04931500000000000,5320.00000000000000000,-0.12189724278763231,0.07040327554948422,1.19483218873243913,ok
q001484,0.04931500000000000,5325.00000000000000000,-0.12095783454569654,0.06970248082388716,1.18887063206252153,ok
q001485,0.04931500000000000,5330.00000000000000000,-0.12001930796343221,0.06900234381281713,1.18288466780911117,ok
q001486,0.04931500000000000,5335.00000000000000000,-0.11908166138746860,0.06832411669393304,1.17705699923026108,ok
q001487,0.04931500000000000,5340.00000000000000000,-0.11814489316908186,0.06765764839736271,1.17130212355864893,ok
q001488,0.04931500000000000,5345.00000000000000000,-0.11720900166417680,0.06699180384285498,1.16552425885931554,ok
q001489,0.04931500000000000,5350.00000000000000000,-0.11627398523327021,0.06632658186399157,1.15972305133346909,ok
q001490,0.04931500000000000,5355.00000000000000000,-0.11533984224147320,0.06566198129762284,1.15389813869372548,ok
q001491,0.04931500000000000,5360.00000000000000000,-0.11440657105847471,0.06499800098385605,1.14804914987528894,ok
q001492,0.04931500000000000,5365.00000000000000000,-0.11347417005852356,0.06433463976604266,1.14217570473439189,ok
q001493,0.04931500000000000,5370.00000000000000000,-0.11254263762041207,0.06367189649076659,1.13627741373332358,ok
q001494,0.04931500000000000,5375.00000000000000000,-0.11161197212745880,0.06300977000783196,1.13035387761129136,ok
q001495,0.04931500000000000,5380.00000000000000000,-0.11068217196749228,0.06234825917025157,1.12440468704034502,ok
q001496,0.04931500000000000,5385.00000000000000000,-0.10975323553283348,0.06168736283423436,1.11842942226550823,ok
q001497,0.04931500000000000,5390.00000000000000000,-0.10882516122027960,0.06103727140688359,1.11252053679074803,ok
q001498,0.04931500000000000,5395.00000000000000000,-0.10789794743108731,0.06041315971193326,1.10681811014511977,ok
q001499,0.04931500000000000,5400.00000000000000000,-0.10697159257095663,0.05978962616592629,1.10109147517421735,ok
q001500,0.04931500000000000,5405.00000000000000000,-0.10604609505001376,0.05916666969871160,1.09534024227598636,ok
q001501,0.04931500000000000,5410.00000000000000000,-0.10512145328279524,0.05854428924310672,1.08956401200147135,ok
q001502,0.04931500000000000,5415.00000000000000000,-0.10419766568823137,0.05792248373488669,1.08376237470202152,ok
q001503,0.04931500000000000,5420.00000000000000000,-0.10327473068963049,0.05730125211277336,1.07793491016011322,ok
q001504,0.04931500000000000,5425.00000000000000000,-0.10235264671466211,0.05668059331842416,1.07208118720284262,ok
q001505,0.04931500000000000,5430.00000000000000000,-0.10143141219534133,0.05606050629642150,1.06620076329709490,ok
q001506,0.04931500000000000,5435.00000000000000000,-0.10051102556801254,0.05544098999426193,1.06029318412530782,ok
q001507,0.04931500000000000,5440.00000000000000000,-0.09959148527333407,0.05482204336234564,1.05435798314069018,ok
q001508,0.04931500000000000,5445.00000000000000000,-0.09867278975626156,0.05420366535396545,1.04839468110065437,ok
q001509,0.04931500000000000,5450.00000000000000000,-0.09775493746603268,0.05361664726421937,1.04270224342914997,ok
q001510,0.04931500000000000,5455.00000000000000000,-0.09683792685615117,0.05303808877673038,1.03706126709907176,ok
q001511,0.04931500000000000,5460.00000000000000000,-0.09592175638437166,0.05246006034748099,1.03139464968565875,ok
q001512,0.04931500000000000,5465.00000000000000000,-0.09500642451268348,0.05188256100611262,1.02570195662514485,ok
q001513,0.04931500000000000,5470.00000000000000000,-0.09409192970729556,0.05130558978492889,1.01998274170091507,ok
q001514,0.04931500000000000,5475.00000000000000000,-0.09317827043862079,0.05072914571888578,1.01423654660065532,ok
q001515,0.04931500000000000,5480.00000000000000000,-0.09226544518126117,0.05015322784558226,1.00846290045166875,ok
q001516,0.04931500000000000,5485.00000000000000000,-0.09135345241399180,0.04957783520525016,1.00266131933301894,ok
q001517,0.04931500000000000,5490.00000000000000000,-0.09044229061974614,0.04900296684074493,0.99683130576308887,ok
q001518,0.04931500000000000,5495.00000000000000000,-0.08953195828560062,0.04842862179753589,0.99097234816101121,ok
q001519,0.04931500000000000,5500.00000000000000000,-0.08862245390276011,0.04785479912369702,0.98508392028033331,ok
q001520,0.04931500000000000,5505.00000000000000000,-0.08771377596654208,0.04728908812406103,0.97924407178462813,ok
q001521,0.04931500000000000,5510.00000000000000000,-0.08680592297636228,0.04675806696469438,0.97373045967810057,ok
q001522,0.04931500000000000,5515.00000000000000000,-0.08589889343571952,0.04622752745723896,0.96819049309962746,ok
q001523,0.04931500000000000,5520.00000000000000000,-0.08499268585218139,0.04569746872874157,0.96262370783940587,ok
q001524,0.04931500000000000,5525.00000000000000000,-0.08408729873736885,0.04516788990861986,0.95702962668319924,ok
q001525,0.04931500000000000,5530.00000000000000000,-0.08318273060694197,0.04463879012865407,0.95140775889604856,ok
q001526,0.04931500000000000,5535.00000000000000000,-0.08227897998058512,0.04411016852297835,0.94575759967936790,ok
q001527,0.04931500000000000,5540.00000000000000000,-0.08137604538199290,0.04358202422807247,0.94007862959973842,ok
q001528,0.04931500000000000,5545.00000000000000000,-0.08047392533885502,0.04305435638275305,0.93437031398756443,ok
q001529,0.04931500000000000,5550.00000000000000000,-0.07957261838284226,0.04252716412816530,0.92863210230364190,ok
q001530,0.04931500000000000,5555.00000000000000000,-0.07867212304959199,0.04200044660777456,0.92286342747151073,ok
q001531,0.04931500000000000,5560.00000000000000000,-0.07777243787869434,0.04147420296735825,0.91706370517331459,ok
q001532,0.04931500000000000,5565.00000000000000000,-0.07687356141367722,0.04096787730277842,0.91144866327002172,ok
q001533,0.04931500000000000,5570.00000000000000000,-0.07597549220199275,0.04048632737220689,0.90607609489131014,ok
q001534,0.04931500000000000,5575.00000000000000000,-0.07507822879500285,0.04000520951879565,0.90067634323716517,ok
q001535,0.04931500000000000,5580.00000000000000000,-0.07418176974796577,0.03952452296786576,0.89524890766125820,ok
q001536,0.04931500000000000,5585.00000000000000000,-0.07328611362002134,0.03904426694681964,0.88979327277279152,ok
q001537,0.04931500000000000,5590.00000000000000000,-0.07239125897417761,0.03856444068513386,0.88430890782105376,ok
q001538,0.04931500000000000,5595.00000000000000000,-0.07149720437729676,0.03808504341435157,0.87879526604659541,ok
q001539,0.04931500000000000,5600.00000000000000000,-0.07060394840008180,0.03760607436807544,0.87325178399679382,ok
q001540,0.04931500000000000,5605.00000000000000000,-0.06971148961706214,0.03712753278195985,0.86767788080337882,ok
q001541,0.04931500000000000,5610.00000000000000000,-0.06881982660658045,0.03664941789370386,0.86207295741932133,ok
q001542,0.04931500000000000,5615.00000000000000000,-0.06792895795077881,0.03617172894304384,0.85643639581224085,ok
q001543,0.04931500000000000,5620.00000000000000000,-0.06703888223558564,0.03569446517174637,0.85076755811128091,ok
q001544,0.04931500000000000,5625.00000000000000000,-0.06614959805070154,0.03524343211612198,0.84537534690782479,ok
q001545,0.04931500000000000,5630.00000000000000000,-0.06526110398958639,0.03481136014091478,0.84017736549704625,ok
q001546,0.04931500000000000,5635.00000000000000000,-0.06437339864944569,0.03437967171833246,0.83495168209500914,ok
q001547,0.04931500000000000,5640.00000000000000000,-0.06348648063121781,0.03394836616801555,0.82969776496174286,ok
q001548,0.04931500000000000,5645.00000000000000000,-0.06260034853956004,0.03351744281141313,0.82441506595992775,ok
q001549,0.04931500000000000,5650.00000000000000000,-0.06171500098283583,0.03308690097177655,0.81910301983810885,ok
q001550,0.04931500000000000,5655.00000000000000000,-0.06083043657310154,0.03265673997415301,0.81376104347316947,ok
q001551,0.04931500000000000,5660.00000000000000000,-0.05994665392609378,0.03222695914537942,0.80838853506920660,ok
q001552,0.04931500000000000,5665.00000000000000000,-0.05906365166121574,0.03179755781407572,0.80298487330969304,ok
q001553,0.04931500000000000,5670.00000000000000000,-0.05818142840152470,0.03136853531063882,0.79754941645956834,ok
q001554,0.04931500000000000,5675.00000000000000000,-0.05729998277371895,0.03093989096723626,0.79208150141358757,ok
q001555,0.04931500000000000,5680.00000000000000000,-0.05641931340812537,0.03051162411780014,0.78658044268695371,ok
q001556,0.04931500000000000,5685.00000000000000000,-0.05553941893868602,0.03011031031048055,0.78139044613507658,ok
q001557,0.04931500000000000,5690.00000000000000000,-0.05466029800294585,0.02972762432054543,0.77640903979202758,ok
q001558,0.04931500000000000,5695.00000000000000000,-0.05378194924203986,0.02934527446239697,0.77139988387704794,ok
q001559,0.04931500000000000,5700.00000000000000000,-0.05290437130068088,0.02896326014607150,0.76636242644863517,ok
q001560,0.04931500000000000,5705.00000000000000000,-0.05202756282714642,0.02858158078315708,0.76129609786155161,ok
q001561,0.04931500000000000,5710.00000000000000000,-0.05115152247326656,0.02820023578678822,0.75620030996167575,ok
q001562,0.04931500000000000,5715.00000000000000000,-0.05027624889441135,0.02781922457164039,0.75107445523321514,ok
q001563,0.04931500000000000,5720.00000000000000000,-0.04940174074947882,0.02743854655392481,0.74591790589479667,ok
q001564,0.04931500000000000,5725.00000000000000000,-0.04852799670088204,0.02705820115138283,0.74073001294063257,ok
q001565,0.04931500000000000,5730.00000000000000000,-0.04765501541453721,0.02667818778328072,0.73551010512264092,ok
q001566,0.04931500000000000,5735.00000000000000000,-0.04678279555985131,0.02629850587040430,0.73025748786900624,ok
q001567,0.04931500000000000,5740.00000000000000000,-0.04591133580971030,0.02591915483505381,0.72497144213427234,ok
q001568,0.04931500000000000,5745.00000000000000000,-0.04504063484046638,0.02556169129257612,0.71995487050561702,ok
q001569,0.04931500000000000,5750.00000000000000000,-0.04417069133192634,0.02522830847060601,0.71524453398586296,ok
q001570,0.04931500000000000,5755.00000000000000000,-0.04330150396733936,0.02489521542079053,0.71050710564502306,ok
q001571,0.04931500000000000,5760.00000000000000000,-0.04243307143338548,0.02456241163983459,0.70574203267573643,ok
q001572,0.04931500000000000,5765.00000000000000000,-0.04156539242016304,0.02422989662575304,0.70094874402992802,ok
q001573,0.04931500000000000,5770.00000000000000000,-0.04069846562117722,0.02389766987786633,0.69612664956525350,ok
q001574,0.04931500000000000,5775.00000000000000000,-0.03983228973332809,0.02356573089679590,0.69127513913955707,ok
q001575,0.04931500000000000,5780.00000000000000000,-0.03896686345689925,0.02323407918445985,0.68639358164942910,ok
q001576,0.04931500000000000,5785.00000000000000000,-0.03810218549554549,0.02290271424406818,0.68148132400857975,ok
q001577,0.04931500000000000,5790.00000000000000000,-0.03723825455628154,0.02257163558011853,0.67653769006137321,ok
q001578,0.04931500000000000,5795.00000000000000000,-0.03637506934947030,0.02224084269839161,0.67156197942641493,ok
q001579,0.04931500000000000,5800.00000000000000000,-0.03551262858881171,0.02191033510594696,0.66655346626461531,ok
q001580,0.04931500000000000,5805.00000000000000000,-0.03465093099133056,0.02159078896219635,0.66167501743459911,ok
q001581,0.04931500000000000,5810.00000000000000000,-0.03378997527736544,0.02130738018493602,0.65731797519138579,ok
q001582,0.04931500000000000,5815.00000000000000000,-0.03292976017055758,0.02102421520020237,0.65293564453158459,ok
q001583,0.04931500000000000,5820.00000000000000000,-0.03207028439783891,0.02074129358892778,0.64852750625538014,ok
q001584,0.04931500000000000,5825.00000000000000000,-0.03121154668942112,0.02045861493312425,0.64409302390544731,ok
q001585,0.04931500000000000,5830.00000000000000000,-0.03035354577878429,0.02017617881587968,0.63963164295345498,ok
q001586,0.04931500000000000,5835.00000000000000000,-0.02949628040266602,0.01989398482135426,0.63514278993665818,ok
q001587,0.04931500000000000,5840.00000000000000000,-0.02863974930104967,0.01961203253477663,0.63062587154077943,ok
q001588,0.04931500000000000,5845.00000000000000000,-0.02778395121715365,0.01933032154244035,0.62608027362504737,ok
q001589,0.04931500000000000,5850.00000000000000000,-0.02692888489742018,0.01904885143170017,0.62150536018486691,ok
q001590,0.04931500000000000,5855.00000000000000000,-0.02607454909150467,0.01876762179096856,0.61690047224718236,ok
q001591,0.04931500000000000,5860.00000000000000000,-0.02522094255226411,0.01848663220971189,0.61226492669311017,ok
q001592,0.04931500000000000,5865.00000000000000000,-0.02436806403574660,0.01820588227844699,0.60759801500191657,ok
q001593,0.04931500000000000,5870.00000000000000000,-0.02351591230118022,0.01796729216436841,0.60360356510001512,ok
q001594,0.04931500000000000,5875.00000000000000000,-0.02266448611096267,0.01773614858046404,0.59970841169891576,ok
q001595,0.04931500000000000,5880.00000000000000000,-0.02181378423064981,0.01750520163085299,0.59579113927236760,ok
q001596,0.04931500000000000,5885.00000000000000000,-0.02096380542894535,0.01727445098126525,0.59185130289818089,ok
q001597,0.04931500000000000,5890.00000000000000000,-0.02011454847768997,0.01704389629828244,0.58788844317767330,ok
q001598,0.04931500000000000,5895.00000000000000000,-0.01926601215185108,0.01681353724933501,0.58390208556783518,ok
q001599,0.04931500000000000,5900.00000000000000000,-0.01841819522951160,0.01658337350269920,0.57989173967339958,ok
q001600,0.04931500000000000,5905.00000000000000000,-0.01757109649185976,0.01635340472749429,0.57585689849584665,ok
q001601,0.04931500000000000,5910.00000000000000000,-0.01672471472317848,0.01612363059367967,0.57179703763609202,ok
q001602,0.04931500000000000,5915.00000000000000000,-0.01587904871083523,0.01589405077205216,0.56771161444732410,ok
q001603,0.04931500000000000,5920.00000000000000000,-0.01503409724527105,0.01566466493424295,0.56360006713412236,ok
q001604,0.04931500000000000,5925.00000000000000000,-0.01418985911999051,0.01543547275271493,0.55946181379364623,ok
q001605,0.04931500000000000,5930.00000000000000000,-0.01334633313155122,0.01522432606816449,0.55562211043009568,ok
q001606,0.04931500000000000,5935.00000000000000000,-0.01250351807955398,0.01504739778156965,0.55238411647845131,ok
q001607,0.04931500000000000,5940.00000000000000000,-0.01166141276663180,0.01487061848723377,0.54912978057348072,ok
q001608,0.04931500000000000,5945.00000000000000000,-0.01082001599844024,0.01469398793443360,0.54585880577277079,ok
q001609,0.04931500000000000,5950.00000000000000000,-0.00997932658364692,0.01451750587307823,0.54257088647233342,ok
q001610,0.04931500000000000,5955.00000000000000000,-0.00913934333392191,0.01434117205370703,0.53926570804869378,ok
q001611,0.04931500000000000,5960.00000000000000000,-0.00830006506392697,0.01416498622748738,0.53594294648176155,ok
q001612,0.04931500000000000,5965.00000000000000000,-0.00746149059130596,0.01398894814621270,0.53260226795721455,ok
q001613,0.04931500000000000,5970.00000000000000000,-0.00662361873667459,0.01381305756230028,0.52924332844701349,ok
q001614,0.04931500000000000,5975.00000000000000000,-0.00578644832361097,0.01363731422878928,0.52586577326656569,ok
q001615,0.04931500000000000,5980.00000000000000000,-0.00494997817864500,0.01346171789933852,0.52246923660692113,ok
q001616,0.04931500000000000,5985.00000000000000000,-0.00411420713124892,0.01328626832822449,0.51905334104027034,ok
q001617,0.04931500000000000,5990.00000000000000000,-0.00327913401382733,0.01311096527033925,0.51561769699685145,ok
q001618,0.04931500000000000,5995.00000000000000000,-0.00244475766170777,0.01297410492907211,0.51291946932734822,ok
q001619,0.04931500000000000,6000.00000000000000000,-0.00161107691313037,0.01285361942114386,0.51053227152309244,ok
q001620,0.04931500000000000,6005.00000000000000000,-0.00077809060923853,0.01273323427599933,0.50813586141411127,ok
q001621,0.04931500000000000,6010.00000000000000000,0.00005420240593090,0.01261294932657600,0.50573010469318902,ok
q001622,0.04931500000000000,6015.00000000000000000,0.00088580328545675,0.01249276440622822,0.50331486397789738,ok
q001623,0.04931500000000000,6020.00000000000000000,0.00171671317954430,0.01237267934872559,0.50088999871088402,ok
q001624,0.04931500000000000,6025.00000000000000000,0.00254693323553341,0.01225269398825185,0.49845536505598415,ok
q001625,0.04931500000000000,6030.00000000000000000,0.00337646459790865,0.01213280815940340,0.49601081578991996,ok
q001626,0.04931500000000000,6035.00000000000000000,0.00420530840830948,0.01201302169718780,0.49355620018936808,ok
q001627,0.04931500000000000,6040.00000000000000000,0.00503346580553832,0.01189333443702265,0.49109136391315328,ok
q001628,0.04931500000000000,6045.00000000000000000,0.00586093792557060,0.01177374621473410,0.48861614887929894,ok
q001629,0.04931500000000000,6050.00000000000000000,0.00668772590156478,0.01165425686655541,0.48613039313666218,ok
q001630,0.04931500000000000,6055.00000000000000000,0.00751383086387012,0.01153486622912584,0.48363393073086725,ok
q001631,0.04931500000000000,6060.00000000000000000,0.00833925394003771,0.01146775482377897,0.48222495466339255,ok
q001632,0.04931500000000000,6065.00000000000000000,0.00916399625482816,0.01140492762007795,0.48090218241927440,ok
q001633,0.04931500000000000,6070.00000000000000000,0.00998805893022147,0.01134215218993345,0.47957685626525287,ok
q001634,0.04931500000000000,6075.00000000000000000,0.01081144308542681,0.01127942844808636,0.47824895316160349,ok
q001635,0.04931500000000000,6080.00000000000000000,0.01163414983689038,0.01121675630948809,0.47691844977494990,ok
q001636,0.04931500000000000,6085.00000000000000000,0.01245618029830509,0.01115413568929974,0.47558532247287888,ok
q001637,0.04931500000000000,6090.00000000000000000,0.01327753558062034,0.01109156650289145,0.47424954731842783,ok
q001638,0.04931500000000000,6095.00000000000000000,0.01409821679204939,0.01102904866584175,0.47291110006444564,ok
q001639,0.04931500000000000,6100.00000000000000000,0.01491822503808019,0.01096658209393682,0.47156995614781444,ok
q001640,0.04931500000000000,6105.00000000000000000,0.01573756142148271,0.01090416670316987,0.47022609068353788,ok
q001641,0.04931500000000000,6110.00000000000000000,0.01655622704231853,0.01084180240974041,0.46887947845868455,ok
q001642,0.04931500000000000,6120.00000000000000000,0.01819155038304945,0.01071789610721676,0.46619246815258319,ok
q001643,0.04931500000000000,6125.00000000000000000,0.01900821028960528,0.01071184991664525,0.46606095511542633,ok
q001644,0.04931500000000000,6130.00000000000000000,0.01982420380693471,0.01070580865972632,0.46592951231668001,ok
q001645,0.04931500000000000,6135.00000000000000000,0.02063953202168930,0.01069977232841488,0.46579813964069028,ok
q001646,0.04931500000000000,6140.00000000000000000,0.02145419601786572,0.01069374091468550,0.46566683697206890,ok
q001647,0.04931500000000000,6145.00000000000000000,0.02226819687681285,0.01068771441053235,0.46553560419569284,ok
q001648,0.04931500000000000,6150.00000000000000000,0.02308153567724107,0.01068169280796913,0.46540444119670327,ok
q001649,0.04931500000000000,6155.00000000000000000,0.02389421349523149,0.01067567609902901,0.46527334786050445,ok
q001650,0.04931500000000000,6160.00000000000000000,0.02470623140424314,0.01066966427576458,0.46514232407276351,ok
q001651,0.04931500000000000,6170.00000000000000000,0.02632829177611112,0.01065765525456973,0.46488048468663051,ok
q001652,0.04931500000000000,6175.00000000000000000,0.02713833637285544,0.01065165804084095,0.46474966886087743,ok
q001653,0.04931500000000000,6180.00000000000000000,0.02794772532841402,0.01064566568119099,0.46461892212885852,ok
q001654,0.04931500000000000,6190.00000000000000000,0.02956454055531930,0.01068710995549271,0.46552243957929107,ok
q001655,0.04931500000000000,6200.00000000000000000,0.03117874590986060,0.01078617512674055,0.46767506462283154,ok
q001656,0.04931500000000000,6210.00000000000000000,0.03279034980420207,0.01088508064413799,0.46981438138725418,ok
q001657,0.04931500000000000,6220.00000000000000000,0.03439936060990269,0.01098382702145480,0.47194058189027843,ok
q001658,0.04931500000000000,6225.00000000000000000,0.03520289620958601,0.01103314069245856,0.47299882228797013,ok
q001659,0.04931500000000000,6230.00000000000000000,0.03600578665817634,0.01108241476998475,0.47405385355234081,ok
q001660,0.04931500000000000,6240.00000000000000000,0.03760963624015103,0.01118084439856149,0.47615437935084376,ok
q001661,0.04931500000000000,6250.00000000000000000,0.03921091760712480,0.01127911641357430,0.47824233796777849,ok
q001662,0.04931500000000000,6260.00000000000000000,0.04080963897082178,0.01147459523653955,0.48236875465003853,ok
q001663,0.04931500000000000,6270.00000000000000000,0.04240580850364389,0.01168232916802929,0.48671552657874129,ok
q001664,0.04931500000000000,6275.00000000000000000,0.04320293887666223,0.01178607192397840,0.48887184341684409,ok
q001665,0.04931500000000000,6280.00000000000000000,0.04399943433892203,0.01188973204928880,0.49101698462546928,ok
q001666,0.04931500000000000,6290.00000000000000000,0.04559052457116382,0.01209680493378003,0.49527433101073087,ok
q001667,0.04931500000000000,6300.00000000000000000,0.04717908725630162,0.01230354886994458,0.49948871496284308,ok
q001668,0.04931500000000000,6310.00000000000000000,0.04876513041193635,0.01250996490123536,0.50366123595224199,ok
q001669,0.04931500000000000,6320.00000000000000000,0.05034866201758077,0.01273952979360546,0.50826146119824855,ok
q001670,0.04931500000000000,6325.00000000000000000,0.05113948847239852,0.01289569918133915,0.51136727063611465,ok
q001671,0.04931500000000000,6330.00000000000000000,0.05192969001489948,0.01305174516377538,0.51445189826416804,ok
q001672,0.04931500000000000,6340.00000000000000000,0.05350822230794917,0.01336346769179860,0.52055912686113037,ok
q001673,0.04931500000000000,6350.00000000000000000,0.05508426676341484,0.01367469893115804,0.52658607200822694,ok
q001674,0.04931500000000000,6360.00000000000000000,0.05665783121084549,0.01398544042800311,0.53253548896201952,ok
q001675,0.04931500000000000,6370.00000000000000000,0.05822892344288665,0.01429569372119570,0.53840997676125579,ok
q001676,0.04931500000000000,6380.00000000000000000,0.05979755121551313,0.01460546034235609,0.54421199041096902,ok
q001677,0.04931500000000000,6390.00000000000000000,0.06136372224825799,0.01496028735709712,0.55078290083730130,ok
q001678,0.04931500000000000,6400.00000000000000000,0.06292744422444088,0.01536308568774447,0.55814843029174432,ok
q001679,0.04931500000000000,6410.00000000000000000,0.06448872479139334,0.01576525513705778,0.56540674234207022,ok
q001680,0.04931500000000000,6450.00000000000000000,0.07070958466649578,0.01736768319719096,0.59344629877041299,ok
q001681,0.04931500000000000,6500.00000000000000000,0.07843163076040603,0.01972826053060061,0.63249176959138664,ok
q001682,0.04931500000000000,6525.00000000000000000,0.08227040706757169,0.02093395352493274,0.65153253730325156,ok
q001683,0.04931500000000000,6600.00000000000000000,0.09369910289119457,0.02499870444046321,0.71198235752724659,ok
q001684,0.04931500000000000,6650.00000000000000000,0.10124630852657743,0.02791312933301394,0.75234102628527244,ok
q001685,0.04931500000000000,6800.00000000000000000,0.12355206604087571,0.03728046940553519,0.86946312400793380,ok
q001686,0.04931500000000000,6900.00000000000000000,0.13815086546202829,0.04381214486454537,0.94255725101429799,ok
q001687,0.04931500000000000,7000.00000000000000000,0.15253960291412799,0.05036720500425126,1.01061189825114073,ok
q001688,0.05753400000000000,3600.00000000000000000,-0.51252092270914362,0.45664662966326541,2.81726593362423738,ok
q001689,0.05753400000000000,3800.00000000000000000,-0.45845370143886788,0.39380291391717065,2.61623757115041844,ok
q001690,0.05753400000000000,4000.00000000000000000,-0.40716040705131734,0.33136912233968968,2.39990325213918032,ok
q001691,0.05753400000000000,4200.00000000000000000,-0.35837024288188535,0.27519342717185008,2.18704008934795135,ok
q001692,0.05753400000000000,4300.00000000000000000,-0.33483974547169115,0.25026938665808329,2.08565072207925972,ok
q001693,0.05753400000000000,4400.00000000000000000,-0.31185022724699252,0.22704923016076922,1.98654191259070312,ok
q001694,0.05753400000000000,4500.00000000000000000,-0.28937737139493386,0.20488687418742435,1.88709943187439322,ok
q001695,0.05753400000000000,4600.00000000000000000,-0.26739846467615869,0.18359172866558718,1.78634060840655806,ok
q001696,0.05753400000000000,4700.00000000000000000,-0.24589225945519499,0.16340628599795276,1.68528010960545216,ok
q001697,0.05753400000000000,4800.00000000000000000,-0.22483885025736272,0.14442881193125007,1.58439927453070295,ok
q001698,0.05753400000000000,4900.00000000000000000,-0.20421956305462699,0.12660096648068603,1.48339300264762097,ok
q001699,0.05753400000000000,5000.00000000000000000,-0.18401685573710760,0.10987258025760430,1.38191832966023909,ok
q001700,0.05753400000000000,5050.00000000000000000,-0.17406652488393948,0.10190301868867080,1.33085653098697509,ok
q001701,0.05753400000000000,5100.00000000000000000,-0.16421422844092784,0.09418612566005580,1.27947316540018696,ok
q001702,0.05753400000000000,5150.00000000000000000,-0.15445805349556310,0.08673160472253968,1.22779654350925371,ok
q001703,0.05753400000000000,5200.00000000000000000,-0.14479614258382631,0.07955927426209787,1.17593447257581296,ok
q001704,0.05753400000000000,5300.00000000000000000,-0.12574794761313177,0.06613975986225674,1.07218326018075794,ok
q001705,0.05753400000000000,5325.00000000000000000,-0.12104205657571915,0.06296650424465133,1.04614650133404985,ok
q001706,0.05753400000000000,5350.00000000000000000,-0.11635820726329271,0.05992517142439371,1.02056896620498705,ok
q001707,0.05753400000000000,5375.00000000000000000,-0.11169619415748144,0.05694495734015872,0.99486774683929391,ok
q001708,0.05753400000000000,5400.00000000000000000,-0.10705581460097928,0.05405477317160324,0.96929224953318216,ok
q001709,0.05753400000000000,5450.00000000000000000,-0.09783915949605525,0.04853378154622708,0.91845901444185030,ok
q001710,0.05753400000000000,5475.00000000000000000,-0.09326249246864347,0.04596163523467787,0.89378991773914118,ok
q001711,0.05753400000000000,5490.00000000000000000,-0.09052651264976871,0.04442397904132975,0.87871176926059991,ok
q001712,0.05753400000000000,5500.00000000000000000,-0.08870667593278268,0.04340120717018828,0.86853759162272981,ok
q001713,0.05753400000000000,5510.00000000000000000,-0.08689014500638487,0.04242194975086176,0.85868332261830105,ok
q001714,0.05753400000000000,5520.00000000000000000,-0.08507690788220398,0.04147928784264041,0.84908928658043858,ok
q001715,0.05753400000000000,5525.00000000000000000,-0.08417152076739146,0.04100859709075447,0.84425797477973852,ok
q001716,0.05753400000000000,5530.00000000000000000,-0.08326695263696457,0.04053833211075102,0.83940326406633869,ok
q001717,0.05753400000000000,5550.00000000000000000,-0.07965684041286475,0.03866151454912047,0.81974192478757091,ok
q001718,0.05753400000000000,5560.00000000000000000,-0.07785665990871694,0.03772564048910229,0.80975945259646132,ok
q001719,0.05753400000000000,5570.00000000000000000,-0.07605971423201524,0.03684436587700236,0.80024553316817837,ok
q001720,0.05753400000000000,5575.00000000000000000,-0.07516245082502548,0.03641704160604850,0.79559133901740886,ok
q001721,0.05753400000000000,5580.00000000000000000,-0.07426599177798840,0.03599010041382903,0.79091396648762091,ok
q001722,0.05753400000000000,5590.00000000000000000,-0.07247548100420012,0.03513736452258050,0.78148798899629091,ok
q001723,0.05753400000000000,5600.00000000000000000,-0.07068817043010443,0.03428615273561383,0.77196408077269363,ok
q001724,0.05753400000000000,5610.00000000000000000,-0.06890404863660297,0.03343645961455066,0.76233850947847948,ok
q001725,0.05753400000000000,5615.00000000000000000,-0.06801317998080146,0.03301218086219052,0.75748637125579699,ok
q001726,0.05753400000000000,5620.00000000000000000,-0.06712310426560829,0.03258827975006928,0.75260731196143738,ok
q001727,0.05753400000000000,5625.00000000000000000,-0.06623382008072408,0.03218377498122473,0.74792182596917067,ok
q001728,0.05753400000000000,5630.00000000000000000,-0.06534532601960892,0.03179966776190268,0.74344527697783569,ok
q001729,0.05753400000000000,5635.00000000000000000,-0.06445762067946835,0.03141590151663284,0.73894561940606085,ok
q001730,0.05753400000000000,5640.00000000000000000,-0.06357070266124036,0.03103247564058299,0.73442242135212743,ok
q001731,0.05753400000000000,5645.00000000000000000,-0.06268457056958258,0.03064938953052898,0.72987523797697118,ok
q001732,0.05753400000000000,5650.00000000000000000,-0.06179922301285837,0.03026664258484869,0.72530361095492435,ok
q001733,0.05753400000000000,5655.00000000000000000,-0.06091465860312421,0.02988423420351659,0.72070706789416017,ok
q001734,0.05753400000000000,5660.00000000000000000,-0.06003087595611633,0.02950216378809794,0.71608512172476113,ok
q001735,0.05753400000000000,5665.00000000000000000,-0.05914787369123829,0.02912043074174344,0.71143727005218382,ok
q001736,0.05753400000000000,5670.00000000000000000,-0.05826565043154726,0.02873903446918329,0.70676299447368574,ok
q001737,0.05753400000000000,5675.00000000000000000,-0.05738420480374162,0.02835797437672184,0.70206175985510499,ok
q001738,0.05753400000000000,5680.00000000000000000,-0.05650353543814793,0.02797724987223192,0.69733301356513588,ok
q001739,0.05753400000000000,5685.00000000000000000,-0.05562364096870858,0.02761616062324743,0.69281832385437159,ok
q001740,0.05753400000000000,5690.00000000000000000,-0.05474452003296842,0.02727493531045429,0.68852478788903093,ok
q001741,0.05753400000000000,5695.00000000000000000,-0.05386617127206243,0.02693400971251108,0.68420811640812118,ok
q001742,0.05753400000000000,5700.00000000000000000,-0.05298859333070345,0.02659338330337152,0.67986786200591909,ok
q001743,0.05753400000000000,5705.00000000000000000,-0.05211178485716899,0.02625305555837297,0.67550356335678174,ok
q001744,0.05753400000000000,5710.00000000000000000,-0.05123574450328914,0.02591302595423166,0.67111474460122766,ok
q001745,0.05753400000000000,5720.00000000000000000,-0.04948596277950140,0.02523385908225119,0.66226156673125736,ok
q001746,0.05753400000000000,5725.00000000000000000,-0.04861221873090462,0.02489472077469563,0.65779617719526773,ok
q001747,0.05753400000000000,5730.00000000000000000,-0.04773923744455968,0.02455587852855482,0.65330420521184596,ok
q001748,0.05753400000000000,5735.00000000000000000,-0.04686701758987390,0.02421733182736750,0.64878509171915599,ok
q001749,0.05753400000000000,5740.00000000000000000,-0.04599555783973289,0.02387908015602249,0.64423825860329242,ok
q001750,0.05753400000000000,5745.00000000000000000,-0.04512485687048897,0.02355576427113389,0.63986199431214141,ok
q001751,0.05753400000000000,5750.00000000000000000,-0.04425491336194882,0.02325673478394979,0.63578764710642388,ok
q001752,0.05753400000000000,5755.00000000000000000,-0.04338572599736196,0.02295796520943401,0.63169059689867657,ok
q001753,0.05753400000000000,5760.00000000000000000,-0.04251729346340809,0.02265945509615322,0.62757039279270288,ok
q001754,0.05753400000000000,5765.00000000000000000,-0.04164961445018564,0.02236120399384921,0.62342656944223673,ok
q001755,0.05753400000000000,5770.00000000000000000,-0.04078268765119971,0.02206321145343480,0.61925864639437644,ok
q001756,0.05753400000000000,5775.00000000000000000,-0.03991651176335070,0.02176547702698983,0.61506612739421240,ok
q001757,0.05753400000000000,5780.00000000000000000,-0.03905108548692186,0.02146800026775701,0.61084849964780108,ok
q001758,0.05753400000000000,5790.00000000000000000,-0.03732247658630404,0.02087381796968913,0.60233577930664173,ok
q001759,0.05753400000000000,5800.00000000000000000,-0.03559685061883433,0.02028066100827914,0.59371602129967105,ok
q001760,0.05753400000000000,5810.00000000000000000,-0.03387419730738807,0.01973342567198200,0.58565109225795287,ok
q001761,0.05753400000000000,5820.00000000000000000,-0.03215450642786154,0.01922156036969007,0.57800558586351913,ok
q001762,0.05753400000000000,5825.00000000000000000,-0.03129576871944365,0.01896595743433588,0.57414964582564632,ok
q001763,0.05753400000000000,5830.00000000000000000,-0.03043776780880693,0.01871057380654648,0.57027097603216392,ok
q001764,0.05753400000000000,5835.00000000000000000,-0.02958050243268866,0.01845540911031224,0.56636910373261162,ok
q001765,0.05753400000000000,5840.00000000000000000,-0.02872397133107220,0.01820046297058970,0.56244354023998655,ok
q001766,0.05753400000000000,5845.00000000000000000,-0.02786817324717619,0.01794573501329839,0.55849378016876505,ok
q001767,0.05753400000000000,5850.00000000000000000,-0.02701310692744283,0.01769122486531733,0.55451930062548660,ok
q001768,0.05753400000000000,5855.00000000000000000,-0.02615877112152732,0.01743693215448190,0.55051956034825100,ok
q001769,0.05753400000000000,5860.00000000000000000,-0.02530516458228665,0.01718285650958048,0.54649399879112692,ok
q001770,0.05753400000000000,5870.00000000000000000,-0.02360013433120288,0.01670782068334019,0.53888689003733792,ok
q001771,0.05753400000000000,5875.00000000000000000,-0.02274870814098533,0.01649743094901684,0.53548323094980577,ok
q001772,0.05753400000000000,5880.00000000000000000,-0.02189800626067236,0.01628722019364686,0.53206072194888621,ok
q001773,0.05753400000000000,5890.00000000000000000,-0.02019877050771264,0.01586733440351561,0.52515765788924695,ok
q001774,0.05753400000000000,5900.00000000000000000,-0.01850241725953415,0.01544816088817939,0.51817458400236172,ok
q001775,0.05753400000000000,5905.00000000000000000,-0.01765531852188233,0.01523884047919048,0.51465201432882923,ok
q001776,0.05753400000000000,5910.00000000000000000,-0.01680893675320115,0.01502969723519013,0.51110817984928503,ok
q001777,0.05753400000000000,5920.00000000000000000,-0.01511831927529362,0.01461194104433524,0.50395489870626864,ok
q001778,0.05753400000000000,5925.00000000000000000,-0.01427408115001308,0.01440332750046712,0.50034450363565008,ok
q001779,0.05753400000000000,5930.00000000000000000,-0.01343055516157380,0.01420627713471472,0.49691013736520706,ok
q001780,0.05753400000000000,5935.00000000000000000,-0.01258774010957655,0.01404464747324027,0.49407529297371272,ok
q001781,0.05753400000000000,5940.00000000000000000,-0.01174563479665439,0.01388315392097053,0.49122649700067628,ok
q001782,0.05753400000000000,5950.00000000000000000,-0.01006354861366950,0.01356057422844793,0.48548605031633957,ok
q001783,0.05753400000000000,5960.00000000000000000,-0.00838428709394957,0.01323853623171755,0.47968672482890740,ok
q001784,0.05753400000000000,5965.00000000000000000,-0.00754571262132855,0.01307771980133978,0.47676430159920619,ok
q001785,0.05753400000000000,5970.00000000000000000,-0.00670784076669719,0.01291703811453066,0.47382632531684121,ok
q001786,0.05753400000000000,5975.00000000000000000,-0.00587067035363357,0.01275649094568354,0.47087250069148806,ok
q001787,0.05753400000000000,5980.00000000000000000,-0.00503420020866760,0.01259607806975786,0.46790252339619404,ok
q001788,0.05753400000000000,5990.00000000000000000,-0.00336335604384994,0.01227565429932795,0.46191284593151866,ok
q001789,0.05753400000000000,5995.00000000000000000,-0.00252897969173038,0.01214577707948198,0.45946281436964254,ok
q001790,0.05753400000000000,6000.00000000000000000,-0.00169529894315298,0.01203601098086839,0.45738193042460412,ok
q001791,0.05753400000000000,6005.00000000000000000,-0.00086231263926104,0.01192633631591684,0.45529328128179020,ok
q001792,0.05753400000000000,6010.00000000000000000,-0.00003001962409172,0.01181675293242817,0.45319675666017312,ok
q001793,0.05753400000000000,6015.00000000000000000,0.00080158125543424,0.01170726067858284,0.45109224382718088,ok
q001794,0.05753400000000000,6020.00000000000000000,0.00163249114952179,0.01159785940293978,0.44897962752151654,ok
q001795,0.05753400000000000,6025.00000000000000000,0.00246271120551067,0.01148854895443517,0.44685878987283278,ok
q001796,0.05753400000000000,6030.00000000000000000,0.00329224256788613,0.01137932918238099,0.44472961031809777,ok
q001797,0.05753400000000000,6040.00000000000000000,0.00494924377551558,0.01116116106674456,0.44044572924867836,ok
q001798,0.05753400000000000,6050.00000000000000000,0.00660350387154225,0.01094335385799846,0.43612696255273181,ok
q001799,0.05753400000000000,6070.00000000000000000,0.00990383690019893,0.01065606004111617,0.43036410853409840,ok
q001800,0.05753400000000000,6075.00000000000000000,0.01072722105540427,0.01059972572341710,0.42922501980273520,ok
q001801,0.05753400000000000,6080.00000000000000000,0.01154992780686762,0.01054343775234417,0.42808384095515917,ok
q001802,0.05753400000000000,6090.00000000000000000,0.01319331355059779,0.01043100054547767,0.42579513944274616,ok
q001803,0.05753400000000000,6100.00000000000000000,0.01483400300805764,0.01031874781319258,0.42349785479606578,ok
q001804,0.05753400000000000,6125.00000000000000000,0.01892398825958272,0.01008481868416815,0.41866992313679602,ok
q001805,0.05753400000000000,6150.00000000000000000,0.02299731364721850,0.01005804502969430,0.41811380141239540,ok
q001806,0.05753400000000000,6175.00000000000000000,0.02705411434283306,0.01003137999075012,0.41755919960302279,ok
q001807,0.05753400000000000,6200.00000000000000000,0.03109452387983800,0.01014245237287832,0.41986454629025399,ok
q001808,0.05753400000000000,6250.00000000000000000,0.03912669557710217,0.01056890994787489,0.42860063905914381,ok
q001809,0.05753400000000000,6300.00000000000000000,0.04709486522627897,0.01143468108635459,0.44580993621050757,ok
q001810,0.05753400000000000,6400.00000000000000000,0.06284322219441819,0.01399856911302345,0.49326413401944874,ok
q001811,0.05753400000000000,6500.00000000000000000,0.07834740873038350,0.01770755859920083,0.55477522640589561,ok
q001812,0.05753400000000000,6600.00000000000000000,0.09361488086117198,0.02232182904794360,0.62287744420044922,ok
q001813,0.05753400000000000,7200.00000000000000000,0.18062625785080164,0.05767181233933187,1.00119694364949585,ok
q001814,0.06027400000000000,3600.00000000000000000,-0.51266240391708529,0.44580795923460781,2.71962423170648737,ok
q001815,0.06027400000000000,3800.00000000000000000,-0.45859518264680960,0.38786127037277918,2.53672390134475778,ok
q001816,0.06027400000000000,4000.00000000000000000,-0.40730188825925906,0.32858617924715561,2.33485351798470608,ok
q001817,0.06027400000000000,4200.00000000000000000,-0.35851172408982712,0.27444365433403400,2.13383871226616462,ok
q001818,0.06027400000000000,4300.00000000000000000,-0.33498122667963293,0.24977951624196384,2.03569824951408007,ok
q001819,0.06027400000000000,4400.00000000000000000,-0.31199170845493412,0.22655111831963665,1.93873342674815752,ok
q001820,0.06027400000000000,4500.00000000000000000,-0.28951885260287563,0.20455427582448990,1.84221058832909534,ok
q001821,0.06027400000000000,4600.00000000000000000,-0.26753994588410029,0.18366092668572592,1.74559455577444522,ok
q001822,0.06027400000000000,4650.00000000000000000,-0.25672902977988471,0.17360339198956939,1.69712603691471964,ok
q001823,0.06027400000000000,4700.00000000000000000,-0.24603374066313682,0.16379705509546746,1.64849653175301003,ok
q001824,0.06027400000000000,4750.00000000000000000,-0.23545163133259978,0.15424249938812901,1.59969438397188091,ok
q001825,0.06027400000000000,4800.00000000000000000,-0.22498033146530441,0.14494200697143669,1.55071550197420893,ok
q001826,0.06027400000000000,4850.00000000000000000,-0.21461754442975789,0.13589744472799922,1.50155290493645666,ok
q001827,0.06027400000000000,4900.00000000000000000,-0.20436104426256868,0.12710964112321957,1.45219266692786952,ok
q001828,0.06027400000000000,4950.00000000000000000,-0.19420867279855072,0.11857876769342737,1.40261493670692849,ok
q001829,0.06027400000000000,5000.00000000000000000,-0.18415833694504932,0.11029819259796138,1.35275513471230857,ok
q001830,0.06027400000000000,5050.00000000000000000,-0.17420800609188114,0.10225802526908634,1.30251788083500752,ok
q001831,0.06027400000000000,5100.00000000000000000,-0.16435570964886956,0.09445346202226634,1.25182590220420753,ok
q001832,0.06027400000000000,5150.00000000000000000,-0.15459953470350490,0.08690176761301761,1.20074088418481928,ok
q001833,0.06027400000000000,5200.00000000000000000,-0.14493762379176806,0.07963483036036079,1.14944057281229761,ok
q001834,0.06027400000000000,5250.00000000000000000,-0.13536817277561725,0.07268515599676678,1.09814036773946322,ok
q001835,0.06027400000000000,5300.00000000000000000,-0.12588942882107351,0.06608228861621958,1.04707437395979874,ok
q001836,0.06027400000000000,5350.00000000000000000,-0.11649968847123453,0.05984676967094319,0.99644962926964820,ok
q001837,0.06027400000000000,5375.00000000000000000,-0.11183767536542316,0.05687125045014417,0.97136260851467282,ok
q001838,0.06027400000000000,5400.00000000000000000,-0.10719729580892091,0.05398623623642731,0.94640389392240176,ok
q001839,0.06027400000000000,5425.00000000000000000,-0.10257834995262645,0.05122528678966847,0.92188594195644036,ok
q001840,0.06027400000000000,5450.00000000000000000,-0.09798064070399695,0.04849808494285154,0.89701000698460043,ok
q001841,0.06027400000000000,5475.00000000000000000,-0.09340397367658509,0.04595350924003617,0.87316100901244087,ok
q001842,0.06027400000000000,5500.00000000000000000,-0.08884815714072446,0.04342052617742713,0.84875536819574693,ok
q001843,0.06027400000000000,5525.00000000000000000,-0.08431300197533313,0.04105234162073111,0.82528501634871221,ok
q001844,0.06027400000000000,5540.00000000000000000,-0.08160174861995718,0.03966148544137628,0.81118419626394289,ok
q001845,0.06027400000000000,5550.00000000000000000,-0.07979832162080647,0.03873633856020762,0.80166749930628933,ok
q001846,0.06027400000000000,5570.00000000000000000,-0.07620119543995704,0.03693779753812333,0.78283546318092900,ok
q001847,0.06027400000000000,5575.00000000000000000,-0.07530393203296723,0.03651666419650931,0.77836005845863609,ok
q001848,0.06027400000000000,5580.00000000000000000,-0.07440747298593010,0.03609590838371467,0.77386281881043872,ok
q001849,0.06027400000000000,5590.00000000000000000,-0.07261696221214187,0.03525552664131076,0.76480126280292027,ok
q001850,0.06027400000000000,5600.00000000000000000,-0.07082965163804610,0.03441664692248190,0.75564753738624990,ok
q001851,0.06027400000000000,5610.00000000000000000,-0.06904552984454468,0.03357926386763923,0.74639819194295620,ok
q001852,0.06027400000000000,5620.00000000000000000,-0.06726458547354991,0.03274337214582933,0.73704956663242704,ok
q001853,0.06027400000000000,5625.00000000000000000,-0.06637530128866589,0.03233864741529660,0.73248024923140120,ok
q001854,0.06027400000000000,5630.00000000000000000,-0.06548680722755069,0.03196024638245255,0.72818218958713676,ok
q001855,0.06027400000000000,5640.00000000000000000,-0.06371218386918216,0.03120445144683646,0.71952066117897640,ok
q001856,0.06027400000000000,5650.00000000000000000,-0.06194070422080011,0.03044999538691792,0.71076921405603311,ok
q001857,0.06027400000000000,5670.00000000000000000,-0.05840713163948894,0.02894508097846447,0.69298267572762606,ok
q001858,0.06027400000000000,5675.00000000000000000,-0.05752568601168326,0.02856968180523995,0.68847423926669504,ok
q001859,0.06027400000000000,5680.00000000000000000,-0.05664501664608965,0.02819461323458854,0.68394009416310098,ok
q001860,0.06027400000000000,5685.00000000000000000,-0.05576512217665026,0.02783264670508128,0.67953565127116744,ok
q001861,0.06027400000000000,5690.00000000000000000,-0.05488600124091006,0.02749623679333043,0.67541643274528429,ok
q001862,0.06027400000000000,5700.00000000000000000,-0.05313007453864525,0.02682430290695051,0.66711271061613142,ok
q001863,0.06027400000000000,5710.00000000000000000,-0.05137722571123085,0.02615354681939749,0.65871915142435455,ok
q001864,0.06027400000000000,5720.00000000000000000,-0.04962744398744315,0.02548396440888756,0.65023222359485866,ok
q001865,0.06027400000000000,5725.00000000000000000,-0.04875369993884632,0.02514961205037638,0.64595258149355050,ok
q001866,0.06027400000000000,5730.00000000000000000,-0.04788071865250147,0.02481555157523579,0.64164816923569190,ok
q001867,0.06027400000000000,5740.00000000000000000,-0.04613703904767460,0.02414830423970548,0.63296298330195055,ok
q001868,0.06027400000000000,5745.00000000000000000,-0.04526633807843063,0.02382320919384616,0.62868793397869016,ok
q001869,0.06027400000000000,5750.00000000000000000,-0.04439639456989056,0.02352771833653542,0.62477680703427785,ok
q001870,0.06027400000000000,5760.00000000000000000,-0.04265877467134974,0.02293750668662991,0.61689052126851796,ok
q001871,0.06027400000000000,5765.00000000000000000,-0.04179109565812726,0.02264278500301401,0.61291452649904055,ok
q001872,0.06027400000000000,5770.00000000000000000,-0.04092416885914153,0.02234831882153995,0.60891605116553060,ok
q001873,0.06027400000000000,5775.00000000000000000,-0.04005799297129247,0.02205410769958798,0.60489464339496624,ok
q001874,0.06027400000000000,5780.00000000000000000,-0.03919256669486360,0.02176015119568767,0.60084983664127900,ok
q001875,0.06027400000000000,5785.00000000000000000,-0.03832788873350979,0.02146644886951373,0.59678114900976409,ok
q001876,0.06027400000000000,5790.00000000000000000,-0.03746395779424581,0.02117300028188211,0.59268808254102057,ok
q001877,0.06027400000000000,5800.00000000000000000,-0.03573833182677601,0.02058686257119208,0.58442673632679687,ok
q001878,0.06027400000000000,5810.00000000000000000,-0.03401567851532979,0.02003877922480591,0.57659466984418828,ok
q001879,0.06027400000000000,5815.00000000000000000,-0.03315546340852189,0.01978485662297173,0.57292984597111163,ok
q001880,0.06027400000000000,5820.00000000000000000,-0.03229598763580318,0.01953115226147542,0.56924460851218861,ok
q001881,0.06027400000000000,5825.00000000000000000,-0.03143724992738536,0.01927766576549452,0.56553855290441968,ok
q001882,0.06027400000000000,5830.00000000000000000,-0.03057924901674861,0.01902439676117136,0.56181126163947326,ok
q001883,0.06027400000000000,5835.00000000000000000,-0.02972198364063031,0.01877134487560975,0.55806230367643184,ok
q001884,0.06027400000000000,5840.00000000000000000,-0.02886545253901403,0.01851850973687175,0.55429123381988177,ok
q001885,0.06027400000000000,5850.00000000000000000,-0.02715458813538458,0.01801348821688572,0.54668090287758742,ok
q001886,0.06027400000000000,5860.00000000000000000,-0.02544664579022844,0.01750932924474892,0.53897639809085329,ok
q001887,0.06027400000000000,5865.00000000000000000,-0.02459376727371089,0.01725757229436677,0.53508754696850747,ok
q001888,0.06027400000000000,5870.00000000000000000,-0.02374161553914459,0.01703070904497834,0.53155885571115369,ok
q001889,0.06027400000000000,5875.00000000000000000,-0.02289018934892700,0.01682133791416175,0.52828132776603653,ok
q001890,0.06027400000000000,5880.00000000000000000,-0.02203948746861410,0.01661214489577057,0.52498615266810322,ok
q001891,0.06027400000000000,5885.00000000000000000,-0.02118950866690961,0.01640312968702120,0.52167299119518262,ok
q001892,0.06027400000000000,5890.00000000000000000,-0.02034025171565430,0.01619429198590146,0.51834149361536630,ok
q001893,0.06027400000000000,5900.00000000000000000,-0.01864389846747586,0.01577714790234354,0.51162203586349297,ok
q001894,0.06027400000000000,5910.00000000000000000,-0.01695041796114278,0.01536071024432857,0.50482475315245490,ok
q001895,0.06027400000000000,5925.00000000000000000,-0.01441556235795481,0.01473737308346367,0.49447578902037892,ok
q001896,0.06027400000000000,5935.00000000000000000,-0.01272922131751832,0.01437209075738795,0.48830926964127847,ok
q001897,0.06027400000000000,5940.00000000000000000,-0.01188711600459611,0.01421086970122671,0.48556270465008611,ok
q001898,0.06027400000000000,5945.00000000000000000,-0.01104571923640451,0.01404978429594910,0.48280284593928202,ok
q001899,0.06027400000000000,5950.00000000000000000,-0.01020502982161126,0.01388883431347457,0.48002946027658228,ok
q001900,0.06027400000000000,5955.00000000000000000,-0.00936504657188622,0.01372801952629732,0.47724230788107075,ok
q001901,0.06027400000000000,5960.00000000000000000,-0.00852576830189125,0.01356733970748436,0.47444114216277555,ok
q001902,0.06027400000000000,5965.00000000000000000,-0.00768719382927020,0.01340679463067363,0.47162570944879673,ok
q001903,0.06027400000000000,5970.00000000000000000,-0.00684932197463891,0.01324638407007204,0.46879574869512758,ok
q001904,0.06027400000000000,5975.00000000000000000,-0.00601215156157525,0.01308610780045357,0.46595099118324629,ok
q001905,0.06027400000000000,5980.00000000000000000,-0.00517568141660924,0.01292596559715741,0.46309116020048213,ok
q001906,0.06027400000000000,5985.00000000000000000,-0.00433991036921324,0.01276595723608605,0.46021597070308456,ok
q001907,0.06027400000000000,5990.00000000000000000,-0.00350483725179173,0.01260608249370334,0.45732512896083533,ok
q001908,0.06027400000000000,5995.00000000000000000,-0.00267046089967213,0.01246779900835857,0.45480987883703156,ok
q001909,0.06027400000000000,6000.00000000000000000,-0.00183678015109469,0.01235790431867367,0.45280103126027721,ok
q001910,0.06027400000000000,6010.00000000000000000,-0.00017150083203346,0.01213838940925640,0.44876143290122572,ok
q001911,0.06027400000000000,6015.00000000000000000,0.00066010004749253,0.01202876888514914,0.44673047840536156,ok
q001912,0.06027400000000000,6020.00000000000000000,0.00149100994158001,0.01191923944582520,0.44469194752286434,ok
q001913,0.06027400000000000,6025.00000000000000000,0.00232122999756904,0.01180980094004373,0.44264573274405727,ok
q001914,0.06027400000000000,6030.00000000000000000,0.00315076135994443,0.01170045321694027,0.44059172417084969,ok
q001915,0.06027400000000000,6040.00000000000000000,0.00480776256757395,0.01148202951718391,0.43645987365287892,ok
q001916,0.06027400000000000,6050.00000000000000000,0.00646202266360048,0.01126396714712062,0.43229546608274372,ok
q001917,0.06027400000000000,6075.00000000000000000,0.01058573984746258,0.01090929065497969,0.42543503291646362,ok
q001918,0.06027400000000000,6100.00000000000000000,0.01469252180011581,0.01062568167084272,0.41986859670406013,ok
q001919,0.06027400000000000,6150.00000000000000000,0.02285583243927682,0.01034347471072979,0.41425544125140223,ok
q001920,0.06027400000000000,6175.00000000000000000,0.02691263313489125,0.01030767991502588,0.41353803050612248,ok
q001921,0.06027400000000000,6200.00000000000000000,0.03095304267189627,0.01039488653562333,0.41528368512582764,ok
q001922,0.06027400000000000,6300.00000000000000000,0.04695338401833733,0.01156414637476741,0.43801782384831839,ok
q001923,0.06027400000000000,6400.00000000000000000,0.06270174098647643,0.01389062884044516,0.48006047072605756,ok
q001924,0.06027400000000000,6500.00000000000000000,0.07820592752244183,0.01727966758958252,0.53542998028538547,ok
q001925,0.06301400000000000,3600.00000000000000000,-0.51277363414425081,0.43191235764759223,2.61805816337083197,ok
q001926,0.06301400000000000,3800.00000000000000000,-0.45870641287397490,0.37907734400498488,2.45270541689743649,ok
q001927,0.06301400000000000,4000.00000000000000000,-0.40741311848642442,0.32246219605783205,2.26214729325698016,ok
q001928,0.06301400000000000,4200.00000000000000000,-0.35862295431699243,0.26902788482363743,2.06623695275884600,ok
q001929,0.06301400000000000,4300.00000000000000000,-0.33509245690679834,0.24465053803815875,1.97040074616513627,ok
q001930,0.06301400000000000,4400.00000000000000000,-0.31210293868209960,0.22171852555012661,1.87578244293601570,ok
q001931,0.06301400000000000,4500.00000000000000000,-0.28963008283004088,0.20010157142278950,1.78199600184060336,ok
q001932,0.06301400000000000,4600.00000000000000000,-0.26765117611126565,0.17969725965268177,1.68869883130818055,ok
q001933,0.06301400000000000,4700.00000000000000000,-0.24614497089030213,0.16040566482907639,1.59547986036986700,ok
q001934,0.06301400000000000,4800.00000000000000000,-0.22509156169246980,0.14215248710860343,1.50196117658139827,ok
q001935,0.06301400000000000,4900.00000000000000000,-0.20447227448973412,0.12488112414943967,1.40776406614828664,ok
q001936,0.06301400000000000,5000.00000000000000000,-0.18426956717221471,0.10855273217114429,1.31250768524559169,ok
q001937,0.06301400000000000,5100.00000000000000000,-0.16446693987603500,0.09311228077494425,1.21558395238804184,ok
q001938,0.06301400000000000,5150.00000000000000000,-0.15471076493067026,0.08573734134276119,1.16645095171202295,ok
q001939,0.06301400000000000,5200.00000000000000000,-0.14504885401893330,0.07863481030849100,1.11709188626439593,ok
q001940,0.06301400000000000,5250.00000000000000000,-0.13547940300278269,0.07184125282137110,1.06774715844727042,ok
q001941,0.06301400000000000,5300.00000000000000000,-0.12600065904823884,0.06538992452883974,1.01867792208094565,ok
q001942,0.06301400000000000,5350.00000000000000000,-0.11661091869839990,0.05930334517820553,0.97011020143896198,ok
q001943,0.06301400000000000,5375.00000000000000000,-0.11194890559258855,0.05640352124983308,0.94609464541093280,ok
q001944,0.06301400000000000,5400.00000000000000000,-0.10730852603608633,0.05358806718333384,0.92217962449646784,ok
q001945,0.06301400000000000,5425.00000000000000000,-0.10268958017979175,0.05089880006567390,0.89874243475790228,ok
q001946,0.06301400000000000,5450.00000000000000000,-0.09809187093116238,0.04823778597342496,0.87493372852901874,ok
q001947,0.06301400000000000,5475.00000000000000000,-0.09351520390375055,0.04575817457994622,0.85214955424006522,ok
q001948,0.06301400000000000,5500.00000000000000000,-0.08895938736788980,0.04328985986068477,0.82884737359554561,ok
q001949,0.06301400000000000,5525.00000000000000000,-0.08442423220249851,0.04097462079210398,0.80637851350623757,ok
q001950,0.06301400000000000,5540.00000000000000000,-0.08171297884712256,0.03961703300572734,0.79290736039457266,ok
q001951,0.06301400000000000,5550.00000000000000000,-0.07990955184797184,0.03871401504806791,0.78381863229524873,ok
q001952,0.06301400000000000,5560.00000000000000000,-0.07810937134382397,0.03781262268617054,0.77463992401184978,ok
q001953,0.06301400000000000,5570.00000000000000000,-0.07631242566712243,0.03695265801108924,0.76578052446275191,ok
q001954,0.06301400000000000,5575.00000000000000000,-0.07541516226013263,0.03654057207206804,0.76149866594649840,ok
q001955,0.06301400000000000,5580.00000000000000000,-0.07451870321309551,0.03612885555123978,0.75719646546204489,ok
q001956,0.06301400000000000,5590.00000000000000000,-0.07272819243930728,0.03530652811896493,0.74852960589700235,ok
q001957,0.06301400000000000,5600.00000000000000000,-0.07094088186521151,0.03448567044159711,0.73977697906884721,ok
q001958,0.06301400000000000,5610.00000000000000000,-0.06915676007171009,0.03366627727469001,0.73093544697822166,ok
q001959,0.06301400000000000,5625.00000000000000000,-0.06648653151583120,0.03244739405404346,0.71758175380724243,ok
q001960,0.06301400000000000,5630.00000000000000000,-0.06559803745471601,0.03207619019530206,0.71346531641369926,ok
q001961,0.06301400000000000,5640.00000000000000000,-0.06382341409634749,0.03133477045231333,0.70517147207783915,ok
q001962,0.06301400000000000,5650.00000000000000000,-0.06205193444796543,0.03059466411965429,0.69679386872356497,ok
q001963,0.06301400000000000,5660.00000000000000000,-0.06028358739122344,0.02985586655219194,0.68832939453752073,ok
q001964,0.06301400000000000,5670.00000000000000000,-0.05851836186665429,0.02911837312939241,0.67977475047829272,ok
q001965,0.06301400000000000,5675.00000000000000000,-0.05763691623884861,0.02875011403500800,0.67546252865911072,ok
q001966,0.06301400000000000,5680.00000000000000000,-0.05675624687325512,0.02838217925514764,0.67112643411146511,ok
q001967,0.06301400000000000,5690.00000000000000000,-0.05499723146807553,0.02769138895789099,0.66290889367892147,ok
q001968,0.06301400000000000,5700.00000000000000000,-0.05324130476581061,0.02703061603527196,0.65495196196383254,ok
q001969,0.06301400000000000,5710.00000000000000000,-0.05148845593839622,0.02637100134799260,0.64691137279019018,ok
q001970,0.06301400000000000,5720.00000000000000000,-0.04973867421460852,0.02571254084273279,0.63878391674300583,ok
q001971,0.06301400000000000,5725.00000000000000000,-0.04886493016601171,0.02538374214750957,0.63468655642554406,ok
q001972,0.06301400000000000,5730.00000000000000000,-0.04799194887966685,0.02505523048741251,0.63056618417574861,ok
q001973,0.06301400000000000,5740.00000000000000000,-0.04624826927483999,0.02439906627104375,0.62225454727325469,ok
q001974,0.06301400000000000,5750.00000000000000000,-0.04450762479705595,0.02378333419529540,0.61435280417873550,ok
q001975,0.06301400000000000,5760.00000000000000000,-0.04277000489851514,0.02320154829255551,0.60679215785334206,ok
q001976,0.06301400000000000,5770.00000000000000000,-0.04103539908630681,0.02262077155927745,0.59914947439378696,ok
q001977,0.06301400000000000,5775.00000000000000000,-0.04016922319845776,0.02233076053830160,0.59529636809436415,ok
q001978,0.06301400000000000,5780.00000000000000000,-0.03930379692202889,0.02204100050049942,0.59142152652835067,ok
q001979,0.06301400000000000,5790.00000000000000000,-0.03757518802141111,0.02146223163938391,0.58360487984680143,ok
q001980,0.06301400000000000,5800.00000000000000000,-0.03584956205394144,0.02088446151709259,0.57569587370067066,ok
q001981,0.06301400000000000,5825.00000000000000000,-0.03154848015455081,0.01958635966801295,0.55751728723507110,ok
q001982,0.06301400000000000,5830.00000000000000000,-0.03069047924391405,0.01933599965390845,0.55394263240520492,ok
q001983,0.06301400000000000,5840.00000000000000000,-0.02897668276617936,0.01883592313298790,0.54673254977928631,ok
q001984,0.06301400000000000,5845.00000000000000000,-0.02812088468228331,0.01858620589178380,0.54309630443954682,ok
q001985,0.06301400000000000,5850.00000000000000000,-0.02726581836254992,0.01833670217539513,0.53943868913288384,ok
q001986,0.06301400000000000,5860.00000000000000000,-0.02555787601739378,0.01783833385862304,0.53205756140952087,ok
q001987,0.06301400000000000,5865.00000000000000000,-0.02470499750087624,0.01758946853135167,0.52833311745511091,ok
q001988,0.06301400000000000,5870.00000000000000000,-0.02385284576630994,0.01735932120064066,0.52486528023210821,ok
q001989,0.06301400000000000,5875.00000000000000000,-0.02300141957609236,0.01715132447001233,0.52171137662299727,ok
q001990,0.06301400000000000,5885.00000000000000000,-0.02130073889407497,0.01673586153762125,0.51535383566002080,ok
q001991,0.06301400000000000,5890.00000000000000000,-0.02045148194281967,0.01652839473503283,0.51214957163078723,ok
q001992,0.06301400000000000,5895.00000000000000000,-0.01960294561698075,0.01632110397557338,0.50892787821876784,ok
q001993,0.06301400000000000,5900.00000000000000000,-0.01875512869464123,0.01611398896073819,0.50568841761736305,ok
q001994,0.06301400000000000,5925.00000000000000000,-0.01452679258512020,0.01508103966121838,0.48921201726418517,ok
q001995,0.06301400000000000,5935.00000000000000000,-0.01284045154468371,0.01471072231985680,0.48316834617140081,ok
q001996,0.06301400000000000,5940.00000000000000000,-0.01199834623176151,0.01454906198861262,0.48050617461369438,ok
q001997,0.06301400000000000,5950.00000000000000000,-0.01031626004877667,0.01422614915888709,0.47514389624546344,ok
q001998,0.06301400000000000,5965.00000000000000000,-0.00779842405643561,0.01374279607430918,0.46700230783787555,ok
q001999,0.06301400000000000,5970.00000000000000000,-0.00696055220180432,0.01358194844696214,0.46426133354135507,ok
q002000,0.06301400000000000,5975.00000000000000000,-0.00612338178874067,0.01342123547649759,0.46150639546300060,ok
q002001,0.06301400000000000,5980.00000000000000000,-0.00528691164377466,0.01326065693764259,0.45873723812864542,ok
q002002,0.06301400000000000,5985.00000000000000000,-0.00445114059637855,0.01310021260568901,0.45595359855311202,ok
q002003,0.06301400000000000,5990.00000000000000000,-0.00361606747895704,0.01293990225649169,0.45315520592738057,ok
q002004,0.06301400000000000,5995.00000000000000000,-0.00278169112683745,0.01279393044973637,0.45059199130786409,ok
q002005,0.06301400000000000,6000.00000000000000000,-0.00194801037826001,0.01268152089282586,0.44860813676074551,ok
q002006,0.06301400000000000,6015.00000000000000000,0.00054886982032720,0.01234485341278540,0.44261328424383106,ok
q002007,0.06301400000000000,6020.00000000000000000,0.00137977971441457,0.01223281746474858,0.44060023389497044,ok
q002008,0.06301400000000000,6025.00000000000000000,0.00220999977040371,0.01212087453120814,0.43857962665866235,ok
q002009,0.06301400000000000,6030.00000000000000000,0.00303953113277898,0.01200902445784721,0.43655135479737994,ok
q002010,0.06301400000000000,6040.00000000000000000,0.00469653234040850,0.01178560227631353,0.43247137414141656,ok
q002011,0.06301400000000000,6050.00000000000000000,0.00635079243643502,0.01156254969326374,0.42835938050577954,ok
q002012,0.06301400000000000,6060.00000000000000000,0.00800232047490802,0.01136560631573158,0.42469561810894230,ok
q002013,0.06301400000000000,6075.00000000000000000,0.01047450962029721,0.01118145167482568,0.42124093810298474,ok
q002014,0.06301400000000000,6100.00000000000000000,0.01458129157295054,0.01087553537502305,0.41543855439932592,ok
q002015,0.06301400000000000,6125.00000000000000000,0.01867127682447557,0.01059980313861442,0.41013834580612074,ok
q002016,0.06301400000000000,6150.00000000000000000,0.02274460221211152,0.01053716135601145,0.40892465027262409,ok
q002017,0.06301400000000000,6200.00000000000000000,0.03084181244473094,0.01052995613786661,0.40878481682688667,ok
q002018,0.06301400000000000,6250.00000000000000000,0.03887398414199503,0.01086522031258489,0.41524149324002535,ok
q002019,0.06301400000000000,6300.00000000000000000,0.04684215379117194,0.01160839901893324,0.42920783339930890,ok
q002020,0.06301400000000000,6400.00000000000000000,0.06259051075931120,0.01388618735931557,0.46943231886169490,ok
q002021,0.06301400000000000,6500.00000000000000000,0.07809469729527634,0.01720145795579788,0.52247330392576286,ok
q002022,0.06301400000000000,6600.00000000000000000,0.09336216942606486,0.02122462393317140,0.58036535288122593,ok
q002023,0.06301400000000000,6800.00000000000000000,0.12321513257574598,0.03082095453014649,0.69936600485242306,ok
q002024,0.06575300000000001,3400.00000000000000000,-0.57001133145886573,0.45250744825034023,2.62334301123506108,ok
q002025,0.06575300000000001,3600.00000000000000000,-0.51285291761891727,0.41718878799146047,2.51888608862204411,ok
q002026,0.06575300000000001,3800.00000000000000000,-0.45878569634864147,0.37019701831360979,2.37278655059518773,ok
q002027,0.06575300000000001,4000.00000000000000000,-0.40749240196109093,0.31668823468064383,2.19461416682782096,ok
q002028,0.06575300000000001,4200.00000000000000000,-0.35870223779165888,0.26471508335781946,2.00646485807225794,ok
q002029,0.06575300000000001,4400.00000000000000000,-0.31218222215676600,0.21916894167269982,1.82570968346320872,ok
q002030,0.06575300000000001,4500.00000000000000000,-0.28970936630470739,0.19822426142296212,1.73628341934238195,ok
q002031,0.06575300000000001,4600.00000000000000000,-0.26773045958593217,0.17825955840458799,1.64652612883104110,ok
q002032,0.06575300000000001,4700.00000000000000000,-0.24622425436496856,0.15919743600852132,1.55600234870649645,ok
q002033,0.06575300000000001,4800.00000000000000000,-0.22517084516713620,0.14100839832213607,1.46441680353831050,ok
q002034,0.06575300000000001,4900.00000000000000000,-0.20455155796440050,0.12368813655170641,1.37153292298966001,ok
q002035,0.06575300000000001,5000.00000000000000000,-0.18434885064688106,0.10730728896932067,1.27748798803899022,ok
q002036,0.06575300000000001,5100.00000000000000000,-0.16454622335070146,0.09188894747698990,1.18215344533381117,ok
q002037,0.06575300000000001,5150.00000000000000000,-0.15479004840533678,0.08457678378469709,1.13414294834707796,ok
q002038,0.06575300000000001,5200.00000000000000000,-0.14512813749359987,0.07755940089501197,1.08607404900229132,ok
q002039,0.06575300000000001,5250.00000000000000000,-0.13555868647744915,0.07090582042371710,1.03844418084290546,ok
q002040,0.06575300000000001,5300.00000000000000000,-0.12607994252290539,0.06464090541667700,0.99150733010273462,ok
q002041,0.06575300000000001,5350.00000000000000000,-0.11669020217306635,0.05873890039806104,0.94515953483408799,ok
q002042,0.06575300000000001,5375.00000000000000000,-0.11202818906725504,0.05587931665948569,0.92186591363681369,ok
q002043,0.06575300000000001,5400.00000000000000000,-0.10738780951075283,0.05319061004343246,0.89941411606955823,ok
q002044,0.06575300000000001,5425.00000000000000000,-0.10276886365445827,0.05055296308842200,0.87683024526135889,ok
q002045,0.06575300000000001,5450.00000000000000000,-0.09817115440582881,0.04798291721913023,0.85425108270938954,ok
q002046,0.06575300000000001,5475.00000000000000000,-0.09359448737841700,0.04556119982978734,0.83241479392795048,ok
q002047,0.06575300000000001,5500.00000000000000000,-0.08903867084255628,0.04315051535974208,0.81009361149687154,ok
q002048,0.06575300000000001,5525.00000000000000000,-0.08450351567716499,0.04089078894180032,0.78859670607287347,ok
q002049,0.06575300000000001,5540.00000000000000000,-0.08179226232178904,0.03956862259498085,0.77574266895651667,ok
q002050,0.06575300000000001,5550.00000000000000000,-0.07998883532263837,0.03868916568900976,0.76707335260731546,ok
q002051,0.06575300000000001,5560.00000000000000000,-0.07818865481849052,0.03781129196464336,0.75832080667073021,ok
q002052,0.06575300000000001,5570.00000000000000000,-0.07639170914178878,0.03693499573209583,0.74948205752747821,ok
q002053,0.06575300000000001,5575.00000000000000000,-0.07549444573479905,0.03652946731245732,0.74535622580224292,ok
q002054,0.06575300000000001,5580.00000000000000000,-0.07459798668776189,0.03612967982232025,0.74126632370699774,ok
q002055,0.06575300000000001,5590.00000000000000000,-0.07280747591397368,0.03533117841761916,0.73302920044330833,ok
q002056,0.06575300000000001,5600.00000000000000000,-0.07102016533987796,0.03453410418330273,0.72471343285890311,ok
q002057,0.06575300000000001,5610.00000000000000000,-0.06923604354637658,0.03373845202687668,0.71631622793566296,ok
q002058,0.06575300000000001,5620.00000000000000000,-0.06745509917538184,0.03294421688305508,0.70783463293415083,ok
q002059,0.06575300000000001,5625.00000000000000000,-0.06656581499049767,0.03254762911536122,0.70356121955428896,ok
q002060,0.06575300000000001,5630.00000000000000000,-0.06567732092938244,0.03215139371356687,0.69926552229684358,ok
q002061,0.06575300000000001,5640.00000000000000000,-0.06390269757101395,0.03139205560184039,0.69095870279937655,ok
q002062,0.06575300000000001,5650.00000000000000000,-0.06213121792263192,0.03067844391129053,0.68306003720171737,ok
q002063,0.06575300000000001,5660.00000000000000000,-0.06036287086588996,0.02996609413420274,0.67508317383441097,ok
q002064,0.06575300000000001,5670.00000000000000000,-0.05859764534132084,0.02925500181545099,0.66702525644514221,ok
q002065,0.06575300000000001,5675.00000000000000000,-0.05771619971351512,0.02889992581716859,0.66296496417171280,ok
q002066,0.06575300000000001,5680.00000000000000000,-0.05683553034792147,0.02854516252346056,0.65888326010668175,ok
q002067,0.06575300000000001,5690.00000000000000000,-0.05507651494274192,0.02783657185004249,0.65065397692783400,ok
q002068,0.06575300000000001,5700.00000000000000000,-0.05332058824047703,0.02712922541022912,0.64233400017188724,ok
q002069,0.06575300000000001,5710.00000000000000000,-0.05156773941306267,0.02648850007975579,0.63470350593258085,ok
q002070,0.06575300000000001,5720.00000000000000000,-0.04981795768927501,0.02586184984330808,0.62715083768859969,ok
q002071,0.06575300000000001,5725.00000000000000000,-0.04894421364067815,0.02554893543392518,0.62334519797300925,ok
q002072,0.06575300000000001,5730.00000000000000000,-0.04807123235433325,0.02523629419298326,0.61951953393096937,ok
q002073,0.06575300000000001,5740.00000000000000000,-0.04632755274950642,0.02461182931156448,0.61180660466754355,ok
q002074,0.06575300000000001,5750.00000000000000000,-0.04458690827172242,0.02398845140176805,0.60400887513440593,ok
q002075,0.06575300000000001,5760.00000000000000000,-0.04284928837318164,0.02336615668610500,0.59612296940419152,ok
q002076,0.06575300000000001,5770.00000000000000000,-0.04111468256097334,0.02275879981134568,0.58832444211707413,ok
q002077,0.06575300000000001,5775.00000000000000000,-0.04024850667312425,0.02248868081728086,0.58482267650936204,ok
q002078,0.06575300000000001,5780.00000000000000000,-0.03938308039669534,0.02221879559130588,0.58130287456090823,ok
q002079,0.06575300000000001,5790.00000000000000000,-0.03765447149607759,0.02167972482760008,0.57420781182421077,ok
q002080,0.06575300000000001,5800.00000000000000000,-0.03592884552860784,0.02114158429863368,0.56703645187808271,ok
q002081,0.06575300000000001,5810.00000000000000000,-0.03420619221716165,0.02060437079946116,0.55978581888628742,ok
q002082,0.06575300000000001,5820.00000000000000000,-0.03248650133763508,0.02006808114167161,0.55245274772810882,ok
q002083,0.06575300000000001,5825.00000000000000000,-0.03162776362921722,0.01980028176141020,0.54875425276466583,ok
q002084,0.06575300000000001,5830.00000000000000000,-0.03076976271858043,0.01953271215327504,0.54503386670548393,ok
q002085,0.06575300000000001,5840.00000000000000000,-0.02905596624084577,0.01903432277449337,0.53803549613502577,ok
q002086,0.06575300000000001,5850.00000000000000000,-0.02734510183721636,0.01858393423056509,0.53163191378812091,ok
q002087,0.06575300000000001,5860.00000000000000000,-0.02563715949206026,0.01813431492449008,0.52516139168451548,ok
q002088,0.06575300000000001,5865.00000000000000000,-0.02478428097554268,0.01790979291538919,0.52190023922981477,ok
q002089,0.06575300000000001,5870.00000000000000000,-0.02393212924097645,0.01768546223311943,0.51862138586957074,ok
q002090,0.06575300000000001,5875.00000000000000000,-0.02308070305075883,0.01746132255187934,0.51532448891984284,ok
q002091,0.06575300000000001,5880.00000000000000000,-0.02223000117044589,0.01723737354669904,0.51200919499900066,ok
q002092,0.06575300000000001,5890.00000000000000000,-0.02053076541748612,0.01679004626877866,0.50532194636175498,ok
q002093,0.06575300000000001,5895.00000000000000000,-0.01968222909164728,0.01656666735023078,0.50194922699550903,ok
q002094,0.06575300000000001,5900.00000000000000000,-0.01883441216930772,0.01634347781612146,0.49855658026769345,ok
q002095,0.06575300000000001,5905.00000000000000000,-0.01798731343165592,0.01613078351912915,0.49530184440438624,ok
q002096,0.06575300000000001,5910.00000000000000000,-0.01714093166297467,0.01595281880681426,0.49256202951916400,ok
q002097,0.06575300000000001,5915.00000000000000000,-0.01629526565063136,0.01577500459321695,0.48980922574726388,ok
q002098,0.06575300000000001,5920.00000000000000000,-0.01545031418506721,0.01559734062400899,0.48704320887549823,ok
q002099,0.06575300000000001,5925.00000000000000000,-0.01460607605978660,0.01541982664550621,0.48426374850872739,ok
q002100,0.06575300000000001,5940.00000000000000000,-0.01207762970642789,0.01488818212700457,0.47584230460184107,ok
q002101,0.06575300000000001,5950.00000000000000000,-0.01039554352344308,0.01453449777944335,0.47015626621052792,ok
q002102,0.06575300000000001,5970.00000000000000000,-0.00703983567647080,0.01382890887890532,0.45860223959070445,ok
q002103,0.06575300000000001,5975.00000000000000000,-0.00620266526340711,0.01367383527091061,0.45602367022394807,ok
q002104,0.06575300000000001,5980.00000000000000000,-0.00536619511844117,0.01354624125771985,0.45389104748623349,ok
q002105,0.06575300000000001,5990.00000000000000000,-0.00369535095362347,0.01329137297139966,0.44960086309998198,ok
q002106,0.06575300000000001,5995.00000000000000000,-0.00286097460150395,0.01316409834250930,0.44744305628554709,ok
q002107,0.06575300000000001,6000.00000000000000000,-0.00202729385292647,0.01303692982003297,0.44527660487408149,ok
q002108,0.06575300000000001,6005.00000000000000000,-0.00119430754903468,0.01290986722720029,0.44310137903414570,ok
q002109,0.06575300000000001,6030.00000000000000000,0.00296024765811265,0.01227613705154158,0.43208886829154047,ok
q002110,0.06575300000000001,6050.00000000000000000,0.00627150896176863,0.01184731371154660,0.42447504012155807,ok
q002111,0.06575300000000001,6075.00000000000000000,0.01039522614563069,0.01147588202562417,0.41776807718361109,ok
q002112,0.06575300000000001,6100.00000000000000000,0.01450200809828410,0.01110597573079886,0.41097989214471220,ok
q002113,0.06575300000000001,6125.00000000000000000,0.01859199334980922,0.01086393300848197,0.40647679093851014,ok
q002114,0.06575300000000001,6150.00000000000000000,0.02266531873744504,0.01076435451156452,0.40460962521547217,ok
q002115,0.06575300000000001,6175.00000000000000000,0.02672211943305943,0.01066517998531892,0.40274143047699135,ok
q002116,0.06575300000000001,6200.00000000000000000,0.03076252897006441,0.01072129040180345,0.40379946910719211,ok
q002117,0.06575300000000001,6250.00000000000000000,0.03879470066732867,0.01102662836796702,0.40950912420924745,ok
q002118,0.06575300000000001,6300.00000000000000000,0.04676287031650555,0.01172568373923595,0.42229049074936753,ok
q002119,0.06575300000000001,6400.00000000000000000,0.06251122728464473,0.01381572524185740,0.45838358578370564,ok
q002120,0.06575300000000001,6500.00000000000000000,0.07801541382060999,0.01698053035994394,0.50818031616497306,ok
q002121,0.06575300000000001,6600.00000000000000000,0.09328288595139843,0.02091569455757855,0.56399903288285436,ok
q002122,0.06849300000000000,3400.00000000000000000,-0.57035411640367395,0.48198821432942190,2.65274262051655940,ok
q002123,0.06849300000000000,3600.00000000000000000,-0.51319570256372538,0.41960734829922708,2.47513247382567281,ok
q002124,0.06849300000000000,3800.00000000000000000,-0.45912848129344952,0.36110474459767089,2.29611429807749534,ok
q002125,0.06849300000000000,4000.00000000000000000,-0.40783518690589915,0.30805842395506433,2.12076940863505614,ok
q002126,0.06849300000000000,4200.00000000000000000,-0.35904502273646710,0.26020782449630714,1.94911328442956200,ok
q002127,0.06849300000000000,4400.00000000000000000,-0.31252500710157421,0.21675326456123845,1.77893356388715529,ok
q002128,0.06849300000000000,4500.00000000000000000,-0.29005215124951556,0.19634226915239456,1.69310467371409734,ok
q002129,0.06849300000000000,4600.00000000000000000,-0.26807324453074033,0.17671794377032810,1.60626512607341132,ok
q002130,0.06849300000000000,4650.00000000000000000,-0.25726232842652474,0.16719710400943133,1.56239658503226808,ok
q002131,0.06849300000000000,4700.00000000000000000,-0.24656703930977683,0.15788373075883130,1.51825806117258133,ok
q002132,0.06849300000000000,4750.00000000000000000,-0.23598492997923978,0.14879243759660682,1.47389767899066504,ok
q002133,0.06849300000000000,4800.00000000000000000,-0.22551363011194439,0.13993626655801694,1.42936139114984417,ok
q002134,0.06849300000000000,4850.00000000000000000,-0.21515084307639784,0.13132544989707767,1.38468616902172625,ok
q002135,0.06849300000000000,4875.00000000000000000,-0.21000944357597912,0.12713897980231742,1.36243648983240684,ok
q002136,0.06849300000000000,4900.00000000000000000,-0.20489434290920877,0.12297392397046109,1.33993404311550335,ok
q002137,0.06849300000000000,4925.00000000000000000,-0.19980527340173745,0.11890279911324976,1.31756771599024702,ok
q002138,0.06849300000000000,4950.00000000000000000,-0.19474197144519079,0.11486687903225828,1.29501356108854804,ok
q002139,0.06849300000000000,4975.00000000000000000,-0.18970417741523360,0.11089698599398259,1.27243842976042365,ok
q002140,0.06849300000000000,5000.00000000000000000,-0.18469163559168925,0.10698573303415654,1.24979803915992393,ok
q002141,0.06849300000000000,5025.00000000000000000,-0.17970409408065025,0.10311228703759159,1.22696483353141916,ok
q002142,0.06849300000000000,5050.00000000000000000,-0.17474130473852120,0.09932211746435372,1.20420351486490684,ok
q002143,0.06849300000000000,5060.00000000000000000,-0.17276306472641548,0.09781130074707024,1.19500967887842546,ok
q002144,0.06849300000000000,5070.00000000000000000,-0.17078873042269788,0.09630346688802920,1.18576292311717513,ok
q002145,0.06849300000000000,5075.00000000000000000,-0.16980302309793871,0.09555066485415985,1.18111928947284617,ok
q002146,0.06849300000000000,5080.00000000000000000,-0.16881828643539915,0.09480601575203886,1.17650791546665445,ok
q002147,0.06849300000000000,5090.00000000000000000,-0.16685171746335831,0.09334312254180871,1.16739564300116316,ok
q002148,0.06849300000000000,5100.00000000000000000,-0.16488900829550959,0.09188310056641739,1.15822977839519270,ok
q002149,0.06849300000000000,5110.00000000000000000,-0.16293014381017662,0.09042593857713778,1.14900896763852489,ok
q002150,0.06849300000000000,5120.00000000000000000,-0.16097510897437328,0.08897162539121779,1.13973180550806541,ok
q002151,0.06849300000000000,5125.00000000000000000,-0.15999902300131774,0.08824553362282077,1.13507163886071916,ok
q002152,0.06849300000000000,5130.00000000000000000,-0.15902388884311153,0.08752014989136539,1.13039683278366176,ok
q002153,0.06849300000000000,5140.00000000000000000,-0.15707646855871596,0.08608477308714059,1.12108895816578591,ok
q002154,0.06849300000000000,5150.00000000000000000,-0.15513283335014494,0.08469060542711436,1.11197372248812631,ok
q002155,0.06849300000000000,5160.00000000000000000,-0.15319296853231834,0.08329914226473169,1.10280104853024974,ok
q002156,0.06849300000000000,5170.00000000000000000,-0.15125685950545195,0.08191037312758145,1.09356942103812615,ok
q002157,0.06849300000000000,5175.00000000000000000,-0.15029020887435687,0.08121699556245311,1.08893100970973000,ok
q002158,0.06849300000000000,5180.00000000000000000,-0.14932449175439802,0.08052428760396219,1.08427726410898062,ok
q002159,0.06849300000000000,5190.00000000000000000,-0.14739585084799245,0.07914087534241379,1.07492293770751290,ok
q002160,0.06849300000000000,5200.00000000000000000,-0.14547092243840806,0.07777648620304610,1.06561681515951401,ok
q002161,0.06849300000000000,5210.00000000000000000,-0.14354969226051420,0.07646270992914682,1.05657844997576467,ok
q002162,0.06849300000000000,5220.00000000000000000,-0.14163214613124225,0.07515145288262957,1.04747965419685785,ok
q002163,0.06849300000000000,5225.00000000000000000,-0.14067475017491499,0.07449676605404315,1.04290707986398279,ok
q002164,0.06849300000000000,5230.00000000000000000,-0.13971826994895808,0.07384270542051014,1.03831877136665707,ok
q002165,0.06849300000000000,5240.00000000000000000,-0.13780804969283883,0.07253645795506462,1.02909407539840525,ok
q002166,0.06849300000000000,5250.00000000000000000,-0.13590147142225725,0.07123270095340858,1.01980376637819581,ok
q002167,0.06849300000000000,5260.00000000000000000,-0.13399852127617115,0.06994532462152597,1.01054637999601415,ok
q002168,0.06849300000000000,5270.00000000000000000,-0.13209918547251867,0.06872306167995965,1.00167804603924915,ok
q002169,0.06849300000000000,5275.00000000000000000,-0.13115086866365952,0.06811279966620513,0.99722066911718865,ok
q002170,0.06849300000000000,5280.00000000000000000,-0.13020345030761954,0.06750311582592765,0.99274753047458852,ok
q002171,0.06849300000000000,5290.00000000000000000,-0.12831130215558165,0.06628547829087895,0.98375307478100393,ok
q002172,0.06849300000000000,5300.00000000000000000,-0.12642272746771352,0.06507014035594273,0.97469284354316987,ok
q002173,0.06849300000000000,5325.00000000000000000,-0.12171683643030093,0.06208591523721421,0.95208001589536173,ok
q002174,0.06849300000000000,5330.00000000000000000,-0.12077830984803650,0.06152292959930791,0.94775352717399142,ok
q002175,0.06849300000000000,5340.00000000000000000,-0.11890389505368620,0.06039854097927309,0.93905305404050055,ok
q002176,0.06849300000000000,5350.00000000000000000,-0.11703298711787451,0.05927625598744518,0.93028771967291424,ok
q002177,0.06849300000000000,5360.00000000000000000,-0.11516557294307907,0.05815606676712935,0.92145561085548910,ok
q002178,0.06849300000000000,5370.00000000000000000,-0.11330163950501637,0.05703796550556385,0.91255472627383549,ok
q002179,0.06849300000000000,5375.00000000000000000,-0.11237097401206314,0.05647969542975684,0.90807784215135334,ok
q002180,0.06849300000000000,5380.00000000000000000,-0.11144117385209665,0.05592194443359312,0.90358297070455385,ok
q002181,0.06849300000000000,5390.00000000000000000,-0.10958416310488392,0.05487246497571635,0.89506410449358942,ok
q002182,0.06849300000000000,5400.00000000000000000,-0.10773059445556100,0.05383884052285355,0.88659393238450712,ok
q002183,0.06849300000000000,5410.00000000000000000,-0.10588045516739956,0.05280712841974673,0.87805795429288069,ok
q002184,0.06849300000000000,5420.00000000000000000,-0.10403373257423487,0.05177732160323281,0.86945417274197245,ok
q002185,0.06849300000000000,5425.00000000000000000,-0.10311164859926641,0.05126313048089781,0.86512620558880404,ok
q002186,0.06849300000000000,5430.00000000000000000,-0.10219041407994565,0.05074941304920783,0.86078049501203713,ok
q002187,0.06849300000000000,5440.00000000000000000,-0.10035048715793847,0.04972339577233928,0.85203472663685442,ok
q002188,0.06849300000000000,5450.00000000000000000,-0.09851393935063703,0.04873892327196645,0.84355784939052625,ok
q002189,0.06849300000000000,5460.00000000000000000,-0.09668075826897594,0.04779077990591564,0.83531246948049087,ok
q002190,0.06849300000000000,5470.00000000000000000,-0.09485093159189978,0.04684437147837475,0.82700019844543782,ok
q002191,0.06849300000000000,5475.00000000000000000,-0.09393727232322517,0.04637181588466345,0.82281832829737667,ok
q002192,0.06849300000000000,5480.00000000000000000,-0.09302444706586546,0.04589969165166351,0.81861894213096897,ok
q002193,0.06849300000000000,5490.00000000000000000,-0.09120129250435037,0.04495673412276545,0.81016650276708702,ok
q002194,0.06849300000000000,5500.00000000000000000,-0.08938145578736441,0.04401549262307550,0.80164057162648383,ok
q002195,0.06849300000000000,5510.00000000000000000,-0.08756492486096652,0.04308809089066271,0.79315037098661179,ok
q002196,0.06849300000000000,5520.00000000000000000,-0.08575168773678571,0.04222033958171802,0.78512312028966136,ok
q002197,0.06849300000000000,5525.00000000000000000,-0.08484630062197319,0.04178705325446220,0.78108406699807387,ok
q002198,0.06849300000000000,5530.00000000000000000,-0.08394173249154623,0.04135415886423606,0.77702770073939542,ok
q002199,0.06849300000000000,5540.00000000000000000,-0.08213504726659722,0.04048954306308494,0.76886190518715680,ok
q002200,0.06849300000000000,5550.00000000000000000,-0.08033162026744652,0.03962648653383689,0.76062341286576640,ok
q002201,0.06849300000000000,5560.00000000000000000,-0.07853143976329865,0.03876498366254710,0.75230978101258406,ok
q002202,0.06849300000000000,5570.00000000000000000,-0.07673449408659702,0.03790502886553464,0.74391843568297966,ok
q002203,0.06849300000000000,5575.00000000000000000,-0.07583723067960728,0.03749192684559994,0.73985359104967430,ok
q002204,0.06849300000000000,5580.00000000000000000,-0.07494077163257011,0.03709725585380136,0.73594913345419422,ok
q002205,0.06849300000000000,5585.00000000000000000,-0.07404511550462559,0.03670293835151876,0.73202737574024324,ok
q002206,0.06849300000000000,5590.00000000000000000,-0.07315026085878189,0.03630897370610862,0.72808803200985739,ok
q002207,0.06849300000000000,5595.00000000000000000,-0.07225620626190107,0.03591536128662417,0.72413080889343140,ok
q002208,0.06849300000000000,5600.00000000000000000,-0.07136295028468614,0.03552210046380957,0.72015540527305411,ok
q002209,0.06849300000000000,5605.00000000000000000,-0.07047049150166640,0.03512919061009358,0.71616151199254696,ok
q002210,0.06849300000000000,5610.00000000000000000,-0.06957882849118474,0.03473663109958387,0.71214881155343512,ok
q002211,0.06849300000000000,5620.00000000000000000,-0.06779788412018999,0.03395256061297139,0.70406567556445210,ok
q002212,0.06849300000000000,5625.00000000000000000,-0.06690859993530580,0.03356104839342380,0.69999456035545982,ok
q002213,0.06849300000000000,5630.00000000000000000,-0.06602010587419069,0.03316988403018110,0.69590327794864071,ok
q002214,0.06849300000000000,5635.00000000000000000,-0.06513240053405002,0.03277906690565530,0.69179146401824920,ok
q002215,0.06849300000000000,5640.00000000000000000,-0.06424548251582218,0.03240494571503982,0.68783228209260994,ok
q002216,0.06849300000000000,5645.00000000000000000,-0.06335935042416431,0.03205095163298107,0.68406499933877263,ok
q002217,0.06849300000000000,5650.00000000000000000,-0.06247400286744013,0.03169727095873851,0.68028021734882549,ok
q002218,0.06849300000000000,5655.00000000000000000,-0.06158943845770588,0.03134390313785317,0.67647763642343706,ok
q002219,0.06849300000000000,5660.00000000000000000,-0.06070565581069815,0.03099084761733632,0.67265694870515225,ok
q002220,0.06849300000000000,5665.00000000000000000,-0.05982265354582002,0.03063810384566395,0.66881783786375959,ok
q002221,0.06849300000000000,5670.00000000000000000,-0.05894043028612902,0.03028567127277190,0.66495997876591884,ok
q002222,0.06849300000000000,5675.00000000000000000,-0.05805898465832329,0.02993354935005041,0.66108303712805727,ok
q002223,0.06849300000000000,5680.00000000000000000,-0.05717831529272974,0.02958173753033933,0.65718666915150825,ok
q002224,0.06849300000000000,5685.00000000000000000,-0.05629842082329031,0.02923023526792263,0.65327052113874895,ok
q002225,0.06849300000000000,5690.00000000000000000,-0.05541929988755018,0.02887904201852375,0.64933422908954763,ok
q002226,0.06849300000000000,5695.00000000000000000,-0.05454095112664421,0.02852815723930012,0.64537741827570028,ok
q002227,0.06849300000000000,5700.00000000000000000,-0.05366337318528515,0.02817758038883848,0.64139970279297365,ok
q002228,0.06849300000000000,5705.00000000000000000,-0.05278656471175072,0.02783792792732410,0.63752226776414955,ok
q002229,0.06849300000000000,5710.00000000000000000,-0.05191052435787077,0.02752612476752039,0.63394187883974851,ok
q002230,0.06849300000000000,5715.00000000000000000,-0.05103525077901570,0.02721459452080174,0.63034431395738344,ok
q002231,0.06849300000000000,5720.00000000000000000,-0.05016074263408310,0.02690333670983858,0.62672927177587567,ok
q002232,0.06849300000000000,5725.00000000000000000,-0.04928699858548635,0.02659235085855268,0.62309644252158736,ok
q002233,0.06849300000000000,5730.00000000000000000,-0.04841401729914144,0.02628163649211248,0.61944550765411444,ok
q002234,0.06849300000000000,5735.00000000000000000,-0.04754179744445568,0.02597119313692907,0.61577613951477794,ok
q002235,0.06849300000000000,5740.00000000000000000,-0.04667033769431458,0.02566102032065150,0.61208800095680516,ok
q002236,0.06849300000000000,5745.00000000000000000,-0.04579963672507070,0.02535111757216281,0.60838074495603900,ok
q002237,0.06849300000000000,5750.00000000000000000,-0.04492969321653057,0.02504148442157542,0.60465401420089027,ok
q002238,0.06849300000000000,5755.00000000000000000,-0.04406050585194374,0.02473212040022719,0.60090744066018342,ok
q002239,0.06849300000000000,5760.00000000000000000,-0.04319207331798978,0.02442302504067678,0.59714064512740306,ok
q002240,0.06849300000000000,5765.00000000000000000,-0.04232439430476736,0.02411419787669982,0.59335323673976637,ok
q002241,0.06849300000000000,5770.00000000000000000,-0.04145746750578146,0.02380563844328431,0.58954481247038371,ok
q002242,0.06849300000000000,5775.00000000000000000,-0.04059129161793248,0.02353548113308582,0.58619005493471998,ok
q002243,0.06849300000000000,5780.00000000000000000,-0.03972586534150355,0.02326756382794977,0.58284404367194231,ok
q002244,0.06849300000000000,5785.00000000000000000,-0.03886118738014982,0.02299987818501743,0.57948163064843305,ok
q002245,0.06849300000000000,5790.00000000000000000,-0.03799725644088579,0.02273242380400837,0.57610252360632919,ok
q002246,0.06849300000000000,5795.00000000000000000,-0.03713407123407469,0.02246520028567888,0.57270642196044241,ok
q002247,0.06849300000000000,5800.00000000000000000,-0.03627163047341601,0.02219820723181806,0.56929301646211028,ok
q002248,0.06849300000000000,5805.00000000000000000,-0.03540993287593491,0.02193144424524458,0.56586198884543382,ok
q002249,0.06849300000000000,5810.00000000000000000,-0.03454897716196981,0.02166491092980284,0.56241301145474176,ok
q002250,0.06849300000000000,5815.00000000000000000,-0.03368876205516198,0.02139860689035968,0.55894574685206866,ok
q002251,0.06849300000000000,5820.00000000000000000,-0.03282928628244322,0.02113253173280068,0.55545984740330456,ok
q002252,0.06849300000000000,5825.00000000000000000,-0.03197054857402536,0.02086668506402679,0.55195495484159751,ok
q002253,0.06849300000000000,5830.00000000000000000,-0.03111254766338867,0.02060106649195085,0.54843069980645132,ok
q002254,0.06849300000000000,5835.00000000000000000,-0.03025528228727032,0.02033567562549391,0.54488670135685024,ok
q002255,0.06849300000000000,5840.00000000000000000,-0.02939875118565400,0.02009012679750498,0.54158701659093067,ok
q002256,0.06849300000000000,5845.00000000000000000,-0.02854295310175790,0.01986723686454847,0.53857431832520541,ok
q002257,0.06849300000000000,5850.00000000000000000,-0.02768788678202456,0.01964453751727830,0.53554727030972393,ok
q002258,0.06849300000000000,5855.00000000000000000,-0.02683355097610897,0.01942202843004601,0.53250562336523488,ok
q002259,0.06849300000000000,5860.00000000000000000,-0.02597994443686845,0.01919970927803720,0.52944912140390021,ok
q002260,0.06849300000000000,5865.00000000000000000,-0.02512706592035086,0.01897757973726841,0.52637750115798165,ok
q002261,0.06849300000000000,5870.00000000000000000,-0.02427491418578462,0.01875563948458459,0.52329049189470334,ok
q002262,0.06849300000000000,5875.00000000000000000,-0.02342348799556699,0.01853388819765596,0.52018781511640155,ok
q002263,0.06849300000000000,5880.00000000000000000,-0.02257278611525415,0.01831232555497549,0.51706918424504189,ok
q002264,0.06849300000000000,5885.00000000000000000,-0.02172280731354961,0.01809095123585588,0.51393430429007936,ok
q002265,0.06849300000000000,5890.00000000000000000,-0.02087355036229437,0.01786976492042694,0.51078287149859025,ok
q002266,0.06849300000000000,5895.00000000000000000,-0.02002501403645541,0.01764876628963266,0.50761457298649071,ok
q002267,0.06849300000000000,5900.00000000000000000,-0.01917719711411595,0.01742795502522865,0.50442908634959316,ok
q002268,0.06849300000000000,5905.00000000000000000,-0.01833009837646403,0.01720733080977914,0.50122607925312213,ok
q002269,0.06849300000000000,5910.00000000000000000,-0.01748371660778289,0.01702313918617513,0.49853623629841642,ok
q002270,0.06849300000000000,5915.00000000000000000,-0.01663805059543956,0.01684679561471122,0.49594733298511590,ok
q002271,0.06849300000000000,5920.00000000000000000,-0.01579309912987541,0.01667060104501536,0.49334704896057485,ok
q002272,0.06849300000000000,5925.00000000000000000,-0.01494886100459479,0.01649455522550152,0.49073519957162404,ok
q002273,0.06849300000000000,5930.00000000000000000,-0.01410533501615564,0.01631865790522044,0.48811159540894278,ok
q002274,0.06849300000000000,5935.00000000000000000,-0.01326251996415831,0.01614290883385725,0.48547604213358286,ok
q002275,0.06849300000000000,5940.00000000000000000,-0.01242041465123617,0.01596730776172958,0.48282834029529115,ok
q002276,0.06849300000000000,5945.00000000000000000,-0.01157901788304453,0.01579185443978518,0.48016828514214077,ok
q002277,0.06849300000000000,5950.00000000000000000,-0.01073832846825123,0.01561654861960003,0.47749566642096941,ok
q002278,0.06849300000000000,5955.00000000000000000,-0.00989834521852626,0.01544139005337611,0.47481026816806610,ok
q002279,0.06849300000000000,5960.00000000000000000,-0.00905906694853124,0.01526637849393923,0.47211186848952308,ok
q002280,0.06849300000000000,5970.00000000000000000,-0.00738262062127891,0.01491679540983722,0.46667514623359369,ok
q002281,0.06849300000000000,5975.00000000000000000,-0.00654545020821533,0.01474332888509820,0.46395374260716915,ok
q002282,0.06849300000000000,5980.00000000000000000,-0.00570898006324927,0.01461466623131980,0.46192488177341262,ok
q002283,0.06849300000000000,5985.00000000000000000,-0.00487320901585323,0.01448611111006860,0.45988877731677041,ok
q002284,0.06849300000000000,5990.00000000000000000,-0.00403813589843166,0.01435766334174948,0.45784532973341940,ok
q002285,0.06849300000000000,5995.00000000000000000,-0.00320375954631213,0.01422932274721697,0.45579443739060699,ok
q002286,0.06849300000000000,6000.00000000000000000,-0.00237007879773465,0.01410108914777357,0.45373599646212115,ok
q002287,0.06849300000000000,6010.00000000000000000,-0.00070479947867344,0.01384494222159560,0.44959604217098970,ok
q002288,0.06849300000000000,6020.00000000000000000,0.00095771129493990,0.01358922114254030,0.44542458976557603,ok
q002289,0.06849300000000000,6025.00000000000000000,0.00178793135092898,0.01346151985365815,0.44332676689816269,ok
q002290,0.06849300000000000,6030.00000000000000000,0.00261746271330441,0.01333392449700622,0.44122072247673033,ok
q002291,0.06849300000000000,6040.00000000000000000,0.00427446392093380,0.01307905087841909,0.43698348129529690,ok
q002292,0.06849300000000000,6050.00000000000000000,0.00592872401696042,0.01287509606014132,0.43356293202608842,ok
q002293,0.06849300000000000,6060.00000000000000000,0.00758025205543330,0.01271602638047065,0.43087630892697887,ok
q002294,0.06849300000000000,6070.00000000000000000,0.00922905704561722,0.01255721897574109,0.42817730017433292,ok
q002295,0.06849300000000000,6075.00000000000000000,0.01005244120082253,0.01247791335648226,0.42682307317681378,ok
q002296,0.06849300000000000,6080.00000000000000000,0.01087514795228606,0.01239867298249550,0.42546565524221419,ok
q002297,0.06849300000000000,6090.00000000000000000,0.01251853369601597,0.01224038754153369,0.42274111613197113,ok
q002298,0.06849300000000000,6100.00000000000000000,0.01415922315347598,0.01208236179788447,0.42000341705208538,ok
q002299,0.06849300000000000,6110.00000000000000000,0.01579722515771426,0.01192459490077805,0.41725228408025578,ok
q002300,0.06849300000000000,6120.00000000000000000,0.01743254849844512,0.01181260715538100,0.41528838641399440,ok
q002301,0.06849300000000000,6125.00000000000000000,0.01824920840500092,0.01178248840397721,0.41475861552525639,ok
q002302,0.06849300000000000,6130.00000000000000000,0.01906520192233032,0.01175239422928068,0.41422860021397734,ok
q002303,0.06849300000000000,6140.00000000000000000,0.02069519413326149,0.01169227944980266,0.41316782973019694,ok
q002304,0.06849300000000000,6150.00000000000000000,0.02232253379263679,0.01163226249751103,0.41210606170348246,ok
q002305,0.06849300000000000,6160.00000000000000000,0.02394722951963880,0.01157234305452682,0.41104328275811569,ok
q002306,0.06849300000000000,6170.00000000000000000,0.02556928989150672,0.01151252080451793,0.40997947939981522,ok
q002307,0.06849300000000000,6175.00000000000000000,0.02637933448825122,0.01148264602844594,0.40944718931592694,ok
q002308,0.06849300000000000,6180.00000000000000000,0.02718872344380978,0.01145279543268907,0.40891463801368017,ok
q002309,0.06849300000000000,6190.00000000000000000,0.02880553867071500,0.01142346402233777,0.40839067282273128,ok
q002310,0.06849300000000000,6200.00000000000000000,0.03041974402525624,0.01145749421556022,0.40899851291013639,ok
q002311,0.06849300000000000,6210.00000000000000000,0.03203134791959766,0.01149146956557884,0.40960447356476171,ok
q002312,0.06849300000000000,6220.00000000000000000,0.03364035872529843,0.01152539024888035,0.41020856625624286,ok
q002313,0.06849300000000000,6225.00000000000000000,0.03444389432498172,0.01154233014543156,0.41050991567045092,ok
q002314,0.06849300000000000,6230.00000000000000000,0.03524678477357202,0.01155925644110089,0.41081080234605172,ok
q002315,0.06849300000000000,6240.00000000000000000,0.03685063435554665,0.01159306831703154,0.41141119308890223,ok
q002316,0.06849300000000000,6250.00000000000000000,0.03845191572252037,0.01162682605062368,0.41200974963413195,ok
q002317,0.06849300000000000,6260.00000000000000000,0.04005063708621750,0.01166896674213412,0.41275572587572235,ok
q002318,0.06849300000000000,6275.00000000000000000,0.04244393699205787,0.01185257337954833,0.41599032686698395,ok
q002319,0.06849300000000000,6300.00000000000000000,0.04642008537169733,0.01215761130315500,0.42130928725746974,ok
q002320,0.06849300000000000,6325.00000000000000000,0.05038048658779430,0.01246144115261275,0.42654125367954332,ok
q002321,0.06849300000000000,6350.00000000000000000,0.05432526487881069,0.01291387500522357,0.43421537267909094,ok
q002322,0.06849300000000000,6375.00000000000000000,0.05825454301870008,0.01342478057700314,0.44272138826709811,ok
q002323,0.06849300000000000,6400.00000000000000000,0.06216844233983645,0.01393368651324952,0.45103466678786280,ok
q002324,0.06849300000000000,6450.00000000000000000,0.06995058278189149,0.01529024616909737,0.47248077759059054,ok
q002325,0.06849300000000000,6500.00000000000000000,0.07767262887580167,0.01681695123020378,0.49550784869932890,ok
q002326,0.06849300000000000,6600.00000000000000000,0.09294010100659027,0.02052102187184172,0.54736421007000613,ok
q002327,0.06849300000000000,6800.00000000000000000,0.12279306415627134,0.02962313318849705,0.65764633052210386,ok
q002328,0.06849300000000000,7000.00000000000000000,0.15178060102952354,0.03995807852757282,0.76379920788049338,ok
q002329,0.06849300000000000,7400.00000000000000000,0.20735045218433434,0.06063301267501151,0.94087402588859881,ok
q002330,0.06849300000000000,7800.00000000000000000,0.25999418566975635,0.08038528674171481,1.08334102129021526,ok
q002331,0.07671200000000000,3200.00000000000000000,-0.63099537797986249,0.50226026908654575,2.55877889332922814,ok
q002332,0.07671200000000000,3400.00000000000000000,-0.57037075616342769,0.44129174737077798,2.39845320764735392,ok
q002333,0.07671200000000000,3600.00000000000000000,-0.51321234232347901,0.38268086101081533,2.23350391676490778,ok
q002334,0.07671200000000000,3800.00000000000000000,-0.45914512105320338,0.32922779439774241,2.07165099759759164,ok
q002335,0.07671200000000000,4000.00000000000000000,-0.40785182666565273,0.28178794351923381,1.91659147021163556,ok
q002336,0.07671200000000000,4200.00000000000000000,-0.35906166249622079,0.23878657030087422,1.76430350170744865,ok
q002337,0.07671200000000000,4400.00000000000000000,-0.31254164686132785,0.19900967944934125,1.61066583734294611,ok
q002338,0.07671200000000000,4500.00000000000000000,-0.29006879100926930,0.18015782844792394,1.53248035646950687,ok
q002339,0.07671200000000000,4600.00000000000000000,-0.26808988429049413,0.16203408494913663,1.45335442628332689,ok
q002340,0.07671200000000000,4700.00000000000000000,-0.24658367906953041,0.14475994303650869,1.37370205824582770,ok
q002341,0.07671200000000000,4800.00000000000000000,-0.22553026987169811,0.12838123249475739,1.29365692469027915,ok
q002342,0.07671200000000000,4900.00000000000000000,-0.20491098266896246,0.11286093622945365,1.21294238279214261,ok
q002343,0.07671200000000000,5000.00000000000000000,-0.18470827535144305,0.09820725552675581,1.13146242113172035,ok
q002344,0.07671200000000000,5100.00000000000000000,-0.16490564805526323,0.08446823715512046,1.04933718356333916,ok
q002345,0.07671200000000000,5150.00000000000000000,-0.15514947310989863,0.07796013079313523,1.00810234904029827,ok
q002346,0.07671200000000000,5200.00000000000000000,-0.14548756219816170,0.07170381680974708,0.96680632757871354,ok
q002347,0.07671200000000000,5250.00000000000000000,-0.13591811118201094,0.06578830432617198,0.92606760766769791,ok
q002348,0.07671200000000000,5300.00000000000000000,-0.12643936722746724,0.06015959641917724,0.88556573524257576,ok
q002349,0.07671200000000000,5350.00000000000000000,-0.11704962687762815,0.05482405552843969,0.84538381031371301,ok
q002350,0.07671200000000000,5375.00000000000000000,-0.11238761377181689,0.05227158321175563,0.82546977188603077,ok
q002351,0.07671200000000000,5400.00000000000000000,-0.10774723421531472,0.04978620300472523,0.80560629290936192,ok
q002352,0.07671200000000000,5450.00000000000000000,-0.09853057911039066,0.04511900413331831,0.76691653224308554,ok
q002353,0.07671200000000000,5475.00000000000000000,-0.09395391208297889,0.04293099561010734,0.74808996198700517,ok
q002354,0.07671200000000000,5500.00000000000000000,-0.08939809554711808,0.04081970542780877,0.72946302009242003,ok
q002355,0.07671200000000000,5525.00000000000000000,-0.08486294038172684,0.03871799029057224,0.71043565664008324,ok
q002356,0.07671200000000000,5550.00000000000000000,-0.08034826002720026,0.03680953998937087,0.69270535060021565,ok
q002357,0.07671200000000000,5575.00000000000000000,-0.07585387043936086,0.03491025469112354,0.67459769948219683,ok
q002358,0.07671200000000000,5580.00000000000000000,-0.07495741139232380,0.03453141982261877,0.67092745649197305,ok
q002359,0.07671200000000000,5590.00000000000000000,-0.07316690061853558,0.03377476739573287,0.66353606138021370,ok
q002360,0.07671200000000000,5600.00000000000000000,-0.07137959004443981,0.03307102760093961,0.65658686747399297,ok
q002361,0.07671200000000000,5610.00000000000000000,-0.06959546825093840,0.03238533284037594,0.64974437684775710,ok
q002362,0.07671200000000000,5620.00000000000000000,-0.06781452387994363,0.03170085926435967,0.64284143848411357,ok
q002363,0.07671200000000000,5625.00000000000000000,-0.06692523969505956,0.03135907906277913,0.63936667639279710,ok
q002364,0.07671200000000000,5630.00000000000000000,-0.06603674563394431,0.03101760253089786,0.63587603925546776,ok
q002365,0.07671200000000000,5640.00000000000000000,-0.06426212227557579,0.03033555832111380,0.62884605886185418,ok
q002366,0.07671200000000000,5650.00000000000000000,-0.06249064262719373,0.02965472233908319,0.62174926165797639,ok
q002367,0.07671200000000000,5660.00000000000000000,-0.06072229557045174,0.02897509031167182,0.61458328766252879,ok
q002368,0.07671200000000000,5675.00000000000000000,-0.05807562441807698,0.02804818364776097,0.60467319706580180,ok
q002369,0.07671200000000000,5680.00000000000000000,-0.05719495505248342,0.02774113921571756,0.60135440017248509,ok
q002370,0.07671200000000000,5690.00000000000000000,-0.05543593964730384,0.02712786037675743,0.59467012084200266,ok
q002371,0.07671200000000000,5700.00000000000000000,-0.05368001294503891,0.02651565841076375,0.58792178774574222,ok
q002372,0.07671200000000000,5710.00000000000000000,-0.05192716411762453,0.02590452954254354,0.58110712699637768,ok
q002373,0.07671200000000000,5720.00000000000000000,-0.05017738239383684,0.02529447001672113,0.57422373452125064,ok
q002374,0.07671200000000000,5725.00000000000000000,-0.04930363834523996,0.02498984008903888,0.57075547440953145,ok
q002375,0.07671200000000000,5730.00000000000000000,-0.04843065705889516,0.02468739182488818,0.56729107653277600,ok
q002376,0.07671200000000000,5740.00000000000000000,-0.04668697745406830,0.02414110081318101,0.56097935919986153,ok
q002377,0.07671200000000000,5750.00000000000000000,-0.04494633297628427,0.02359576070014714,0.55460698974986122,ok
q002378,0.07671200000000000,5760.00000000000000000,-0.04320871307774346,0.02305136818118399,0.54817181369441337,ok
q002379,0.07671200000000000,5770.00000000000000000,-0.04147410726553513,0.02250791996888554,0.54167155301278103,ok
q002380,0.07671200000000000,5775.00000000000000000,-0.04060793137768614,0.02223654895509407,0.53839626780023664,ok
q002381,0.07671200000000000,5780.00000000000000000,-0.03974250510125722,0.02196541279292323,0.53510379599748414,ok
q002382,0.07671200000000000,5790.00000000000000000,-0.03801389620063943,0.02142384339992785,0.52846598600266292,ok
q002383,0.07671200000000000,5800.00000000000000000,-0.03628827023316976,0.02088631502818540,0.52179421428073947,ok
q002384,0.07671200000000000,5810.00000000000000000,-0.03456561692172355,0.02041761660154078,0.51590634527586621,ok
q002385,0.07671200000000000,5820.00000000000000000,-0.03284592604219694,0.01994972419150469,0.50996080161341506,ok
q002386,0.07671200000000000,5825.00000000000000000,-0.03198718833377907,0.01971607937733256,0.50696575731220572,ok
q002387,0.07671200000000000,5830.00000000000000000,-0.03112918742314238,0.01948263503063608,0.50395550621063334,ok
q002388,0.07671200000000000,5840.00000000000000000,-0.02941539094540769,0.01901634636572243,0.49788826093724264,ok
q002389,0.07671200000000000,5850.00000000000000000,-0.02770452654177824,0.01855085545768231,0.49175673650032459,ok
q002390,0.07671200000000000,5860.00000000000000000,-0.02599658419662211,0.01808615958146892,0.48555846121753993,ok
q002391,0.07671200000000000,5870.00000000000000000,-0.02429155394553827,0.01762225602597429,0.47929080852569911,ok
q002392,0.07671200000000000,5875.00000000000000000,-0.02344012775532075,0.01742922896029975,0.47665860180607139,ok
q002393,0.07671200000000000,5880.00000000000000000,-0.02258942587500779,0.01723872955493926,0.47404653380559497,ok
q002394,0.07671200000000000,5890.00000000000000000,-0.02089019012204800,0.01685821623059226,0.46878548609853876,ok
q002395,0.07671200000000000,5900.00000000000000000,-0.01919383687386956,0.01647834839141404,0.46347379875941752,ok
q002396,0.07671200000000000,5920.00000000000000000,-0.01580973888962900,0.01572054043471563,0.45269123229042341,ok
q002397,0.07671200000000000,5925.00000000000000000,-0.01496550076434848,0.01553148847118943,0.44996101369903635,ok
q002398,0.07671200000000000,5940.00000000000000000,-0.01243705441098985,0.01496528832758151,0.44168321104183456,ok
q002399,0.07671200000000000,5950.00000000000000000,-0.01075496822800501,0.01466386288696003,0.43721247255073459,ok
q002400,0.07671200000000000,5960.00000000000000000,-0.00907570670828500,0.01438030980576253,0.43296467911502429,ok
q002401,0.07671200000000000,5970.00000000000000000,-0.00739926038103266,0.01409723208619810,0.42868202350158507,ok
q002402,0.07671200000000000,5980.00000000000000000,-0.00572561982300300,0.01381462813709698,0.42436342579034336,ok
q002403,0.07671200000000000,5990.00000000000000000,-0.00405477565818538,0.01353249637526521,0.42000775272407953,ok
q002404,0.07671200000000000,6000.00000000000000000,-0.00238671855748835,0.01325083522543139,0.41561381394027741,ok
q002405,0.07671200000000000,6010.00000000000000000,-0.00072143923842714,0.01296964312019395,0.41118035785429430,ok
q002406,0.07671200000000000,6030.00000000000000000,0.00260082295355074,0.01256519845238243,0.40471846876052797,ok
q002407,0.07671200000000000,6040.00000000000000000,0.00425782416118015,0.01238513593904604,0.40180814503788698,ok
q002408,0.07671200000000000,6050.00000000000000000,0.00591208425720678,0.01220537129600826,0.39888145463339997,ok
q002409,0.07671200000000000,6060.00000000000000000,0.00756361229567967,0.01202590353938641,0.39593801841349624,ok
q002410,0.07671200000000000,6075.00000000000000000,0.01003580144106870,0.01175725642620865,0.39149060321478096,ok
q002411,0.07671200000000000,6100.00000000000000000,0.01414258339372218,0.01142828625062218,0.38597475669949821,ok
q002412,0.07671200000000000,6125.00000000000000000,0.01823256864524737,0.01122118730807719,0.38246152564046065,ok
q002413,0.07671200000000000,6150.00000000000000000,0.02230589403288305,0.01101493194808380,0.37893023253557984,ok
q002414,0.07671200000000000,6175.00000000000000000,0.02636269472849752,0.01092413315423394,0.37736519304600019,ok
q002415,0.07671200000000000,6200.00000000000000000,0.03040310426550257,0.01093796524784477,0.37760402661477893,ok
q002416,0.07671200000000000,6250.00000000000000000,0.03843527596276676,0.01106922311279897,0.37986293353530909,ok
q002417,0.07671200000000000,6300.00000000000000000,0.04640344561194357,0.01149559569698514,0.38710973028479967,ok
q002418,0.07671200000000000,6400.00000000000000000,0.06215180258008281,0.01304007113779013,0.41229524631618286,ok
q002419,0.07671200000000000,6500.00000000000000000,0.07765598911604815,0.01548088872855709,0.44922745601119835,ok
q002420,0.07671200000000000,6600.00000000000000000,0.09292346124683645,0.01865344395968619,0.49311459928290874,ok
q002421,0.07671200000000000,6700.00000000000000000,0.10796133861137705,0.02248742051341178,0.54142482871905140,ok
q002422,0.07671200000000000,6800.00000000000000000,0.12277642439651756,0.02688242009852223,0.59197385885595133,ok
q002423,0.07945199999999999,3200.00000000000000000,-0.63120443946344196,0.48569884305603733,2.47247049407212538,ok
q002424,0.07945199999999999,3400.00000000000000000,-0.57057981764700705,0.42916956526343997,2.32413869365931935,ok
q002425,0.07945199999999999,3600.00000000000000000,-0.51342140380705836,0.37593048921576661,2.17521083555688532,ok
q002426,0.07945199999999999,3800.00000000000000000,-0.45935418253678262,0.32555532852152963,2.02423060616015071,ok
q002427,0.07945199999999999,4000.00000000000000000,-0.40806088814923203,0.27900051409882531,1.87391585095437363,ok
q002428,0.07945199999999999,4200.00000000000000000,-0.35927072397980020,0.23632170421567647,1.72464370659905630,ok
q002429,0.07945199999999999,4300.00000000000000000,-0.33574022656960606,0.21624191322015637,1.64974765843356419,ok
q002430,0.07945199999999999,4400.00000000000000000,-0.31275070834490731,0.19691502035941444,1.57429822350593351,ok
q002431,0.07945199999999999,4500.00000000000000000,-0.29027785249284871,0.17830132857023903,1.49804504571695651,ok
q002432,0.07945199999999999,4600.00000000000000000,-0.26829894577407343,0.16043137008091701,1.42099395111443871,ok
q002433,0.07945199999999999,4650.00000000000000000,-0.25748802966985779,0.15180070551801406,1.38224325078653898,ok
q002434,0.07945199999999999,4900.00000000000000000,-0.20512004415254179,0.11178319204429206,1.18613968524839475,ok
q002435,0.07945199999999999,5000.00000000000000000,-0.18491733683502232,0.09721376171038947,1.10614346352945780,ok
q002436,0.07945199999999999,5100.00000000000000000,-0.16511470953884261,0.08356307749158973,1.02554517577806825,ok
q002437,0.07945199999999999,5150.00000000000000000,-0.15535853459347790,0.07711943112945530,0.98521154345035156,ok
q002438,0.07945199999999999,5200.00000000000000000,-0.14569662368174099,0.07095580508850952,0.94502119513919680,ok
q002439,0.07945199999999999,5250.00000000000000000,-0.13612717266559030,0.06515596003744775,0.90557548505808927,ok
q002440,0.07945199999999999,5300.00000000000000000,-0.12664842871104651,0.05965276976086895,0.86648867272317598,ok
q002441,0.07945199999999999,5350.00000000000000000,-0.11725868836120748,0.05444511398323979,0.82780308146991177,ok
q002442,0.07945199999999999,5400.00000000000000000,-0.10795629569889408,0.04953092548549543,0.78956121097349330,ok
q002443,0.07945199999999999,5450.00000000000000000,-0.09873964059397007,0.04498085777390576,0.75242193798910317,ok
q002444,0.07945199999999999,5475.00000000000000000,-0.09416297356655820,0.04283449942562947,0.73425080448782754,ok
q002445,0.07945199999999999,5500.00000000000000000,-0.08960715703069753,0.04076888211089764,0.71632809456899149,ok
q002446,0.07945199999999999,5525.00000000000000000,-0.08507200186530620,0.03871263270732984,0.69802975638297549,ok
q002447,0.07945199999999999,5550.00000000000000000,-0.08055732151077963,0.03683123274202590,0.68085669215097244,ok
q002448,0.07945199999999999,5575.00000000000000000,-0.07606293192294025,0.03496687374122889,0.66340079209356628,ok
q002449,0.07945199999999999,5600.00000000000000000,-0.07158865152801921,0.03315252301207874,0.64596037149467911,ok
q002450,0.07945199999999999,5620.00000000000000000,-0.06802358536352300,0.03180412487351546,0.63268757841952672,ok
q002451,0.07945199999999999,5625.00000000000000000,-0.06713430117863887,0.03146777511611313,0.62933314018135755,ok
q002452,0.07945199999999999,5630.00000000000000000,-0.06624580711752368,0.03113172420349239,0.62596373065820410,ok
q002453,0.07945199999999999,5640.00000000000000000,-0.06447118375915525,0.03046051679171830,0.61917899747832927,ok
q002454,0.07945199999999999,5650.00000000000000000,-0.06269970411077318,0.02979049841052545,0.61233131157260268,ok
q002455,0.07945199999999999,5660.00000000000000000,-0.06093135705403117,0.02912166485467425,0.60541849312136942,ok
q002456,0.07945199999999999,5670.00000000000000000,-0.05916613152946201,0.02850384433550560,0.59896204351476556,ok
q002457,0.07945199999999999,5675.00000000000000000,-0.05828468590165632,0.02820096397796011,0.59577127498509730,ok
q002458,0.07945199999999999,5700.00000000000000000,-0.05388907442861828,0.02669055388278599,0.57959733007518444,ok
q002459,0.07945199999999999,5710.00000000000000000,-0.05213622560120387,0.02608824392421019,0.57302029811137911,ok
q002460,0.07945199999999999,5725.00000000000000000,-0.04951269982881934,0.02518675391858411,0.56303278279031244,ok
q002461,0.07945199999999999,5730.00000000000000000,-0.04863971854247448,0.02488678205895066,0.55966990628790536,ok
q002462,0.07945199999999999,5740.00000000000000000,-0.04689603893764772,0.02434263838834578,0.55351756472706692,ok
q002463,0.07945199999999999,5750.00000000000000000,-0.04515539445986367,0.02380479521717484,0.54736850874211718,ok
q002464,0.07945199999999999,5775.00000000000000000,-0.04081699286126544,0.02246426893315521,0.53173313942772549,ok
q002465,0.07945199999999999,5780.00000000000000000,-0.03995156658483657,0.02219686015504463,0.52855885863095997,ok
q002466,0.07945199999999999,5790.00000000000000000,-0.03822295768421888,0.02166273586677750,0.52216076413340495,ok
q002467,0.07945199999999999,5800.00000000000000000,-0.03649733171674908,0.02112953327748113,0.51569454221025302,ok
q002468,0.07945199999999999,5810.00000000000000000,-0.03477467840530286,0.02066110580791096,0.50994620476221209,ok
q002469,0.07945199999999999,5830.00000000000000000,-0.03133824890672166,0.01973738288997098,0.49841644833718390,ok
q002470,0.07945199999999999,5840.00000000000000000,-0.02962445242898707,0.01927670907611219,0.49256554491893279,ok
q002471,0.07945199999999999,5850.00000000000000000,-0.02791358802535761,0.01881682341287576,0.48665449339665784,ok
q002472,0.07945199999999999,5860.00000000000000000,-0.02620564568020146,0.01835772320802877,0.48068103956121067,ok
q002473,0.07945199999999999,5875.00000000000000000,-0.02364918923890002,0.01769824234056907,0.47196810636640374,ok
q002474,0.07945199999999999,5880.00000000000000000,-0.02279848735858723,0.01750929664086826,0.46944199015252575,ok
q002475,0.07945199999999999,5900.00000000000000000,-0.01940289835744896,0.01675511711621440,0.45922055271681506,ok
q002476,0.07945199999999999,5910.00000000000000000,-0.01770941785111588,0.01637898551640985,0.45403682960437020,ok
q002477,0.07945199999999999,5925.00000000000000000,-0.01517456224792779,0.01581597974826838,0.44616513833829907,ok
q002478,0.07945199999999999,5950.00000000000000000,-0.01096402971158433,0.01494236706364062,0.43366790645512210,ok
q002479,0.07945199999999999,5960.00000000000000000,-0.00928476819186431,0.01465874234569290,0.42953241000673942,ok
q002480,0.07945199999999999,5970.00000000000000000,-0.00760832186461196,0.01437559310947345,0.42536374307028291,ok
q002481,0.07945199999999999,5975.00000000000000000,-0.00677115145154830,0.01423419629933339,0.42326665730303059,ok
q002482,0.07945199999999999,5980.00000000000000000,-0.00593468130658240,0.01409291776341053,0.42116089689689307,ok
q002483,0.07945199999999999,5990.00000000000000000,-0.00426383714176476,0.01381071472391017,0.41692281393975517,ok
q002484,0.07945199999999999,6000.00000000000000000,-0.00259578004106772,0.01352898241530301,0.41264838447810809,ok
q002485,0.07945199999999999,6010.00000000000000000,-0.00093050072200649,0.01324771926979149,0.40833644293548382,ok
q002486,0.07945199999999999,6050.00000000000000000,0.00570302277362738,0.01245868166086163,0.39598946095204135,ok
q002487,0.07945199999999999,6060.00000000000000000,0.00735455081210039,0.01227569741383510,0.39307069848167542,ok
q002488,0.07945199999999999,6075.00000000000000000,0.00982673995748950,0.01200178643034708,0.38866061199697854,ok
q002489,0.07945199999999999,6100.00000000000000000,0.01393352191014274,0.01164922553028923,0.38290947210250920,ok
q002490,0.07945199999999999,6125.00000000000000000,0.01802350716166792,0.01142729280992901,0.37924447361015695,ok
q002491,0.07945199999999999,6150.00000000000000000,0.02209683254930379,0.01120626409500804,0.37555885784948345,ok
q002492,0.07945199999999999,6175.00000000000000000,0.02615363324491824,0.01108809890842136,0.37357355794698272,ok
q002493,0.07945199999999999,6200.00000000000000000,0.03019404278192306,0.01108442029251865,0.37351158394940343,ok
q002494,0.07945199999999999,6250.00000000000000000,0.03822621447918743,0.01117055210387187,0.37495996704994466,ok
q002495,0.07945199999999999,6300.00000000000000000,0.04619438412836421,0.01156305711665735,0.38149066777045698,ok
q002496,0.07945199999999999,6400.00000000000000000,0.06194274109650338,0.01303013010542434,0.40496916734403943,ok
q002497,0.07945199999999999,6500.00000000000000000,0.07744692763246865,0.01539704392349539,0.44021644002131260,ok
q002498,0.07945199999999999,6600.00000000000000000,0.09271439976325709,0.01846043923202400,0.48202392867453336,ok
q002499,0.07945199999999999,6800.00000000000000000,0.12256736291293827,0.02628822577731867,0.57521237535566394,ok
q002500,0.07945199999999999,7000.00000000000000000,0.15155489978619058,0.03528145748562227,0.66637829329460596,ok
q002501,0.08219200000000000,3200.00000000000000000,-0.63128563346618738,0.47600871073722117,2.40653773504022528,ok
q002502,0.08219200000000000,3400.00000000000000000,-0.57066101164975258,0.42088034372074101,2.26289575398643406,ok
q002503,0.08219200000000000,3800.00000000000000000,-0.45943537653952821,0.31982352433693684,1.97260635614335578,ok
q002504,0.08219200000000000,4000.00000000000000000,-0.40814208215197761,0.27405757340720227,1.82602252217735717,ok
q002505,0.08219200000000000,4200.00000000000000000,-0.35935191798254562,0.23200610497359669,1.68009922818752444,ok
q002506,0.08219200000000000,4300.00000000000000000,-0.33582142057235148,0.21231723229766239,1.60722932541022723,ok
q002507,0.08219200000000000,4400.00000000000000000,-0.31283190234765273,0.19345236468374519,1.53416562357126396,ok
q002508,0.08219200000000000,4500.00000000000000000,-0.29035904649559419,0.17536572630539893,1.46068841546966977,ok
q002509,0.08219200000000000,4700.00000000000000000,-0.24687393455585532,0.14151463801906228,1.31215732207702773,ok
q002510,0.08219200000000000,4800.00000000000000000,-0.22582052535802299,0.12573530603737537,1.23684092646823185,ok
q002511,0.08219200000000000,4900.00000000000000000,-0.20520123815528729,0.11067614317559461,1.16041206093065541,ok
q002512,0.08219200000000000,5000.00000000000000000,-0.18499853083776785,0.09635880476567681,1.08275682019687602,ok
q002513,0.08219200000000000,5100.00000000000000000,-0.16519590354158814,0.08291974078496690,1.00441732160459485,ok
q002514,0.08219200000000000,5200.00000000000000000,-0.14577781768448655,0.07053416047929850,0.92637105456142665,ok
q002515,0.08219200000000000,5300.00000000000000000,-0.12672962271379207,0.05948315008473570,0.85071130794863203,ok
q002516,0.08219200000000000,5350.00000000000000000,-0.11733988236395303,0.05440211314599582,0.81356659934389208,ok
q002517,0.08219200000000000,5400.00000000000000000,-0.10803748970163951,0.04961044680861478,0.77691193833388861,ok
q002518,0.08219200000000000,5450.00000000000000000,-0.09882083459671551,0.04517568031916125,0.74137438463113003,ok
q002519,0.08219200000000000,5500.00000000000000000,-0.08968835103344297,0.04106177043297552,0.70681223912608160,ok
q002520,0.08219200000000000,5525.00000000000000000,-0.08515319586805176,0.03905421391972616,0.68931729675172571,ok
q002521,0.08219200000000000,5550.00000000000000000,-0.08063851551352506,0.03720975308006480,0.67284281613730146,ok
q002522,0.08219200000000000,5575.00000000000000000,-0.07614412592568581,0.03538468048303416,0.65613448660342766,ok
q002523,0.08219200000000000,5600.00000000000000000,-0.07166984553076466,0.03360417481495338,0.63941356203638444,ok
q002524,0.08219200000000000,5620.00000000000000000,-0.06810477936626859,0.03227920434641671,0.62668115678549852,ok
q002525,0.08219200000000000,5625.00000000000000000,-0.06721549518138444,0.03194869847955722,0.62346461670218623,ok
q002526,0.08219200000000000,5630.00000000000000000,-0.06632700112026922,0.03161848626521693,0.62023427594094405,ok
q002527,0.08219200000000000,5640.00000000000000000,-0.06455237776190074,0.03095894071006565,0.61373129912813806,ok
q002528,0.08219200000000000,5650.00000000000000000,-0.06278089811351863,0.03030056352674855,0.60717038231437059,ok
q002529,0.08219200000000000,5700.00000000000000000,-0.05397026843136374,0.02724015609359490,0.57569177113222991,ok
q002530,0.08219200000000000,5710.00000000000000000,-0.05221741960394941,0.02664525692727681,0.56937078849692946,ok
q002531,0.08219200000000000,5720.00000000000000000,-0.05046763788016177,0.02605139870491350,0.56299008785431581,ok
q002532,0.08219200000000000,5725.00000000000000000,-0.04959389383156492,0.02575485881056767,0.55977669350856540,ok
q002533,0.08219200000000000,5730.00000000000000000,-0.04872091254522003,0.02545857779001671,0.55654757549676437,ok
q002534,0.08219200000000000,5740.00000000000000000,-0.04697723294039322,0.02491559161250161,0.55058050236248890,ok
q002535,0.08219200000000000,5750.00000000000000000,-0.04523658846260913,0.02438117860067808,0.54464381199388601,ok
q002536,0.08219200000000000,5770.00000000000000000,-0.04176436275186010,0.02331513517624786,0.53260371903798376,ok
q002537,0.08219200000000000,5775.00000000000000000,-0.04089818686401103,0.02304920168385335,0.52955755683746641,ok
q002538,0.08219200000000000,5780.00000000000000000,-0.04003276058758212,0.02278349833730531,0.52649642978331124,ok
q002539,0.08219200000000000,5800.00000000000000000,-0.03657852571949455,0.02172297846494714,0.51409681306355293,ok
q002540,0.08219200000000000,5810.00000000000000000,-0.03485587240804839,0.02125249348749410,0.50849908020992463,ok
q002541,0.08219200000000000,5825.00000000000000000,-0.03227744382010399,0.02056074122378401,0.50015499378625083,ok
q002542,0.08219200000000000,5850.00000000000000000,-0.02799478202810308,0.01941176971331717,0.48597932230663993,ok
q002543,0.08219200000000000,5870.00000000000000000,-0.02458180943186321,0.01849612227965617,0.47437912507578989,ok
q002544,0.08219200000000000,5950.00000000000000000,-0.01104522371432981,0.01553151863253888,0.43470254901377486,ok
q002545,0.08219200000000000,5970.00000000000000000,-0.00768951586735757,0.01496608656609939,0.42671641752941725,ok
q002546,0.08219200000000000,5975.00000000000000000,-0.00685234545429389,0.01482502452547875,0.42470066015754687,ok
q002547,0.08219200000000000,5990.00000000000000000,-0.00434503114451029,0.01440254558033655,0.41860542751627594,ok
q002548,0.08219200000000000,6000.00000000000000000,-0.00267697404381320,0.01412148029801848,0.41450076654154727,ok
q002549,0.08219200000000000,6020.00000000000000000,0.00065081604886149,0.01359910237586951,0.40676197506518985,ok
q002550,0.08219200000000000,6025.00000000000000000,0.00148103610485044,0.01350813307829097,0.40539920348939473,ok
q002551,0.08219200000000000,6040.00000000000000000,0.00396756867485531,0.01323567745683521,0.40128997782373232,ok
q002552,0.08219200000000000,6050.00000000000000000,0.00562182877088190,0.01305441602155407,0.39853268965054200,ok
q002553,0.08219200000000000,6060.00000000000000000,0.00727335680935473,0.01287345394468377,0.39576079305902062,ok
q002554,0.08219200000000000,6075.00000000000000000,0.00974554595474401,0.01260256996830299,0.39157484478116766,ok
q002555,0.08219200000000000,6100.00000000000000000,0.01385232790739726,0.01224907924610918,0.38604412538916288,ok
q002556,0.08219200000000000,6150.00000000000000000,0.02201563854655831,0.01180966215321113,0.37905651255078432,ok
q002557,0.08219200000000000,6175.00000000000000000,0.02607243924217253,0.01168359443599967,0.37702787682691252,ok
q002558,0.08219200000000000,6200.00000000000000000,0.03011284877917757,0.01166989769247060,0.37680681606899652,ok
q002559,0.08219200000000000,6300.00000000000000000,0.04611319012561870,0.01205567917558715,0.38298438457837086,ok
q002560,0.08219200000000000,6400.00000000000000000,0.06186154709375787,0.01330223400966878,0.40229767030793923,ok
q002561,0.08219200000000000,6500.00000000000000000,0.07736573362972313,0.01535879382261959,0.43227864455194581,ok
q002562,0.08219200000000000,6600.00000000000000000,0.09263320576051157,0.01809696008871404,0.46923245192026480,ok
q002563,0.08219200000000000,7000.00000000000000000,0.15147370578344502,0.03408153614470314,0.64393911513977586,ok
q002564,0.08493199999999999,3400.00000000000000000,-0.57079016761589774,0.41471160041606481,2.20972086425711867,ok
q002565,0.08493199999999999,3600.00000000000000000,-0.51363175377594916,0.36521869812279040,2.07367564259385206,ok
q002566,0.08493199999999999,3800.00000000000000000,-0.45956453250567331,0.31610928062134713,1.92922529565248757,ok
q002567,0.08493199999999999,4000.00000000000000000,-0.40827123811812271,0.27054226084352501,1.78476845734340150,ok
q002568,0.08493199999999999,4200.00000000000000000,-0.35948107394869083,0.22930957705594293,1.64314322741584506,ok
q002569,0.08493199999999999,4300.00000000000000000,-0.33595057653849664,0.20989296774043403,1.57203882811528617,ok
q002570,0.08493199999999999,4400.00000000000000000,-0.31296105831379795,0.19117073166730844,1.50028934738629816,ok
q002571,0.08493199999999999,4500.00000000000000000,-0.29048820246173940,0.17321578966162354,1.42809817276732121,ok
q002572,0.08493199999999999,4600.00000000000000000,-0.26850929574296406,0.15608242149854154,1.35563046937998277,ok
q002573,0.08493199999999999,4700.00000000000000000,-0.24700309052200053,0.13974842024011547,1.28273746104321296,ok
q002574,0.08493199999999999,4800.00000000000000000,-0.22594968132416823,0.12418216800746669,1.20918831930929094,ok
q002575,0.08493199999999999,4900.00000000000000000,-0.20533039412143247,0.10934218178612254,1.13464026725538103,ok
q002576,0.08493199999999999,5000.00000000000000000,-0.18512768680391306,0.09525275820402679,1.05901742151511113,ok
q002577,0.08493199999999999,5100.00000000000000000,-0.16532505950773341,0.08205199305426678,0.98289899669013325,ok
q002578,0.08493199999999999,5200.00000000000000000,-0.14590697365063174,0.06992903493422993,0.90738812600064633,ok
q002579,0.08493199999999999,5300.00000000000000000,-0.12685877867993731,0.05914945575895977,0.83452567161392666,ok
q002580,0.08493199999999999,5350.00000000000000000,-0.11746903833009824,0.05419405109176040,0.79880381928301425,ok
q002581,0.08493199999999999,5400.00000000000000000,-0.10816664566778468,0.04951567792537276,0.76354684885057211,ok
q002582,0.08493199999999999,5450.00000000000000000,-0.09894999056286076,0.04517598275561427,0.72932000946567743,ok
q002583,0.08493199999999999,5500.00000000000000000,-0.08981750699958818,0.04112853023442926,0.69588250700269982,ok
q002584,0.08493199999999999,5525.00000000000000000,-0.08528235183419695,0.03915331453055911,0.67896688180835285,ok
q002585,0.08493199999999999,5550.00000000000000000,-0.08076767147967025,0.03732607083684114,0.66293425813106888,ok
q002586,0.08493199999999999,5575.00000000000000000,-0.07627328189183097,0.03552175716026027,0.64671293129736673,ok
q002587,0.08493199999999999,5600.00000000000000000,-0.07179900149690992,0.03375589053903640,0.63043324853099725,ok
q002588,0.08493199999999999,5620.00000000000000000,-0.06823393533241377,0.03244131503624067,0.61803568207797099,ok
q002589,0.08493199999999999,5625.00000000000000000,-0.06734465114752956,0.03211340213069221,0.61490423378173142,ok
q002590,0.08493199999999999,5630.00000000000000000,-0.06645615708641441,0.03178578057383211,0.61175956020297895,ok
q002591,0.08493199999999999,5650.00000000000000000,-0.06291005407966385,0.03047819750861755,0.59904433291985193,ok
q002592,0.08493199999999999,5660.00000000000000000,-0.06114170702292181,0.02982614068443164,0.59260164877371269,ok
q002593,0.08493199999999999,5675.00000000000000000,-0.05849503587054709,0.02891643473782578,0.58349440651536810,ok
q002594,0.08493199999999999,5690.00000000000000000,-0.05585535109977390,0.02802588888481363,0.57443913870888119,ok
q002595,0.08493199999999999,5700.00000000000000000,-0.05409942439750892,0.02743349495194363,0.56833564357484834,ok
q002596,0.08493199999999999,5710.00000000000000000,-0.05234657557009460,0.02684213939635060,0.56217675994185190,ok
q002597,0.08493199999999999,5720.00000000000000000,-0.05059679384630687,0.02625181858416545,0.55596060856702434,ok
q002598,0.08493199999999999,5725.00000000000000000,-0.04972304979771008,0.02595704507647726,0.55283044244886792,ok
q002599,0.08493199999999999,5740.00000000000000000,-0.04710638890653836,0.02511846456654141,0.54382712896528307,ok
q002600,0.08493199999999999,5750.00000000000000000,-0.04536574442875440,0.02458703699275130,0.53804354044945668,ok
q002601,0.08493199999999999,5760.00000000000000000,-0.04362812453021354,0.02405653283832076,0.53220731777690278,ok
q002602,0.08493199999999999,5770.00000000000000000,-0.04189351871800528,0.02352694889971105,0.52631667416817962,ok
q002603,0.08493199999999999,5790.00000000000000000,-0.03843330765310950,0.02247052893889268,0.51436448229197118,ok
q002604,0.08493199999999999,5800.00000000000000000,-0.03670768168563978,0.02194368659235610,0.50829884212333620,ok
q002605,0.08493199999999999,5810.00000000000000000,-0.03498502837419352,0.02147069815972676,0.50279089877231520,ok
q002606,0.08493199999999999,5820.00000000000000000,-0.03326533749466699,0.02101171368539335,0.49738772324078073,ok
q002607,0.08493199999999999,5830.00000000000000000,-0.03154859887561238,0.02055351716762640,0.49193463394263504,ok
q002608,0.08493199999999999,5840.00000000000000000,-0.02983480239787776,0.02009610590563027,0.48642991952967601,ok
q002609,0.08493199999999999,5850.00000000000000000,-0.02812393799424827,0.01963947721247129,0.48087177419606603,ok
q002610,0.08493199999999999,5860.00000000000000000,-0.02641599564909221,0.01918362841498331,0.47525829020918425,ok
q002611,0.08493199999999999,5875.00000000000000000,-0.02385953920779078,0.01851881548349973,0.46695058810791268,ok
q002612,0.08493199999999999,5880.00000000000000000,-0.02300883732747791,0.01833065390426262,0.46457229119465471,ok
q002613,0.08493199999999999,5890.00000000000000000,-0.02130960157451808,0.01795481027422915,0.45978493211151683,ok
q002614,0.08493199999999999,5900.00000000000000000,-0.01961324832633971,0.01757960420791147,0.45495544903070978,ok
q002615,0.08493199999999999,5925.00000000000000000,-0.01538491221681852,0.01664436423921619,0.44268818386720038,ok
q002616,0.08493199999999999,5950.00000000000000000,-0.01117437968047505,0.01576326821645789,0.43081166797787868,ok
q002617,0.08493199999999999,5975.00000000000000000,-0.00698150142043911,0.01505819961508296,0.42106665421408535,ok
q002618,0.08493199999999999,5990.00000000000000000,-0.00447418711065547,0.01463657311319847,0.41512991228963131,ok
q002619,0.08493199999999999,6000.00000000000000000,-0.00280613000995840,0.01435607494128352,0.41113285381736192,ok
q002620,0.08493199999999999,6025.00000000000000000,0.00135188013870525,0.01373557523030780,0.40214970124976557,ok
q002621,0.08493199999999999,6030.00000000000000000,0.00218141150108071,0.01364437712155337,0.40081243027929403,ok
q002622,0.08493199999999999,6040.00000000000000000,0.00383841270871016,0.01346220754582223,0.39812776451447446,ok
q002623,0.08493199999999999,6050.00000000000000000,0.00549267280473662,0.01328033932601978,0.39542935866045725,ok
q002624,0.08493199999999999,6060.00000000000000000,0.00714420084320955,0.01309877146675002,0.39271691456628149,ok
q002625,0.08493199999999999,6075.00000000000000000,0.00961638998859864,0.01282698068852426,0.38862125049999657,ok
q002626,0.08493199999999999,6100.00000000000000000,0.01372317194125223,0.01246351153922892,0.38307563884486484,ok
q002627,0.08493199999999999,6125.00000000000000000,0.01781315719277731,0.01223860592503504,0.37960358035803060,ok
q002628,0.08493199999999999,6150.00000000000000000,0.02188648258041309,0.01201461642586114,0.37611380966111452,ok
q002629,0.08493199999999999,6175.00000000000000000,0.02594328327602745,0.01187583835094385,0.37393529840218981,ok
q002630,0.08493199999999999,6200.00000000000000000,0.02998369281303239,0.01185392097399040,0.37359008211034295,ok
q002631,0.08493199999999999,6250.00000000000000000,0.03801586451029679,0.01188334495033574,0.37405346012578161,ok
q002632,0.08493199999999999,6300.00000000000000000,0.04598403415947359,0.01219215211408016,0.37888246889404759,ok
q002633,0.08493199999999999,6400.00000000000000000,0.06173239112761283,0.01336731717587618,0.39672215186819904,ok
q002634,0.08493199999999999,6500.00000000000000000,0.07723657766357794,0.01534195039234494,0.42501534615018088,ok
q002635,0.08493199999999999,6600.00000000000000000,0.09250404979436644,0.01799101579205448,0.46024827223571935,ok
q002636,0.08493199999999999,7600.00000000000000000,0.23358264805427201,0.05843181965900019,0.82944774356572393,ok
q002637,0.08767100000000000,3200.00000000000000000,-0.63169412210632070,0.45838307647394838,2.28657950968040335,ok
q002638,0.08767100000000000,3400.00000000000000000,-0.57106950028988590,0.40412743010108454,2.14699574843917862,ok
q002639,0.08767100000000000,3600.00000000000000000,-0.51391108644993722,0.35431100494756745,2.01031605352838483,ok
q002640,0.08767100000000000,3800.00000000000000000,-0.45984386517966153,0.30795154475793185,1.87418826100531732,ok
q002641,0.08767100000000000,4000.00000000000000000,-0.40855057079211099,0.26451863320255453,1.73700134551882535,ok
q002642,0.08767100000000000,4200.00000000000000000,-0.35976040662267900,0.22421210644413464,1.59919546406672075,ok
q002643,0.08767100000000000,4400.00000000000000000,-0.31324039098778617,0.18697219731678222,1.46036204090474597,ok
q002644,0.08767100000000000,4500.00000000000000000,-0.29076753513572745,0.16954923164558366,1.39065670114825135,ok
q002645,0.08767100000000000,4550.00000000000000000,-0.27971769894914245,0.16115769573921804,1.35580597792249358,ok
q002646,0.08767100000000000,4600.00000000000000000,-0.26878862841695234,0.15296863394413551,1.32090995740003847,ok
q002647,0.08767100000000000,4650.00000000000000000,-0.25797771231273664,0.14497453990837911,1.28593166158186922,ok
q002648,0.08767100000000000,4700.00000000000000000,-0.24728242319598867,0.13716953974703885,1.25083740697704404,ok
q002649,0.08767100000000000,4750.00000000000000000,-0.23670031386545168,0.12954672599763153,1.21558474340886047,ok
q002650,0.08767100000000000,4800.00000000000000000,-0.22622901399815640,0.12209844559623487,1.18012249127472391,ok
q002651,0.08767100000000000,4850.00000000000000000,-0.21586622696260976,0.11481692162796035,1.14439241129702163,ok
q002652,0.08767100000000000,4900.00000000000000000,-0.20560972679542064,0.10769481158072775,1.10833082043348341,ok
q002653,0.08767100000000000,4950.00000000000000000,-0.19545735533140260,0.10074048887841798,1.07194881104367146,ok
q002654,0.08767100000000000,4975.00000000000000000,-0.19041956130144544,0.09733432462708487,1.05367100619996168,ok
q002655,0.08767100000000000,5000.00000000000000000,-0.18540701947790125,0.09396441418740197,1.03527022861303664,ok
q002656,0.08767100000000000,5025.00000000000000000,-0.18041947796686217,0.09063742148285325,1.01677718056378086,ok
q002657,0.08767100000000000,5050.00000000000000000,-0.17545668862473315,0.08739360168267624,0.99841670510785752,ok
q002658,0.08767100000000000,5075.00000000000000000,-0.17051840698415055,0.08416580081097925,0.97980544780581080,ok
q002659,0.08767100000000000,5100.00000000000000000,-0.16560439218172149,0.08105523715057689,0.96152938309488722,ok
q002660,0.08767100000000000,5125.00000000000000000,-0.16071440688752969,0.07798013214994699,0.94311359070478751,ok
q002661,0.08767100000000000,5150.00000000000000000,-0.15584821723635678,0.07497323442862126,0.92475171085833785,ok
q002662,0.08767100000000000,5175.00000000000000000,-0.15100559276056877,0.07207716348617950,0.90671513156185712,ok
q002663,0.08767100000000000,5180.00000000000000000,-0.15003987564060986,0.07149962845249791,0.90307519251011881,ok
q002664,0.08767100000000000,5200.00000000000000000,-0.14618630632461985,0.06919504956629224,0.88840200955560111,ok
q002665,0.08767100000000000,5210.00000000000000000,-0.14426507614672601,0.06808704731788102,0.88126043050071923,ok
q002666,0.08767100000000000,5225.00000000000000000,-0.14139013406112694,0.06646673740480401,0.87071133984130389,ok
q002667,0.08767100000000000,5250.00000000000000000,-0.13661685530846923,0.06377652986304076,0.85290853908685682,ok
q002668,0.08767100000000000,5260.00000000000000000,-0.13471390516238305,0.06270403208952395,0.84570666653611970,ok
q002669,0.08767100000000000,5270.00000000000000000,-0.13281456935873062,0.06165156644909955,0.83857918393256836,ok
q002670,0.08767100000000000,5275.00000000000000000,-0.13186625254987142,0.06114999315708101,0.83516103966019162,ok
q002671,0.08767100000000000,5280.00000000000000000,-0.13091883419383152,0.06064889506484179,0.83173210643178408,ok
q002672,0.08767100000000000,5300.00000000000000000,-0.12713811135392544,0.05864923674042317,0.81790563851891918,ok
q002673,0.08767100000000000,5310.00000000000000000,-0.12525309665815415,0.05765223550873699,0.81092389162919887,ok
q002674,0.08767100000000000,5325.00000000000000000,-0.12243222031651275,0.05616024863279374,0.80036212898112580,ok
q002675,0.08767100000000000,5330.00000000000000000,-0.12149369373424843,0.05566385347970190,0.79681711531097243,ok
q002676,0.08767100000000000,5350.00000000000000000,-0.11774837100408637,0.05380307059054826,0.78338553984945214,ok
q002677,0.08767100000000000,5360.00000000000000000,-0.11588095682929098,0.05288015606742488,0.77663754886268521,ok
q002678,0.08767100000000000,5370.00000000000000000,-0.11401702339122820,0.05195896179604054,0.76984315430818817,ok
q002679,0.08767100000000000,5375.00000000000000000,-0.11308635789827505,0.05149900775306004,0.76642815546975973,ok
q002680,0.08767100000000000,5380.00000000000000000,-0.11215655773830852,0.05103948137545311,0.76300106869486106,ok
q002681,0.08767100000000000,5390.00000000000000000,-0.11029954699109581,0.05012170844038016,0.75610994933422371,ok
q002682,0.08767100000000000,5400.00000000000000000,-0.10844597834177283,0.04922800546121284,0.74933866095292523,ok
q002683,0.08767100000000000,5410.00000000000000000,-0.10659583905361142,0.04837779883732679,0.74283964200594477,ok
q002684,0.08767100000000000,5420.00000000000000000,-0.10474911646044677,0.04752916230966897,0.73629542143761251,ok
q002685,0.08767100000000000,5425.00000000000000000,-0.10382703248547839,0.04710543102180666,0.73300596845430266,ok
q002686,0.08767100000000000,5430.00000000000000000,-0.10290579796615747,0.04668209008986123,0.72970473786201551,ok
q002687,0.08767100000000000,5440.00000000000000000,-0.10106587104415032,0.04583657642147613,0.72306627535858670,ok
q002688,0.08767100000000000,5450.00000000000000000,-0.09922932323684891,0.04499261557980201,0.71637866009557116,ok
q002689,0.08767100000000000,5460.00000000000000000,-0.09739614215518787,0.04415020187161053,0.70964045668061615,ok
q002690,0.08767100000000000,5470.00000000000000000,-0.09556631547811174,0.04335725481433639,0.70323893618114197,ok
q002691,0.08767100000000000,5475.00000000000000000,-0.09465265620943709,0.04296859625660315,0.70007989037786889,ok
q002692,0.08767100000000000,5480.00000000000000000,-0.09373983095207745,0.04258029247624254,0.69690942822719026,ok
q002693,0.08767100000000000,5490.00000000000000000,-0.09191667639056228,0.04180474666097255,0.69053360396080032,ok
q002694,0.08767100000000000,5500.00000000000000000,-0.09009683967357636,0.04103061221284317,0.68411012541508465,ok
q002695,0.08767100000000000,5510.00000000000000000,-0.08828030874717852,0.04025788400426739,0.67763759425987324,ok
q002696,0.08767100000000000,5520.00000000000000000,-0.08646707162299762,0.03948655693555085,0.67111454790307257,ok
q002697,0.08767100000000000,5525.00000000000000000,-0.08556168450818506,0.03910141724256251,0.66783360585931950,ok
q002698,0.08767100000000000,5530.00000000000000000,-0.08465711637775816,0.03872286195519072,0.66459297122301420,ok
q002699,0.08767100000000000,5540.00000000000000000,-0.08285043115280907,0.03801319544861766,0.65847487598769283,ok
q002700,0.08767100000000000,5550.00000000000000000,-0.08104700415365843,0.03730480877413048,0.65231058962620470,ok
q002701,0.08767100000000000,5560.00000000000000000,-0.07924682364951059,0.03659769732386910,0.64609874936802680,ok
q002702,0.08767100000000000,5570.00000000000000000,-0.07744987797280888,0.03589185651481371,0.63983792933923778,ok
q002703,0.08767100000000000,5575.00000000000000000,-0.07655261456581909,0.03553941117529297,0.63668868804844492,ok
q002704,0.08767100000000000,5580.00000000000000000,-0.07565615551878201,0.03518728178860660,0.63352663638016549,ok
q002705,0.08767100000000000,5590.00000000000000000,-0.07386564474499382,0.03448396861137535,0.62716330550059896,ok
q002706,0.08767100000000000,5600.00000000000000000,-0.07207833417089798,0.03380196784973615,0.62093052744713539,ok
q002707,0.08767100000000000,5610.00000000000000000,-0.07029421237739662,0.03315630235774216,0.61497160774737569,ok
q002708,0.08767100000000000,5620.00000000000000000,-0.06851326800640191,0.03251178676037616,0.60896514906474442,ok
q002709,0.08767100000000000,5625.00000000000000000,-0.06762398382151769,0.03218995889366483,0.60594363922732242,ok
q002710,0.08767100000000000,5630.00000000000000000,-0.06673548976040253,0.03186841696912063,0.60290969191178523,ok
q002711,0.08767100000000000,5635.00000000000000000,-0.06584778442026194,0.03154716047907870,0.59986311357526878,ok
q002712,0.08767100000000000,5640.00000000000000000,-0.06496086640203405,0.03122618891722495,0.59680370594195109,ok
q002713,0.08767100000000000,5645.00000000000000000,-0.06407473431037626,0.03090550177859130,0.59373126583905755,ok
q002714,0.08767100000000000,5650.00000000000000000,-0.06318938675365206,0.03058509855955088,0.59064558502549969,ok
q002715,0.08767100000000000,5660.00000000000000000,-0.06142103969690998,0.02994514187241980,0.58443364187746905,ok
q002716,0.08767100000000000,5665.00000000000000000,-0.06053803743203193,0.02962757548549718,0.58132644059574723,ok
q002717,0.08767100000000000,5670.00000000000000000,-0.05965581417234089,0.02933408726525638,0.57843998965451304,ok
q002718,0.08767100000000000,5675.00000000000000000,-0.05877436854453524,0.02904085773894090,0.57554162617722870,ok
q002719,0.08767100000000000,5680.00000000000000000,-0.05789369917894165,0.02874788645090303,0.57263116474055331,ok
q002720,0.08767100000000000,5685.00000000000000000,-0.05701380470950217,0.02845517294669782,0.56970841538120898,ok
q002721,0.08767100000000000,5690.00000000000000000,-0.05613468377376200,0.02816271677307895,0.56677318343849925,ok
q002722,0.08767100000000000,5695.00000000000000000,-0.05525633501285612,0.02787051747799434,0.56382526938974398,ok
q002723,0.08767100000000000,5700.00000000000000000,-0.05437875707149713,0.02757857461058203,0.56086446867824558,ok
q002724,0.08767100000000000,5705.00000000000000000,-0.05350194859796266,0.02728688772116609,0.55789057153336130,ok
q002725,0.08767100000000000,5710.00000000000000000,-0.05262590824408268,0.02699545636125228,0.55490336278223806,ok
q002726,0.08767100000000000,5715.00000000000000000,-0.05175063466522756,0.02670428008352419,0.55190262165273418,ok
q002727,0.08767100000000000,5720.00000000000000000,-0.05087612652029503,0.02641335844183883,0.54888812156701228,ok
q002728,0.08767100000000000,5725.00000000000000000,-0.05000238247169824,0.02612269099122269,0.54585962992526771,ok
q002729,0.08767100000000000,5730.00000000000000000,-0.04912940118535341,0.02583227728786762,0.54281690787900272,ok
q002730,0.08767100000000000,5735.00000000000000000,-0.04825718133066761,0.02554891837064254,0.53983157025551409,ok
q002731,0.08767100000000000,5740.00000000000000000,-0.04738572158052648,0.02528504540906775,0.53703660515998952,ok
q002732,0.08767100000000000,5745.00000000000000000,-0.04651502061128254,0.02502140220195093,0.53422947032407930,ok
q002733,0.08767100000000000,5750.00000000000000000,-0.04564507710274250,0.02475798834954519,0.53140996860037193,ok
q002734,0.08767100000000000,5755.00000000000000000,-0.04477588973815563,0.02449480345314604,0.52857789778739084,ok
q002735,0.08767100000000000,5760.00000000000000000,-0.04390745720420174,0.02423184711508775,0.52573305044606689,ok
q002736,0.08767100000000000,5765.00000000000000000,-0.04303977819097928,0.02396911893873971,0.52287521370756951,ok
q002737,0.08767100000000000,5770.00000000000000000,-0.04217285139199334,0.02370661852850283,0.52000416907199176,ok
q002738,0.08767100000000000,5775.00000000000000000,-0.04130667550414432,0.02344434548980612,0.51711969219735532,ok
q002739,0.08767100000000000,5780.00000000000000000,-0.04044124922771548,0.02318229942910287,0.51422155267835412,ok
q002740,0.08767100000000000,5785.00000000000000000,-0.03957657126636170,0.02292047995386731,0.51130951381422873,ok
q002741,0.08767100000000000,5790.00000000000000000,-0.03871264032709774,0.02265888667259098,0.50838333236510558,ok
q002742,0.08767100000000000,5795.00000000000000000,-0.03784945512028649,0.02239751919477925,0.50544275829609564,ok
q002743,0.08767100000000000,5800.00000000000000000,-0.03698701435962789,0.02213637713094791,0.50248753450839412,ok
q002744,0.08767100000000000,5805.00000000000000000,-0.03612531676214675,0.02188426608350250,0.49961792708324321,ok
q002745,0.08767100000000000,5810.00000000000000000,-0.03526436104818172,0.02165538629165166,0.49699839637827198,ok
q002746,0.08767100000000000,5820.00000000000000000,-0.03354467016865517,0.02119821702711291,0.49172431832038321,ok
q002747,0.08767100000000000,5825.00000000000000000,-0.03268593246023727,0.02096992687842224,0.48906938546838447,ok
q002748,0.08767100000000000,5830.00000000000000000,-0.03182793154960054,0.02074183260289910,0.48640225797322578,ok
q002749,0.08767100000000000,5835.00000000000000000,-0.03097066617348226,0.02051393386471284,0.48372273016073469,ok
q002750,0.08767100000000000,5840.00000000000000000,-0.03011413507186590,0.02028623032889580,0.48103059083575506,ok
q002751,0.08767100000000000,5845.00000000000000000,-0.02925833698796988,0.02005872166134031,0.47832562307224208,ok
q002752,0.08767100000000000,5850.00000000000000000,-0.02840327066823651,0.01983140752879575,0.47560760399300195,ok
q002753,0.08767100000000000,5855.00000000000000000,-0.02754893486232087,0.01960428759886561,0.47287630453844304,ok
q002754,0.08767100000000000,5860.00000000000000000,-0.02669532832308031,0.01937736154000467,0.47013148922366538,ok
q002755,0.08767100000000000,5870.00000000000000000,-0.02499029807199652,0.01892408971354776,0.46460033540230922,ok
q002756,0.08767100000000000,5875.00000000000000000,-0.02413887188177896,0.01870241626177678,0.46187119647194746,ok
q002757,0.08767100000000000,5880.00000000000000000,-0.02328817000146597,0.01851465174383418,0.45954685006946666,ok
q002758,0.08767100000000000,5885.00000000000000000,-0.02243819119976150,0.01832704682176118,0.45721267817322458,ok
q002759,0.08767100000000000,5890.00000000000000000,-0.02158893424850623,0.01813960122448193,0.45486852612502460,ok
q002760,0.08767100000000000,5895.00000000000000000,-0.02074039792266734,0.01795231468161064,0.45251423541710989,ok
q002761,0.08767100000000000,5900.00000000000000000,-0.01989258100032784,0.01776518692344924,0.45014964355647225,ok
q002762,0.08767100000000000,5905.00000000000000000,-0.01904548226267599,0.01757821768098505,0.44777458392296055,ok
q002763,0.08767100000000000,5910.00000000000000000,-0.01819910049399470,0.01739140668588841,0.44538888562083878,ok
q002764,0.08767100000000000,5915.00000000000000000,-0.01735343448165145,0.01720475367051051,0.44299237332342190,ok
q002765,0.08767100000000000,5920.00000000000000000,-0.01650848301608726,0.01701825836788089,0.44058486711038647,ok
q002766,0.08767100000000000,5925.00000000000000000,-0.01566424489080671,0.01683192051170530,0.43816618229733606,ok
q002767,0.08767100000000000,5930.00000000000000000,-0.01482071890236753,0.01664573983636335,0.43573612925716149,ok
q002768,0.08767100000000000,5935.00000000000000000,-0.01397790385037027,0.01645971607690626,0.43329451323271007,ok
q002769,0.08767100000000000,5940.00000000000000000,-0.01313579853744798,0.01627384896905459,0.43084113414024083,ok
q002770,0.08767100000000000,5945.00000000000000000,-0.01229440176925640,0.01608813824919603,0.42837578636310847,ok
q002771,0.08767100000000000,5950.00000000000000000,-0.01145371235446319,0.01593816341189533,0.42637443557315086,ok
q002772,0.08767100000000000,5955.00000000000000000,-0.01061372910473817,0.01579753832895632,0.42448928160484894,ok
q002773,0.08767100000000000,5960.00000000000000000,-0.00977445083474322,0.01565703126960058,0.42259731103563702,ok
q002774,0.08767100000000000,5965.00000000000000000,-0.00893587636212209,0.01551664203588492,0.42069842921501177,ok
q002775,0.08767100000000000,5970.00000000000000000,-0.00809800450749083,0.01537637043036380,0.41879253944353328,ok
q002776,0.08767100000000000,5975.00000000000000000,-0.00726083409442720,0.01523621625608747,0.41687954290999030,ok
q002777,0.08767100000000000,5980.00000000000000000,-0.00642436394946122,0.01509617931660046,0.41495933862607431,ok
q002778,0.08767100000000000,5990.00000000000000000,-0.00475351978464364,0.01481645635863369,0.41109689155800405,ok
q002779,0.08767100000000000,6000.00000000000000000,-0.00308546268394655,0.01453719999464153,0.40720434413937362,ok
q002780,0.08767100000000000,6010.00000000000000000,-0.00142018336488538,0.01425840867060471,0.40328080279053929,ok
q002781,0.08767100000000000,6020.00000000000000000,0.00024232740872804,0.01399436566629469,0.39952929477262838,ok
q002782,0.08767100000000000,6025.00000000000000000,0.00107254746471704,0.01390431526870324,0.39824178247095743,ok
q002783,0.08767100000000000,6030.00000000000000000,0.00190207882709241,0.01381433957074506,0.39695116736789227,ok
q002784,0.08767100000000000,6040.00000000000000000,0.00355908003472209,0.01363461177872151,0.39436049967204279,ok
q002785,0.08767100000000000,6050.00000000000000000,0.00521334013074857,0.01345518130328038,0.39175702853262317,ok
q002786,0.08767100000000000,6070.00000000000000000,0.00851367315940529,0.01309720837878782,0.38651058185886455,ok
q002787,0.08767100000000000,6075.00000000000000000,0.00933705731461053,0.01300789944194407,0.38519053353130045,ok
q002788,0.08767100000000000,6090.00000000000000000,0.01180314980980397,0.01274041299893719,0.38120955100481740,ok
q002789,0.08767100000000000,6100.00000000000000000,0.01344383926726406,0.01263449826955262,0.37962169153810815,ok
q002790,0.08767100000000000,6125.00000000000000000,0.01753382451878908,0.01241365757971989,0.37628932734909409,ok
q002791,0.08767100000000000,6130.00000000000000000,0.01834981803611841,0.01236959762346482,0.37562094945020547,ok
q002792,0.08767100000000000,6140.00000000000000000,0.01997981024704944,0.01228158542240621,0.37428225422929329,ok
q002793,0.08767100000000000,6150.00000000000000000,0.02160714990642503,0.01219371644712454,0.37294094394341643,ok
q002794,0.08767100000000000,6160.00000000000000000,0.02323184563342690,0.01210599023222300,0.37159698313194495,ok
q002795,0.08767100000000000,6170.00000000000000000,0.02485390600529489,0.01204742789977868,0.37069709938709033,ok
q002796,0.08767100000000000,6175.00000000000000000,0.02566395060203932,0.01204213475017089,0.37061565582948197,ok
q002797,0.08767100000000000,6180.00000000000000000,0.02647333955759781,0.01203684588478017,0.37053426031179959,ok
q002798,0.08767100000000000,6190.00000000000000000,0.02809015478450311,0.01202628097894838,0.37037161309632488,ok
q002799,0.08767100000000000,6200.00000000000000000,0.02970436013904421,0.01201573312704787,0.37020915714262853,ok
q002800,0.08767100000000000,6225.00000000000000000,0.03372851043876977,0.01198943774816840,0.36980385012897832,ok
q002801,0.08767100000000000,6250.00000000000000000,0.03773653183630849,0.01201878404283095,0.37025615407828488,ok
q002802,0.08767100000000000,6275.00000000000000000,0.04172855310584606,0.01215418359994650,0.37233590336350653,ok
q002803,0.08767100000000000,6300.00000000000000000,0.04570470148548539,0.01228904478762029,0.37439589933843798,ok
q002804,0.08767100000000000,6350.00000000000000000,0.05360988099259869,0.01273382612036513,0.38111099432319351,ok
q002805,0.08767100000000000,6400.00000000000000000,0.06145305845362461,0.01329940388749691,0.38948264215006662,ok
q002806,0.08767100000000000,6450.00000000000000000,0.06923519889567958,0.01409994712082439,0.40103360089416806,ok
q002807,0.08767100000000000,6500.00000000000000000,0.07695724498958990,0.01504940118878849,0.41431592809757289,ok
q002808,0.08767100000000000,6600.00000000000000000,0.09222471712037819,0.01746631424473571,0.44634703544127935,ok
q002809,0.08767100000000000,6800.00000000000000000,0.12207768027005944,0.02428846975147301,0.52634693310890013,ok
q002810,0.09589000000000000,4000.00000000000000000,-0.40862324947454781,0.24322322513444117,1.59263355704872023,ok
q002811,0.09589000000000000,4200.00000000000000000,-0.35983308530511571,0.20715974112982366,1.46982632181782491,ok
q002812,0.09589000000000000,4400.00000000000000000,-0.31331306967022293,0.17346852552750219,1.34500433534126151,ok
q002813,0.09589000000000000,4500.00000000000000000,-0.29084021381816438,0.15751712208958898,1.28167296882450610,ok
q002814,0.09589000000000000,4600.00000000000000000,-0.26886130709938899,0.14221980152689681,1.21784880636396386,ok
q002815,0.09589000000000000,4700.00000000000000000,-0.24735510187842544,0.12759242209790400,1.15352173374278344,ok
q002816,0.09589000000000000,4900.00000000000000000,-0.20568240547785746,0.10032067333813548,1.02284201683751408,ok
q002817,0.09589000000000000,5000.00000000000000000,-0.18547969816033805,0.08767018292106012,0.95617921075780121,ok
q002818,0.09589000000000000,5100.00000000000000000,-0.16567707086415823,0.07580578979587811,0.88912849558137164,ok
q002819,0.09589000000000000,5200.00000000000000000,-0.14625898500705667,0.06492161248922634,0.82282596866710911,ok
q002820,0.09589000000000000,5300.00000000000000000,-0.12721079003636221,0.05523511331349395,0.75896363103707365,ok
q002821,0.09589000000000000,5400.00000000000000000,-0.10851865702420968,0.04655154307265623,0.69675546113489317,ok
q002822,0.09589000000000000,5500.00000000000000000,-0.09016951835601317,0.03893469884799869,0.63720877907981821,ok
q002823,0.09589000000000000,5550.00000000000000000,-0.08111968283609522,0.03544937495609914,0.60801967336978890,ok
q002824,0.09589000000000000,5600.00000000000000000,-0.07215101285333488,0.03216027743809788,0.57912622786361512,ok
q002825,0.09589000000000000,5650.00000000000000000,-0.06326206543608881,0.02912863275060887,0.55115454196937763,ok
q002826,0.09589000000000000,5700.00000000000000000,-0.05445143575393387,0.02628736096480914,0.52358456468776826,ok
q002827,0.09589000000000000,5725.00000000000000000,-0.05007506115413508,0.02491113965721635,0.50969472497034551,ok
q002828,0.09589000000000000,5750.00000000000000000,-0.04571775578517933,0.02361785065345678,0.49628771706214475,ok
q002829,0.09589000000000000,5775.00000000000000000,-0.04137935418658114,0.02237419459431610,0.48304439389913356,ok
q002830,0.09589000000000000,5800.00000000000000000,-0.03705969304206470,0.02113591071632097,0.46948727273794710,ok
q002831,0.09589000000000000,5820.00000000000000000,-0.03361734885109188,0.02024441659977822,0.45947932417672360,ok
q002832,0.09589000000000000,5825.00000000000000000,-0.03275861114267407,0.02002804706868685,0.45701730226055010,ok
q002833,0.09589000000000000,5830.00000000000000000,-0.03190061023203732,0.01981186318286159,0.45454407465980523,ok
q002834,0.09589000000000000,5840.00000000000000000,-0.03018681375430263,0.01938005107464905,0.44956324704615463,ok
q002835,0.09589000000000000,5850.00000000000000000,-0.02847594935067330,0.01894897773858204,0.44453527953598132,ok
q002836,0.09589000000000000,5880.00000000000000000,-0.02336084868390284,0.01769769342653872,0.42960732186678446,ok
q002837,0.09589000000000000,5900.00000000000000000,-0.01996525968276461,0.01698668154044014,0.42088903642503483,ok
q002838,0.09589000000000000,5910.00000000000000000,-0.01827177917643154,0.01663207891671995,0.41647276782994497,ok
q002839,0.09589000000000000,5940.00000000000000000,-0.01320847721988478,0.01557185994651945,0.40298008598164370,ok
q002840,0.09589000000000000,5950.00000000000000000,-0.01152639103689994,0.01524964541645373,0.39878903953667100,ok
q002841,0.09589000000000000,5970.00000000000000000,-0.00817068318992771,0.01471624303878173,0.39175253594448567,ok
q002842,0.09589000000000000,5975.00000000000000000,-0.00733351277686406,0.01458317165437987,0.38997730579368356,ok
q002843,0.09589000000000000,5980.00000000000000000,-0.00649704263189805,0.01445021158022470,0.38819545265381211,ok
q002844,0.09589000000000000,6000.00000000000000000,-0.00315814136638340,0.01391948067185778,0.38099989573924975,ok
q002845,0.09589000000000000,6025.00000000000000000,0.00099986878228043,0.01331427214432169,0.37262505705534194,ok
q002846,0.09589000000000000,6050.00000000000000000,0.00514066144831163,0.01288684449652866,0.36659508219077369,ok
q002847,0.09589000000000000,6100.00000000000000000,0.01337116058482715,0.01210064418707674,0.35523650300002224,ok
q002848,0.09589000000000000,6150.00000000000000000,0.02153447122398813,0.01167193819870978,0.34888703455635700,ok
q002849,0.09589000000000000,6200.00000000000000000,0.02963168145660754,0.01147901448741601,0.34599166977759860,ok
q002850,0.09589000000000000,6300.00000000000000000,0.04563202280304855,0.01165752855285919,0.34867160798735763,ok
q002851,0.09589000000000000,6400.00000000000000000,0.06138037977118780,0.01246787613603515,0.36058659720979813,ok
q002852,0.09863000000000000,4000.00000000000000000,-0.40876226541395111,0.23934228364321175,1.55777668189119445,ok
q002853,0.09863000000000000,4200.00000000000000000,-0.35997210124451917,0.20431499076076570,1.43928102425571458,ok
q002854,0.09863000000000000,4400.00000000000000000,-0.31345208560962623,0.17087508046335537,1.31623928710864391,ok
q002855,0.09863000000000000,5000.00000000000000000,-0.18561871409974132,0.08668377478680106,0.93748513678738565,ok
q002856,0.09863000000000000,5100.00000000000000000,-0.16581608680356164,0.07519811012736405,0.87317028245425854,ok
q002857,0.09863000000000000,5500.00000000000000000,-0.09030853429541658,0.03896013577676996,0.62850062558911790,ok
q002858,0.09863000000000000,5550.00000000000000000,-0.08125869877549868,0.03548535475481488,0.59981877991597199,ok
q002859,0.09863000000000000,5600.00000000000000000,-0.07229002879273816,0.03220449985742305,0.57141779747771959,ok
q002860,0.09863000000000000,5650.00000000000000000,-0.06340108137549215,0.02918813177140850,0.54399966537331157,ok
q002861,0.09863000000000000,5700.00000000000000000,-0.05459045169333726,0.02636576985144959,0.51702996264396228,ok
q002862,0.09863000000000000,5775.00000000000000000,-0.04151837012598457,0.02249814061328056,0.47760492532969590,ok
q002863,0.09863000000000000,5800.00000000000000000,-0.03719870898146810,0.02127928517630905,0.46448746774097349,ok
q002864,0.09863000000000000,5850.00000000000000000,-0.02861496529007664,0.01912858312910424,0.44038942802130204,ok
q002865,0.09863000000000000,5900.00000000000000000,-0.02010427562216800,0.01719650836888329,0.41755685814858029,ok
q002866,0.09863000000000000,5950.00000000000000000,-0.01166540697630339,0.01548202916164276,0.39619539555555372,ok
q002867,0.09863000000000000,6000.00000000000000000,-0.00329715730578679,0.01416021434150710,0.37890505308432459,ok
q002868,0.09863000000000000,6020.00000000000000000,0.00003063278688783,0.01363617170002007,0.37182767750436391,ok
q002869,0.09863000000000000,6025.00000000000000000,0.00086085284287695,0.01354844064233523,0.37062963329570120,ok
q002870,0.09863000000000000,6030.00000000000000000,0.00169038420525221,0.01346078236031840,0.36942870254077331,ok
q002871,0.09863000000000000,6050.00000000000000000,0.00500164550890841,0.01311087458063399,0.36459550907004640,ok
q002872,0.09863000000000000,6075.00000000000000000,0.00912536269277030,0.01267511292018805,0.35848534145824501,ok
q002873,0.09863000000000000,6100.00000000000000000,0.01323214464542376,0.01229580530358890,0.35308069462898811,ok
q002874,0.09863000000000000,6150.00000000000000000,0.02139545528458479,0.01183485476623419,0.34639925540791500,ok
q002875,0.09863000000000000,6200.00000000000000000,0.02949266551720404,0.01160988087515936,0.34309103120689377,ok
q002876,0.09863000000000000,6300.00000000000000000,0.04549300686364516,0.01177263357264839,0.34548746649143508,ok
q002877,0.09863000000000000,6400.00000000000000000,0.06124136383178432,0.01266623444608900,0.35835976623083166,ok
q002878,0.09863000000000000,6600.00000000000000000,0.09201302249853817,0.01658282565957163,0.41003860835585626,ok
q002879,0.09863000000000000,6700.00000000000000000,0.10705089986307867,0.01948802192293511,0.44450777649832596,ok
q002880,0.10410999999999999,3200.00000000000000000,-0.63233028240039391,0.40273403400310587,1.96681242355069230,ok
q002881,0.10410999999999999,3400.00000000000000000,-0.57170566058395889,0.35348074541618058,1.84262372138765840,ok
q002882,0.10410999999999999,3600.00000000000000000,-0.51454724674401031,0.30906230705720428,1.72296635871424231,ok
q002883,0.10410999999999999,4000.00000000000000000,-0.40918673108618403,0.23220545213483043,1.49344757869133615,ok
q002884,0.10410999999999999,4200.00000000000000000,-0.36039656691675209,0.19817052182491401,1.37966390782624670,ok
q002885,0.10410999999999999,4300.00000000000000000,-0.33686606950655801,0.18195195659923027,1.32200209018556492,ok
q002886,0.10410999999999999,4400.00000000000000000,-0.31387655128185915,0.16628592233210529,1.26380921766777887,ok
q002887,0.10410999999999999,4500.00000000000000000,-0.29140369542980055,0.15124240990610896,1.20528727420956372,ok
q002888,0.10410999999999999,4700.00000000000000000,-0.24791858349006179,0.12307990904036090,1.08729492280751927,ok
q002889,0.10410999999999999,4800.00000000000000000,-0.22686517429222947,0.10989652335327457,1.02741464861046894,ok
q002890,0.10410999999999999,4900.00000000000000000,-0.20624588708949368,0.09731099405462103,0.96679574702691018,ok
q002891,0.10410999999999999,5000.00000000000000000,-0.18604317977197427,0.08539473046823938,0.90566860422162365,ok
q002892,0.10410999999999999,5100.00000000000000000,-0.16624055247579458,0.07425276970044231,0.84452032412168698,ok
q002893,0.10410999999999999,5200.00000000000000000,-0.14682246661869303,0.06408103251285358,0.78454620709042433,ok
q002894,0.10410999999999999,5300.00000000000000000,-0.12777427164799857,0.05503269086042534,0.72704978606489812,ok
q002895,0.10410999999999999,5350.00000000000000000,-0.11838453129815954,0.05085553208111789,0.69891261289802620,ok
q002896,0.10410999999999999,5400.00000000000000000,-0.10908213863584591,0.04688832557214245,0.67109830007652260,ok
q002897,0.10410999999999999,5450.00000000000000000,-0.09986548353092191,0.04318072853888853,0.64401911753662355,ok
q002898,0.10410999999999999,5500.00000000000000000,-0.09073299996764940,0.03965066967714483,0.61713338369124637,ok
q002899,0.10410999999999999,5525.00000000000000000,-0.08619784480225813,0.03793078529140210,0.60360064309942096,ok
q002900,0.10410999999999999,5550.00000000000000000,-0.08168316444773151,0.03629322332683164,0.59042745941540720,ok
q002901,0.10410999999999999,5575.00000000000000000,-0.07718877485989220,0.03469466192705008,0.57727813272530348,ok
q002902,0.10410999999999999,5600.00000000000000000,-0.07271449446497111,0.03310356304272680,0.56388578573656822,ok
q002903,0.10410999999999999,5620.00000000000000000,-0.06914942830047498,0.03192205662467162,0.55373147290435798,ok
q002904,0.10410999999999999,5625.00000000000000000,-0.06826014411559084,0.03162733699719898,0.55116938928024650,ok
q002905,0.10410999999999999,5630.00000000000000000,-0.06737165005447562,0.03133287922638229,0.54859763257459626,ok
q002906,0.10410999999999999,5640.00000000000000000,-0.06559702669610719,0.03074474739634112,0.54342453364437260,ok
q002907,0.10410999999999999,5650.00000000000000000,-0.06382554704772510,0.03015765743014034,0.53821101103899283,ok
q002908,0.10410999999999999,5660.00000000000000000,-0.06205719999098306,0.02957160564302435,0.53295584524853212,ok
q002909,0.10410999999999999,5670.00000000000000000,-0.06029197446641400,0.02899443471560300,0.52772916938828973,ok
q002910,0.10410999999999999,5675.00000000000000000,-0.05941052883860830,0.02872433272381342,0.52526534794678659,ok
q002911,0.10410999999999999,5680.00000000000000000,-0.05852985947301467,0.02845446860258898,0.52279210025058742,ok
q002912,0.10410999999999999,5690.00000000000000000,-0.05677084406783505,0.02791545229853137,0.51781676978884117,ok
q002913,0.10410999999999999,5700.00000000000000000,-0.05501491736557021,0.02737738246783866,0.51280203310296568,ok
q002914,0.10410999999999999,5710.00000000000000000,-0.05326206853815579,0.02684025579245961,0.50774669122875349,ok
q002915,0.10410999999999999,5720.00000000000000000,-0.05151228681436817,0.02630406897176076,0.50264948748492477,ok
q002916,0.10410999999999999,5725.00000000000000000,-0.05063854276577134,0.02603632698020105,0.50008477794574246,ok
q002917,0.10410999999999999,5730.00000000000000000,-0.04976556147942647,0.02576881872240440,0.49750910349728106,ok
q002918,0.10410999999999999,5740.00000000000000000,-0.04802188187459957,0.02524701127691272,0.49244616966272620,ok
q002919,0.10410999999999999,5750.00000000000000000,-0.04628123739681562,0.02476065713225855,0.48767990414661166,ok
q002920,0.10410999999999999,5760.00000000000000000,-0.04454361749827478,0.02427514808645686,0.48287499952496638,ok
q002921,0.10410999999999999,5775.00000000000000000,-0.04194283579821746,0.02354846266889591,0.47559256517538206,ok
q002922,0.10410999999999999,5800.00000000000000000,-0.03762317465370105,0.02234150448303375,0.46324419350551632,ok
q002923,0.10410999999999999,5825.00000000000000000,-0.03332209275431045,0.02123925104037830,0.45167221546771541,ok
q002924,0.10410999999999999,5850.00000000000000000,-0.02903943096230959,0.02018275138817112,0.44029521130419724,ok
q002925,0.10410999999999999,5900.00000000000000000,-0.02052874129440084,0.01822822117162455,0.41843299358934782,ok
q002926,0.10410999999999999,6000.00000000000000000,-0.00372162297801963,0.01511928861762296,0.38108289476059909,ok
q002927,0.10410999999999999,6100.00000000000000000,0.01280767897319091,0.01310863314184499,0.35483992721950020,ok
q002928,0.10410999999999999,6200.00000000000000000,0.02906819984497120,0.01225880965147797,0.34314519945319122,ok
q002929,0.10410999999999999,6300.00000000000000000,0.04506854119141231,0.01224289510334515,0.34292238930743713,ok
q002930,0.10410999999999999,6400.00000000000000000,0.06081689815955146,0.01294078149279098,0.35256080475947132,ok
q002931,0.10410999999999999,6600.00000000000000000,0.09158855682630511,0.01641512745371812,0.39707807365533587,ok
q002932,0.10410999999999999,6800.00000000000000000,0.12144151997598641,0.02210048559917226,0.46073869183017724,ok
q002933,0.10410999999999999,7000.00000000000000000,0.15042905684923868,0.02912171126563896,0.52888618449950275,ok
q002934,0.10684900000000000,2900.00000000000000000,-0.73111054237048423,0.48071700996089728,2.12109203867291152,ok
q002935,0.10684900000000000,3000.00000000000000000,-0.69720899069480280,0.44944245953667428,2.05093463033986101,ok
q002936,0.10684900000000000,3050.00000000000000000,-0.68067968874359219,0.43461865854605863,2.01682841993569451,ok
q002937,0.10684900000000000,3100.00000000000000000,-0.66441916787181188,0.42040570471962130,1.98357702466975017,ok
q002938,0.10684900000000000,3150.00000000000000000,-0.64841882652537075,0.40679526877993633,1.95120417081753561,ok
q002939,0.10684900000000000,3175.00000000000000000,-0.64051364701825753,0.40018930900944927,1.93529649557950001,ok
q002940,0.10684900000000000,3200.00000000000000000,-0.63267046955723172,0.39376296370514635,1.91969485792122430,ok
q002941,0.10684900000000000,3225.00000000000000000,-0.62488832911517667,0.38743064275097056,1.90419645607611598,ok
q002942,0.10684900000000000,3250.00000000000000000,-0.61716628302126642,0.38128439344136544,1.88903186421563274,ok
q002943,0.10684900000000000,3275.00000000000000000,-0.60950341027569721,0.37520873463826310,1.87392083114510855,ok
q002944,0.10684900000000000,3300.00000000000000000,-0.60189881089047803,0.36931798394244542,1.85915242358310229,ok
q002945,0.10684900000000000,3325.00000000000000000,-0.59435160525509501,0.36347320739733491,1.84438240584664759,ok
q002946,0.10684900000000000,3350.00000000000000000,-0.58686093352593749,0.35779296396009125,1.82991394594302426,ok
q002947,0.10684900000000000,3375.00000000000000000,-0.57942595503841920,0.35215495320661194,1.81543903667593054,ok
q002948,0.10684900000000000,3400.00000000000000000,-0.57204584774079681,0.34662794003927405,1.80113618831078504,ok
q002949,0.10684900000000000,3425.00000000000000000,-0.56471980764872398,0.34115404263078197,1.78685795526379509,ok
q002950,0.10684900000000000,3450.00000000000000000,-0.55744704831964409,0.33574774502210941,1.77264316837739710,ok
q002951,0.10684900000000000,3475.00000000000000000,-0.55022680034615712,0.33039582026255976,1.75845816785668752,ok
q002952,0.10684900000000000,3500.00000000000000000,-0.54305831086754441,0.32509000271952559,1.74428150576055141,ok
q002953,0.10684900000000000,3525.00000000000000000,-0.53594084309868051,0.31983325495297771,1.73012139999157588,ok
q002954,0.10684900000000000,3550.00000000000000000,-0.52887367587558798,0.31461651161713178,1.71595353888865954,ok
q002955,0.10684900000000000,3575.00000000000000000,-0.52185610321694154,0.30945521143111820,1.70182018118482437,ok
q002956,0.10684900000000000,3600.00000000000000000,-0.51488743390084812,0.30432987878591872,1.68766819334732232,ok
q002957,0.10684900000000000,3625.00000000000000000,-0.50796699105627441,0.29926230566481737,1.67355803726177799,ok
q002958,0.10684900000000000,3650.00000000000000000,-0.50109411176851237,0.29423444642508201,1.65943989334478803,ok
q002959,0.10684900000000000,3675.00000000000000000,-0.49426814669811248,0.28925621971831683,1.64534176575505997,ok
q002960,0.10684900000000000,3700.00000000000000000,-0.48748845971273380,0.28432891025099100,1.63126785881267944,ok
q002961,0.10684900000000000,3725.00000000000000000,-0.48075442753138958,0.27943780961380599,1.61717624480597122,ok
q002962,0.10684900000000000,3750.00000000000000000,-0.47406543938059309,0.27461267057090816,1.60315330552762125,ok
q002963,0.10684900000000000,3775.00000000000000000,-0.46742089666192438,0.26981959248925041,1.58910103325197438,ok
q002964,0.10684900000000000,3800.00000000000000000,-0.46082021263057243,0.26508203489243226,1.57508834135329057,ok
q002965,0.10684900000000000,3825.00000000000000000,-0.45426281208441344,0.26038797477064168,1.56108025585025345,ok
q002966,0.10684900000000000,3850.00000000000000000,-0.44774813106321965,0.25573134216309212,1.54705854172455814,ok
q002967,0.10684900000000000,3875.00000000000000000,-0.44127561655760222,0.25113373640730524,1.53308875485454066,ok
q002968,0.10684900000000000,3900.00000000000000000,-0.43484472622731174,0.24656569745247295,1.51908157935903598,ok
q002969,0.10684900000000000,3925.00000000000000000,-0.42845492812854080,0.24205096209731058,1.50510977265049162,ok
q002970,0.10684900000000000,3950.00000000000000000,-0.42210570044988194,0.23757593998411472,1.49113167997240614,ok
q002971,0.10684900000000000,3975.00000000000000000,-0.41579653125661731,0.23313394955876054,1.47712595601653685,ok
q002972,0.10684900000000000,4000.00000000000000000,-0.40952691824302179,0.22874961155764653,1.46317055123776973,ok
q002973,0.10684900000000000,4025.00000000000000000,-0.40329636849238581,0.22439259048149576,1.44916896642015969,ok
q002974,0.10684900000000000,4050.00000000000000000,-0.39710439824446481,0.22008129921538586,1.43517988762479876,ok
q002975,0.10684900000000000,4075.00000000000000000,-0.39095053267008645,0.21581183573655621,1.42119083616281405,ok
q002976,0.10684900000000000,4100.00000000000000000,-0.38483430565265042,0.21156848534751038,1.40714955431253008,ok
q002977,0.10684900000000000,4125.00000000000000000,-0.37875525957626816,0.20738174372707027,1.39315689898405015,ok
q002978,0.10684900000000000,4150.00000000000000000,-0.37271294512030562,0.20322299010073616,1.37911724007182990,ok
q002979,0.10684900000000000,4175.00000000000000000,-0.36670692106009362,0.19909734669929055,1.36504668682038988,ok
q002980,0.10684900000000000,4200.00000000000000000,-0.36073675407358990,0.19502116959896493,1.35100092810635997,ok
q002981,0.10684900000000000,4225.00000000000000000,-0.35480201855377524,0.19096918360308837,1.33689227796521637,ok
q002982,0.10684900000000000,4250.00000000000000000,-0.34890229642658704,0.18695889557678638,1.32278065808380174,ok
q002983,0.10684900000000000,4275.00000000000000000,-0.34303717697418901,0.18298790974929921,1.30865740561607269,ok
q002984,0.10684900000000000,4300.00000000000000000,-0.33720625666339571,0.17904007848971590,1.29446376727711776,ok
q002985,0.10684900000000000,4325.00000000000000000,-0.33140913897906987,0.17514638232816246,1.28031063996246530,ok
q002986,0.10684900000000000,4350.00000000000000000,-0.32564543426231973,0.17128453864256324,1.26611702942251214,ok
q002987,0.10684900000000000,4375.00000000000000000,-0.31991475955333476,0.16744482598781862,1.25184521964471851,ok
q002988,0.10684900000000000,4400.00000000000000000,-0.31421673843869696,0.16367492570009379,1.23767279592809709,ok
q002989,0.10684900000000000,4425.00000000000000000,-0.30855100090301968,0.15992827886939043,1.22342514064545926,ok
q002990,0.10684900000000000,4450.00000000000000000,-0.30291718318476357,0.15620921269574076,1.20911634145336233,ok
q002991,0.10684900000000000,4475.00000000000000000,-0.29731492763609380,0.15256320485306465,1.19492231238614521,ok
q002992,0.10684900000000000,4500.00000000000000000,-0.29174388258663847,0.14893750913715983,1.18063814919776533,ok
q002993,0.10684900000000000,4520.00000000000000000,-0.28730928551877272,0.14605219710560427,1.16914618350060717,ok
q002994,0.10684900000000000,4525.00000000000000000,-0.28620370221102304,0.14534590020668131,1.16631580814780889,ok
q002995,0.10684900000000000,4530.00000000000000000,-0.28509933986796976,0.14464038331553586,1.16348168458778622,ok
q002996,0.10684900000000000,4540.00000000000000000,-0.28289426730965583,0.14323168267857772,1.15780205491028521,ok
q002997,0.10684900000000000,4550.00000000000000000,-0.28069404640005347,0.14182608149546952,1.15210701505214752,ok
q002998,0.10684900000000000,4560.00000000000000000,-0.27849865583661770,0.14042356615717669,1.14639627979940806,ok
q002999,0.10684900000000000,4570.00000000000000000,-0.27630807445679917,0.13902412314410026,1.14066955795321623,ok
q003000,0.10684900000000000,4575.00000000000000000,-0.27521458063542781,0.13832554955890564,1.13780010937374998,ok
q003001,0.10684900000000000,4580.00000000000000000,-0.27412228123681898,0.13762773902529407,1.13492655213538263,ok
q003002,0.10684900000000000,4590.00000000000000000,-0.27194125529045865,0.13623440045769186,1.12916695858597649,ok
q003003,0.10684900000000000,4600.00000000000000000,-0.26976497586786319,0.13486068105122478,1.12345955768338213,ok
q003004,0.10684900000000000,4610.00000000000000000,-0.26759342235435529,0.13349828377964501,1.11777041427143420,ok
q003005,0.10684900000000000,4620.00000000000000000,-0.26542657426926497,0.13213883861714190,1.11206458854040924,ok
q003006,0.10684900000000000,4625.00000000000000000,-0.26434490839852393,0.13146021908421682,1.10920532253929549,ok
q003007,0.10684900000000000,4630.00000000000000000,-0.26326441126476985,0.13078233279782345,1.10634176838316112,ok
q003008,0.10684900000000000,4640.00000000000000000,-0.26110691312474854,0.12942875363842468,1.10060163477469164,ok
q003009,0.10684900000000000,4650.00000000000000000,-0.25895405976364755,0.12807808853759675,1.09484386153831625,ok
q003010,0.10684900000000000,4660.00000000000000000,-0.25680583122535805,0.12673032497520237,1.08906811510181267,ok
q003011,0.10684900000000000,4670.00000000000000000,-0.25466220768210651,0.12538930615485092,1.08329070962907781,ok
q003012,0.10684900000000000,4675.00000000000000000,-0.25359211662226222,0.12472857406142511,1.08043276913183539,ok
q003013,0.10684900000000000,4680.00000000000000000,-0.25252316943335712,0.12406854825578043,1.07757031594593689,ok
q003014,0.10684900000000000,4690.00000000000000000,-0.25038869690472443,0.12275060947923504,1.07183170051095633,ok
q003015,0.10684900000000000,4700.00000000000000000,-0.24825877064689958,0.12143547781615957,1.06607451635101302,ok
q003016,0.10684900000000000,4710.00000000000000000,-0.24613337133458615,0.12012314133407088,1.06029840833145017,ok
q003017,0.10684900000000000,4720.00000000000000000,-0.24401247976544843,0.11881358817640839,1.05450301286725412,ok
q003018,0.10684900000000000,4725.00000000000000000,-0.24295371841720648,0.11815985165966369,1.05159796633845470,ok
q003019,0.10684900000000000,4730.00000000000000000,-0.24189607685907091,0.11750680656189162,1.04868795762121159,ok
q003020,0.10684900000000000,4740.00000000000000000,-0.23978414365592743,0.11620278478388377,1.04285286118831988,ok
q003021,0.10684900000000000,4750.00000000000000000,-0.23767666131636261,0.11491168051941038,1.03704322125551651,ok
q003022,0.10684900000000000,4760.00000000000000000,-0.23557361111958389,0.11363078596101617,1.03124718088077061,ok
q003023,0.10684900000000000,4770.00000000000000000,-0.23347497446266258,0.11235257953588444,1.02543064691938923,ok
q003024,0.10684900000000000,4775.00000000000000000,-0.23242730543021894,0.11171448085202484,1.02251456948599717,ok
q003025,0.10684900000000000,4780.00000000000000000,-0.23138073285954788,0.11107704998480609,1.01959321696350980,ok
q003026,0.10684900000000000,4800.00000000000000000,-0.22720536144906719,0.10853397682033698,1.00785400795819702,ok
q003027,0.10684900000000000,4810.00000000000000000,-0.22512419524524269,0.10726641103913219,1.00195137144060409,ok
q003028,0.10684900000000000,4820.00000000000000000,-0.22304735130040362,0.10600147779519298,0.99602612316516626,ok
q003029,0.10684900000000000,4825.00000000000000000,-0.22201054457196326,0.10537523458330010,0.99307956709539358,ok
q003030,0.10684900000000000,4830.00000000000000000,-0.22097481169843114,0.10475197749413062,0.99013835511292392,ok
q003031,0.10684900000000000,4840.00000000000000000,-0.21890655863437217,0.10350739656277984,0.98423875502581959,ok
q003032,0.10684900000000000,4850.00000000000000000,-0.21684257441352062,0.10226538442774667,0.97831586560455264,ok
q003033,0.10684900000000000,4860.00000000000000000,-0.21478284145051008,0.10102593050695485,0.97236921034372725,ok
q003034,0.10684900000000000,4870.00000000000000000,-0.21272734226841411,0.09978902428358236,0.96639829959520984,ok
q003035,0.10684900000000000,4875.00000000000000000,-0.21170117491310200,0.09917152328963255,0.96340359167395961,ok
q003036,0.10684900000000000,4880.00000000000000000,-0.21067605949785664,0.09855465530552607,0.96040263003618420,ok
q003037,0.10684900000000000,4890.00000000000000000,-0.20862897587613186,0.09732281318487224,0.95438168410950686,ok
q003038,0.10684900000000000,4900.00000000000000000,-0.20658607424633163,0.09609348759737134,0.94833492943457387,ok
q003039,0.10684900000000000,4910.00000000000000000,-0.20454733755648324,0.09489191099895285,0.94238717131058081,ok
q003040,0.10684900000000000,4920.00000000000000000,-0.20251274885869577,0.09369303395589135,0.93641512592423681,ok
q003041,0.10684900000000000,4925.00000000000000000,-0.20149700473886029,0.09309450890352094,0.93341935426893519,ok
q003042,0.10684900000000000,4930.00000000000000000,-0.20048229130831369,0.09249659118261186,0.93041699135618861,ok
q003043,0.10684900000000000,4940.00000000000000000,-0.19845594816308135,0.09130257281377599,0.92439220980860148,ok
q003044,0.10684900000000000,4950.00000000000000000,-0.19643370278231359,0.09011096904389559,0.91834020686328699,ok
q003045,0.10684900000000000,4960.00000000000000000,-0.19441553862607633,0.08892177012684982,0.91226039076075349,ok
q003046,0.10684900000000000,4970.00000000000000000,-0.19240143925437514,0.08773496637540711,0.90615215163888729,ok
q003047,0.10684900000000000,4975.00000000000000000,-0.19139590875235638,0.08714245967551275,0.90308717771680935,ok
q003048,0.10684900000000000,4980.00000000000000000,-0.19039138832635100,0.08655082935671297,0.90001632276621368,ok
q003049,0.10684900000000000,4990.00000000000000000,-0.18838536959948518,0.08541337143468858,0.89408272007040135,ok
q003050,0.10684900000000000,5000.00000000000000000,-0.18638336692881213,0.08427819070722405,0.88812147349318038,ok
q003051,0.10684900000000000,5010.00000000000000000,-0.18438536426613900,0.08314527807463155,0.88213197432994805,ok
q003052,0.10684900000000000,5020.00000000000000000,-0.18239134565927467,0.08201462449165851,0.87611359482695705,ok
q003053,0.10684900000000000,5025.00000000000000000,-0.18139582541777299,0.08145014203191553,0.87309337335461057,ok
q003054,0.10684900000000000,5030.00000000000000000,-0.18040129525126469,0.08088622096705361,0.87006568731713785,ok
q003055,0.10684900000000000,5040.00000000000000000,-0.17841519727963520,0.07976005856313821,0.86398758330521752,ok
q003056,0.10684900000000000,5050.00000000000000000,-0.17643303607564403,0.07863612839538163,0.85787859249844534,ok
q003057,0.10684900000000000,5060.00000000000000000,-0.17445479606353836,0.07751442163198025,0.85173800177891945,ok
q003058,0.10684900000000000,5070.00000000000000000,-0.17248046175982068,0.07645138909899410,0.84587747346693432,ok
q003059,0.10684900000000000,5075.00000000000000000,-0.17149475443506140,0.07592405638724449,0.84295515434574586,ok
q003060,0.10684900000000000,5080.00000000000000000,-0.17051001777252200,0.07539724295939157,0.84002556171602361,ok
q003061,0.10684900000000000,5090.00000000000000000,-0.16854344880048105,0.07434516987154852,0.83414422628782248,ok
q003062,0.10684900000000000,5100.00000000000000000,-0.16658073963263240,0.07329516169786449,0.82823279438691155,ok
q003063,0.10684900000000000,5110.00000000000000000,-0.16462187514729948,0.07224721034856019,0.82229057088719404,ok
q003064,0.10684900000000000,5120.00000000000000000,-0.16266684031149603,0.07120130778130376,0.81631683726186621,ok
q003065,0.10684900000000000,5125.00000000000000000,-0.16169075433844068,0.07067912229059764,0.81331792293560490,ok
q003066,0.10684900000000000,5130.00000000000000000,-0.16071562018023433,0.07015744600084073,0.81031085044693585,ok
q003067,0.10684900000000000,5140.00000000000000000,-0.15876819989583868,0.06911561705862672,0.80427184163316656,ok
q003068,0.10684900000000000,5150.00000000000000000,-0.15682456468726769,0.06812795907794597,0.79850466640522777,ok
q003069,0.10684900000000000,5160.00000000000000000,-0.15488469986944114,0.06717069495536095,0.79287493684389609,ok
q003070,0.10684900000000000,5170.00000000000000000,-0.15294859084257467,0.06621528420106478,0.78721596424166906,ok
q003071,0.10684900000000000,5175.00000000000000000,-0.15198194021147976,0.06573827159703287,0.78437530077301298,ok
q003072,0.10684900000000000,5180.00000000000000000,-0.15101622309152080,0.06526171965227487,0.78152707047140335,ok
q003073,0.10684900000000000,5190.00000000000000000,-0.14908758218511528,0.06430999418765183,0.77580755435520354,ok
q003074,0.10684900000000000,5200.00000000000000000,-0.14716265377553078,0.06336010072698046,0.77005669053528603,ok
q003075,0.10684900000000000,5210.00000000000000000,-0.14524142359763695,0.06241203223085402,0.76427372827309603,ok
q003076,0.10684900000000000,5220.00000000000000000,-0.14332387746836509,0.06146578170036069,0.75845789017102017,ok
q003077,0.10684900000000000,5225.00000000000000000,-0.14236648151203782,0.06099333599606316,0.75553739212036086,ok
q003078,0.10684900000000000,5230.00000000000000000,-0.14141000128608094,0.06054317115195978,0.75274408482268118,ok
q003079,0.10684900000000000,5240.00000000000000000,-0.13949978102996172,0.05968242675656181,0.74737403537677394,ok
q003080,0.10684900000000000,5245.00000000000000000,-0.13854603751465200,0.05925267035395838,0.74467835858361076,ok
q003081,0.10684900000000000,5250.00000000000000000,-0.13759320275938006,0.05882332343822265,0.74197547069872460,ok
q003082,0.10684900000000000,5255.00000000000000000,-0.13664127503399809,0.05839438522975077,0.73926528769210387,ok
q003083,0.10684900000000000,5260.00000000000000000,-0.13569025261329401,0.05796585495116297,0.73654772409597946,ok
q003084,0.10684900000000000,5265.00000000000000000,-0.13474013377697364,0.05753773182729544,0.73382269296967695,ok
q003085,0.10684900000000000,5270.00000000000000000,-0.13379091680964159,0.05711001508519179,0.73109010586335610,ok
q003086,0.10684900000000000,5275.00000000000000000,-0.13284260000078230,0.05668270395409447,0.72834987278060226,ok
q003087,0.10684900000000000,5280.00000000000000000,-0.13189518164474234,0.05625579766543681,0.72560190213982367,ok
q003088,0.10684900000000000,5285.00000000000000000,-0.13094866004071160,0.05582929545283453,0.72284610073440514,ok
q003089,0.10684900000000000,5290.00000000000000000,-0.13000303349270451,0.05540319655207728,0.72008237369156858,ok
q003090,0.10684900000000000,5295.00000000000000000,-0.12905830030954268,0.05497750020112085,0.71731062442989590,ok
q003091,0.10684900000000000,5300.00000000000000000,-0.12811445880483627,0.05455220564007870,0.71453075461544990,ok
q003092,0.10684900000000000,5305.00000000000000000,-0.12717150729696605,0.05412731211121400,0.71174266411644482,ok
q003093,0.10684900000000000,5310.00000000000000000,-0.12622944410906500,0.05370281885893118,0.70894625095640174,ok
q003094,0.10684900000000000,5315.00000000000000000,-0.12528826756900119,0.05329567886636202,0.70625375238529098,ok
q003095,0.10684900000000000,5320.00000000000000000,-0.12434797600935951,0.05290595189806007,0.70366675870020168,ok
q003096,0.10684900000000000,5325.00000000000000000,-0.12340856776742368,0.05251659104251113,0.70107266263274259,ok
q003097,0.10684900000000000,5330.00000000000000000,-0.12247004118515928,0.05212759561250208,0.69847138044491219,ok
q003098,0.10684900000000000,5335.00000000000000000,-0.12153239460919585,0.05173896492275282,0.69586282693867485,ok
q003099,0.10684900000000000,5340.00000000000000000,-0.12059562639080902,0.05135069828990902,0.69324691541963401,ok
q003100,0.10684900000000000,5345.00000000000000000,-0.11965973488590391,0.05096279503253508,0.69062355765954253,ok
q003101,0.10684900000000000,5350.00000000000000000,-0.11872471845499737,0.05057525447110689,0.68799266385759927,ok
q003102,0.10684900000000000,5355.00000000000000000,-0.11779057546320042,0.05018807592800449,0.68535414260048566,ok
q003103,0.10684900000000000,5360.00000000000000000,-0.11685730428020184,0.04980125872750529,0.68270790082109667,ok
q003104,0.10684900000000000,5365.00000000000000000,-0.11592490328025075,0.04941480219577685,0.68005384375590483,ok
q003105,0.10684900000000000,5370.00000000000000000,-0.11499337084213919,0.04902870566086963,0.67739187490090780,ok
q003106,0.10684900000000000,5375.00000000000000000,-0.11406270534918597,0.04864296845271036,0.67472189596610133,ok
q003107,0.10684900000000000,5380.00000000000000000,-0.11313290518921938,0.04825758990309481,0.67204380682841347,ok
q003108,0.10684900000000000,5385.00000000000000000,-0.11220396875456064,0.04787256934568095,0.66935750548303952,ok
q003109,0.10684900000000000,5390.00000000000000000,-0.11127589444200670,0.04748790611598185,0.66666288799310713,ok
q003110,0.10684900000000000,5395.00000000000000000,-0.11034868065281446,0.04710359955135910,0.66395984843760691,ok
q003111,0.10684900000000000,5400.00000000000000000,-0.10942232579268382,0.04672468915496313,0.66128394596894569,ok
q003112,0.10684900000000000,5405.00000000000000000,-0.10849682827174088,0.04636795886571977,0.65875474777906173,ok
q003113,0.10684900000000000,5410.00000000000000000,-0.10757218650452230,0.04601155842422501,0.65621815373576442,ok
q003114,0.10684900000000000,5415.00000000000000000,-0.10664839890995860,0.04565548722106028,0.65367407337714578,ok
q003115,0.10684900000000000,5420.00000000000000000,-0.10572546391135765,0.04529974464849425,0.65112241458344911,ok
q003116,0.10684900000000000,5425.00000000000000000,-0.10480337993638920,0.04494433010047685,0.64856308353381031,ok
q003117,0.10684900000000000,5430.00000000000000000,-0.10388214541706847,0.04458924297263299,0.64599598466153940,ok
q003118,0.10684900000000000,5435.00000000000000000,-0.10296175878973973,0.04423448266225617,0.64342102060788542,ok
q003119,0.10684900000000000,5440.00000000000000000,-0.10204221849506120,0.04388004856830270,0.64083809217422316,ok
q003120,0.10684900000000000,5445.00000000000000000,-0.10112352297798875,0.04352594009138542,0.63824709827259074,ok
q003121,0.10684900000000000,5450.00000000000000000,-0.10020567068775980,0.04317215663376746,0.63564793587450907,ok
q003122,0.10684900000000000,5455.00000000000000000,-0.09928866007787833,0.04281869759935648,0.63304049995801592,ok
q003123,0.10684900000000000,5460.00000000000000000,-0.09837248960609876,0.04246556239369850,0.63042468345282776,ok
q003124,0.10684900000000000,5465.00000000000000000,-0.09745715773441063,0.04211275042397190,0.62780037718355630,ok
q003125,0.10684900000000000,5470.00000000000000000,-0.09654266292902264,0.04176026109898134,0.62516746981088900,ok
q003126,0.10684900000000000,5475.00000000000000000,-0.09562900366034792,0.04140809382915211,0.62252584777065012,ok
q003127,0.10684900000000000,5480.00000000000000000,-0.09471617840298836,0.04105624802652398,0.61987539521064117,ok
q003128,0.10684900000000000,5485.00000000000000000,-0.09380418563571892,0.04070472310474525,0.61721599392516369,ok
q003129,0.10684900000000000,5490.00000000000000000,-0.09289302384147319,0.04036547719055176,0.61463857671196909,ok
q003130,0.10684900000000000,5495.00000000000000000,-0.09198269150732785,0.04003470313632922,0.61211507493447825,ok
q003131,0.10684900000000000,5500.00000000000000000,-0.09107318712448727,0.03970422992257944,0.60958343605132659,ok
q003132,0.10684900000000000,5505.00000000000000000,-0.09016450918826917,0.03937405700256818,0.60704355404198784,ok
q003133,0.10684900000000000,5510.00000000000000000,-0.08925665619808942,0.03904418383105029,0.60449532078126922,ok
q003134,0.10684900000000000,5515.00000000000000000,-0.08834962665744671,0.03871460986426411,0.60193862597995873,ok
q003135,0.10684900000000000,5520.00000000000000000,-0.08744341907390853,0.03838533455992643,0.59937335712331385,ok
q003136,0.10684900000000000,5525.00000000000000000,-0.08653803195909604,0.03805635737722695,0.59679939940728610,ok
q003137,0.10684900000000000,5530.00000000000000000,-0.08563346382866908,0.03772767777682284,0.59421663567238481,ok
q003138,0.10684900000000000,5535.00000000000000000,-0.08472971320231228,0.03739929522083370,0.59162494633507368,ok
q003139,0.10684900000000000,5540.00000000000000000,-0.08382677860372000,0.03707120917283611,0.58902420931658039,ok
q003140,0.10684900000000000,5545.00000000000000000,-0.08292465856058216,0.03674341909785842,0.58641429996900551,ok
q003141,0.10684900000000000,5550.00000000000000000,-0.08202335160456933,0.03641592446237540,0.58379509099859972,ok
q003142,0.10684900000000000,5555.00000000000000000,-0.08112285627131913,0.03608872473430324,0.58116645238608111,ok
q003143,0.10684900000000000,5560.00000000000000000,-0.08022317110042151,0.03576181938299426,0.57852825130384533,ok
q003144,0.10684900000000000,5565.00000000000000000,-0.07932429463540433,0.03543520787923163,0.57588035202992327,ok
q003145,0.10684900000000000,5570.00000000000000000,-0.07842622542371980,0.03510888969522444,0.57322261585853052,ok
q003146,0.10684900000000000,5575.00000000000000000,-0.07752896201673008,0.03478286430460250,0.57055490100703710,ok
q003147,0.10684900000000000,5580.00000000000000000,-0.07663250296969293,0.03447152165379450,0.56799563254064012,ok
q003148,0.10684900000000000,5585.00000000000000000,-0.07573684684174843,0.03416621214873729,0.56547470883339812,ok
q003149,0.10684900000000000,5590.00000000000000000,-0.07484199219590475,0.03386117585132739,0.56294476729613230,ok
q003150,0.10684900000000000,5595.00000000000000000,-0.07394793759902395,0.03355641227303954,0.56040568171706950,ok
q003151,0.10684900000000000,5600.00000000000000000,-0.07305468162180892,0.03325192092665776,0.55785732315206882,ok
q003152,0.10684900000000000,5605.00000000000000000,-0.07216222283878920,0.03294770132627046,0.55529955984072588,ok
q003153,0.10684900000000000,5610.00000000000000000,-0.07127055982830756,0.03264375298726591,0.55273225711914786,ok
q003154,0.10684900000000000,5615.00000000000000000,-0.07037969117250598,0.03234007542632746,0.55015527732923009,ok
q003155,0.10684900000000000,5620.00000000000000000,-0.06948961545731273,0.03203666816142910,0.54756847972426625,ok
q003156,0.10684900000000000,5625.00000000000000000,-0.06860033127242869,0.03173353071183084,0.54497172037070662,ok
q003157,0.10684900000000000,5630.00000000000000000,-0.06771183721131346,0.03143066259807394,0.54236485204586882,ok
q003158,0.10684900000000000,5635.00000000000000000,-0.06682413187117282,0.03112806334197665,0.53974772413140293,ok
q003159,0.10684900000000000,5640.00000000000000000,-0.06593721385294500,0.03082573246662955,0.53712018250228399,ok
q003160,0.10684900000000000,5645.00000000000000000,-0.06505108176128716,0.03052366949639089,0.53448206941110621,ok
q003161,0.10684900000000000,5650.00000000000000000,-0.06416573420456288,0.03022187395688240,0.53183322336743599,ok
q003162,0.10684900000000000,5655.00000000000000000,-0.06328116979482876,0.02992034537498463,0.52917347901195544,ok
q003163,0.10684900000000000,5660.00000000000000000,-0.06239738714782093,0.02961908327883244,0.52650266698512560,ok
q003164,0.10684900000000000,5665.00000000000000000,-0.06151438488294282,0.02931808719781078,0.52382061379007461,ok
q003165,0.10684900000000000,5670.00000000000000000,-0.06063216162325184,0.02903317225618770,0.52126913963465893,ok
q003166,0.10684900000000000,5675.00000000000000000,-0.05975071599544613,0.02876181338749305,0.51882739687930690,ok
q003167,0.10684900000000000,5680.00000000000000000,-0.05887004662985248,0.02849069349625660,0.51637627381605833,ok
q003168,0.10684900000000000,5685.00000000000000000,-0.05799015216041307,0.02821981216192841,0.51391563239730986,ok
q003169,0.10684900000000000,5690.00000000000000000,-0.05711103122467296,0.02794916896506771,0.51144533140260562,ok
q003170,0.10684900000000000,5695.00000000000000000,-0.05623268246376702,0.02767876348733889,0.50896522633529240,ok
q003171,0.10684900000000000,5700.00000000000000000,-0.05535510452240797,0.02740859531150778,0.50647516931481906,ok
q003172,0.10684900000000000,5705.00000000000000000,-0.05447829604887356,0.02713866402143775,0.50397500896444780,ok
q003173,0.10684900000000000,5710.00000000000000000,-0.05360225569499363,0.02686896920208570,0.50146459029413804,ok
q003174,0.10684900000000000,5715.00000000000000000,-0.05272698211613847,0.02659951043949846,0.49894375457835322,ok
q003175,0.10684900000000000,5720.00000000000000000,-0.05185247397120600,0.02633028732080890,0.49641233922850819,ok
q003176,0.10684900000000000,5725.00000000000000000,-0.05097872992260915,0.02606129943423197,0.49387017765977459,ok
q003177,0.10684900000000000,5730.00000000000000000,-0.05010574863626426,0.02579254636906121,0.49131709915193739,ok
q003178,0.10684900000000000,5735.00000000000000000,-0.04923352878157852,0.02552402771566481,0.48875292870396886,ok
q003179,0.10684900000000000,5740.00000000000000000,-0.04836206903143745,0.02525574306548179,0.48617748688197271,ok
q003180,0.10684900000000000,5745.00000000000000000,-0.04749136806219346,0.02498769201101849,0.48359058966013024,ok
q003181,0.10684900000000000,5750.00000000000000000,-0.04662142455365347,0.02471987414584473,0.48099204825424208,ok
q003182,0.10684900000000000,5755.00000000000000000,-0.04575223718906654,0.02445228906459003,0.47838166894744566,ok
q003183,0.10684900000000000,5760.00000000000000000,-0.04488380465511260,0.02418784735596020,0.47578788416333245,ok
q003184,0.10684900000000000,5765.00000000000000000,-0.04401612564189009,0.02395917687014342,0.47353350799344152,ok
q003185,0.10684900000000000,5770.00000000000000000,-0.04314919884290432,0.02373070462491138,0.47127031627564792,ok
q003186,0.10684900000000000,5775.00000000000000000,-0.04228302295505524,0.02350243027684156,0.46899817796282744,ok
q003187,0.10684900000000000,5780.00000000000000000,-0.04141759667862634,0.02327435348340314,0.46671695895535698,ok
q003188,0.10684900000000000,5785.00000000000000000,-0.04055291871727262,0.02304647390295382,0.46442652200038237,ok
q003189,0.10684900000000000,5790.00000000000000000,-0.03968898777800861,0.02281879119473671,0.46212672658678072,ok
q003190,0.10684900000000000,5795.00000000000000000,-0.03882580257119742,0.02259130501887740,0.45981742883559312,ok
q003191,0.10684900000000000,5800.00000000000000000,-0.03796336181053888,0.02236401503638083,0.45749848138568067,ok
q003192,0.10684900000000000,5805.00000000000000000,-0.03710166421305768,0.02213692090912820,0.45516973327435062,ok
q003193,0.10684900000000000,5810.00000000000000000,-0.03624070849909260,0.02191002229987413,0.45283102981268170,ok
q003194,0.10684900000000000,5815.00000000000000000,-0.03538049339228479,0.02168331887224354,0.45048221245525338,ok
q003195,0.10684900000000000,5820.00000000000000000,-0.03452101761956605,0.02145681029072856,0.44812311866397098,ok
q003196,0.10684900000000000,5825.00000000000000000,-0.03366227991114820,0.02123049622068576,0.44575358176566060,ok
q003197,0.10684900000000000,5830.00000000000000000,-0.03280427900051153,0.02100437632833311,0.44337343080307534,ok
q003198,0.10684900000000000,5835.00000000000000000,-0.03194701362439320,0.02077845028074688,0.44098249037893944,ok
q003199,0.10684900000000000,5840.00000000000000000,-0.03109048252277678,0.02055271774585890,0.43858058049263299,ok
q003200,0.10684900000000000,5845.00000000000000000,-0.03023468443888070,0.02032717839245356,0.43616751636908069,ok
q003201,0.10684900000000000,5850.00000000000000000,-0.02937961811914739,0.02010183189016489,0.43374310827939128,ok
q003202,0.10684900000000000,5855.00000000000000000,-0.02852528231323181,0.01989126924585834,0.43146544216186722,ok
q003203,0.10684900000000000,5860.00000000000000000,-0.02767167577399120,0.01971373863617720,0.42953570102690464,ok
q003204,0.10684900000000000,5865.00000000000000000,-0.02681879725747374,0.01953635943854830,0.42759890808923517,ok
q003205,0.10684900000000000,5870.00000000000000000,-0.02596664552290741,0.01935913139491946,0.42565496425170501,ok
q003206,0.10684900000000000,5875.00000000000000000,-0.02511521933268979,0.01918205424789773,0.42370376824708023,ok
q003207,0.10684900000000000,5880.00000000000000000,-0.02426451745237698,0.01900512774074705,0.42174521657071401,ok
q003208,0.10684900000000000,5885.00000000000000000,-0.02341453865067246,0.01882835161738595,0.41977920341050989,ok
q003209,0.10684900000000000,5890.00000000000000000,-0.02256528169941712,0.01865172562238546,0.41780562057404952,ok
q003210,0.10684900000000000,5895.00000000000000000,-0.02171674537357829,0.01847524950096683,0.41582435741273854,ok
q003211,0.10684900000000000,5900.00000000000000000,-0.02086892845123874,0.01829892299899928,0.41383530074282260,ok
q003212,0.10684900000000000,5905.00000000000000000,-0.02002182971358684,0.01812274586299790,0.41183833476311738,ok
q003213,0.10684900000000000,5910.00000000000000000,-0.01917544794490571,0.01794671784012143,0.40983334096927770,ok
q003214,0.10684900000000000,5915.00000000000000000,-0.01832978193256241,0.01777083867816997,0.40782019806443054,ok
q003215,0.10684900000000000,5920.00000000000000000,-0.01748483046699816,0.01759510812558302,0.40579878186598295,ok
q003216,0.10684900000000000,5925.00000000000000000,-0.01664059234171756,0.01741952593143716,0.40376896520839761,ok
q003217,0.10684900000000000,5930.00000000000000000,-0.01579706635327843,0.01724409184544398,0.40173061784172670,ok
q003218,0.10684900000000000,5935.00000000000000000,-0.01495425130128112,0.01706880561794784,0.39968360632567074,ok
q003219,0.10684900000000000,5940.00000000000000000,-0.01411214598835889,0.01689366699992389,0.39762779391892483,ok
q003220,0.10684900000000000,5945.00000000000000000,-0.01327074922016737,0.01671867574297586,0.39556304046354729,ok
q003221,0.10684900000000000,5950.00000000000000000,-0.01243005980537410,0.01655597388351653,0.39363357575267394,ok
q003222,0.10684900000000000,5955.00000000000000000,-0.01159007655564903,0.01643326013655043,0.39217204612510120,ok
q003223,0.10684900000000000,5960.00000000000000000,-0.01075079828565414,0.01631064938057166,0.39070628284801445,ok
q003224,0.10684900000000000,5965.00000000000000000,-0.00991222381303306,0.01618814144284894,0.38923623601629942,ok
q003225,0.10684900000000000,5970.00000000000000000,-0.00907435195840174,0.01606573615108521,0.38776185483243580,ok
q003226,0.10684900000000000,5975.00000000000000000,-0.00823718154533818,0.01594343333341616,0.38628308758383167,ok
q003227,0.10684900000000000,5980.00000000000000000,-0.00740071140037214,0.01582123281840869,0.38479988161941425,ok
q003228,0.10684900000000000,5985.00000000000000000,-0.00656494035297600,0.01569913443505958,0.38331218332544909,ok
q003229,0.10684900000000000,5990.00000000000000000,-0.00572986723555445,0.01557713801279402,0.38181993810055348,ok
q003230,0.10684900000000000,5995.00000000000000000,-0.00489549088343494,0.01545524338146417,0.38032309032987294,ok
q003231,0.10684900000000000,6000.00000000000000000,-0.00406181013485747,0.01533345037134769,0.37882158335838467,ok
q003232,0.10684900000000000,6005.00000000000000000,-0.00322882383096558,0.01521175881314642,0.37731535946329475,ok
q003233,0.10684900000000000,6010.00000000000000000,-0.00239653081579631,0.01509016853798491,0.37580435982548738,ok
q003234,0.10684900000000000,6015.00000000000000000,-0.00156492993627028,0.01496867937740898,0.37428852449998745,ok
q003235,0.10684900000000000,6020.00000000000000000,-0.00073402004218278,0.01484729116338441,0.37276779238539720,ok
q003236,0.10684900000000000,6025.00000000000000000,0.00009620001380617,0.01472600372829550,0.37124210119225892,ok
q003237,0.10684900000000000,6030.00000000000000000,0.00092573137618158,0.01460481690494361,0.36971138741029852,ok
q003238,0.10684900000000000,6035.00000000000000000,0.00175457518658237,0.01448373052654592,0.36817558627450442,ok
q003239,0.10684900000000000,6040.00000000000000000,0.00258273258381116,0.01436274442673393,0.36663463172998551,ok
q003240,0.10684900000000000,6045.00000000000000000,0.00341020470384361,0.01424185843955217,0.36508845639555787,ok
q003241,0.10684900000000000,6050.00000000000000000,0.00423699267983752,0.01416220985847388,0.36406613378229014,ok
q003242,0.10684900000000000,6055.00000000000000000,0.00506309764214304,0.01408995855339485,0.36313626872239557,ok
q003243,0.10684900000000000,6060.00000000000000000,0.00588852071831058,0.01401776688621371,0.36220478697453240,ok
q003244,0.10684900000000000,6065.00000000000000000,0.00671326303310098,0.01394563475855864,0.36127167475938371,ok
q003245,0.10684900000000000,6070.00000000000000000,0.00753732570849446,0.01387356207230104,0.36033691813605301,ok
q003246,0.10684900000000000,6075.00000000000000000,0.00836070986369975,0.01380154872955467,0.35940050299932108,ok
q003247,0.10684900000000000,6080.00000000000000000,0.00918341661516305,0.01372959463267495,0.35846241507684345,ok
q003248,0.10684900000000000,6085.00000000000000000,0.01000544707657794,0.01365769968425800,0.35752263992628519,ok
q003249,0.10684900000000000,6090.00000000000000000,0.01082680235889314,0.01358586378714002,0.35658116293239578,ok
q003250,0.10684900000000000,6095.00000000000000000,0.01164748357032236,0.01351408684439643,0.35563796930401642,ok
q003251,0.10684900000000000,6100.00000000000000000,0.01246749181635311,0.01344236875934106,0.35469304407102281,ok
q003252,0.10684900000000000,6105.00000000000000000,0.01328682819975559,0.01337070943552542,0.35374637208119891,ok
q003253,0.10684900000000000,6110.00000000000000000,0.01410549382059157,0.01329910877673788,0.35279793799704140,ok
q003254,0.10684900000000000,6115.00000000000000000,0.01492348977622311,0.01322756668700293,0.35184772629249195,ok
q003255,0.10684900000000000,6120.00000000000000000,0.01574081716132218,0.01315608307058035,0.35089572124959456,ok
q003256,0.10684900000000000,6125.00000000000000000,0.01655747706787818,0.01308465783196452,0.34994190695507971,ok
q003257,0.10684900000000000,6130.00000000000000000,0.01737347058520756,0.01301329087588362,0.34898626729686721,ok
q003258,0.10684900000000000,6135.00000000000000000,0.01818879879996233,0.01294198210729883,0.34802878596049103,ok
q003259,0.10684900000000000,6140.00000000000000000,0.01900346279613870,0.01287073143140364,0.34706944642544035,ok
q003260,0.10684900000000000,6145.00000000000000000,0.01981746365508556,0.01280607848238775,0.34619664002667422,ok
q003261,0.10684900000000000,6150.00000000000000000,0.02063080245551396,0.01277908712628644,0.34583160846170574,ok
q003262,0.10684900000000000,6155.00000000000000000,0.02144348027350432,0.01275211770546271,0.34546648831539117,ok
q003263,0.10684900000000000,6160.00000000000000000,0.02225549818251593,0.01272517018429290,0.34510127882352137,ok
q003264,0.10684900000000000,6170.00000000000000000,0.02387755855438404,0.01267134069885356,0.34437058873561033,ok
q003265,0.10684900000000000,6175.00000000000000000,0.02468760315112830,0.01264445866376910,0.34400510660043015,ok
q003266,0.10684900000000000,6180.00000000000000000,0.02549699210668684,0.01261759838670813,0.34363953204138215,ok
q003267,0.10684900000000000,6190.00000000000000000,0.02711380733359224,0.01256394296597025,0.34290810254933118,ok
q003268,0.10684900000000000,6200.00000000000000000,0.02872801268813345,0.01251037415611867,0.34217629403247590,ok
q003269,0.10684900000000000,6210.00000000000000000,0.03033961658247482,0.01245689167798838,0.34144410022778932,ok
q003270,0.10684900000000000,6220.00000000000000000,0.03194862738817557,0.01240349525376191,0.34071151483562162,ok
q003271,0.10684900000000000,6225.00000000000000000,0.03275216298785884,0.01237682922541098,0.34034507331543395,ok
q003272,0.10684900000000000,6230.00000000000000000,0.03355505343644934,0.01235018460696068,0.33997853151911511,ok
q003273,0.10684900000000000,6240.00000000000000000,0.03515890301842371,0.01229695946243639,0.33924514390361016,ok
q003274,0.10684900000000000,6250.00000000000000000,0.03676018438539761,0.01228882616424385,0.33913293574716125,ok
q003275,0.10684900000000000,6260.00000000000000000,0.03835890574909470,0.01231557728117466,0.33950185841048003,ok
q003276,0.10684900000000000,6270.00000000000000000,0.03995507528191694,0.01234228569877857,0.33986979271004231,ok
q003277,0.10684900000000000,6275.00000000000000000,0.04075220565493502,0.01235562393788760,0.34005339081191144,ok
q003278,0.10684900000000000,6280.00000000000000000,0.04154870111719478,0.01236895155314915,0.34023674372410251,ok
q003279,0.10684900000000000,6290.00000000000000000,0.04313979134943669,0.01239557497973034,0.34060271649156032,ok
q003280,0.10684900000000000,6300.00000000000000000,0.04472835403457461,0.01242215611332060,0.34096771601237413,ok
q003281,0.10684900000000000,6310.00000000000000000,0.04631439719020924,0.01244869508807701,0.34133174724796889,ok
q003282,0.10684900000000000,6320.00000000000000000,0.04789792879585357,0.01247519203751932,0.34169481512163852,ok
q003283,0.10684900000000000,6325.00000000000000000,0.04868875525067148,0.01248842479429933,0.34187598932595215,ok
q003284,0.10684900000000000,6330.00000000000000000,0.04947895679317240,0.01250164709453397,0.34205692451894293,ok
q003285,0.10684900000000000,6340.00000000000000000,0.05105748908622199,0.01252806039137813,0.34241808028809972,ok
q003286,0.10684900000000000,6350.00000000000000000,0.05263353354168778,0.01258261710950715,0.34316284492915561,ok
q003287,0.10684900000000000,6360.00000000000000000,0.05420709798911835,0.01268125889447301,0.34450533638582964,ok
q003288,0.10684900000000000,6370.00000000000000000,0.05577819022115940,0.01277974570406482,0.34584051966466656,ok
q003289,0.10684900000000000,6375.00000000000000000,0.05656281168157730,0.01282893114512160,0.34650539920899542,ok
q003290,0.10684900000000000,6380.00000000000000000,0.05734681799378601,0.01287807802448014,0.34716848563922786,ok
q003291,0.10684900000000000,6390.00000000000000000,0.05891298902653099,0.01297625633963212,0.34848932331505078,ok
q003292,0.10684900000000000,6400.00000000000000000,0.06047671100271358,0.01307428113116377,0.34980311988355145,ok
q003293,0.10684900000000000,6410.00000000000000000,0.06203799156966615,0.01317215287846219,0.35110996077393253,ok
q003294,0.10684900000000000,6420.00000000000000000,0.06359683833895735,0.01326987205867260,0.35240992970318441,ok
q003295,0.10684900000000000,6425.00000000000000000,0.06437535141837107,0.01331867458461809,0.35305736288765671,ok
q003296,0.10684900000000000,6440.00000000000000000,0.06670726075334971,0.01346485461528442,0.35498957827255356,ok
q003297,0.10684900000000000,6450.00000000000000000,0.06825885144476865,0.01356543671951084,0.35631299273577194,ok
q003298,0.10684900000000000,6475.00000000000000000,0.07212732822268893,0.01397455269549719,0.36164605073444700,ok
q003299,0.10684900000000000,6500.00000000000000000,0.07598089753867887,0.01438209211275326,0.36688149069567638,ok
q003300,0.10684900000000000,6550.00000000000000000,0.08364377028424810,0.01519248954878185,0.37707630448496243,ok
q003301,0.10684900000000000,6600.00000000000000000,0.09124836966946732,0.01627547617463859,0.39028478493759550,ok
q003302,0.10684900000000000,6650.00000000000000000,0.09879557530485035,0.01737832147425348,0.40329114132358640,ok
q003303,0.10684900000000000,6700.00000000000000000,0.10628624703400787,0.01869068575449306,0.41824175369739086,ok
q003304,0.10684900000000000,6800.00000000000000000,0.12110133281914853,0.02156446334752355,0.44924587327012877,ok
q003305,0.10684900000000000,6900.00000000000000000,0.13570013224030122,0.02482023246611308,0.48196743064185016,ok
q003306,0.10684900000000000,7000.00000000000000000,0.15008886969240087,0.02835516528441128,0.51514662704942471,ok
q003307,0.10684900000000000,7100.00000000000000000,0.16427350468435731,0.03207597847958767,0.54790432132999500,ok
q003308,0.10684900000000000,7200.00000000000000000,0.17825974665909722,0.03586977051754610,0.57940077013765845,ok
q003309,0.10684900000000000,7600.00000000000000000,0.23232696792937291,0.05067041386676336,0.68863960276182146,ok
q003310,0.10684900000000000,7800.00000000000000000,0.25830245433263360,0.05778404774892557,0.73539174316115807,ok
q003311,0.10684900000000000,8000.00000000000000000,0.28362026231692350,0.06471757018335650,0.77826208049450374,ok
q003312,0.10684900000000000,9200.00000000000000000,0.42338220469208210,0.10299270752459164,0.98178864893602424,ok
q003313,0.12602700000000000,2800.00000000000000000,-0.76706853873049252,0.46913224410276011,1.92937142758223512,ok
q003314,0.12602700000000000,3000.00000000000000000,-0.69807566724354109,0.41322923769871928,1.81077179797512855,ok
q003315,0.12602700000000000,3200.00000000000000000,-0.63353714610597001,0.36269708245643584,1.69644674948576291,ok
q003316,0.12602700000000000,3400.00000000000000000,-0.57291252428953510,0.31766742623288036,1.58764917865554578,ok
q003317,0.12602700000000000,3600.00000000000000000,-0.51575411044958652,0.27723314602780014,1.48316947102524921,ok
q003318,0.12602700000000000,3800.00000000000000000,-0.46168688917931083,0.24052181592241750,1.38148265928283021,ok
q003319,0.12602700000000000,4000.00000000000000000,-0.41039359479176019,0.20691443923357114,1.28133768743469378,ok
q003320,0.12602700000000000,4200.00000000000000000,-0.36160343062232825,0.17603184034920388,1.18185396232749973,ok
q003321,0.12602700000000000,4400.00000000000000000,-0.31508341498743542,0.14766502102374590,1.08244793598292244,ok
q003322,0.12602700000000000,4500.00000000000000000,-0.29261055913537681,0.13441614893084305,1.03274695974701936,ok
q003323,0.12602700000000000,4600.00000000000000000,-0.27063165241660148,0.12171059438782836,0.98272587828701563,ok
q003324,0.12602700000000000,4650.00000000000000000,-0.25982073631238584,0.11555745046301522,0.95756260294029683,ok
q003325,0.12602700000000000,4700.00000000000000000,-0.24912544719563787,0.10950912703280731,0.93216621677895761,ok
q003326,0.12602700000000000,4750.00000000000000000,-0.23854333786510104,0.10360114070421263,0.90667255432241045,ok
q003327,0.12602700000000000,4800.00000000000000000,-0.22807203799780562,0.09781649852916705,0.88099665036173136,ok
q003328,0.12602700000000000,4850.00000000000000000,-0.21770925096225902,0.09215205096209278,0.85510747641857376,ok
q003329,0.12602700000000000,4900.00000000000000000,-0.20745275079506989,0.08671632490162730,0.82950428308654600,ok
q003330,0.12602700000000000,4950.00000000000000000,-0.19730037933105188,0.08142351214140356,0.80379095829372793,ok
q003331,0.12602700000000000,5000.00000000000000000,-0.18725004347755042,0.07637141836860231,0.77845520903029142,ok
q003332,0.12602700000000000,5050.00000000000000000,-0.17729971262438243,0.07156314614120229,0.75355145634160470,ok
q003333,0.12602700000000000,5075.00000000000000000,-0.17236143098379980,0.06923918916838388,0.74121497951452131,ok
q003334,0.12602700000000000,5100.00000000000000000,-0.16744741618137080,0.06692665217762399,0.72873185035343158,ok
q003335,0.12602700000000000,5125.00000000000000000,-0.16255743088717892,0.06476216670097015,0.71685098442056183,ok
q003336,0.12602700000000000,5150.00000000000000000,-0.15769124123600609,0.06263406864903565,0.70497466991720881,ok
q003337,0.12602700000000000,5175.00000000000000000,-0.15284861676021802,0.06051627619705195,0.69295382929748717,ok
q003338,0.12602700000000000,5200.00000000000000000,-0.14802933032426918,0.05846586307069724,0.68111333553065556,ok
q003339,0.12602700000000000,5225.00000000000000000,-0.14323315806077619,0.05650753177509775,0.66960913505546971,ok
q003340,0.12602700000000000,5240.00000000000000000,-0.14036645757870009,0.05533702559626605,0.66263764789060520,ok
q003341,0.12602700000000000,5250.00000000000000000,-0.13845987930811846,0.05455854815849556,0.65796016877643548,ok
q003342,0.12602700000000000,5300.00000000000000000,-0.12898113535357464,0.05079493976300649,0.63486067378510325,ok
q003343,0.12602700000000000,5310.00000000000000000,-0.12709612065780340,0.05007146757197513,0.63032329995344072,ok
q003344,0.12602700000000000,5320.00000000000000000,-0.12521465255809780,0.04934935657119446,0.62576165637748171,ok
q003345,0.12602700000000000,5325.00000000000000000,-0.12427524431616205,0.04898880991838012,0.62347155690052147,ok
q003346,0.12602700000000000,5340.00000000000000000,-0.12146230293954736,0.04790919771930940,0.61656327101076402,ok
q003347,0.12602700000000000,5350.00000000000000000,-0.11959139500373560,0.04719113972932332,0.61192533461896015,ok
q003348,0.12602700000000000,5360.00000000000000000,-0.11772398082894023,0.04647442265139653,0.60726073725936403,ok
q003349,0.12602700000000000,5375.00000000000000000,-0.11492938189792434,0.04543677312559261,0.60044321434415138,ok
q003350,0.12602700000000000,5390.00000000000000000,-0.11214257099074502,0.04442321017787413,0.59370836835135909,ok
q003351,0.12602700000000000,5400.00000000000000000,-0.11028900234142219,0.04374906737932030,0.58918624664455876,ok
q003352,0.12602700000000000,5420.00000000000000000,-0.10659214046009594,0.04240451895083088,0.58006180715374944,ok
q003353,0.12602700000000000,5425.00000000000000000,-0.10567005648512756,0.04206915706843505,0.57776350533620935,ok
q003354,0.12602700000000000,5430.00000000000000000,-0.10474882196580677,0.04173410413300360,0.57545815444133019,ok
q003355,0.12602700000000000,5440.00000000000000000,-0.10290889504379953,0.04106492282979714,0.57082594773607076,ok
q003356,0.12602700000000000,5450.00000000000000000,-0.10107234723649816,0.04039697051039189,0.56616445442519292,ok
q003357,0.12602700000000000,5470.00000000000000000,-0.09740933947776105,0.03911655655596912,0.55711969185401600,ok
q003358,0.12602700000000000,5475.00000000000000000,-0.09649568020908628,0.03880253492936708,0.55487895063312864,ok
q003359,0.12602700000000000,5480.00000000000000000,-0.09558285495172666,0.03848879994965711,0.55263118184542748,ok
q003360,0.12602700000000000,5490.00000000000000000,-0.09375970039021164,0.03786218784098306,0.54811420033859148,ok
q003361,0.12602700000000000,5500.00000000000000000,-0.09193986367322561,0.03723671606434693,0.54356800714638986,ok
q003362,0.12602700000000000,5510.00000000000000000,-0.09012333274682768,0.03661238047684964,0.53899183260567052,ok
q003363,0.12602700000000000,5525.00000000000000000,-0.08740470850783438,0.03567799844306729,0.53206959500935713,ok
q003364,0.12602700000000000,5530.00000000000000000,-0.08650014037740739,0.03536710141019303,0.52974630323179417,ok
q003365,0.12602700000000000,5540.00000000000000000,-0.08469345515245844,0.03474614975726528,0.52507524592203303,ok
q003366,0.12602700000000000,5550.00000000000000000,-0.08289002815330769,0.03413779219162526,0.52045827270992628,ok
q003367,0.12602700000000000,5560.00000000000000000,-0.08108984764915989,0.03356567098437086,0.51607861989911674,ok
q003368,0.12602700000000000,5575.00000000000000000,-0.07839563856546843,0.03270941565330503,0.50945355096501754,ok
q003369,0.12602700000000000,5580.00000000000000000,-0.07749917951843123,0.03242450909473309,0.50722996940121079,ok
q003370,0.12602700000000000,5600.00000000000000000,-0.07392135817054726,0.03128743008283647,0.49825669955349705,ok
q003371,0.12602700000000000,5610.00000000000000000,-0.07213723637704593,0.03072041254651998,0.49372113949249935,ok
q003372,0.12602700000000000,5620.00000000000000000,-0.07035629200605112,0.03015440483716039,0.48915171603116481,ok
q003373,0.12602700000000000,5625.00000000000000000,-0.06946700782116703,0.02987177854481034,0.48685399868740448,ok
q003374,0.12602700000000000,5630.00000000000000000,-0.06857851376005188,0.02958940336425910,0.48454744174684478,ok
q003375,0.12602700000000000,5640.00000000000000000,-0.06680389040168332,0.02902540455643270,0.47990728403001742,ok
q003376,0.12602700000000000,5650.00000000000000000,-0.06503241075330121,0.02851503428608399,0.47566932984436011,ok
q003377,0.12602700000000000,5660.00000000000000000,-0.06326406369655929,0.02800997785350721,0.47143799775213796,ok
q003378,0.12602700000000000,5670.00000000000000000,-0.06149883817199011,0.02750581295966845,0.46717591363733585,ok
q003379,0.12602700000000000,5675.00000000000000000,-0.06061739254418447,0.02725406385725520,0.46503306719691911,ok
q003380,0.12602700000000000,5680.00000000000000000,-0.05973672317859090,0.02700253646257859,0.46288220110359324,ok
q003381,0.12602700000000000,5690.00000000000000000,-0.05797770777341128,0.02650014523682880,0.45855594464788130,ok
q003382,0.12602700000000000,5700.00000000000000000,-0.05622178107114643,0.02599863617347438,0.45419618716388582,ok
q003383,0.12602700000000000,5710.00000000000000000,-0.05446893224373200,0.02549800617991904,0.44980192723714862,ok
q003384,0.12602700000000000,5720.00000000000000000,-0.05271915051994426,0.02499825217980070,0.44537211621035971,ok
q003385,0.12602700000000000,5725.00000000000000000,-0.05184540647134748,0.02474870272032835,0.44314353763194941,ok
q003386,0.12602700000000000,5730.00000000000000000,-0.05097242518500266,0.02449937111287798,0.44090565499447615,ok
q003387,0.12602700000000000,5740.00000000000000000,-0.04922874558017576,0.02403106631102641,0.43667137311211240,ok
q003388,0.12602700000000000,5750.00000000000000000,-0.04748810110239180,0.02360096632847922,0.43274603115047394,ok
q003389,0.12602700000000000,5760.00000000000000000,-0.04575048120385095,0.02317161369640841,0.42879167079085317,ok
q003390,0.12602700000000000,5770.00000000000000000,-0.04401587539164270,0.02274300582209576,0.42480745745840065,ok
q003391,0.12602700000000000,5775.00000000000000000,-0.04314969950379357,0.02252898036255965,0.42280388487446952,ok
q003392,0.12602700000000000,5780.00000000000000000,-0.04228427322736474,0.02231514012629165,0.42079251886008578,ok
q003393,0.12602700000000000,5790.00000000000000000,-0.04055566432674692,0.02188801404312206,0.41674594254645020,ok
q003394,0.12602700000000000,5800.00000000000000000,-0.03883003835927720,0.02146162501999621,0.41266677326735990,ok
q003395,0.12602700000000000,5810.00000000000000000,-0.03710738504783095,0.02103597051751495,0.40855401010009451,ok
q003396,0.12602700000000000,5820.00000000000000000,-0.03538769416830442,0.02061104800938016,0.40440660332536654,ok
q003397,0.12602700000000000,5825.00000000000000000,-0.03452895645988653,0.02039886046728462,0.40231956637373056,ok
q003398,0.12602700000000000,5830.00000000000000000,-0.03367095554924981,0.02018685498230464,0.40022345102370088,ok
q003399,0.12602700000000000,5840.00000000000000000,-0.03195715907151520,0.01982384212933510,0.39660858991858228,ok
q003400,0.12602700000000000,5850.00000000000000000,-0.03024629466788572,0.01947625618653770,0.39311619911864187,ok
q003401,0.12602700000000000,5860.00000000000000000,-0.02853835232272954,0.01912926390063515,0.38959854847653425,ok
q003402,0.12602700000000000,5870.00000000000000000,-0.02683332207164578,0.01878286324722055,0.38605492670153962,ok
q003403,0.12602700000000000,5875.00000000000000000,-0.02598189588142823,0.01860988415289762,0.38427314581518046,ok
q003404,0.12602700000000000,5880.00000000000000000,-0.02513119400111525,0.01843705221222435,0.38248459105532534,ok
q003405,0.12602700000000000,5890.00000000000000000,-0.02343195824815553,0.01809182879184424,0.37888676536390326,ok
q003406,0.12602700000000000,5900.00000000000000000,-0.02173560499997705,0.01774719099247529,0.37526063786539832,ok
q003407,0.12602700000000000,5910.00000000000000000,-0.02004212449364406,0.01740313683064105,0.37160535887676310,ok
q003408,0.12602700000000000,5920.00000000000000000,-0.01835150701573652,0.01705966433292492,0.36792003826047182,ok
q003409,0.12602700000000000,5925.00000000000000000,-0.01750726889045599,0.01688814559415251,0.36606582243921909,ok
q003410,0.12602700000000000,5930.00000000000000000,-0.01666374290201670,0.01671691067476713,0.36420525835694878,ok
q003411,0.12602700000000000,5940.00000000000000000,-0.01497882253709729,0.01645477920157019,0.36133849421800113,ok
q003412,0.12602700000000000,5950.00000000000000000,-0.01329673635411241,0.01619308865620656,0.35845368357731372,ok
q003413,0.12602700000000000,5960.00000000000000000,-0.01161747483439248,0.01593183755780929,0.35555037064204420,ok
q003414,0.12602700000000000,5970.00000000000000000,-0.00994102850714010,0.01567102443295915,0.35262808182713473,ok
q003415,0.12602700000000000,5975.00000000000000000,-0.00910385809407649,0.01554078165219500,0.35115966836148810,ok
q003416,0.12602700000000000,5980.00000000000000000,-0.00826738794911052,0.01541064781563491,0.34968632476223144,ok
q003417,0.12602700000000000,5990.00000000000000000,-0.00659654378429286,0.01515070624716374,0.34672458722638033,ok
q003418,0.12602700000000000,6000.00000000000000000,-0.00492848668359579,0.01489119827617233,0.34374233600398646,ok
q003419,0.12602700000000000,6010.00000000000000000,-0.00326320736453464,0.01463212245853820,0.34073901565480263,ok
q003420,0.12602700000000000,6020.00000000000000000,-0.00160069659092113,0.01437347735734142,0.33771404718992598,ok
q003421,0.12602700000000000,6025.00000000000000000,-0.00077047653493214,0.01424431587832727,0.33619325719209708,ok
q003422,0.12602700000000000,6030.00000000000000000,0.00005905482744332,0.01411827618914189,0.33470256272575299,ok
q003423,0.12602700000000000,6040.00000000000000000,0.00171605603507276,0.01394507527101020,0.33264318650785907,ok
q003424,0.12602700000000000,6050.00000000000000000,0.00337031613109921,0.01377216087231143,0.33057441982343044,ok
q003425,0.12602700000000000,6060.00000000000000000,0.00502184416957214,0.01359953204665538,0.32849607382775320,ok
q003426,0.12602700000000000,6070.00000000000000000,0.00667064915975611,0.01342718785233308,0.32640795409085210,ok
q003427,0.12602700000000000,6075.00000000000000000,0.00749403331496123,0.01334112219891052,0.32536016672470441,ok
q003428,0.12602700000000000,6080.00000000000000000,0.00831674006642479,0.01325512735228607,0.32430986036011972,ok
q003429,0.12602700000000000,6100.00000000000000000,0.01160081526761481,0.01291185370985261,0.32008291927697718,ok
q003430,0.12602700000000000,6110.00000000000000000,0.01323881727185314,0.01274063871632735,0.31795363998150517,ok
q003431,0.12602700000000000,6120.00000000000000000,0.01487414061258383,0.01256970371473979,0.31581352223150005,ok
q003432,0.12602700000000000,6125.00000000000000000,0.01569080051913988,0.01248434092504141,0.31473932628455037,ok
q003433,0.12602700000000000,6130.00000000000000000,0.01650679403646909,0.01239904779082993,0.31366233261060772,ok
q003434,0.12602700000000000,6140.00000000000000000,0.01813678624740031,0.01230879683091686,0.31251869527156895,ok
q003435,0.12602700000000000,6150.00000000000000000,0.01976412590677566,0.01222739219238204,0.31148355453867288,ok
q003436,0.12602700000000000,6175.00000000000000000,0.02382092660239000,0.01202445828590978,0.30888794609128783,ok
q003437,0.12602700000000000,6200.00000000000000000,0.02786133613939493,0.01182234431664858,0.30628096215235623,ok
q003438,0.12602700000000000,6225.00000000000000000,0.03188548643912054,0.01162104368547938,0.30366222352268685,ok
q003439,0.12602700000000000,6250.00000000000000000,0.03589350783665932,0.01156152439867737,0.30288359464364123,ok
q003440,0.12602700000000000,6300.00000000000000000,0.04386167748583610,0.01160169418420315,0.30340931334512627,ok
q003441,0.12602700000000000,6350.00000000000000000,0.05176685699294950,0.01172569907830949,0.30502650114917285,ok
q003442,0.12602700000000000,6400.00000000000000000,0.05961003445397530,0.01213879712710573,0.31035305693507398,ok
q003443,0.12602700000000000,6450.00000000000000000,0.06739217489603037,0.01257684683772426,0.31590324488830146,ok
q003444,0.12602700000000000,6500.00000000000000000,0.07511422098994058,0.01328335855576512,0.32465503953474112,ok
q003445,0.12602700000000000,6600.00000000000000000,0.09038169312072905,0.01489179817029242,0.34374925978962223,ok
q003446,0.12602700000000000,6800.00000000000000000,0.12023465627041027,0.01905367408900380,0.38882803186196735,ok
q003447,0.12602700000000000,7000.00000000000000000,0.14922219314366242,0.02418364248046440,0.43805541960760463,ok
q003448,0.13698600000000000,2600.00000000000000000,-0.84157546496552305,0.49551088725363363,1.90190363448674304,ok
q003449,0.13698600000000000,2700.00000000000000000,-0.80383513698267606,0.46697269780289835,1.84632288442709402,ok
q003450,0.13698600000000000,2800.00000000000000000,-0.76746749281180116,0.43951365537109266,1.79121655385768785,ok
q003451,0.13698600000000000,2850.00000000000000000,-0.74976791571240020,0.42622463392070625,1.76392932761033139,ok
q003452,0.13698600000000000,2900.00000000000000000,-0.73237617300053115,0.41325045180051639,1.73687504874721110,ok
q003453,0.13698600000000000,2950.00000000000000000,-0.71528173964123098,0.40059591728991950,1.71007503630717861,ok
q003454,0.13698600000000000,3000.00000000000000000,-0.69847462132484983,0.38825212505679857,1.68352212585919880,ok
q003455,0.13698600000000000,3050.00000000000000000,-0.68194531937363911,0.37620715442877189,1.65720193978592323,ok
q003456,0.13698600000000000,3100.00000000000000000,-0.66568479850185891,0.36444945005634938,1.63109988611439594,ok
q003457,0.13698600000000000,3150.00000000000000000,-0.64968445715541789,0.35297040393706025,1.60520703258417674,ok
q003458,0.13698600000000000,3200.00000000000000000,-0.63393610018727853,0.34176651336785674,1.57952557319203746,ok
q003459,0.13698600000000000,3250.00000000000000000,-0.61843191365131345,0.33083721057466764,1.55406465452772102,ok
q003460,0.13698600000000000,3300.00000000000000000,-0.60316444152052484,0.32018156604894871,1.52883307600424079,ok
q003461,0.13698600000000000,3325.00000000000000000,-0.59561723588514193,0.31497394405128715,1.51634918474178182,ok
q003462,0.13698600000000000,3350.00000000000000000,-0.58812656415598441,0.30980533082427480,1.50385633971525512,ok
q003463,0.13698600000000000,3375.00000000000000000,-0.58069158566846635,0.30474021394537754,1.49151213737597832,ok
q003464,0.13698600000000000,3400.00000000000000000,-0.57331147837084373,0.29971975491418384,1.47917511619936204,ok
q003465,0.13698600000000000,3425.00000000000000000,-0.56598543827877090,0.29477259499979219,1.46691672482004720,ok
q003466,0.13698600000000000,3450.00000000000000000,-0.55871267894969112,0.28989672032849156,1.45473389805474707,ok
q003467,0.13698600000000000,3475.00000000000000000,-0.55149243097620393,0.28506124373254005,1.44255040027764303,ok
q003468,0.13698600000000000,3500.00000000000000000,-0.54432394149759133,0.28032580758851877,1.43051840164276167,ok
q003469,0.13698600000000000,3525.00000000000000000,-0.53720647372872754,0.27562407590192822,1.41847107147677609,ok
q003470,0.13698600000000000,3550.00000000000000000,-0.53013930650563501,0.27099693794959445,1.40651413048445328,ok
q003471,0.13698600000000000,3575.00000000000000000,-0.52312173384698846,0.26643024402090770,1.39461287109783938,ok
q003472,0.13698600000000000,3600.00000000000000000,-0.51615306453089504,0.26190032899501814,1.38270626229585347,ok
q003473,0.13698600000000000,3625.00000000000000000,-0.50923262168632144,0.25746360760740417,1.37094437174113137,ok
q003474,0.13698600000000000,3650.00000000000000000,-0.50235974239855929,0.25305737939118333,1.35916258544226132,ok
q003475,0.13698600000000000,3675.00000000000000000,-0.49553377732815940,0.24871125725358573,1.34744060064358862,ok
q003476,0.13698600000000000,3700.00000000000000000,-0.48875409034278078,0.24442368162569098,1.33577573017348517,ok
q003477,0.13698600000000000,3725.00000000000000000,-0.48202005816143667,0.24016497877990206,1.32408768673050115,ok
q003478,0.13698600000000000,3750.00000000000000000,-0.47533107001064001,0.23597985582481720,1.31250018566322035,ok
q003479,0.13698600000000000,3775.00000000000000000,-0.46868652729197136,0.23182783467748988,1.30090234695341067,ok
q003480,0.13698600000000000,3800.00000000000000000,-0.46208584326061941,0.22771312375752290,1.28930580566083330,ok
q003481,0.13698600000000000,3825.00000000000000000,-0.45552844271446030,0.22365744112949279,1.27777263712747602,ok
q003482,0.13698600000000000,3850.00000000000000000,-0.44901376169326657,0.21962818007416673,1.26621058350408244,ok
q003483,0.13698600000000000,3875.00000000000000000,-0.44254124718764903,0.21564333925955781,1.25467120786061703,ok
q003484,0.13698600000000000,3900.00000000000000000,-0.43611035685735877,0.21170040594902004,1.24314776408271177,ok
q003485,0.13698600000000000,3925.00000000000000000,-0.42972055875858767,0.20778266727252823,1.23159116921421363,ok
q003486,0.13698600000000000,3950.00000000000000000,-0.42337133107992891,0.20391481975429299,1.22007436621115395,ok
q003487,0.13698600000000000,3975.00000000000000000,-0.41706216188666428,0.20007865202618730,1.20854349241613468,ok
q003488,0.13698600000000000,4000.00000000000000000,-0.41079254887306887,0.19626653566447327,1.19697487960197058,ok
q003489,0.13698600000000000,4025.00000000000000000,-0.40456199912243274,0.19250895381510322,1.18546128344659718,ok
q003490,0.13698600000000000,4050.00000000000000000,-0.39837002887451162,0.18877558279301190,1.17391004175427205,ok
q003491,0.13698600000000000,4075.00000000000000000,-0.39221616330013348,0.18506881852957338,1.16232755601751525,ok
q003492,0.13698600000000000,4100.00000000000000000,-0.38609993628269734,0.18141226634055321,1.15078775531087629,ok
q003493,0.13698600000000000,4125.00000000000000000,-0.38002089020631513,0.17777794256964324,1.13920228049211469,ok
q003494,0.13698600000000000,4150.00000000000000000,-0.37397857575035243,0.17417224112029020,1.12759042093770234,ok
q003495,0.13698600000000000,4175.00000000000000000,-0.36797255169014070,0.17061298358225452,1.11600964162546656,ok
q003496,0.13698600000000000,4200.00000000000000000,-0.36200238470363683,0.16707497546956365,1.10437765468060056,ok
q003497,0.13698600000000000,4225.00000000000000000,-0.35606764918382222,0.16356785287085174,1.09272501246320619,ok
q003498,0.13698600000000000,4250.00000000000000000,-0.35016792705663408,0.16011027449097295,1.08111404354987828,ok
q003499,0.13698600000000000,4275.00000000000000000,-0.34430280760423593,0.15667297527978391,1.06944622852948590,ok
q003500,0.13698600000000000,4300.00000000000000000,-0.33847188729344269,0.15326784416416819,1.05776071201639010,ok
q003501,0.13698600000000000,4325.00000000000000000,-0.33267476960911674,0.14991965330860890,1.04614333476239008,ok
q003502,0.13698600000000000,4350.00000000000000000,-0.32691106489236677,0.14659076049020994,1.03446358361777313,ok
q003503,0.13698600000000000,4360.00000000000000000,-0.32461485263201656,0.14526455714034270,1.02977356738188885,ok
q003504,0.13698600000000000,4370.00000000000000000,-0.32232390088546070,0.14394139205968801,1.02507291142609214,ok
q003505,0.13698600000000000,4375.00000000000000000,-0.32118039018338168,0.14329182267196314,1.02275735479001351,ok
q003506,0.13698600000000000,4380.00000000000000000,-0.32003818560460467,0.14264405567657035,1.02044299071900024,ok
q003507,0.13698600000000000,4400.00000000000000000,-0.31548236906874394,0.14006036126330240,1.01115917965296553,ok
q003508,0.13698600000000000,4420.00000000000000000,-0.31094721390335262,0.13748838432527341,1.00183202865690313,ok
q003509,0.13698600000000000,4425.00000000000000000,-0.30981663153306671,0.13684720851609544,0.99949328158747552,ok
q003510,0.13698600000000000,4430.00000000000000000,-0.30868732593591525,0.13620675679042443,0.99715169962018557,ok
q003511,0.13698600000000000,4440.00000000000000000,-0.30643253354882610,0.13492801906081112,0.99245992669360439,ok
q003512,0.13698600000000000,4450.00000000000000000,-0.30418281381481066,0.13365662238239615,0.98777299513682282,ok
q003513,0.13698600000000000,4470.00000000000000000,-0.29969850136748200,0.13116868299454693,0.97853640322364910,ok
q003514,0.13698600000000000,4475.00000000000000000,-0.29858055826614077,0.13054843748135614,0.97622010337137510,ok
q003515,0.13698600000000000,4500.00000000000000000,-0.29300951321668534,0.12745756846345810,0.96459436902580820,ok
q003516,0.13698600000000000,4510.00000000000000000,-0.29078975647837241,0.12622602621800588,0.95992292325263484,ok
q003517,0.13698600000000000,4525.00000000000000000,-0.28746933284107007,0.12438382346148046,0.95289239102713319,ok
q003518,0.13698600000000000,4530.00000000000000000,-0.28636497049801685,0.12377773669672426,0.95056797008994143,ok
q003519,0.13698600000000000,4550.00000000000000000,-0.28195967703010044,0.12139156865955381,0.94136093012596633,ok
q003520,0.13698600000000000,4560.00000000000000000,-0.27976428646666474,0.12020241501298559,0.93673878965794244,ok
q003521,0.13698600000000000,4570.00000000000000000,-0.27757370508684609,0.11901586630529726,0.93210392952057008,ok
q003522,0.13698600000000000,4575.00000000000000000,-0.27648021126547478,0.11842356524195091,0.92978165617142805,ok
q003523,0.13698600000000000,4580.00000000000000000,-0.27538791186686584,0.11783191114876426,0.92745611420197960,ok
q003524,0.13698600000000000,4600.00000000000000000,-0.27103060649791005,0.11547173631017145,0.91812065086480688,ok
q003525,0.13698600000000000,4620.00000000000000000,-0.26669220489931200,0.11315491834917782,0.90886342275447785,ok
q003526,0.13698600000000000,4625.00000000000000000,-0.26561053902857096,0.11258335445969320,0.90656510833387516,ok
q003527,0.13698600000000000,4650.00000000000000000,-0.26021969039369452,0.10973477201226710,0.89502268017847775,ok
q003528,0.13698600000000000,4660.00000000000000000,-0.25807146185540492,0.10859962492844032,0.89038138238140829,ok
q003529,0.13698600000000000,4670.00000000000000000,-0.25592783831215349,0.10746691117356129,0.88572579136513119,ok
q003530,0.13698600000000000,4675.00000000000000000,-0.25485774725230909,0.10690146353874930,0.88339255185571453,ok
q003531,0.13698600000000000,4690.00000000000000000,-0.25165432753477140,0.10520874207740452,0.87637064465964853,ok
q003532,0.13698600000000000,4700.00000000000000000,-0.24952440127694661,0.10410980351119260,0.87178164561937688,ok
q003533,0.13698600000000000,4720.00000000000000000,-0.24527811039549549,0.10192262224079304,0.86257566580486356,ok
q003534,0.13698600000000000,4725.00000000000000000,-0.24421934904725340,0.10137727500591244,0.86026492179199032,ok
q003535,0.13698600000000000,4730.00000000000000000,-0.24316170748911786,0.10083250455298488,0.85795040801340927,ok
q003536,0.13698600000000000,4740.00000000000000000,-0.24104977428597432,0.09974468912177449,0.85330992757156254,ok
q003537,0.13698600000000000,4750.00000000000000000,-0.23894229194640959,0.09865916624322441,0.84865393302878989,ok
q003538,0.13698600000000000,4760.00000000000000000,-0.23683924174963078,0.09757592627462083,0.84398212592302901,ok
q003539,0.13698600000000000,4770.00000000000000000,-0.23474060509270955,0.09649495963395974,0.83929420052825765,ok
q003540,0.13698600000000000,4775.00000000000000000,-0.23369293606026584,0.09595728998615743,0.83695266172969240,ok
q003541,0.13698600000000000,4795.00000000000000000,-0.22951320165755798,0.09386083452509655,0.82775938499151047,ok
q003542,0.13698600000000000,4800.00000000000000000,-0.22847099207911425,0.09333808696465760,0.82545110930628407,ok
q003543,0.13698600000000000,4810.00000000000000000,-0.22638982587528969,0.09229422344774210,0.82082233974046226,ok
q003544,0.13698600000000000,4825.00000000000000000,-0.22327617520201021,0.09073249025397655,0.81384804234023200,ok
q003545,0.13698600000000000,4850.00000000000000000,-0.21810820504356759,0.08814035921946690,0.80213841563622401,ok
q003546,0.13698600000000000,4860.00000000000000000,-0.21604847208055702,0.08710903305904089,0.79743171513625355,ok
q003547,0.13698600000000000,4865.00000000000000000,-0.21502019435499103,0.08660951359039387,0.79514202515130816,ok
q003548,0.13698600000000000,4870.00000000000000000,-0.21399297289846098,0.08611050723890816,0.79284808493293235,ok
q003549,0.13698600000000000,4875.00000000000000000,-0.21296680554314890,0.08561201295149543,0.79054985262023136,ok
q003550,0.13698600000000000,4885.00000000000000000,-0.21091762449821344,0.08461655637271534,0.78594034154362313,ok
q003551,0.13698600000000000,4895.00000000000000000,-0.20887263401048578,0.08362313549388063,0.78131314598939094,ok
q003552,0.13698600000000000,4900.00000000000000000,-0.20785170487637855,0.08312718584339608,0.77899280592463305,ok
q003553,0.13698600000000000,4910.00000000000000000,-0.20581296818653028,0.08213680295100809,0.77433841481765353,ok
q003554,0.13698600000000000,4915.00000000000000000,-0.20479515639382959,0.08164236765086320,0.77200427138106587,ok
q003555,0.13698600000000000,4920.00000000000000000,-0.20377837948874272,0.08114843508115595,0.76966543337944759,ok
q003556,0.13698600000000000,4925.00000000000000000,-0.20276263536890726,0.08065500422059514,0.76732185302685207,ok
q003557,0.13698600000000000,4935.00000000000000000,-0.20073423710751453,0.07966964355728044,0.76262027081991313,ok
q003558,0.13698600000000000,4940.00000000000000000,-0.19972157879312830,0.07917771172743869,0.76026217004869467,ok
q003559,0.13698600000000000,4945.00000000000000000,-0.19870994491828398,0.07868627755254259,0.75789912906531209,ok
q003560,0.13698600000000000,4950.00000000000000000,-0.19769933341236048,0.07821120634329969,0.75560774372740847,ok
q003561,0.13698600000000000,4960.00000000000000000,-0.19568116925612328,0.07727158135154602,0.75105511438949180,ok
q003562,0.13698600000000000,4965.00000000000000000,-0.19467361249582349,0.07680247901927927,0.74877188134388784,ok
q003563,0.13698600000000000,4970.00000000000000000,-0.19366706988442203,0.07633384885853894,0.74648397343254724,ok
q003564,0.13698600000000000,4975.00000000000000000,-0.19266153938240344,0.07586568991975923,0.74419134288158917,ok
q003565,0.13698600000000000,4980.00000000000000000,-0.19165701895639795,0.07539800125623564,0.74189394125109576,ok
q003566,0.13698600000000000,4985.00000000000000000,-0.19065350657915783,0.07493078192411402,0.73959171942162627,ok
q003567,0.13698600000000000,4990.00000000000000000,-0.18965100022953219,0.07446403098237879,0.73728462758037605,ok
q003568,0.13698600000000000,4995.00000000000000000,-0.18864949789244265,0.07399774749284167,0.73497261520697721,ok
q003569,0.13698600000000000,5000.00000000000000000,-0.18764899755885911,0.07353193052013032,0.73265563105892639,ok
q003570,0.13698600000000000,5005.00000000000000000,-0.18664949722577556,0.07306657913167715,0.73033362315662675,ok
q003571,0.13698600000000000,5010.00000000000000000,-0.18565099489618603,0.07260169239770807,0.72800653876803467,ok
q003572,0.13698600000000000,5015.00000000000000000,-0.18465348857906061,0.07213726939123137,0.72567432439289470,ok
q003573,0.13698600000000000,5020.00000000000000000,-0.18365697628932162,0.07167330918802660,0.72333692574655140,ok
q003574,0.13698600000000000,5025.00000000000000000,-0.18266145604782000,0.07120981086663354,0.72099428774332419,ok
q003575,0.13698600000000000,5030.00000000000000000,-0.18166692588131159,0.07074677350834127,0.71864635447942926,ok
q003576,0.13698600000000000,5040.00000000000000000,-0.17968082790968218,0.06984991622250089,0.71407668370867494,ok
q003577,0.13698600000000000,5045.00000000000000000,-0.17868925618738712,0.06941274374120948,0.71183856602599604,ok
q003578,0.13698600000000000,5050.00000000000000000,-0.17769866670569096,0.06897600431841518,0.70959561672934346,ok
q003579,0.13698600000000000,5055.00000000000000000,-0.17670905752052465,0.06853969709700050,0.70734778543377141,ok
q003580,0.13698600000000000,5060.00000000000000000,-0.17572042669358520,0.06810382122239009,0.70509502102427490,ok
q003581,0.13698600000000000,5065.00000000000000000,-0.17473277229231282,0.06766837584254075,0.70283727164049459,ok
q003582,0.13698600000000000,5070.00000000000000000,-0.17374609238986771,0.06723336010793114,0.70057448466100747,ok
q003583,0.13698600000000000,5075.00000000000000000,-0.17276038506510846,0.06679877317155228,0.69830660668719791,ok
q003584,0.13698600000000000,5080.00000000000000000,-0.17177564840256898,0.06636461418889736,0.69603358352668543,ok
q003585,0.13698600000000000,5085.00000000000000000,-0.17079188049243621,0.06593088231795192,0.69375536017630057,ok
q003586,0.13698600000000000,5090.00000000000000000,-0.16980907943052811,0.06549757671918421,0.69147188080459288,ok
q003587,0.13698600000000000,5095.00000000000000000,-0.16882724331827134,0.06506469655553521,0.68918308873385203,ok
q003588,0.13698600000000000,5100.00000000000000000,-0.16784637026267937,0.06463224099240909,0.68688892642163069,ok
q003589,0.13698600000000000,5105.00000000000000000,-0.16686645837633057,0.06420020919766356,0.68458933544174649,ok
q003590,0.13698600000000000,5115.00000000000000000,-0.16490951058936965,0.06333741359695473,0.67997362923783289,ok
q003591,0.13698600000000000,5120.00000000000000000,-0.16393247094154301,0.06290664813888799,0.67765739256417334,ok
q003592,0.13698600000000000,5125.00000000000000000,-0.16295638496848755,0.06248139721422376,0.67536301580504121,ok
q003593,0.13698600000000000,5130.00000000000000000,-0.16198125081028125,0.06207986866944287,0.67318945200576130,ok
q003594,0.13698600000000000,5135.00000000000000000,-0.16100706661243785,0.06167873128745625,0.67101097529104126,ok
q003595,0.13698600000000000,5140.00000000000000000,-0.16003383052588566,0.06127798430687628,0.66882753349932444,ok
q003596,0.13698600000000000,5145.00000000000000000,-0.15906154070694647,0.06087762696853624,0.66663907368766995,ok
q003597,0.13698600000000000,5150.00000000000000000,-0.15809019531731461,0.06047765851548159,0.66444554211488860,ok
q003598,0.13698600000000000,5155.00000000000000000,-0.15711979252403627,0.06007807819296156,0.66224688422421274,ok
q003599,0.13698600000000000,5160.00000000000000000,-0.15615033049948815,0.05967888524842029,0.66004304462548036,ok
q003600,0.13698600000000000,5165.00000000000000000,-0.15518180742135762,0.05928007893148868,0.65783396707682207,ok
q003601,0.13698600000000000,5170.00000000000000000,-0.15421422147262173,0.05888165849397574,0.65561959446582951,ok
q003602,0.13698600000000000,5175.00000000000000000,-0.15324757084152671,0.05848362318986017,0.65339986879018730,ok
q003603,0.13698600000000000,5180.00000000000000000,-0.15228185372156780,0.05808597227528205,0.65117473113775381,ok
q003604,0.13698600000000000,5185.00000000000000000,-0.15131706831146882,0.05768870500853440,0.64894412166606597,ok
q003605,0.13698600000000000,5190.00000000000000000,-0.15035321281516220,0.05729182065005499,0.64670797958125226,ok
q003606,0.13698600000000000,5195.00000000000000000,-0.14939028544176874,0.05689531846241799,0.64446624311632961,ok
q003607,0.13698600000000000,5200.00000000000000000,-0.14842828440557779,0.05649919771032579,0.64221884950886465,ok
q003608,0.13698600000000000,5205.00000000000000000,-0.14746720792602724,0.05610345766060082,0.63996573497797382,ok
q003609,0.13698600000000000,5210.00000000000000000,-0.14650705422768390,0.05570809758217739,0.63770683470064082,ok
q003610,0.13698600000000000,5220.00000000000000000,-0.14458950809841206,0.05494472406025979,0.63332248345855069,ok
q003611,0.13698600000000000,5225.00000000000000000,-0.14363211214208471,0.05457950752424660,0.63121413282325944,ok
q003612,0.13698600000000000,5230.00000000000000000,-0.14267563191612787,0.05421464031065496,0.62910074309034170,ok
q003613,0.13698600000000000,5240.00000000000000000,-0.14076541166000861,0.05348595118224218,0.62485862610404419,ok
q003614,0.13698600000000000,5245.00000000000000000,-0.13981166814469889,0.05312212793794663,0.62272978657702094,ok
q003615,0.13698600000000000,5250.00000000000000000,-0.13885883338942714,0.05275865135710933,0.62059568336615345,ok
q003616,0.13698600000000000,5255.00000000000000000,-0.13790690566404507,0.05239552077973296,0.61845625808618476,ok
q003617,0.13698600000000000,5260.00000000000000000,-0.13695588324334101,0.05203273554770337,0.61631145141543975,ok
q003618,0.13698600000000000,5265.00000000000000000,-0.13600576440702067,0.05167029500478222,0.61416120307430166,ok
q003619,0.13698600000000000,5270.00000000000000000,-0.13505654743968853,0.05130819849659992,0.61200545180305388,ok
q003620,0.13698600000000000,5275.00000000000000000,-0.13410823063082927,0.05094644537064851,0.60984413533906090,ok
q003621,0.13698600000000000,5280.00000000000000000,-0.13316081227478938,0.05058503497627466,0.60767719039326629,ok
q003622,0.13698600000000000,5285.00000000000000000,-0.13221429067075852,0.05022396666467255,0.60550455262598057,ok
q003623,0.13698600000000000,5290.00000000000000000,-0.13126866412275143,0.04986323978887701,0.60332615662193445,ok
q003624,0.13698600000000000,5295.00000000000000000,-0.13032393093958966,0.04950285370375646,0.60114193586456910,ok
q003625,0.13698600000000000,5300.00000000000000000,-0.12938008943488330,0.04914280776600605,0.59895182270953418,ok
q003626,0.13698600000000000,5305.00000000000000000,-0.12843713792701297,0.04878310133414072,0.59675574835736467,ok
q003627,0.13698600000000000,5310.00000000000000000,-0.12749507473911195,0.04843135849559502,0.59460044973677262,ok
q003628,0.13698600000000000,5315.00000000000000000,-0.12655389819904816,0.04809771344248781,0.59254880016850786,ok
q003629,0.13698600000000000,5320.00000000000000000,-0.12561360663940641,0.04776438211303110,0.59049196143791105,ok
q003630,0.13698600000000000,5325.00000000000000000,-0.12467419839747060,0.04743136391779561,0.58842987547310033,ok
q003631,0.13698600000000000,5330.00000000000000000,-0.12373567181520623,0.04709865826901170,0.58636248325579399,ok
q003632,0.13698600000000000,5335.00000000000000000,-0.12279802523924270,0.04676626458056305,0.58428972479924013,ok
q003633,0.13698600000000000,5340.00000000000000000,-0.12186125702085604,0.04643418226798057,0.58221153912548484,ok
q003634,0.13698600000000000,5345.00000000000000000,-0.12092536551595096,0.04610241074843602,0.58012786424195184,ok
q003635,0.13698600000000000,5350.00000000000000000,-0.11999034908504431,0.04577094944073617,0.57803863711731185,ok
q003636,0.13698600000000000,5355.00000000000000000,-0.11905620609324739,0.04543979776531651,0.57594379365661030,ok
q003637,0.13698600000000000,5360.00000000000000000,-0.11812293491024886,0.04510895514423517,0.57384326867562907,ok
q003638,0.13698600000000000,5365.00000000000000000,-0.11719053391029768,0.04477842100116692,0.57173699587445093,ok
q003639,0.13698600000000000,5370.00000000000000000,-0.11625900147218615,0.04444819476139713,0.56962490781019870,ok
q003640,0.13698600000000000,5375.00000000000000000,-0.11532833597923296,0.04411827585181576,0.56750693586891432,ok
q003641,0.13698600000000000,5380.00000000000000000,-0.11439853581926640,0.04378866370091142,0.56538301023654713,ok
q003642,0.13698600000000000,5385.00000000000000000,-0.11346959938460756,0.04345935773876539,0.56325305986901497,ok
q003643,0.13698600000000000,5390.00000000000000000,-0.11254152507205366,0.04313035739704577,0.56111701246130274,ok
q003644,0.13698600000000000,5395.00000000000000000,-0.11161431128286145,0.04280166210900151,0.55897479441555931,ok
q003645,0.13698600000000000,5400.00000000000000000,-0.11068795642273073,0.04247327130945662,0.55682633080815347,ok
q003646,0.13698600000000000,5405.00000000000000000,-0.10976245890178782,0.04215307634944459,0.55472347555411883,ok
q003647,0.13698600000000000,5410.00000000000000000,-0.10883781713456926,0.04184684701885981,0.55270485369636324,ok
q003648,0.13698600000000000,5415.00000000000000000,-0.10791402954000548,0.04154090057915185,0.55068070728521035,ok
q003649,0.13698600000000000,5420.00000000000000000,-0.10699109454140455,0.04123523650814086,0.54865097170130250,ok
q003650,0.13698600000000000,5425.00000000000000000,-0.10606901056643614,0.04092985428509145,0.54661558120499421,ok
q003651,0.13698600000000000,5430.00000000000000000,-0.10514777604711543,0.04062475339070746,0.54457446890865091,ok
q003652,0.13698600000000000,5435.00000000000000000,-0.10422738941978674,0.04031993330712645,0.54252756674806546,ok
q003653,0.13698600000000000,5440.00000000000000000,-0.10330784912510824,0.04001539351791469,0.54047480545295634,ok
q003654,0.13698600000000000,5445.00000000000000000,-0.10238915360803570,0.03971113350806175,0.53841611451651217,ok
q003655,0.13698600000000000,5450.00000000000000000,-0.10147130131780678,0.03940715276397529,0.53635142216394405,ok
q003656,0.13698600000000000,5455.00000000000000000,-0.10055429070792533,0.03910345077347591,0.53428065532000613,ok
q003657,0.13698600000000000,5460.00000000000000000,-0.09963812023614579,0.03880002702579193,0.53220373957544309,ok
q003658,0.13698600000000000,5465.00000000000000000,-0.09872278836445758,0.03849688101155425,0.53012059915232046,ok
q003659,0.13698600000000000,5470.00000000000000000,-0.09780829355906961,0.03819401222279119,0.52803115686819224,ok
q003660,0.13698600000000000,5475.00000000000000000,-0.09689463429039494,0.03789142015292345,0.52593533409905791,ok
q003661,0.13698600000000000,5480.00000000000000000,-0.09598180903303527,0.03758910429675896,0.52383305074105768,ok
q003662,0.13698600000000000,5485.00000000000000000,-0.09506981626576587,0.03728706415048784,0.52172422517085493,ok
q003663,0.13698600000000000,5490.00000000000000000,-0.09415865447152016,0.03698529921167740,0.51960877420464824,ok
q003664,0.13698600000000000,5495.00000000000000000,-0.09324832213737473,0.03668380897926705,0.51748661305575605,ok
q003665,0.13698600000000000,5500.00000000000000000,-0.09233881775453417,0.03638427491407059,0.51536956759732711,ok
q003666,0.13698600000000000,5505.00000000000000000,-0.09143013981831613,0.03610122392026414,0.51336099813373037,ok
q003667,0.13698600000000000,5510.00000000000000000,-0.09052228682813629,0.03581842989516644,0.51134637329305921,ok
q003668,0.13698600000000000,5515.00000000000000000,-0.08961525728749360,0.03553589237262102,0.50932561787899555,ok
q003669,0.13698600000000000,5520.00000000000000000,-0.08870904970395557,0.03525361088773876,0.50729865528574913,ok
q003670,0.13698600000000000,5525.00000000000000000,-0.08780366258914299,0.03497158497689308,0.50526540746048487,ok
q003671,0.13698600000000000,5530.00000000000000000,-0.08689909445871606,0.03468981417771572,0.50322579486445862,ok
q003672,0.13698600000000000,5535.00000000000000000,-0.08599534383235929,0.03440829802909196,0.50117973643280245,ok
q003673,0.13698600000000000,5540.00000000000000000,-0.08509240923376704,0.03412703607115614,0.49912714953290699,ok
q003674,0.13698600000000000,5545.00000000000000000,-0.08419028919062913,0.03384602784528717,0.49706794992133563,ok
q003675,0.13698600000000000,5550.00000000000000000,-0.08328898223461632,0.03356527289410403,0.49500205169921063,ok
q003676,0.13698600000000000,5555.00000000000000000,-0.08238848690136615,0.03328477076146132,0.49292936726600300,ok
q003677,0.13698600000000000,5560.00000000000000000,-0.08148880173046845,0.03300452099244479,0.49084980727165434,ok
q003678,0.13698600000000000,5565.00000000000000000,-0.08058992526545129,0.03272452313336693,0.48876328056695945,ok
q003679,0.13698600000000000,5570.00000000000000000,-0.07969185605376679,0.03244477673176256,0.48666969415212957,ok
q003680,0.13698600000000000,5575.00000000000000000,-0.07879459264677698,0.03216528133638445,0.48456895312345505,ok
q003681,0.13698600000000000,5580.00000000000000000,-0.07789813359973986,0.03188603649719892,0.48246096061798083,ok
q003682,0.13698600000000000,5585.00000000000000000,-0.07700247747179539,0.03160704176538154,0.48034561775610352,ok
q003683,0.13698600000000000,5590.00000000000000000,-0.07610762282595163,0.03132829669331277,0.47822282358199403,ok
q003684,0.13698600000000000,5595.00000000000000000,-0.07521356822907085,0.03104980083457365,0.47609247500174384,ok
q003685,0.13698600000000000,5600.00000000000000000,-0.07432031225185586,0.03078040779906416,0.47402264847537101,ok
q003686,0.13698600000000000,5605.00000000000000000,-0.07342785346883617,0.03052090756489497,0.47202024892009364,ok
q003687,0.13698600000000000,5610.00000000000000000,-0.07253619045835444,0.03026163871750115,0.47001111544382157,ok
q003688,0.13698600000000000,5615.00000000000000000,-0.07164532180255301,0.03000260084461222,0.46799515810369108,ok
q003689,0.13698600000000000,5620.00000000000000000,-0.07075524608735979,0.02974379353505846,0.46597228511178845,ok
q003690,0.13698600000000000,5625.00000000000000000,-0.06986596190247567,0.02948521637876721,0.46394240278144161,ok
q003691,0.13698600000000000,5630.00000000000000000,-0.06897746784136047,0.02922686896675878,0.46190541547148739,ok
q003692,0.13698600000000000,5635.00000000000000000,-0.06808976250121986,0.02896875089114268,0.45986122552842440,ok
q003693,0.13698600000000000,5640.00000000000000000,-0.06720284448299195,0.02871086174511370,0.45780973322635249,ok
q003694,0.13698600000000000,5645.00000000000000000,-0.06631671239133413,0.02845320112294807,0.45575083670459260,ok
q003695,0.13698600000000000,5650.00000000000000000,-0.06543136483460989,0.02819576861999964,0.45368443190287860,ok
q003696,0.13698600000000000,5655.00000000000000000,-0.06454680042487568,0.02793856383269610,0.45161041249400330,ok
q003697,0.13698600000000000,5660.00000000000000000,-0.06366301777786788,0.02768158635853512,0.44952866981379652,ok
q003698,0.13698600000000000,5665.00000000000000000,-0.06278001551298980,0.02742483579608059,0.44743909278830363,ok
q003699,0.13698600000000000,5670.00000000000000000,-0.06189779225329873,0.02716831174495891,0.44534156785802803,ok
q003700,0.13698600000000000,5675.00000000000000000,-0.06101634662549305,0.02691201380585517,0.44323597889909089,ok
q003701,0.13698600000000000,5680.00000000000000000,-0.06013567725989944,0.02665594158050946,0.44112220714115341,ok
q003702,0.13698600000000000,5685.00000000000000000,-0.05925578279046005,0.02640009467171316,0.43900013108193864,ok
q003703,0.13698600000000000,5690.00000000000000000,-0.05837666185471985,0.02614447268330523,0.43686962639817750,ok
q003704,0.13698600000000000,5695.00000000000000000,-0.05749831309381394,0.02588907522016852,0.43473056585279690,ok
q003705,0.13698600000000000,5700.00000000000000000,-0.05662073515245493,0.02564776801583768,0.43269980173288219,ok
q003706,0.13698600000000000,5705.00000000000000000,-0.05574392667892054,0.02541983774857115,0.43077282157543528,ok
q003707,0.13698600000000000,5710.00000000000000000,-0.05486788632504065,0.02519210715742938,0.42883888214032728,ok
q003708,0.13698600000000000,5715.00000000000000000,-0.05399261274618551,0.02496457589286986,0.42689788585787219,ok
q003709,0.13698600000000000,5720.00000000000000000,-0.05311810460125296,0.02473724360626713,0.42494973303528072,ok
q003710,0.13698600000000000,5725.00000000000000000,-0.05224436055265613,0.02451010994990951,0.42299432179116919,ok
q003711,0.13698600000000000,5730.00000000000000000,-0.05137137926631128,0.02428317457699599,0.42103154798745479,ok
q003712,0.13698600000000000,5735.00000000000000000,-0.05049915941162546,0.02405643714163302,0.41906130515850726,ok
q003713,0.13698600000000000,5740.00000000000000000,-0.04962769966148441,0.02382989729883134,0.41708348443742216,ok
q003714,0.13698600000000000,5745.00000000000000000,-0.04875699869224045,0.02360355470450282,0.41509797447927055,ok
q003715,0.13698600000000000,5750.00000000000000000,-0.04788705518370038,0.02337740901545738,0.41310466138117308,ok
q003716,0.13698600000000000,5755.00000000000000000,-0.04701786781911348,0.02315145988939980,0.41110342859903565,ok
q003717,0.13698600000000000,5760.00000000000000000,-0.04614943528515957,0.02292570698492665,0.40909415686077544,ok
q003718,0.13698600000000000,5765.00000000000000000,-0.04528175627193708,0.02270014996152318,0.40707672407585488,ok
q003719,0.13698600000000000,5770.00000000000000000,-0.04441482947295123,0.02247478847956026,0.40505100524092885,ok
q003720,0.13698600000000000,5775.00000000000000000,-0.04354865358510218,0.02224962220029128,0.40301687234140088,ok
q003721,0.13698600000000000,5780.00000000000000000,-0.04268322730867331,0.02202465078584912,0.40097419424866776,ok
q003722,0.13698600000000000,5785.00000000000000000,-0.04181854934731951,0.02179987389924309,0.39892283661282119,ok
q003723,0.13698600000000000,5790.00000000000000000,-0.04095461840805553,0.02157529120435592,0.39686266175055729,ok
q003724,0.13698600000000000,5795.00000000000000000,-0.04009143320124448,0.02135090236594076,0.39479352852803190,ok
q003725,0.13698600000000000,5800.00000000000000000,-0.03922899244058585,0.02113362545796701,0.39277958863710155,ok
q003726,0.13698600000000000,5805.00000000000000000,-0.03836729484310467,0.02094576571255417,0.39102995549111436,ok
q003727,0.13698600000000000,5810.00000000000000000,-0.03750633912913963,0.02075806770607257,0.38927397502225930,ok
q003728,0.13698600000000000,5815.00000000000000000,-0.03664612402233174,0.02057053116026163,0.38751155832228690,ok
q003729,0.13698600000000000,5820.00000000000000000,-0.03578664824961302,0.02038315579757824,0.38574261454566239,ok
q003730,0.13698600000000000,5825.00000000000000000,-0.03492791054119521,0.02019594134119432,0.38396705084974414,ok
q003731,0.13698600000000000,5830.00000000000000000,-0.03406990963055846,0.02000888751499432,0.38218477233257081,ok
q003732,0.13698600000000000,5835.00000000000000000,-0.03321264425444015,0.01982199404357281,0.38039568196813989,ok
q003733,0.13698600000000000,5840.00000000000000000,-0.03235611315282376,0.01963526065223207,0.37859968053905430,ok
q003734,0.13698600000000000,5845.00000000000000000,-0.03150031506892771,0.01944868706697960,0.37679666656640226,ok
q003735,0.13698600000000000,5850.00000000000000000,-0.03064524874919431,0.01926227301452576,0.37498653623673373,ok
q003736,0.13698600000000000,5855.00000000000000000,-0.02979091294327877,0.01907601822228134,0.37316918332598209,ok
q003737,0.13698600000000000,5860.00000000000000000,-0.02893730640403818,0.01888992241835522,0.37134449912017625,ok
q003738,0.13698600000000000,5865.00000000000000000,-0.02808442788752063,0.01870398533155190,0.36951237233277340,ok
q003739,0.13698600000000000,5870.00000000000000000,-0.02723227615295433,0.01851820669136923,0.36767268901843814,ok
q003740,0.13698600000000000,5875.00000000000000000,-0.02638084996273675,0.01833258622799595,0.36582533248307586,ok
q003741,0.13698600000000000,5880.00000000000000000,-0.02553014808242385,0.01814712367230942,0.36397018318992302,ok
q003742,0.13698600000000000,5885.00000000000000000,-0.02468016928071947,0.01796181875587325,0.36210711866147927,ok
q003743,0.13698600000000000,5890.00000000000000000,-0.02383091232946416,0.01777667121093492,0.36023601337705347,ok
q003744,0.13698600000000000,5895.00000000000000000,-0.02298237600362524,0.01759168077042353,0.35835673866568563,ok
q003745,0.13698600000000000,5900.00000000000000000,-0.02213455908128572,0.01740684716794749,0.35646916259418177,ok
q003746,0.13698600000000000,5905.00000000000000000,-0.02128746034363386,0.01724497270992871,0.35480780394088091,ok
q003747,0.13698600000000000,5910.00000000000000000,-0.02044107857495265,0.01710536511368730,0.35336870269264847,ok
q003748,0.13698600000000000,5915.00000000000000000,-0.01959541256260937,0.01696587557885213,0.35192494114254225,ok
q003749,0.13698600000000000,5920.00000000000000000,-0.01875046109704515,0.01682650390591088,0.35047645961946811,ok
q003750,0.13698600000000000,5925.00000000000000000,-0.01790622297176457,0.01668724989585650,0.34902319727716574,ok
q003751,0.13698600000000000,5930.00000000000000000,-0.01706269698332537,0.01654811335018556,0.34756509206138597,ok
q003752,0.13698600000000000,5935.00000000000000000,-0.01621988193132809,0.01640909407089655,0.34610208067588294,ok
q003753,0.13698600000000000,5940.00000000000000000,-0.01537777661840588,0.01627019186048815,0.34463409854716875,ok
q003754,0.13698600000000000,5945.00000000000000000,-0.01453637985021428,0.01613140652195758,0.34316107978797517,ok
q003755,0.13698600000000000,5950.00000000000000000,-0.01369569043542103,0.01599273785879892,0.34168295715936320,ok
q003756,0.13698600000000000,5955.00000000000000000,-0.01285570718569599,0.01585418567500143,0.34019966203142027,ok
q003757,0.13698600000000000,5960.00000000000000000,-0.01201642891570102,0.01571574977504790,0.33871112434247908,ok
q003758,0.13698600000000000,5965.00000000000000000,-0.01117785444307997,0.01557742996391297,0.33721727255678979,ok
q003759,0.13698600000000000,5970.00000000000000000,-0.01033998258844868,0.01543922604706151,0.33571803362057395,ok
q003760,0.13698600000000000,5975.00000000000000000,-0.00950281217538503,0.01530113783044697,0.33421333291638300,ok
q003761,0.13698600000000000,5980.00000000000000000,-0.00866634203041913,0.01516316512050976,0.33270309421568173,ok
q003762,0.13698600000000000,5985.00000000000000000,-0.00783057098302303,0.01502530772417554,0.33118723962957025,ok
q003763,0.13698600000000000,5990.00000000000000000,-0.00699549786560151,0.01488756544885374,0.32966568955755682,ok
q003764,0.13698600000000000,5995.00000000000000000,-0.00616112151348192,0.01474993810243583,0.32813836263428364,ok
q003765,0.13698600000000000,6000.00000000000000000,-0.00532744076490448,0.01461242549329375,0.32660517567410674,ok
q003766,0.13698600000000000,6005.00000000000000000,-0.00449445446101261,0.01447502743027834,0.32506604361342301,ok
q003767,0.13698600000000000,6010.00000000000000000,-0.00366216144584325,0.01436035769028364,0.32377591288871765,ok
q003768,0.13698600000000000,6015.00000000000000000,-0.00283056056631726,0.01427290702044026,0.32278855381287130,ok
q003769,0.13698600000000000,6020.00000000000000000,-0.00199965067222978,0.01418552901422787,0.32179898947007379,ok
q003770,0.13698600000000000,6025.00000000000000000,-0.00116943061624075,0.01409822355099287,0.32080719808043007,ok
q003771,0.13698600000000000,6030.00000000000000000,-0.00033989925386537,0.01401099051038188,0.31981315755107759,ok
q003772,0.13698600000000000,6035.00000000000000000,0.00048894455653528,0.01392382977234082,0.31881684546975569,ok
q003773,0.13698600000000000,6040.00000000000000000,0.00131710195376415,0.01383674121711382,0.31781823909820489,ok
q003774,0.13698600000000000,6045.00000000000000000,0.00214457407379646,0.01374972472524238,0.31681731536539209,ok
q003775,0.13698600000000000,6050.00000000000000000,0.00297136204979068,0.01366278017756422,0.31581405086055181,ok
q003776,0.13698600000000000,6055.00000000000000000,0.00379746701209605,0.01357590745521245,0.31480842182604368,ok
q003777,0.13698600000000000,6060.00000000000000000,0.00462289008826368,0.01348910643961445,0.31380040415001298,ok
q003778,0.13698600000000000,6065.00000000000000000,0.00544763240305394,0.01340237701249106,0.31278997335885483,ok
q003779,0.13698600000000000,6070.00000000000000000,0.00627169507844750,0.01331571905585545,0.31177710460946823,ok
q003780,0.13698600000000000,6075.00000000000000000,0.00709507923365266,0.01322913245201232,0.31076177268130084,ok
q003781,0.13698600000000000,6080.00000000000000000,0.00791778598511626,0.01314261708355675,0.30974395196816834,ok
q003782,0.13698600000000000,6085.00000000000000000,0.00873981644653101,0.01305617283337346,0.30872361646985036,ok
q003783,0.13698600000000000,6090.00000000000000000,0.00956117172884629,0.01296979958463565,0.30770073978344586,ok
q003784,0.13698600000000000,6095.00000000000000000,0.01038185294027538,0.01288349722080426,0.30667529509448865,ok
q003785,0.13698600000000000,6100.00000000000000000,0.01120186118630621,0.01279726562562681,0.30564725516780589,ok
q003786,0.13698600000000000,6105.00000000000000000,0.01202119756970854,0.01271110468313667,0.30461659233811944,ok
q003787,0.13698600000000000,6110.00000000000000000,0.01283986319054461,0.01262501427765192,0.30358327850037198,ok
q003788,0.13698600000000000,6115.00000000000000000,0.01365785914617623,0.01254016266417184,0.30256138029152019,ok
q003789,0.13698600000000000,6120.00000000000000000,0.01447518653127516,0.01249863813091682,0.30206002563110323,ok
q003790,0.13698600000000000,6125.00000000000000000,0.01529184643783125,0.01245714750908512,0.30155824790337021,ok
q003791,0.13698600000000000,6130.00000000000000000,0.01610783995516049,0.01241569074333375,0.30105604432193084,ok
q003792,0.13698600000000000,6135.00000000000000000,0.01692316816991533,0.01237426777845506,0.30055341208161268,ok
q003793,0.13698600000000000,6140.00000000000000000,0.01773783216609157,0.01233287855937635,0.30005034835825933,ok
q003794,0.13698600000000000,6145.00000000000000000,0.01855183302503873,0.01229152303115937,0.29954685030852446,ok
q003795,0.13698600000000000,6150.00000000000000000,0.01936517182546699,0.01225020113899997,0.29904291506966502,ok
q003796,0.13698600000000000,6155.00000000000000000,0.02017784964345743,0.01220891282822756,0.29853853975932920,ok
q003797,0.13698600000000000,6160.00000000000000000,0.02098986755246891,0.01216765804430479,0.29803372147534424,ok
q003798,0.13698600000000000,6165.00000000000000000,0.02180122662334823,0.01212643673282700,0.29752845729549882,ok
q003799,0.13698600000000000,6170.00000000000000000,0.02261192792433695,0.01208524883952189,0.29702274427732495,ok
q003800,0.13698600000000000,6175.00000000000000000,0.02342197252108152,0.01204409431024902,0.29651657945787452,ok
q003801,0.13698600000000000,6180.00000000000000000,0.02423136147663993,0.01200297309099945,0.29600995985349532,ok
q003802,0.13698600000000000,6185.00000000000000000,0.02504009585149186,0.01196188512789522,0.29550288245960127,ok
q003803,0.13698600000000000,6190.00000000000000000,0.02584817670354527,0.01192083036718905,0.29499534425044227,ok
q003804,0.13698600000000000,6195.00000000000000000,0.02665560508814642,0.01187980875526378,0.29448734217886846,ok
q003805,0.13698600000000000,6200.00000000000000000,0.02746238205808641,0.01183882023863210,0.29397887317609345,ok
q003806,0.13698600000000000,6205.00000000000000000,0.02826850866361097,0.01179786476393598,0.29346993415145206,ok
q003807,0.13698600000000000,6210.00000000000000000,0.02907398595242795,0.01175694227794636,0.29296052199215644,ok
q003808,0.13698600000000000,6215.00000000000000000,0.02987881496971489,0.01171605272756271,0.29245063356304857,ok
q003809,0.13698600000000000,6220.00000000000000000,0.03068299675812864,0.01167519605981258,0.29194026570634790,ok
q003810,0.13698600000000000,6225.00000000000000000,0.03148653235781178,0.01164249431704307,0.29153112268381315,ok
q003811,0.13698600000000000,6230.00000000000000000,0.03228942280640235,0.01163931059966171,0.29149125939772186,ok
q003812,0.13698600000000000,6235.00000000000000000,0.03309166913904025,0.01163612943640609,0.29145142264606344,ok
q003813,0.13698600000000000,6240.00000000000000000,0.03389327238837689,0.01163295082318139,0.29141161238843144,ok
q003814,0.13698600000000000,6250.00000000000000000,0.03549455375535073,0.01162660123049483,0.29133207119409088,ok
q003815,0.13698600000000000,6255.00000000000000000,0.03629423392591496,0.01162343024289245,0.29129234017703803,ok
q003816,0.13698600000000000,6260.00000000000000000,0.03709327511904777,0.01162026178903991,0.29125263549332270,ok
q003817,0.13698600000000000,6270.00000000000000000,0.03868944465186996,0.01161393246641045,0.29117330496623839,ok
q003818,0.13698600000000000,6275.00000000000000000,0.03948657502488811,0.01161077158957073,0.29113367904326748,ok
q003819,0.13698600000000000,6280.00000000000000000,0.04028307048714794,0.01160761323035519,0.29109407929442938,ok
q003820,0.13698600000000000,6290.00000000000000000,0.04187416071938981,0.01160130404877682,0.29101495816095729,ok
q003821,0.13698600000000000,6300.00000000000000000,0.04346272340452745,0.01159500488973099,0.29093594125034539,ok
q003822,0.13698600000000000,6310.00000000000000000,0.04504876656016225,0.01158871572142534,0.29085702824856913,ok
q003823,0.13698600000000000,6320.00000000000000000,0.04663229816580652,0.01158243651221857,0.29077821884304744,ok
q003824,0.13698600000000000,6325.00000000000000000,0.04742312462062451,0.01157930063243041,0.29073885289159285,ok
q003825,0.13698600000000000,6330.00000000000000000,0.04821332616312531,0.01157616723061942,0.29069951272263345,ok
q003826,0.13698600000000000,6340.00000000000000000,0.04979185845617505,0.01160144548418573,0.29101673208628431,ok
q003827,0.13698600000000000,6350.00000000000000000,0.05136790291164078,0.01165717505765211,0.29171486958244636,ok
q003828,0.13698600000000000,6360.00000000000000000,0.05294146735907129,0.01171281693702488,0.29241024562852702,ok
q003829,0.13698600000000000,6370.00000000000000000,0.05451255959111251,0.01176837139785519,0.29310288331028644,ok
q003830,0.13698600000000000,6375.00000000000000000,0.05529718105153048,0.01179611593207186,0.29344818239369497,ok
q003831,0.13698600000000000,6390.00000000000000000,0.05764735839648399,0.01187921915961750,0.29448003437565540,ok
q003832,0.13698600000000000,6400.00000000000000000,0.05921108037266674,0.01193451300520063,0.29516459240001186,ok
q003833,0.13698600000000000,6410.00000000000000000,0.06077236093961925,0.01198972052155961,0.29584650135284746,ok
q003834,0.13698600000000000,6420.00000000000000000,0.06233120770891040,0.01204484197784263,0.29652578282307746,ok
q003835,0.13698600000000000,6425.00000000000000000,0.06310972078832398,0.01207237051722059,0.29686444492125930,ok
q003836,0.13698600000000000,6430.00000000000000000,0.06388762825656862,0.01209987764194112,0.29720245811674001,ok
q003837,0.13698600000000000,6440.00000000000000000,0.06544163012330285,0.01215482778049762,0.29787654826218907,ok
q003838,0.13698600000000000,6450.00000000000000000,0.06699322081472174,0.01222044780149496,0.29867953597750335,ok
q003839,0.13698600000000000,6470.00000000000000000,0.07008919851984984,0.01243188963379079,0.30125237589645587,ok
q003840,0.13698600000000000,6475.00000000000000000,0.07086169759264199,0.01248464796571529,0.30189092509316851,ok
q003841,0.13698600000000000,6500.00000000000000000,0.07471526690863189,0.01274783001502471,0.30505632896283413,ok
q003842,0.13698600000000000,6510.00000000000000000,0.07625254622751836,0.01285281951653095,0.30630995557998358,ok
q003843,0.13698600000000000,6530.00000000000000000,0.07932003329538020,0.01306231556202836,0.30879623278799317,ok
q003844,0.13698600000000000,6550.00000000000000000,0.08237813965420109,0.01327117094583606,0.31125513817458106,ok
q003845,0.13698600000000000,6600.00000000000000000,0.08998273903942045,0.01396557458384419,0.31929440763922540,ok
q003846,0.13698600000000000,6650.00000000000000000,0.09752994467480341,0.01471527921798711,0.32775261191821192,ok
q003847,0.13698600000000000,6700.00000000000000000,0.10502061640396086,0.01555018445878354,0.33692224071086746,ok
q003848,0.13698600000000000,6800.00000000000000000,0.11983570218910161,0.01747436133287338,0.35715979388620450,ok
q003849,0.13698600000000000,6900.00000000000000000,0.13443450161025422,0.01979702359288118,0.38015600767175967,ok
q003850,0.13698600000000000,7000.00000000000000000,0.14882323906235392,0.02240739615357834,0.40444326151475912,ok
q003851,0.13698600000000000,7200.00000000000000000,0.17699411602905027,0.02824392625026678,0.45407170714040418,ok
q003852,0.13698600000000000,7400.00000000000000000,0.20439309021716454,0.03455102789015659,0.50221813835112705,ok
q003853,0.14520500000000000,2600.00000000000000000,-0.84257027834614295,0.48347770796710599,1.82472508186114668,ok
q003854,0.14520500000000000,2800.00000000000000000,-0.76846230619242117,0.43107070818594112,1.72299283286281546,ok
q003855,0.14520500000000000,3000.00000000000000000,-0.69946943470546974,0.38234831193952407,1.62270211789497787,ok
q003856,0.14520500000000000,3200.00000000000000000,-0.63493091356789855,0.33696242594117720,1.52335089661272272,ok
q003857,0.14520500000000000,3600.00000000000000000,-0.51714787791151517,0.25757467924244160,1.33186681547455521,ok
q003858,0.14520500000000000,3800.00000000000000000,-0.46308065664123937,0.22348442512795633,1.24060305263885295,ok
q003859,0.14520500000000000,4000.00000000000000000,-0.41178736225368873,0.19230434326800322,1.15081035482224925,ok
q003860,0.14520500000000000,4200.00000000000000000,-0.36299719808425673,0.16359940378697957,1.06145129867259325,ok
q003861,0.14520500000000000,4400.00000000000000000,-0.31647718244936390,0.13715467047797067,0.97188418463546977,ok
q003862,0.14520500000000000,4500.00000000000000000,-0.29400432659730541,0.12477830793429105,0.92699792165524797,ok
q003863,0.14520500000000000,4600.00000000000000000,-0.27202541987853013,0.11296079481390860,0.88200913706170059,ok
q003864,0.14520500000000000,4650.00000000000000000,-0.26121450377431454,0.10729326297314198,0.85959808833920115,ok
q003865,0.14520500000000000,4750.00000000000000000,-0.23993710532702955,0.09638514981428581,0.81473106854625021,ok
q003866,0.14520500000000000,4800.00000000000000000,-0.22946580545973419,0.09116127647698286,0.79234516707837066,ok
q003867,0.14520500000000000,4850.00000000000000000,-0.21910301842418753,0.08609241234978232,0.77000164500698920,ok
q003868,0.14520500000000000,4900.00000000000000000,-0.20884651825699846,0.08121478510731668,0.74787112253222532,ok
q003869,0.14520500000000000,4950.00000000000000000,-0.19869414679298050,0.07644210082075195,0.72556365762404129,ok
q003870,0.14520500000000000,5000.00000000000000000,-0.18864381093947910,0.07193290076919022,0.70383847141549261,ok
q003871,0.14520500000000000,5050.00000000000000000,-0.17869348008631092,0.06752552281092926,0.68193533151118835,ok
q003872,0.14520500000000000,5100.00000000000000000,-0.16884118364329934,0.06335388269729916,0.66053499668969762,ok
q003873,0.14520500000000000,5150.00000000000000000,-0.15908500869793468,0.05933471382864047,0.63923955496097351,ok
q003874,0.14520500000000000,5200.00000000000000000,-0.14942309778619770,0.05551057878458481,0.61829693296007815,ok
q003875,0.14520500000000000,5250.00000000000000000,-0.13985364677004702,0.05188042035832489,0.59773812586061859,ok
q003876,0.14520500000000000,5300.00000000000000000,-0.13037490281550329,0.04839512815217583,0.57731127114616654,ok
q003877,0.14520500000000000,5325.00000000000000000,-0.12566901177809064,0.04671814796534894,0.56722063711095094,ok
q003878,0.14520500000000000,5350.00000000000000000,-0.12098516246566429,0.04511442611335651,0.55739995976857160,ok
q003879,0.14520500000000000,5375.00000000000000000,-0.11632314935985287,0.04351818084726109,0.54745015206939118,ok
q003880,0.14520500000000000,5400.00000000000000000,-0.11168276980335069,0.04192934277841930,0.53736359650628784,ok
q003881,0.14520500000000000,5425.00000000000000000,-0.10706382394705616,0.04041545942222324,0.52757350194388053,ok
q003882,0.14520500000000000,5450.00000000000000000,-0.10246611469842672,0.03894358879921526,0.51787768728308536,ok
q003883,0.14520500000000000,5475.00000000000000000,-0.09788944767101493,0.03747845444976835,0.50804250756125191,ok
q003884,0.14520500000000000,5500.00000000000000000,-0.09333363113515422,0.03601999499521578,0.49805928237523855,ok
q003885,0.14520500000000000,5525.00000000000000000,-0.08879847596976284,0.03463797623366480,0.48841103689108506,ok
q003886,0.14520500000000000,5550.00000000000000000,-0.08428379561523623,0.03327963113014024,0.47873862311460330,ok
q003887,0.14520500000000000,5560.00000000000000000,-0.08248361511108834,0.03273800554842703,0.47482690949121403,ok
q003888,0.14520500000000000,5570.00000000000000000,-0.08068666943438681,0.03219735323872368,0.47088981878646802,ok
q003889,0.14520500000000000,5575.00000000000000000,-0.07978940602739694,0.03192739096902845,0.46891154941679991,ok
q003890,0.14520500000000000,5580.00000000000000000,-0.07889294698035987,0.03165767070946851,0.46692668331896775,ok
q003891,0.14520500000000000,5590.00000000000000000,-0.07710243620657163,0.03111895448785502,0.46293680836146273,ok
q003892,0.14520500000000000,5600.00000000000000000,-0.07531512563247586,0.03058120111969764,0.45891947057229243,ok
q003893,0.14520500000000000,5610.00000000000000000,-0.07353100383897444,0.03006926772058748,0.45506207242518937,ok
q003894,0.14520500000000000,5620.00000000000000000,-0.07175005946797967,0.02956982625042985,0.45126702588994344,ok
q003895,0.14520500000000000,5625.00000000000000000,-0.07086077528309560,0.02932043867386094,0.44936003661258717,ok
q003896,0.14520500000000000,5630.00000000000000000,-0.06997228122198035,0.02907127267668727,0.44744662511826139,ok
q003897,0.14520500000000000,5640.00000000000000000,-0.06819765786361193,0.02857360384799470,0.44360019057653777,ok
q003898,0.14520500000000000,5650.00000000000000000,-0.06642617821522986,0.02807681662973472,0.43972701454138591,ok
q003899,0.14520500000000000,5660.00000000000000000,-0.06465783115848786,0.02758090790391930,0.43582635942601433,ok
q003900,0.14520500000000000,5670.00000000000000000,-0.06289260563391871,0.02708587456907226,0.43189745597700246,ok
q003901,0.14520500000000000,5675.00000000000000000,-0.06201116000611309,0.02683868520853690,0.42992216160125241,ok
q003902,0.14520500000000000,5680.00000000000000000,-0.06113049064051941,0.02659171354011291,0.42793950132900777,ok
q003903,0.14520500000000000,5690.00000000000000000,-0.05937147523533982,0.02609842174824065,0.42395165690348469,ok
q003904,0.14520500000000000,5700.00000000000000000,-0.05761554853307489,0.02560599614082069,0.41993304613586396,ok
q003905,0.14520500000000000,5710.00000000000000000,-0.05586269970566062,0.02515035747034570,0.41618008592304429,ok
q003906,0.14520500000000000,5720.00000000000000000,-0.05411291798187291,0.02471169024260252,0.41253465768407921,ok
q003907,0.14520500000000000,5725.00000000000000000,-0.05323917393327603,0.02449264413282523,0.41070222024465469,ok
q003908,0.14520500000000000,5730.00000000000000000,-0.05236619264693123,0.02427378924621481,0.40886318072904038,ok
q003909,0.14520500000000000,5740.00000000000000000,-0.05062251304210436,0.02383665180905723,0.40516492421299477,ok
q003910,0.14520500000000000,5750.00000000000000000,-0.04888186856432032,0.02340027527295812,0.40143912521594727,ok
q003911,0.14520500000000000,5760.00000000000000000,-0.04714424866577951,0.02296465699360252,0.39768498672923142,ok
q003912,0.14520500000000000,5770.00000000000000000,-0.04540964285357117,0.02252979434043598,0.39390167547680166,ok
q003913,0.14520500000000000,5775.00000000000000000,-0.04454346696572217,0.02231264555536454,0.39199880917090674,ok
q003914,0.14520500000000000,5780.00000000000000000,-0.04367804068929336,0.02209568469656934,0.39008831955458573,ok
q003915,0.14520500000000000,5790.00000000000000000,-0.04194943178867557,0.02166232545868408,0.38624400586898777,ok
q003916,0.14520500000000000,5800.00000000000000000,-0.04022380582120578,0.02122971403693885,0.38236777735326877,ok
q003917,0.14520500000000000,5810.00000000000000000,-0.03850115250975955,0.02083353504067320,0.37878319079352085,ok
q003918,0.14520500000000000,5820.00000000000000000,-0.03678146163023294,0.02047115238360893,0.37547442421504473,ok
q003919,0.14520500000000000,5830.00000000000000000,-0.03506472301117837,0.02010939184299997,0.37214199608828585,ok
q003920,0.14520500000000000,5840.00000000000000000,-0.03335092653344367,0.01974825128648330,0.36878524507007310,ok
q003921,0.14520500000000000,5850.00000000000000000,-0.03164006212981434,0.01938772859264047,0.36540348084858609,ok
q003922,0.14520500000000000,5860.00000000000000000,-0.02993211978465820,0.01902782165092276,0.36199598232884034,ok
q003923,0.14520500000000000,5870.00000000000000000,-0.02822708953357435,0.01866852836157717,0.35856199566973118,ok
q003924,0.14520500000000000,5875.00000000000000000,-0.02737566334335671,0.01848911118330493,0.35683482423885265,ok
q003925,0.14520500000000000,5880.00000000000000000,-0.02652496146304386,0.01830984663557284,0.35510073215752191,ok
q003926,0.14520500000000000,5890.00000000000000000,-0.02482572571008406,0.01795177439452816,0.35161136589882253,ok
q003927,0.14520500000000000,5900.00000000000000000,-0.02312937246190562,0.01759430957063857,0.34809303131397912,ok
q003928,0.14520500000000000,5910.00000000000000000,-0.02143589195557254,0.01725157091486101,0.34468591596952808,ok
q003929,0.14520500000000000,5920.00000000000000000,-0.01974527447766515,0.01698018715244766,0.34196404906044858,ok
q003930,0.14520500000000000,5925.00000000000000000,-0.01890103635238452,0.01684466712984914,0.34059669625426880,ok
q003931,0.14520500000000000,5930.00000000000000000,-0.01805751036394536,0.01670926142191845,0.33922499231751696,ok
q003932,0.14520500000000000,5940.00000000000000000,-0.01637258999902587,0.01643879217977816,0.33646831013781070,ok
q003933,0.14520500000000000,5950.00000000000000000,-0.01469050381604102,0.01616877789032046,0.33369354985707272,ok
q003934,0.14520500000000000,5975.00000000000000000,-0.01049762555600507,0.01549572257625961,0.32667442148731601,ok
q003935,0.14520500000000000,6000.00000000000000000,-0.00632225414552445,0.01482547752221466,0.31953141290537035,ok
q003936,0.14520500000000000,6025.00000000000000000,-0.00216424399686077,0.01426388078309066,0.31342098027788273,ok
q003937,0.14520500000000000,6050.00000000000000000,0.00197654866917072,0.01383282865677282,0.30864888554171682,ok
q003938,0.14520500000000000,6100.00000000000000000,0.01020704780568616,0.01297604242293022,0.29893746184503350,ok
q003939,0.14520500000000000,6150.00000000000000000,0.01837035844484707,0.01237041797139869,0.29187802661506823,ok
q003940,0.14520500000000000,6200.00000000000000000,0.02646756867746641,0.01194514068436026,0.28681697359009983,ok
q003941,0.14520500000000000,6250.00000000000000000,0.03449974037473063,0.01166615049390101,0.28344774202173961,ok
q003942,0.14520500000000000,6300.00000000000000000,0.04246791002390769,0.01160490239393869,0.28270270269649306,ok
q003943,0.14520500000000000,6350.00000000000000000,0.05037308953102093,0.01159682730317988,0.28260432844205458,ok
q003944,0.14520500000000000,6400.00000000000000000,0.05821626699204679,0.01183530418502451,0.28549527608541614,ok
q003945,0.14520500000000000,6500.00000000000000000,0.07372045352801199,0.01253398144180132,0.29380131690239752,ok
q003946,0.14520500000000000,6600.00000000000000000,0.08898792565880036,0.01362859387575118,0.30636188952512522,ok
q003947,0.14520500000000000,6800.00000000000000000,0.11884088880848159,0.01686420657370398,0.34079418134427047,ok
q003948,0.14520500000000000,7400.00000000000000000,0.20339827683654468,0.03249409938435157,0.47305481426651136,ok
q003949,0.16438400000000000,2600.00000000000000000,-0.84347621772154091,0.45539479883894823,1.66442511760297474,ok
q003950,0.16438400000000000,2800.00000000000000000,-0.76936824556781913,0.40758491206685166,1.57463274125258423,ok
q003951,0.16438400000000000,3000.00000000000000000,-0.70037537408086770,0.36104393321972555,1.48200699621629051,ok
q003952,0.16438400000000000,3200.00000000000000000,-0.63583685294329650,0.31757809398543030,1.38993821922751626,ok
q003953,0.16438400000000000,3400.00000000000000000,-0.57521223112686171,0.27864678527886683,1.30195881534520441,ok
q003954,0.16438400000000000,3600.00000000000000000,-0.51805381728691302,0.24354818561913183,1.21720205593297681,ok
q003955,0.16438400000000000,3800.00000000000000000,-0.46398659601663722,0.21140508442807213,1.13403887388674884,ok
q003956,0.16438400000000000,4000.00000000000000000,-0.41269330162908668,0.18178270409619540,1.05159014560821040,ok
q003957,0.16438400000000000,4200.00000000000000000,-0.36390313745965480,0.15449313846579837,0.96944868496735437,ok
q003958,0.16438400000000000,4400.00000000000000000,-0.31738312182476192,0.12949857556016384,0.88757022289803178,ok
q003959,0.16438400000000000,4500.00000000000000000,-0.29491026597270331,0.11791372342435226,0.84693953228508934,ok
q003960,0.16438400000000000,4600.00000000000000000,-0.27293135925392809,0.10693144471203256,0.80653449234187446,ok
q003961,0.16438400000000000,4700.00000000000000000,-0.25142515403296445,0.09654580651452335,0.76636724667746536,ok
q003962,0.16438400000000000,4800.00000000000000000,-0.23037174483513209,0.08679510127796804,0.72663754704022798,ok
q003963,0.16438400000000000,4850.00000000000000000,-0.22000895779958560,0.08212961153433899,0.70683836283785961,ok
q003964,0.16438400000000000,4900.00000000000000000,-0.20975245763239642,0.07762109293656208,0.68716353428240917,ok
q003965,0.16438400000000000,4950.00000000000000000,-0.19960008616837846,0.07322318478918879,0.66741280551191895,ok
q003966,0.16438400000000000,5000.00000000000000000,-0.18954975031487695,0.06904347252518533,0.64808436011523729,ok
q003967,0.16438400000000000,5050.00000000000000000,-0.17959941946170893,0.06495339333406633,0.62859533015817570,ok
q003968,0.16438400000000000,5100.00000000000000000,-0.16974712301869724,0.06109368572957956,0.60963289263477149,ok
q003969,0.16438400000000000,5150.00000000000000000,-0.15999094807333261,0.05734826845433512,0.59065023726680344,ok
q003970,0.16438400000000000,5200.00000000000000000,-0.15032903716159562,0.05379892448321208,0.57208034214647319,ok
q003971,0.16438400000000000,5250.00000000000000000,-0.14075958614544498,0.05040031148310713,0.55371570074605592,ok
q003972,0.16438400000000000,5300.00000000000000000,-0.13128084219090114,0.04715399466315248,0.53558631666019751,ok
q003973,0.16438400000000000,5350.00000000000000000,-0.12189110184106218,0.04407117908002953,0.51778273224035987,ok
q003974,0.16438400000000000,5375.00000000000000000,-0.11722908873525088,0.04257986054149614,0.50894674988907262,ok
q003975,0.16438400000000000,5400.00000000000000000,-0.11258870917874872,0.04109546229949702,0.49999672898663000,ok
q003976,0.16438400000000000,5425.00000000000000000,-0.10796976332245407,0.03966080308134391,0.49119165508675261,ok
q003977,0.16438400000000000,5450.00000000000000000,-0.10337205407382463,0.03828256468941854,0.48258157945990221,ok
q003978,0.16438400000000000,5475.00000000000000000,-0.09879538704641286,0.03691063404675814,0.47385555993382716,ok
q003979,0.16438400000000000,5500.00000000000000000,-0.09423957051055216,0.03554495367926570,0.46500669342738127,ok
q003980,0.16438400000000000,5525.00000000000000000,-0.08970441534516080,0.03423354167821056,0.45634799207016852,ok
q003981,0.16438400000000000,5550.00000000000000000,-0.08518973499063419,0.03295999258164515,0.44777906031372555,ok
q003982,0.16438400000000000,5575.00000000000000000,-0.08069534540279491,0.03169216732055734,0.43908257053851935,ok
q003983,0.16438400000000000,5600.00000000000000000,-0.07622106500787384,0.03043001467468535,0.43025042587217965,ok
q003984,0.16438400000000000,5610.00000000000000000,-0.07443694321437243,0.02993260388280720,0.42671948793286529,ok
q003985,0.16438400000000000,5620.00000000000000000,-0.07265599884337766,0.02946390024901397,0.42336538420869058,ok
q003986,0.16438400000000000,5625.00000000000000000,-0.07176671465849346,0.02922986108657947,0.42168058303015821,ok
q003987,0.16438400000000000,5630.00000000000000000,-0.07087822059737833,0.02899602986656458,0.41999052922990476,ok
q003988,0.16438400000000000,5640.00000000000000000,-0.06910359723900981,0.02852898977804286,0.41659439708272150,ok
q003989,0.16438400000000000,5650.00000000000000000,-0.06733211759062775,0.02806277704174967,0.41317644144431298,ok
q003990,0.16438400000000000,5660.00000000000000000,-0.06556377053388575,0.02759738873159175,0.40973609444869619,ok
q003991,0.16438400000000000,5670.00000000000000000,-0.06379854500931660,0.02713282193697145,0.40627276547054325,ok
q003992,0.16438400000000000,5675.00000000000000000,-0.06291709938151098,0.02690084570263636,0.40453229162499660,ok
q003993,0.16438400000000000,5690.00000000000000000,-0.06027741461073784,0.02620614132877715,0.39927467733714317,ok
q003994,0.16438400000000000,5700.00000000000000000,-0.05852148790847291,0.02574402177050795,0.39573861088660733,ok
q003995,0.16438400000000000,5710.00000000000000000,-0.05676863908105852,0.02529096017139707,0.39224090909565185,ok
q003996,0.16438400000000000,5720.00000000000000000,-0.05501885735727082,0.02487823542771860,0.38902724232727892,ok
q003997,0.16438400000000000,5725.00000000000000000,-0.05414511330867406,0.02467214355717541,0.38741253602616194,ok
q003998,0.16438400000000000,5730.00000000000000000,-0.05327213202232915,0.02446623160098988,0.38579249000436433,ok
q003999,0.16438400000000000,5750.00000000000000000,-0.04978780793971824,0.02364437665511962,0.37925748652949237,ok
q004000,0.16438400000000000,5760.00000000000000000,-0.04805018804117743,0.02323452054707692,0.37595605649264496,ok
q004001,0.16438400000000000,5775.00000000000000000,-0.04544940634112010,0.02262106862565883,0.37095974693094080,ok
q004002,0.16438400000000000,5780.00000000000000000,-0.04458398006469129,0.02241693868576066,0.36928220467115147,ok
q004003,0.16438400000000000,5800.00000000000000000,-0.04112974519660371,0.02160218094703504,0.36250919573626150,ok
q004004,0.16438400000000000,5820.00000000000000000,-0.03768740100563089,0.02085254729993622,0.35616380753925275,ok
q004005,0.16438400000000000,5830.00000000000000000,-0.03597066238657632,0.02051030840834501,0.35322897686279725,ok
q004006,0.16438400000000000,5840.00000000000000000,-0.03425686590884163,0.02016865604470456,0.35027464999017310,ok
q004007,0.16438400000000000,5850.00000000000000000,-0.03254600150521218,0.01982758820207430,0.34730031180896037,ok
q004008,0.16438400000000000,5870.00000000000000000,-0.02913302890897232,0.01914719810342809,0.34128943413655011,ok
q004009,0.16438400000000000,5875.00000000000000000,-0.02828160271875467,0.01897746279697108,0.33977334233148665,ok
q004010,0.16438400000000000,5900.00000000000000000,-0.02403531183730359,0.01813094727707091,0.33210887042059445,ok
q004011,0.16438400000000000,5910.00000000000000000,-0.02234183133097052,0.01779334498573437,0.32900237083703621,ok
q004012,0.16438400000000000,5920.00000000000000000,-0.02065121385306302,0.01750505549864666,0.32632622273826556,ok
q004013,0.16438400000000000,5925.00000000000000000,-0.01980697572778250,0.01737535684128063,0.32511506514613497,ok
q004014,0.16438400000000000,5930.00000000000000000,-0.01896344973934324,0.01724576758810923,0.32390040608763726,ok
q004015,0.16438400000000000,5940.00000000000000000,-0.01727852937442375,0.01698691655715618,0.32146041771561812,ok
q004016,0.16438400000000000,5950.00000000000000000,-0.01559644319143891,0.01672850093604859,0.31900591842194131,ok
q004017,0.16438400000000000,5975.00000000000000000,-0.01140356493140296,0.01608435722286912,0.31280384511031684,ok
q004018,0.16438400000000000,6000.00000000000000000,-0.00722819352092235,0.01544290305285768,0.30650297941022892,ok
q004019,0.16438400000000000,6025.00000000000000000,-0.00307018337225868,0.01485382260976636,0.30060025490349029,ok
q004020,0.16438400000000000,6050.00000000000000000,0.00107060929377280,0.01442982266896334,0.29627890095824899,ok
q004021,0.16438400000000000,6100.00000000000000000,0.00930110843028822,0.01358705380123195,0.28749670759716417,ok
q004022,0.16438400000000000,6150.00000000000000000,0.01746441906944911,0.01292921138646183,0.28045051766932994,ok
q004023,0.16438400000000000,6200.00000000000000000,0.02556162930206843,0.01247669997487577,0.27549904255351065,ok
q004024,0.16438400000000000,6250.00000000000000000,0.03359380099933286,0.01211913757634705,0.27152266386183288,ok
q004025,0.16438400000000000,6300.00000000000000000,0.04156197064850968,0.01199287026868293,0.27010448518551733,ok
q004026,0.16438400000000000,6350.00000000000000000,0.04946715015562290,0.01188362044728001,0.26887140348018129,ok
q004027,0.16438400000000000,6400.00000000000000000,0.05731032761664875,0.01202259631869921,0.27043902437711254,ok
q004028,0.16438400000000000,6500.00000000000000000,0.07281451415261411,0.01246927228903389,0.27541702467262780,ok
q004029,0.16438400000000000,6600.00000000000000000,0.08808198628340246,0.01326357245208071,0.28405372247653843,ok
q004030,0.16438400000000000,6800.00000000000000000,0.11793494943308364,0.01579257537855595,0.30995361593239179,ok
q004031,0.18356200000000000,2400.00000000000000000,-0.92459572045198246,0.48269644012974600,1.62160717586200565,ok
q004032,0.18356200000000000,2500.00000000000000000,-0.88377372593172721,0.45626469918697243,1.57658374328764883,ok
q004033,0.18356200000000000,2600.00000000000000000,-0.84455301277844597,0.43086976832000440,1.53208062748924512,ok
q004034,0.18356200000000000,2700.00000000000000000,-0.80681268479559898,0.40643446795941013,1.48800323465591533,ok
q004035,0.18356200000000000,2750.00000000000000000,-0.78846354612740244,0.39457248190162514,1.46612839969801012,ok
q004036,0.18356200000000000,2800.00000000000000000,-0.77044504062472408,0.38297873423379225,1.44442813539193038,ok
q004037,0.18356200000000000,2850.00000000000000000,-0.75274546352532323,0.37168355646527673,1.42296849106992318,ok
q004038,0.18356200000000000,2900.00000000000000000,-0.73535372081345396,0.36070883544928800,1.40180304726351901,ok
q004039,0.18356200000000000,2950.00000000000000000,-0.71825928745415379,0.35006393181279083,1.38096379492426080,ok
q004040,0.18356200000000000,3050.00000000000000000,-0.68492286718656215,0.32971915472234120,1.34023420744536637,ok
q004041,0.18356200000000000,3100.00000000000000000,-0.66866234631478183,0.31999283484547186,1.32031858489931619,ok
q004042,0.18356200000000000,3125.00000000000000000,-0.66063017461751761,0.31522576156018178,1.31044699975506407,ok
q004043,0.18356200000000000,3150.00000000000000000,-0.65266200496834070,0.31054218377180903,1.30067535355636599,ok
q004044,0.18356200000000000,3175.00000000000000000,-0.64475682546122737,0.30591687259124162,1.29095268444661548,ok
q004045,0.18356200000000000,3200.00000000000000000,-0.63691364800020145,0.30134038110597622,1.28126002401401795,ok
q004046,0.18356200000000000,3250.00000000000000000,-0.62140946146423615,0.29234730168242890,1.26199651152338044,ok
q004047,0.18356200000000000,3275.00000000000000000,-0.61374658871866705,0.28791152737739006,1.25238580431910629,ok
q004048,0.18356200000000000,3300.00000000000000000,-0.60614198933344776,0.28351038819478241,1.24277668715368028,ok
q004049,0.18356200000000000,3325.00000000000000000,-0.59859478369806474,0.27913401553773098,1.23314739883778124,ok
q004050,0.18356200000000000,3350.00000000000000000,-0.59110411196890733,0.27478033340786356,1.22349284130382863,ok
q004051,0.18356200000000000,3375.00000000000000000,-0.58366913348138927,0.27045902096120294,1.21383413205632262,ok
q004052,0.18356200000000000,3400.00000000000000000,-0.57628902618376665,0.26613397973380348,1.20408951249503904,ok
q004053,0.18356200000000000,3425.00000000000000000,-0.56896298609169371,0.26183893848682344,1.19433380613135043,ok
q004054,0.18356200000000000,3450.00000000000000000,-0.56169022676261393,0.25756638812511989,1.18454947198086669,ok
q004055,0.18356200000000000,3475.00000000000000000,-0.55446997878912685,0.25331200851272384,1.17472577752553642,ok
q004056,0.18356200000000000,3500.00000000000000000,-0.54730148931051437,0.24908812650735895,1.16489055131953467,ok
q004057,0.18356200000000000,3525.00000000000000000,-0.54018402154165035,0.24489610787283178,1.15504671958429417,ok
q004058,0.18356200000000000,3550.00000000000000000,-0.53311685431855782,0.24073413029117108,1.14518972596502144,ok
q004059,0.18356200000000000,3575.00000000000000000,-0.52609928165991127,0.23660556284380829,1.13532731076513982,ok
q004060,0.18356200000000000,3600.00000000000000000,-0.51913061234381797,0.23252655268782349,1.12549841068194523,ok
q004061,0.18356200000000000,3625.00000000000000000,-0.51221016949924414,0.22847577120193227,1.11565183864908102,ok
q004062,0.18356200000000000,3650.00000000000000000,-0.50533729021148233,0.22447390321258145,1.10583807415274604,ok
q004063,0.18356200000000000,3700.00000000000000000,-0.49173163815570364,0.21659828817220683,1.08626583279467148,ok
q004064,0.18356200000000000,3725.00000000000000000,-0.48499760597435954,0.21273588417682746,1.07653706193610943,ok
q004065,0.18356200000000000,3750.00000000000000000,-0.47830861782356288,0.20891253122951312,1.06681927819027345,ok
q004066,0.18356200000000000,3775.00000000000000000,-0.47166407510489433,0.20511458280827818,1.05707762081958623,ok
q004067,0.18356200000000000,3800.00000000000000000,-0.46506339107354222,0.20138634766806368,1.04742665668147938,ok
q004068,0.18356200000000000,3825.00000000000000000,-0.45850599052738317,0.19768582013403668,1.03775866652376236,ok
q004069,0.18356200000000000,3875.00000000000000000,-0.44551879500057195,0.19040764836406893,1.01847601108001018,ok
q004070,0.18356200000000000,3900.00000000000000000,-0.43908790467028153,0.18682520696521199,1.00884941283633389,ok
q004071,0.18356200000000000,3925.00000000000000000,-0.43269810657151064,0.18327403273243270,0.99921530519627533,ok
q004072,0.18356200000000000,3950.00000000000000000,-0.42634887889285189,0.17978372179035554,0.98965493103740076,ok
q004073,0.18356200000000000,3975.00000000000000000,-0.42003970969958715,0.17631543188405943,0.98006250006120088,ok
q004074,0.18356200000000000,4000.00000000000000000,-0.41377009668599174,0.17288017203353642,0.97046796187855755,ok
q004075,0.18356200000000000,4025.00000000000000000,-0.40753954693535566,0.16950599987388187,0.96095078778533960,ok
q004076,0.18356200000000000,4050.00000000000000000,-0.40134757668743459,0.16615272055502056,0.95139822737078472,ok
q004077,0.18356200000000000,4075.00000000000000000,-0.39519371111305629,0.16283198978111915,0.94184291360045092,ok
q004078,0.18356200000000000,4100.00000000000000000,-0.38907748409562021,0.15957705861395413,0.93238190705479851,ok
q004079,0.18356200000000000,4125.00000000000000000,-0.38299843801923800,0.15634191438463749,0.92288231189567482,ok
q004080,0.18356200000000000,4150.00000000000000000,-0.37695612356327535,0.15313501147196243,0.91336813731759792,ok
q004081,0.18356200000000000,4175.00000000000000000,-0.37095009950306346,0.15000227470168861,0.90397731474449072,ok
q004082,0.18356200000000000,4200.00000000000000000,-0.36497993251655964,0.14688824094894415,0.89454485983304022,ok
q004083,0.18356200000000000,4225.00000000000000000,-0.35904519699674525,0.14379322358471017,0.88507040594358177,ok
q004084,0.18356200000000000,4250.00000000000000000,-0.35314547486955694,0.14078502969768827,0.87576351451330725,ok
q004085,0.18356200000000000,4275.00000000000000000,-0.34728035541715885,0.13779447927802543,0.86641211928191164,ok
q004086,0.18356200000000000,4300.00000000000000000,-0.34144943510636561,0.13482136656924104,0.85701410946656087,ok
q004087,0.18356200000000000,4325.00000000000000000,-0.33565231742203971,0.13192161589693674,0.84774764245673173,ok
q004088,0.18356200000000000,4350.00000000000000000,-0.32988861270528963,0.12905085542290060,0.83847294418354923,ok
q004089,0.18356200000000000,4375.00000000000000000,-0.32415793799630455,0.12619654638859093,0.82914854779209723,ok
q004090,0.18356200000000000,4400.00000000000000000,-0.31845991688166680,0.12339488094493578,0.81989300499362938,ok
q004091,0.18356200000000000,4425.00000000000000000,-0.31279417934598946,0.12063619502866854,0.81067620337367763,ok
q004092,0.18356200000000000,4450.00000000000000000,-0.30716036162773341,0.11789305108733668,0.80140622820070839,ok
q004093,0.18356200000000000,4475.00000000000000000,-0.30155810607906358,0.11518074685116887,0.79213381792753657,ok
q004094,0.18356200000000000,4500.00000000000000000,-0.29598706102960820,0.11252671555413478,0.78295433126750102,ok
q004095,0.18356200000000000,4525.00000000000000000,-0.29044688065399293,0.10988738810702779,0.77371770504767179,ok
q004096,0.18356200000000000,4550.00000000000000000,-0.28493722484302336,0.10726260248271687,0.76442129063896458,ok
q004097,0.18356200000000000,4570.00000000000000000,-0.28055125289976901,0.10521087531576495,0.75707503698680856,ok
q004098,0.18356200000000000,4575.00000000000000000,-0.27945775907839771,0.10470081976791965,0.75523768192513219,ok
q004099,0.18356200000000000,4580.00000000000000000,-0.27836545967978882,0.10419132135349798,0.75339786029339972,ok
q004100,0.18356200000000000,4590.00000000000000000,-0.27618443373342849,0.10317399106575974,0.74971072700413566,ok
q004101,0.18356200000000000,4600.00000000000000000,-0.27400815431083303,0.10215887477386851,0.74601345414993869,ok
q004102,0.18356200000000000,4625.00000000000000000,-0.26858808684149382,0.09963070732710098,0.73672467583732137,ok
q004103,0.18356200000000000,4630.00000000000000000,-0.26750758970773969,0.09912671402898511,0.73485891039261464,ok
q004104,0.18356200000000000,4640.00000000000000000,-0.26535009156771838,0.09812395392611466,0.73113256746469679,ok
q004105,0.18356200000000000,4650.00000000000000000,-0.26319723820661739,0.09714502320004081,0.72747636438163776,ok
q004106,0.18356200000000000,4660.00000000000000000,-0.26104900966832789,0.09616819544170023,0.72380960666746619,ok
q004107,0.18356200000000000,4670.00000000000000000,-0.25890538612507635,0.09519346163514360,0.72013209899395270,ok
q004108,0.18356200000000000,4675.00000000000000000,-0.25783529506523201,0.09470687716213387,0.71828925171902835,ok
q004109,0.18356200000000000,4680.00000000000000000,-0.25676634787632696,0.09422081282227830,0.71644364176426500,ok
q004110,0.18356200000000000,4690.00000000000000000,-0.25463187534769438,0.09325024010237397,0.71274403097056649,ok
q004111,0.18356200000000000,4700.00000000000000000,-0.25250194908986939,0.09228173463157403,0.70903305804560302,ok
q004112,0.18356200000000000,4710.00000000000000000,-0.25037654977755597,0.09131528762241231,0.70531050970795861,ok
q004113,0.18356200000000000,4720.00000000000000000,-0.24825565820841825,0.09035089034333424,0.70157616780064813,ok
q004114,0.18356200000000000,4725.00000000000000000,-0.24719689686017621,0.08986945763913769,0.69970450470984846,ok
q004115,0.18356200000000000,4730.00000000000000000,-0.24613925530204073,0.08940169852142345,0.69788119252918235,ok
q004116,0.18356200000000000,4740.00000000000000000,-0.24402732209889724,0.08847485370941682,0.69425423260013985,ok
q004117,0.18356200000000000,4750.00000000000000000,-0.24191983975933246,0.08754996220720747,0.69061592888169820,ok
q004118,0.18356200000000000,4760.00000000000000000,-0.23981678956255370,0.08662701579897228,0.68696606856085962,ok
q004119,0.18356200000000000,4770.00000000000000000,-0.23771815290563253,0.08570600632061419,0.68330443390464157,ok
q004120,0.18356200000000000,4775.00000000000000000,-0.23667048387318870,0.08524622539289581,0.68146913177191559,ok
q004121,0.18356200000000000,4780.00000000000000000,-0.23562391130251770,0.08478692565932892,0.67963080208884974,ok
q004122,0.18356200000000000,4790.00000000000000000,-0.23353404638305847,0.08386976575317642,0.67594494501926450,ok
q004123,0.18356200000000000,4800.00000000000000000,-0.23144853989203715,0.08295451859065622,0.67224662914482192,ok
q004124,0.18356200000000000,4810.00000000000000000,-0.22936737368821250,0.08204117621028770,0.66853561526235072,ok
q004125,0.18356200000000000,4820.00000000000000000,-0.22729052974337344,0.08114964976406798,0.66489326596132037,ok
q004126,0.18356200000000000,4825.00000000000000000,-0.22625372301493313,0.08071544838251878,0.66311208273830735,ok
q004127,0.18356200000000000,4830.00000000000000000,-0.22521799014140095,0.08028169671765438,0.66132795447547099,ok
q004128,0.18356200000000000,4840.00000000000000000,-0.22314973707734198,0.07941553881842978,0.65775075152745255,ok
q004129,0.18356200000000000,4850.00000000000000000,-0.22108575285649054,0.07855116865607792,0.65416143118026326,ok
q004130,0.18356200000000000,4860.00000000000000000,-0.21902601989347989,0.07768857886607237,0.65055976203362920,ok
q004131,0.18356200000000000,4875.00000000000000000,-0.21594435335607187,0.07639801638097991,0.64513358414678657,ok
q004132,0.18356200000000000,4890.00000000000000000,-0.21287215431910164,0.07511141876383935,0.63967826164624642,ok
q004133,0.18356200000000000,4900.00000000000000000,-0.21082925268930142,0.07425587772065693,0.63602476694788235,ok
q004134,0.18356200000000000,4910.00000000000000000,-0.20879051599945320,0.07342159660872621,0.63244173543749471,ok
q004135,0.18356200000000000,4925.00000000000000000,-0.20574018318183013,0.07221806512654863,0.62723680483564848,ok
q004136,0.18356200000000000,4930.00000000000000000,-0.20472546975128361,0.07181770240153858,0.62549574983010603,ok
q004137,0.18356200000000000,4940.00000000000000000,-0.20269912660605113,0.07101819365452834,0.62200434787893089,ok
q004138,0.18356200000000000,4950.00000000000000000,-0.20067688122528340,0.07022030171094079,0.61850035767727407,ok
q004139,0.18356200000000000,4960.00000000000000000,-0.19865871706904625,0.06942402004482198,0.61498353514839943,ok
q004140,0.18356200000000000,4970.00000000000000000,-0.19664461769734493,0.06862934216964980,0.61145362997815234,ok
q004141,0.18356200000000000,4975.00000000000000000,-0.19563908719532622,0.06823260263733465,0.60968369141614420,ok
q004142,0.18356200000000000,4980.00000000000000000,-0.19463456676932078,0.06783626163801706,0.60791038537975250,ok
q004143,0.18356200000000000,5000.00000000000000000,-0.19062654537178192,0.06626205201588836,0.60081539194803157,ok
q004144,0.18356200000000000,5020.00000000000000000,-0.18663452410224443,0.06478848566946960,0.59409722539227638,ok
q004145,0.18356200000000000,5025.00000000000000000,-0.18563900386074283,0.06442101139365608,0.59240999738653943,ok
q004146,0.18356200000000000,5030.00000000000000000,-0.18464447369423448,0.06405390258212544,0.59071963548413819,ok
q004147,0.18356200000000000,5040.00000000000000000,-0.18265837572260513,0.06332077844924158,0.58732938824334013,ok
q004148,0.18356200000000000,5050.00000000000000000,-0.18067621451861382,0.06258910748704831,0.58392623622647333,ok
q004149,0.18356200000000000,5060.00000000000000000,-0.17869797450650815,0.06185888394610117,0.58050992549906566,ok
q004150,0.18356200000000000,5070.00000000000000000,-0.17672364020279058,0.06113010211100954,0.57708019538554600,ok
q004151,0.18356200000000000,5075.00000000000000000,-0.17573793287803124,0.06076625005634548,0.57536021469029708,ok
q004152,0.18356200000000000,5080.00000000000000000,-0.17475319621549176,0.06040275630016842,0.57363677820683323,ok
q004153,0.18356200000000000,5090.00000000000000000,-0.17278662724345098,0.05967684086549279,0.57017939900478598,ok
q004154,0.18356200000000000,5100.00000000000000000,-0.17082391807560229,0.05898385012984635,0.56685915917190222,ok
q004155,0.18356200000000000,5110.00000000000000000,-0.16886505359026924,0.05830490645282856,0.56358725189370584,ok
q004156,0.18356200000000000,5120.00000000000000000,-0.16691001875446593,0.05762729013477454,0.56030269121051490,ok
q004157,0.18356200000000000,5125.00000000000000000,-0.16593393278141050,0.05728897811544205,0.55865558823249861,ok
q004158,0.18356200000000000,5130.00000000000000000,-0.16495879862320412,0.05695099599574187,0.55700522794672236,ok
q004159,0.18356200000000000,5150.00000000000000000,-0.16106774313023758,0.05560235368604897,0.55037056332630241,ok
q004160,0.18356200000000000,5160.00000000000000000,-0.15912787831241093,0.05492999530587817,0.54703282917128537,ok
q004161,0.18356200000000000,5170.00000000000000000,-0.15719176928554457,0.05425893868524396,0.54368112627485732,ok
q004162,0.18356200000000000,5175.00000000000000000,-0.15622511865444957,0.05392389696143855,0.54199994770078008,ok
q004163,0.18356200000000000,5180.00000000000000000,-0.15525940153449069,0.05358917879318689,0.54031516932043389,ok
q004164,0.18356200000000000,5200.00000000000000000,-0.15140583221850068,0.05229467748063913,0.53374934366692128,ok
q004165,0.18356200000000000,5210.00000000000000000,-0.14948460204060685,0.05166590137976428,0.53053081575825378,ok
q004166,0.18356200000000000,5220.00000000000000000,-0.14756705591133495,0.05103833098643797,0.52729887110387108,ok
q004167,0.18356200000000000,5225.00000000000000000,-0.14660965995500763,0.05072499648683481,0.52567778272603061,ok
q004168,0.18356200000000000,5230.00000000000000000,-0.14565317972905081,0.05041196168550751,0.52405323748409771,ok
q004169,0.18356200000000000,5240.00000000000000000,-0.14374295947293148,0.04978678888826799,0.52079363496632725,ok
q004170,0.18356200000000000,5250.00000000000000000,-0.14183638120234995,0.04916280803226084,0.51751977558727957,ok
q004171,0.18356200000000000,5260.00000000000000000,-0.13993343105626388,0.04854001458107379,0.51423136301836514,ok
q004172,0.18356200000000000,5270.00000000000000000,-0.13803409525261134,0.04791840402414310,0.51092809221304913,ok
q004173,0.18356200000000000,5275.00000000000000000,-0.13708577844375211,0.04760804092849245,0.50927078716979335,ok
q004174,0.18356200000000000,5280.00000000000000000,-0.13613836008771224,0.04729797187655768,0.50760964903501615,ok
q004175,0.18356200000000000,5290.00000000000000000,-0.13424621193567438,0.04668843426709015,0.50432821346942891,ok
q004176,0.18356200000000000,5300.00000000000000000,-0.13235763724780616,0.04610082687769177,0.50114449850231857,ok
q004177,0.18356200000000000,5310.00000000000000000,-0.13047262255203487,0.04551432713718638,0.49794648713688372,ok
q004178,0.18356200000000000,5320.00000000000000000,-0.12859115445232938,0.04492893087755939,0.49473387918499034,ok
q004179,0.18356200000000000,5325.00000000000000000,-0.12765174621039349,0.04463664525699631,0.49312200522962657,ok
q004180,0.18356200000000000,5330.00000000000000000,-0.12671321962812915,0.04434463395427794,0.49150636545741372,ok
q004181,0.18356200000000000,5340.00000000000000000,-0.12483880483377889,0.04376143224611510,0.48826362737329754,ok
q004182,0.18356200000000000,5350.00000000000000000,-0.12296789689796710,0.04317932165497505,0.48500533654769773,ok
q004183,0.18356200000000000,5360.00000000000000000,-0.12110048272317171,0.04259829810572074,0.48173115435569641,ok
q004184,0.18356200000000000,5370.00000000000000000,-0.11923654928510906,0.04201835754600232,0.47844073147143079,ok
q004185,0.18356200000000000,5375.00000000000000000,-0.11830588379215590,0.04172879212704891,0.47678931755985554,ok
q004186,0.18356200000000000,5380.00000000000000000,-0.11737608363218925,0.04143949594608774,0.47513370738025740,ok
q004187,0.18356200000000000,5390.00000000000000000,-0.11551907288497655,0.04087170857887518,0.47186743467313841,ok
q004188,0.18356200000000000,5400.00000000000000000,-0.11366550423565368,0.04032383819695132,0.46869415901005118,ok
q004189,0.18356200000000000,5410.00000000000000000,-0.11181536494749215,0.03977698145183552,0.46550518312455241,ok
q004190,0.18356200000000000,5420.00000000000000000,-0.10996864235432750,0.03923113459971372,0.46230016005480146,ok
q004191,0.18356200000000000,5425.00000000000000000,-0.10904655837935913,0.03895858871924884,0.46069151934498132,ok
q004192,0.18356200000000000,5430.00000000000000000,-0.10812532386003820,0.03868629391747488,0.45907873161384261,ok
q004193,0.18356200000000000,5440.00000000000000000,-0.10628539693803106,0.03814245570255886,0.45584052786653062,ok
q004194,0.18356200000000000,5450.00000000000000000,-0.10444884913072966,0.03759961627280523,0.45258516657485726,ok
q004195,0.18356200000000000,5460.00000000000000000,-0.10261566804906860,0.03705777196630374,0.44931225260932178,ok
q004196,0.18356200000000000,5470.00000000000000000,-0.10078584137199249,0.03651691914124631,0.44602137732376679,ok
q004197,0.18356200000000000,5475.00000000000000000,-0.09987218210331783,0.03624686340165451,0.44436907262542114,ok
q004198,0.18356200000000000,5480.00000000000000000,-0.09895935684595820,0.03597705417577984,0.44271211789087028,ok
q004199,0.18356200000000000,5485.00000000000000000,-0.09804736407868871,0.03570749101398474,0.44105045793492365,ok
q004200,0.18356200000000000,5490.00000000000000000,-0.09713620228444303,0.03544495919312374,0.43942610135693067,ok
q004201,0.18356200000000000,5495.00000000000000000,-0.09622586995029764,0.03519413331638084,0.43786854388876623,ok
q004202,0.18356200000000000,5500.00000000000000000,-0.09531636556745711,0.03494353556688791,0.43630685037156314,ok
q004203,0.18356200000000000,5505.00000000000000000,-0.09440768763123908,0.03469316553005649,0.43474097363468345,ok
q004204,0.18356200000000000,5510.00000000000000000,-0.09349983464105927,0.03444302279242729,0.43317086571222924,ok
q004205,0.18356200000000000,5515.00000000000000000,-0.09259280510041649,0.03419310694166603,0.43159647782391380,ok
q004206,0.18356200000000000,5520.00000000000000000,-0.09168659751687837,0.03394341756655953,0.43001776035534106,ok
q004207,0.18356200000000000,5525.00000000000000000,-0.09078121040206581,0.03369395425701140,0.42843466283766729,ok
q004208,0.18356200000000000,5530.00000000000000000,-0.08987664227163893,0.03344471660403821,0.42684713392662554,ok
q004209,0.18356200000000000,5535.00000000000000000,-0.08897289164528217,0.03319570419976534,0.42525512138088506,ok
q004210,0.18356200000000000,5540.00000000000000000,-0.08806995704668984,0.03294691663742304,0.42365857203972090,ok
q004211,0.18356200000000000,5550.00000000000000000,-0.08626653004753917,0.03245001441695162,0.42045164559222598,ok
q004212,0.18356200000000000,5555.00000000000000000,-0.08536603471428902,0.03220189895077146,0.41884115735629596,ok
q004213,0.18356200000000000,5560.00000000000000000,-0.08446634954339136,0.03195400671041197,0.41722591001580422,ok
q004214,0.18356200000000000,5570.00000000000000000,-0.08266940386668964,0.03145889030301643,0.41398090447663094,ok
q004215,0.18356200000000000,5575.00000000000000000,-0.08177214045969985,0.03121166533661027,0.41235102680403185,ok
q004216,0.18356200000000000,5580.00000000000000000,-0.08087568141266276,0.03096466199727677,0.41071615102210507,ok
q004217,0.18356200000000000,5585.00000000000000000,-0.07998002528471833,0.03071787988801256,0.40907621456243815,ok
q004218,0.18356200000000000,5590.00000000000000000,-0.07908517063887459,0.03047131861288008,0.40743115366934579,ok
q004219,0.18356200000000000,5595.00000000000000000,-0.07819111604199372,0.03023996060147150,0.40588146573768225,ok
q004220,0.18356200000000000,5600.00000000000000000,-0.07729786006477875,0.03001626664247350,0.40437746639087718,ok
q004221,0.18356200000000000,5605.00000000000000000,-0.07640540128175909,0.02979277232112719,0.40286920209440458,ok
q004222,0.18356200000000000,5610.00000000000000000,-0.07551373827127740,0.02956947728141349,0.40135662235012104,ok
q004223,0.18356200000000000,5615.00000000000000000,-0.07462286961547586,0.02934638116826483,0.39983967576358903,ok
q004224,0.18356200000000000,5620.00000000000000000,-0.07373279390028269,0.02912348362756177,0.39831831002143331,ok
q004225,0.18356200000000000,5625.00000000000000000,-0.07284350971539846,0.02890078430612954,0.39679247186795974,ok
q004226,0.18356200000000000,5630.00000000000000000,-0.07195501565428329,0.02867828285173488,0.39526210708100762,ok
q004227,0.18356200000000000,5635.00000000000000000,-0.07106731031414271,0.02845597891308246,0.39372716044700073,ok
q004228,0.18356200000000000,5640.00000000000000000,-0.07018039229591483,0.02823387213981169,0.39218757573516966,ok
q004229,0.18356200000000000,5645.00000000000000000,-0.06929426020425704,0.02801196218249337,0.39064329567090789,ok
q004230,0.18356200000000000,5650.00000000000000000,-0.06840891264753271,0.02779024869262640,0.38909426190822693,ok
q004231,0.18356200000000000,5655.00000000000000000,-0.06752434823779853,0.02756873132263455,0.38754041500127379,ok
q004232,0.18356200000000000,5660.00000000000000000,-0.06664056559079076,0.02734740972586306,0.38598169437486851,ok
q004233,0.18356200000000000,5665.00000000000000000,-0.06575756332591270,0.02712628355657550,0.38441803829402538,ok
q004234,0.18356200000000000,5670.00000000000000000,-0.06487534006622167,0.02690535246995047,0.38284938383240957,ok
q004235,0.18356200000000000,5675.00000000000000000,-0.06399389443841602,0.02668461612207842,0.38127566683968644,ok
q004236,0.18356200000000000,5680.00000000000000000,-0.06311322507282231,0.02646407416995835,0.37969682190771437,ok
q004237,0.18356200000000000,5685.00000000000000000,-0.06223333060338295,0.02624372627149479,0.37811278233553264,ok
q004238,0.18356200000000000,5690.00000000000000000,-0.06135420966764278,0.02602357208549441,0.37652348009308700,ok
q004239,0.18356200000000000,5695.00000000000000000,-0.06047586090673689,0.02580361127166295,0.37492884578364272,ok
q004240,0.18356200000000000,5700.00000000000000000,-0.05959828296537791,0.02559901039528656,0.37343945272125667,ok
q004241,0.18356200000000000,5705.00000000000000000,-0.05872147449184332,0.02540588796959064,0.37202814682991830,ok
q004242,0.18356200000000000,5710.00000000000000000,-0.05784543413796345,0.02521293472694372,0.37061271009736779,ok
q004243,0.18356200000000000,5715.00000000000000000,-0.05697016055910835,0.02502015037118285,0.36919309282727197,ok
q004244,0.18356200000000000,5720.00000000000000000,-0.05609565241417581,0.02482753460692205,0.36776924442028514,ok
q004245,0.18356200000000000,5725.00000000000000000,-0.05522190836557902,0.02463508713954965,0.36634111335072267,ok
q004246,0.18356200000000000,5730.00000000000000000,-0.05434892707923419,0.02444280767522556,0.36490864714245641,ok
q004247,0.18356200000000000,5735.00000000000000000,-0.05347670722454828,0.02425069592087851,0.36347179234400101,ok
q004248,0.18356200000000000,5740.00000000000000000,-0.05260524747440726,0.02405875158420354,0.36203049450275721,ok
q004249,0.18356200000000000,5745.00000000000000000,-0.05173454650516333,0.02386697437365912,0.36058469813837518,ok
q004250,0.18356200000000000,5750.00000000000000000,-0.05086460299662329,0.02367536399846463,0.35913434671520494,ok
q004251,0.18356200000000000,5755.00000000000000000,-0.04999541563203641,0.02348392016859767,0.35767938261379123,ok
q004252,0.18356200000000000,5760.00000000000000000,-0.04912698309808241,0.02329264259479143,0.35621974710137455,ok
q004253,0.18356200000000000,5765.00000000000000000,-0.04825930408485996,0.02310153098853213,0.35475538030135489,ok
q004254,0.18356200000000000,5770.00000000000000000,-0.04739237728587413,0.02291058506205628,0.35328622116167258,ok
q004255,0.18356200000000000,5775.00000000000000000,-0.04652620139802511,0.02271980452834817,0.35181220742206087,ok
q004256,0.18356200000000000,5780.00000000000000000,-0.04566077512159627,0.02252918910113728,0.35033327558011867,ok
q004257,0.18356200000000000,5785.00000000000000000,-0.04479609716024249,0.02233873849489567,0.34884936085615198,ok
q004258,0.18356200000000000,5790.00000000000000000,-0.04393216622097842,0.02214845242483541,0.34736039715672934,ok
q004259,0.18356200000000000,5795.00000000000000000,-0.04306898101416728,0.02195833060690613,0.34586631703689313,ok
q004260,0.18356200000000000,5800.00000000000000000,-0.04220654025350869,0.02176837275779228,0.34436705166096421,ok
q004261,0.18356200000000000,5805.00000000000000000,-0.04134484265602754,0.02158098823555470,0.34288167364524025,ok
q004262,0.18356200000000000,5810.00000000000000000,-0.04048388694206252,0.02142129443317463,0.34161069964249247,ok
q004263,0.18356200000000000,5815.00000000000000000,-0.03962367183525454,0.02126173800182428,0.34033607869548332,ok
q004264,0.18356200000000000,5820.00000000000000000,-0.03876419606253585,0.02110231870536953,0.33905776777728647,ok
q004265,0.18356200000000000,5825.00000000000000000,-0.03790545835411806,0.02094303630828452,0.33777572309454279,ok
q004266,0.18356200000000000,5830.00000000000000000,-0.03704745744348134,0.02078389057564965,0.33648990006805507,ok
q004267,0.18356200000000000,5835.00000000000000000,-0.03619019206736306,0.02062488127314948,0.33520025331274678,ok
q004268,0.18356200000000000,5840.00000000000000000,-0.03533366096574670,0.02046600816707068,0.33390673661696157,ok
q004269,0.18356200000000000,5845.00000000000000000,-0.03447786288185056,0.02030727102429994,0.33260930292107671,ok
q004270,0.18356200000000000,5850.00000000000000000,-0.03362279656211719,0.02014866961232196,0.33130790429540186,ok
q004271,0.18356200000000000,5860.00000000000000000,-0.03191485421696112,0.01983187305366065,0.32869301604773504,ok
q004272,0.18356200000000000,5865.00000000000000000,-0.03106197570044359,0.01967367744491823,0.32737942600651132,ok
q004273,0.18356200000000000,5870.00000000000000000,-0.03020982396587720,0.01951561664284635,0.32606167014733967,ok
q004274,0.18356200000000000,5875.00000000000000000,-0.02935839777565965,0.01935769041788915,0.32473969583152712,ok
q004275,0.18356200000000000,5880.00000000000000000,-0.02850769589534678,0.01919989854107659,0.32341344940095129,ok
q004276,0.18356200000000000,5885.00000000000000000,-0.02765771709364231,0.01904224078402248,0.32208287615004988,ok
q004277,0.18356200000000000,5890.00000000000000000,-0.02680846014238703,0.01888471691892252,0.32074792029681470,ok
q004278,0.18356200000000000,5895.00000000000000000,-0.02595992381654814,0.01872732671855231,0.31940852495274785,ok
q004279,0.18356200000000000,5900.00000000000000000,-0.02511210689420853,0.01857006995626537,0.31806463209173352,ok
q004280,0.18356200000000000,5905.00000000000000000,-0.02426500815655669,0.01841294640599124,0.31671618251777939,ok
q004281,0.18356200000000000,5910.00000000000000000,-0.02341862638787551,0.01825595584223344,0.31536311583157306,ok
q004282,0.18356200000000000,5920.00000000000000000,-0.02172800890996807,0.01798044839694605,0.31297443820555249,ok
q004283,0.18356200000000000,5925.00000000000000000,-0.02088377078468740,0.01785602401898966,0.31188966957476710,ok
q004284,0.18356200000000000,5930.00000000000000000,-0.02004024479624823,0.01773170459623592,0.31080203470151918,ok
q004285,0.18356200000000000,5935.00000000000000000,-0.01919742974425097,0.01760748995176914,0.30971150183312429,ok
q004286,0.18356200000000000,5940.00000000000000000,-0.01835532443132879,0.01748337990912059,0.30861803869099247,ok
q004287,0.18356200000000000,5945.00000000000000000,-0.01751392766313722,0.01735937429226700,0.30752161245823051,ok
q004288,0.18356200000000000,5950.00000000000000000,-0.01667323824834389,0.01723547292562900,0.30642218976686769,ok
q004289,0.18356200000000000,5955.00000000000000000,-0.01583325499861887,0.01711167563406973,0.30531973668469187,ok
q004290,0.18356200000000000,5960.00000000000000000,-0.01499397672862393,0.01698798224289325,0.30421421870167742,ok
q004291,0.18356200000000000,5965.00000000000000000,-0.01415540225600291,0.01686439257784314,0.30310560071599474,ok
q004292,0.18356200000000000,5970.00000000000000000,-0.01331753040137164,0.01674090646510095,0.30199384701958115,ok
q004293,0.18356200000000000,5975.00000000000000000,-0.01248035998830802,0.01661752373128482,0.30087892128325844,ok
q004294,0.18356200000000000,5980.00000000000000000,-0.01164388984334192,0.01649424420344794,0.29976078654137883,ok
q004295,0.18356200000000000,5985.00000000000000000,-0.01080811879594584,0.01637106770907718,0.29863940517598186,ok
q004296,0.18356200000000000,5990.00000000000000000,-0.00997304567852435,0.01624799407609154,0.29751473890044083,ok
q004297,0.18356200000000000,5995.00000000000000000,-0.00913866932640478,0.01612502313284081,0.29638674874258125,ok
q004298,0.18356200000000000,6000.00000000000000000,-0.00830498857782737,0.01600215470810403,0.29525539502724912,ok
q004299,0.18356200000000000,6005.00000000000000000,-0.00747200227393542,0.01587938863108816,0.29412063735830613,ok
q004300,0.18356200000000000,6010.00000000000000000,-0.00663970925876609,0.01575672473142660,0.29298243460003059,ok
q004301,0.18356200000000000,6015.00000000000000000,-0.00580810837924012,0.01563416283917777,0.29184074485789768,ok
q004302,0.18356200000000000,6020.00000000000000000,-0.00497719848515267,0.01551170278482371,0.29069552545871535,ok
q004303,0.18356200000000000,6025.00000000000000000,-0.00414697842916367,0.01538934439926868,0.28954673293008854,ok
q004304,0.18356200000000000,6030.00000000000000000,-0.00331744706678831,0.01529688634706622,0.28867563482034592,ok
q004305,0.18356200000000000,6035.00000000000000000,-0.00248860325638747,0.01520889406930027,0.28784416296469095,ok
q004306,0.18356200000000000,6040.00000000000000000,-0.00166044585915873,0.01512097466299424,0.28701097392312130,ok
q004307,0.18356200000000000,6045.00000000000000000,-0.00083297373912634,0.01503312800754989,0.28617605154922693,ok
q004308,0.18356200000000000,6050.00000000000000000,-0.00000618576313226,0.01494535398266814,0.28533937947907861,ok
q004309,0.18356200000000000,6055.00000000000000000,0.00081991919917331,0.01485765246834801,0.28450094112702479,ok
q004310,0.18356200000000000,6060.00000000000000000,0.00164534227534080,0.01477002334488575,0.28366071968138468,ok
q004311,0.18356200000000000,6065.00000000000000000,0.00247008459013115,0.01468246649287371,0.28281869810003263,ok
q004312,0.18356200000000000,6070.00000000000000000,0.00329414726552457,0.01459498179319948,0.28197485910587311,ok
q004313,0.18356200000000000,6075.00000000000000000,0.00411753142072981,0.01450756912704486,0.28112918518220048,ok
q004314,0.18356200000000000,6080.00000000000000000,0.00494023817219328,0.01442022837588490,0.28028165856794124,ok
q004315,0.18356200000000000,6085.00000000000000000,0.00576226863360811,0.01433295942148697,0.27943226125277504,ok
q004316,0.18356200000000000,6090.00000000000000000,0.00658362391592325,0.01424576214590974,0.27858097497212991,ok
q004317,0.18356200000000000,6095.00000000000000000,0.00740430512735242,0.01415863643150229,0.27772778120204883,ok
q004318,0.18356200000000000,6100.00000000000000000,0.00822431337338312,0.01407158216090310,0.27687266115392245,ok
q004319,0.18356200000000000,6110.00000000000000000,0.00986231537762169,0.01389768748312488,0.27515656571326552,ok
q004320,0.18356200000000000,6120.00000000000000000,0.01149763871835241,0.01372407717943555,0.27343253283927760,ok
q004321,0.18356200000000000,6125.00000000000000000,0.01231429862490836,0.01363737837751867,0.27256748992255114,ok
q004322,0.18356200000000000,6130.00000000000000000,0.01313029214223769,0.01355075032126603,0.27170040212556545,ok
q004323,0.18356200000000000,6140.00000000000000000,0.01476028435316871,0.01338275187473473,0.27001091621138407,ok
q004324,0.18356200000000000,6150.00000000000000000,0.01638762401254408,0.01328213286092523,0.26899395453814112,ok
q004325,0.18356200000000000,6160.00000000000000000,0.01801231973954616,0.01318167732243353,0.26797479518713785,ok
q004326,0.18356200000000000,6170.00000000000000000,0.01963438011141416,0.01308138472892575,0.26695340757657920,ok
q004327,0.18356200000000000,6175.00000000000000000,0.02044442470815859,0.01303129937151646,0.26644186848106122,ok
q004328,0.18356200000000000,6180.00000000000000000,0.02125381366371708,0.01298125455264450,0.26592976062572060,ok
q004329,0.18356200000000000,6190.00000000000000000,0.02287062889062237,0.01288128626839226,0.26490382274244545,ok
q004330,0.18356200000000000,6200.00000000000000000,0.02448483424516347,0.01278147935351483,0.26387556181045102,ok
q004331,0.18356200000000000,6210.00000000000000000,0.02609643813950517,0.01268183328788496,0.26284494517602974,ok
q004332,0.18356200000000000,6220.00000000000000000,0.02770544894520581,0.01258234755388610,0.26181193963442884,ok
q004333,0.18356200000000000,6225.00000000000000000,0.02850898454488902,0.01253266465017564,0.26129453049281876,ok
q004334,0.18356200000000000,6230.00000000000000000,0.02931187499347947,0.01248302163639618,0.26077651141577118,ok
q004335,0.18356200000000000,6240.00000000000000000,0.03091572457545395,0.01238385502277172,0.25973862617052212,ok
q004336,0.18356200000000000,6250.00000000000000000,0.03251700594242775,0.01228484720283186,0.25869824895448179,ok
q004337,0.18356200000000000,6260.00000000000000000,0.03411572730612474,0.01222163494466893,0.25803181856755225,ok
q004338,0.18356200000000000,6270.00000000000000000,0.03571189683894708,0.01219564714340923,0.25775733613760698,ok
q004339,0.18356200000000000,6275.00000000000000000,0.03650902721196531,0.01218266878159610,0.25762014954986023,ok
q004340,0.18356200000000000,6280.00000000000000000,0.03730552267422502,0.01216970075698980,0.25748299922510298,ok
q004341,0.18356200000000000,6290.00000000000000000,0.03889661290646683,0.01214379565362109,0.25720880689999465,ok
q004342,0.18356200000000000,6300.00000000000000000,0.04048517559160464,0.01211793170214162,0.25693475823467976,ok
q004343,0.18356200000000000,6310.00000000000000000,0.04207121874723938,0.01209210877201398,0.25666085230397517,ok
q004344,0.18356200000000000,6320.00000000000000000,0.04365475035288383,0.01206632673332090,0.25638708818509315,ok
q004345,0.18356200000000000,6325.00000000000000000,0.04444557680770168,0.01205345100783178,0.25625025901736354,ok
q004346,0.18356200000000000,6330.00000000000000000,0.04523577835020255,0.01204058545676133,0.25611346495761750,ok
q004347,0.18356200000000000,6340.00000000000000000,0.04681431064325225,0.01201488481364652,0.25583998170347977,ok
q004348,0.18356200000000000,6350.00000000000000000,0.04839035509871793,0.01198922467589620,0.25556663750693592,ok
q004349,0.18356200000000000,6360.00000000000000000,0.04996391954614839,0.01196360491603470,0.25529343145454275,ok
q004350,0.18356200000000000,6370.00000000000000000,0.05153501177818955,0.01193802540718720,0.25502036263513483,ok
q004351,0.18356200000000000,6375.00000000000000000,0.05231963323860761,0.01193698101433578,0.25500920721955889,ok
q004352,0.18356200000000000,6380.00000000000000000,0.05310363955081626,0.01195493001017298,0.25520085701269896,ok
q004353,0.18356200000000000,6390.00000000000000000,0.05466981058356114,0.01199078584055257,0.25558327613975862,ok
q004354,0.18356200000000000,6400.00000000000000000,0.05623353255974384,0.01202658560237077,0.25596452726326741,ok
q004355,0.18356200000000000,6425.00000000000000000,0.06013217297540107,0.01211584085389321,0.25691259130152383,ok
q004356,0.18356200000000000,6450.00000000000000000,0.06401567300179881,0.01220474948220667,0.25785350803240353,ok
q004357,0.18356200000000000,6475.00000000000000000,0.06788414977971904,0.01229331416912555,0.25878738364345144,ok
q004358,0.18356200000000000,6500.00000000000000000,0.07173771909570913,0.01241338869293791,0.26004816091451260,ok
q004359,0.18356200000000000,6550.00000000000000000,0.07940059184127828,0.01282563525878903,0.26433097147568935,ok
q004360,0.18356200000000000,6600.00000000000000000,0.08700519122649761,0.01323474683943519,0.26851368745361437,ok
q004361,0.18356200000000000,6650.00000000000000000,0.09455239686188052,0.01375752028808107,0.27376548308887838,ok
q004362,0.18356200000000000,6700.00000000000000000,0.10204306859103796,0.01433003650587158,0.27940376753628821,ok
q004363,0.18356200000000000,6800.00000000000000000,0.11685815437617862,0.01559652212075012,0.29148921611599843,ok
q004364,0.18356200000000000,6900.00000000000000000,0.13145695379733133,0.01699796534121347,0.30430359230606058,ok
q004365,0.18356200000000000,7000.00000000000000000,0.14584569124943098,0.01851465032427733,0.31758966899588847,ok
q004366,0.18356200000000000,7100.00000000000000000,0.16003032624138744,0.02019372663831299,0.33167813749184449,ok
q004367,0.18356200000000000,9000.00000000000000000,0.39716011953033714,0.06204513317268286,0.58138318942261946,ok
q004368,0.22191800000000000,2400.00000000000000000,-0.92628218431629639,0.45016092369170635,1.42425460319455222,ok
q004369,0.22191800000000000,2600.00000000000000000,-0.84623947664275989,0.40002179245047631,1.34259665520885929,ok
q004370,0.22191800000000000,2800.00000000000000000,-0.77213150448903800,0.35485437542757536,1.26452906912045071,ok
q004371,0.22191800000000000,2900.00000000000000000,-0.73704018467776800,0.33396536481156897,1.22674543231879785,ok
q004372,0.22191800000000000,3000.00000000000000000,-0.70313863300208657,0.31408825923527461,1.18967842707387250,ok
q004373,0.22191800000000000,3100.00000000000000000,-0.67034881017909587,0.29514366637221839,1.15324204909653338,ok
q004374,0.22191800000000000,3200.00000000000000000,-0.63860011186451537,0.27705941426911357,1.11735246389786758,ok
q004375,0.22191800000000000,3300.00000000000000000,-0.60782845319776169,0.25979791547473352,1.08198581264372695,ok
q004376,0.22191800000000000,3400.00000000000000000,-0.57797549004808069,0.24327905485140572,1.04702269412365534,ok
q004377,0.22191800000000000,3500.00000000000000000,-0.54898795317482818,0.22745820548594384,1.01240560148157210,ok
q004378,0.22191800000000000,3600.00000000000000000,-0.52081707620813200,0.21229962478860112,0.97808894090378340,ok
q004379,0.22191800000000000,3650.00000000000000000,-0.50702375407579603,0.20494416842927804,0.96099586226658429,ok
q004380,0.22191800000000000,3700.00000000000000000,-0.49341810202001757,0.19774872192020998,0.94397518488934140,ok
q004381,0.22191800000000000,3750.00000000000000000,-0.47999508168787680,0.19070629945486328,0.92701391805837297,ok
q004382,0.22191800000000000,3800.00000000000000000,-0.46674985493785631,0.18380664352967765,0.91008998951241360,ok
q004383,0.22191800000000000,3850.00000000000000000,-0.45367777337050347,0.17705487230665098,0.89321843196377559,ok
q004384,0.22191800000000000,3900.00000000000000000,-0.44077436853459551,0.17047967892225677,0.87647603216620718,ok
q004385,0.22191800000000000,3950.00000000000000000,-0.42803534275716587,0.16404652081027496,0.85977981928950298,ok
q004386,0.22191800000000000,4000.00000000000000000,-0.41545656055030566,0.15775283535569826,0.84312568915356745,ok
q004387,0.22191800000000000,4050.00000000000000000,-0.40303404055174846,0.15165007556763033,0.82665643472554284,ok
q004388,0.22191800000000000,4100.00000000000000000,-0.39076394795993424,0.14568181215456891,0.81022642380011345,ok
q004389,0.22191800000000000,4150.00000000000000000,-0.37864258742758938,0.13985056725684816,0.79384525138937112,ok
q004390,0.22191800000000000,4200.00000000000000000,-0.36666639638087362,0.13420723257726885,0.77766346427775390,ok
q004391,0.22191800000000000,4250.00000000000000000,-0.35483193873387087,0.12868772244123250,0.76150418154090171,ok
q004392,0.22191800000000000,4300.00000000000000000,-0.34313589897067953,0.12331707342014778,0.74544454298722684,ok
q004393,0.22191800000000000,4350.00000000000000000,-0.33157507656960350,0.11811030413883679,0.72953751420247215,ok
q004394,0.22191800000000000,4375.00000000000000000,-0.32584440186061853,0.11554493226727235,0.72157119230743139,ok
q004395,0.22191800000000000,4400.00000000000000000,-0.32014638074598084,0.11301229689173889,0.71361929814783331,ok
q004396,0.22191800000000000,4425.00000000000000000,-0.31448064321030339,0.11054134824911903,0.70577474497904480,ok
q004397,0.22191800000000000,4450.00000000000000000,-0.30884682549204745,0.10808432051777218,0.69788695975031223,ok
q004398,0.22191800000000000,4475.00000000000000000,-0.30324456994337762,0.10564105771987059,0.68995395037962992,ok
q004399,0.22191800000000000,4500.00000000000000000,-0.29767352489392218,0.10327319637179916,0.68217774104043749,ok
q004400,0.22191800000000000,4520.00000000000000000,-0.29323892782605654,0.10139032689515665,0.67593042719451579,ok
q004401,0.22191800000000000,4525.00000000000000000,-0.29213334451830686,0.10092091129049399,0.67436390501508681,ok
q004402,0.22191800000000000,4530.00000000000000000,-0.29102898217525358,0.10045201409080112,0.67279547143794705,ok
q004403,0.22191800000000000,4540.00000000000000000,-0.28882390961693966,0.09951577033510189,0.66965280097245883,ok
q004404,0.22191800000000000,4550.00000000000000000,-0.28662368870733729,0.09858158652332329,0.66650227589141342,ok
q004405,0.22191800000000000,4580.00000000000000000,-0.28005192354410274,0.09584101486098427,0.65717258376416665,ok
q004406,0.22191800000000000,4590.00000000000000000,-0.27787089759774247,0.09494024465188008,0.65407704600311911,ok
q004407,0.22191800000000000,4600.00000000000000000,-0.27569461817514695,0.09404143477122190,0.65097357314735005,ok
q004408,0.22191800000000000,4610.00000000000000000,-0.27352306466163917,0.09314457670508672,0.64786202155264550,ok
q004409,0.22191800000000000,4620.00000000000000000,-0.27135621657654874,0.09224966199489670,0.64474224469515151,ok
q004410,0.22191800000000000,4625.00000000000000000,-0.27027455070580780,0.09180293076999121,0.64317922519464499,ok
q004411,0.22191800000000000,4630.00000000000000000,-0.26919405357205356,0.09135668223694074,0.64161409308124795,ok
q004412,0.22191800000000000,4640.00000000000000000,-0.26703655543203242,0.09046562908190060,0.63847741415388470,ok
q004413,0.22191800000000000,4650.00000000000000000,-0.26488370207093126,0.08958634616597945,0.63536698923912216,ok
q004414,0.22191800000000000,4660.00000000000000000,-0.26273547353264176,0.08872650551885475,0.63231054379380602,ok
q004415,0.22191800000000000,4670.00000000000000000,-0.26059184998939039,0.08786850804709199,0.62924585197713256,ok
q004416,0.22191800000000000,4675.00000000000000000,-0.25952175892954593,0.08744019803585286,0.62771036709522854,ok
q004417,0.22191800000000000,4680.00000000000000000,-0.25845281174064089,0.08701234586543989,0.62617276433532176,ok
q004418,0.22191800000000000,4700.00000000000000000,-0.25418841295418343,0.08530549608349587,0.62000078815568760,ok
q004419,0.22191800000000000,4710.00000000000000000,-0.25206301364186984,0.08445479296344829,0.61690158480300361,ok
q004420,0.22191800000000000,4720.00000000000000000,-0.24994212207273225,0.08360589409315369,0.61379335578470340,ok
q004421,0.22191800000000000,4725.00000000000000000,-0.24888336072449016,0.08318211886319238,0.61223580491867213,ok
q004422,0.22191800000000000,4730.00000000000000000,-0.24782571916635474,0.08275879183556745,0.61067593510701779,ok
q004423,0.22191800000000000,4750.00000000000000000,-0.24360630362364644,0.08112048737007339,0.60460120824680608,ok
q004424,0.22191800000000000,4760.00000000000000000,-0.24150325342686768,0.08031033139915163,0.60157453514630421,ok
q004425,0.22191800000000000,4770.00000000000000000,-0.23940461676994651,0.07950187565187360,0.59853895709007077,ok
q004426,0.22191800000000000,4775.00000000000000000,-0.23835694773750274,0.07909828313492644,0.59701777786599664,ok
q004427,0.22191800000000000,4780.00000000000000000,-0.23731037516683168,0.07869511300687584,0.59549431095297956,ok
q004428,0.22191800000000000,4790.00000000000000000,-0.23522051024737245,0.07789003638744318,0.59244043001495139,ok
q004429,0.22191800000000000,4800.00000000000000000,-0.23313500375635113,0.07708663876113594,0.58937714384078244,ok
q004430,0.22191800000000000,4810.00000000000000000,-0.23105383755252645,0.07628491313942148,0.58630427815487451,ok
q004431,0.22191800000000000,4820.00000000000000000,-0.22897699360768739,0.07548485257730972,0.58322165471060161,ok
q004432,0.22191800000000000,4825.00000000000000000,-0.22794018687924703,0.07509139089743107,0.58169965937788115,ok
q004433,0.22191800000000000,4840.00000000000000000,-0.22483620094165593,0.07394951348200861,0.57725990781591852,ok
q004434,0.22191800000000000,4850.00000000000000000,-0.22277221672080449,0.07319022622524751,0.57428871181198959,ok
q004435,0.22191800000000000,4860.00000000000000000,-0.22071248375779395,0.07243250289803160,0.57130823133266273,ok
q004436,0.22191800000000000,4870.00000000000000000,-0.21865698457569785,0.07167633707104452,0.56831829481497376,ok
q004437,0.22191800000000000,4875.00000000000000000,-0.21763081722038585,0.07129883622180294,0.56681972585446239,ok
q004438,0.22191800000000000,4880.00000000000000000,-0.21660570180514049,0.07092172235453506,0.56531872675527794,ok
q004439,0.22191800000000000,4890.00000000000000000,-0.21455861818341571,0.07016865239799305,0.56230934757338957,ok
q004440,0.22191800000000000,4900.00000000000000000,-0.21251571655361534,0.06941712088982871,0.55928997347075415,ok
q004441,0.22191800000000000,4910.00000000000000000,-0.21047697986376709,0.06866712155705547,0.55626041628232803,ok
q004442,0.22191800000000000,4920.00000000000000000,-0.20844239116597962,0.06794130945442250,0.55331276757869174,ok
q004443,0.22191800000000000,4925.00000000000000000,-0.20742664704614411,0.06758759684625544,0.55187057359050484,ok
q004444,0.22191800000000000,4940.00000000000000000,-0.20438559047036517,0.06652860961512429,0.54753004905734182,ok
q004445,0.22191800000000000,4950.00000000000000000,-0.20236334508959741,0.06582440303984921,0.54462453196689942,ok
q004446,0.22191800000000000,4960.00000000000000000,-0.20034518093336015,0.06512161766952626,0.54170934199920673,ok
q004447,0.22191800000000000,4975.00000000000000000,-0.19732555105964017,0.06407009185955589,0.53731802338946189,ok
q004448,0.22191800000000000,4980.00000000000000000,-0.19632103063363479,0.06372028767865943,0.53584921528567286,ok
q004449,0.22191800000000000,4990.00000000000000000,-0.19431501190676898,0.06302173171160488,0.53290390345444638,ok
q004450,0.22191800000000000,5000.00000000000000000,-0.19231300923609593,0.06232457425593006,0.52994816825822633,ok
q004451,0.22191800000000000,5010.00000000000000000,-0.19031500657342293,0.06164082360705706,0.52703317267509697,ok
q004452,0.22191800000000000,5020.00000000000000000,-0.18832098796655844,0.06098677052846059,0.52422961708457338,ok
q004453,0.22191800000000000,5025.00000000000000000,-0.18732546772505690,0.06066023241265883,0.52282430654260936,ok
q004454,0.22191800000000000,5030.00000000000000000,-0.18633093755854846,0.06033401904889050,0.52141661172464593,ok
q004455,0.22191800000000000,5040.00000000000000000,-0.18434483958691911,0.05968256399813698,0.51859398035790472,ok
q004456,0.22191800000000000,5050.00000000000000000,-0.18236267838292780,0.05903240023673478,0.51576154249078499,ok
q004457,0.22191800000000000,5060.00000000000000000,-0.18038443837082213,0.05838352265572012,0.51291911322119133,ok
q004458,0.22191800000000000,5070.00000000000000000,-0.17841010406710456,0.05773592617638956,0.51006650307913504,ok
q004459,0.22191800000000000,5075.00000000000000000,-0.17742439674234528,0.05741260677097655,0.50863631968165313,ok
q004460,0.22191800000000000,5090.00000000000000000,-0.17447309110776493,0.05644455635784038,0.50432995844997275,ok
q004461,0.22191800000000000,5100.00000000000000000,-0.17251038193991627,0.05580077301038230,0.50144562064329889,ok
q004462,0.22191800000000000,5110.00000000000000000,-0.17055151745458319,0.05518903344071290,0.49868939091472198,ok
q004463,0.22191800000000000,5125.00000000000000000,-0.16762039664572440,0.05428160962870676,0.49457264745335561,ok
q004464,0.22191800000000000,5130.00000000000000000,-0.16664526248751818,0.05397972512350911,0.49319545925184316,ok
q004465,0.22191800000000000,5140.00000000000000000,-0.16469784220312253,0.05337683781408688,0.49043353163849934,ok
q004466,0.22191800000000000,5150.00000000000000000,-0.16275420699455154,0.05277512229803569,0.48766137552925420,ok
q004467,0.22191800000000000,5160.00000000000000000,-0.16081434217672499,0.05217457402911119,0.48487879436361342,ok
q004468,0.22191800000000000,5170.00000000000000000,-0.15887823314985849,0.05157518848747508,0.48208558649843203,ok
q004469,0.22191800000000000,5175.00000000000000000,-0.15791158251876358,0.05127593033411094,0.48068493310298799,ok
q004470,0.22191800000000000,5180.00000000000000000,-0.15694586539880462,0.05097696117949123,0.47928154501511766,ok
q004471,0.22191800000000000,5190.00000000000000000,-0.15501722449239907,0.05037988763752321,0.47646645751743111,ok
q004472,0.22191800000000000,5200.00000000000000000,-0.15309229608281458,0.04979125279794080,0.47367477989119317,ok
q004473,0.22191800000000000,5210.00000000000000000,-0.15117106590492074,0.04922808242122219,0.47098838227974987,ok
q004474,0.22191800000000000,5220.00000000000000000,-0.14925351977564899,0.04866599195001110,0.46829176975117043,ok
q004475,0.22191800000000000,5225.00000000000000000,-0.14829612381932161,0.04838535038628924,0.46693957137672876,ok
q004476,0.22191800000000000,5230.00000000000000000,-0.14733964359336471,0.04810497725069413,0.46558474481105155,ok
q004477,0.22191800000000000,5240.00000000000000000,-0.14542942333724551,0.04754503421334630,0.46286710476630988,ok
q004478,0.22191800000000000,5245.00000000000000000,-0.14447567982193577,0.04726546328999200,0.46150423926755207,ok
q004479,0.22191800000000000,5250.00000000000000000,-0.14352284506666396,0.04698615875155024,0.46013864152504974,ok
q004480,0.22191800000000000,5255.00000000000000000,-0.14257091734128186,0.04670712009086252,0.45877028464929265,ok
q004481,0.22191800000000000,5260.00000000000000000,-0.14161989492057778,0.04642834680221737,0.45739914138651921,ok
q004482,0.22191800000000000,5265.00000000000000000,-0.14066977608425751,0.04614983838134480,0.45602518411156673,ok
q004483,0.22191800000000000,5270.00000000000000000,-0.13972055911692535,0.04587159432541071,0.45464838482054204,ok
q004484,0.22191800000000000,5275.00000000000000000,-0.13877224230806606,0.04559361413301161,0.45326871512330763,ok
q004485,0.22191800000000000,5285.00000000000000000,-0.13687830234799533,0.04503844334032463,0.45050064897200570,ok
q004486,0.22191800000000000,5290.00000000000000000,-0.13593267579998825,0.04476125174433373,0.44911219373609729,ok
q004487,0.22191800000000000,5295.00000000000000000,-0.13498794261682656,0.04448432202046119,0.44772075051387633,ok
q004488,0.22191800000000000,5300.00000000000000000,-0.13404410111212015,0.04421931302183630,0.44638514213723990,ok
q004489,0.22191800000000000,5305.00000000000000000,-0.13310114960424979,0.04395657341435590,0.44505701439361567,ok
q004490,0.22191800000000000,5310.00000000000000000,-0.13215908641634888,0.04369408132420607,0.44372616821181798,ok
q004491,0.22191800000000000,5315.00000000000000000,-0.13121790987628504,0.04343183628547167,0.44239257668539406,ok
q004492,0.22191800000000000,5320.00000000000000000,-0.13027761831664325,0.04316983783355193,0.44105621253825295,ok
q004493,0.22191800000000000,5325.00000000000000000,-0.12933821007470753,0.04290808550515544,0.43971704811732276,ok
q004494,0.22191800000000000,5330.00000000000000000,-0.12839968349244313,0.04264657883829515,0.43837505538502164,ok
q004495,0.22191800000000000,5335.00000000000000000,-0.12746203691647956,0.04238531737228360,0.43703020591153613,ok
q004496,0.22191800000000000,5340.00000000000000000,-0.12652526869809286,0.04212430064772806,0.43568247086689998,ok
q004497,0.22191800000000000,5345.00000000000000000,-0.12558937719318775,0.04186352820652547,0.43433182101286760,ok
q004498,0.22191800000000000,5350.00000000000000000,-0.12465436076228108,0.04160299959185793,0.43297822669457681,ok
q004499,0.22191800000000000,5355.00000000000000000,-0.12372021777048424,0.04134271434818767,0.43162165783199202,ok
q004500,0.22191800000000000,5360.00000000000000000,-0.12278694658748568,0.04108267202125232,0.43026208391112175,ok
q004501,0.22191800000000000,5365.00000000000000000,-0.12185454558753446,0.04082287215806021,0.42889947397500422,ok
q004502,0.22191800000000000,5370.00000000000000000,-0.12092301314942301,0.04056331430688562,0.42753379661445157,ok
q004503,0.22191800000000000,5375.00000000000000000,-0.11999234765646979,0.04030399801726398,0.42616501995854533,ok
q004504,0.22191800000000000,5385.00000000000000000,-0.11813361106184445,0.03978608832709944,0.42341803890952162,ok
q004505,0.22191800000000000,5390.00000000000000000,-0.11720553674929050,0.03952749403189144,0.42203976837673807,ok
q004506,0.22191800000000000,5395.00000000000000000,-0.11627832296009827,0.03926913950889695,0.42065826624838687,ok
q004507,0.22191800000000000,5400.00000000000000000,-0.11535196809996763,0.03902262908410425,0.41933585506394350,ok
q004508,0.22191800000000000,5405.00000000000000000,-0.11442647057902469,0.03877801802669956,0.41801949786063569,ok
q004509,0.22191800000000000,5410.00000000000000000,-0.11350182881180609,0.03853363314691140,0.41670020522632228,ok
q004510,0.22191800000000000,5415.00000000000000000,-0.11257804121724239,0.03828947402685958,0.41537794692445246,ok
q004511,0.22191800000000000,5420.00000000000000000,-0.11165510621864146,0.03804554024982087,0.41405269227524055,ok
q004512,0.22191800000000000,5425.00000000000000000,-0.11073302224367300,0.03780183140022486,0.41272441014632771,ok
q004513,0.22191800000000000,5430.00000000000000000,-0.10981178772435227,0.03755834706364970,0.41139306894318911,ok
q004514,0.22191800000000000,5435.00000000000000000,-0.10889140109702353,0.03731508682681769,0.41005863659927977,ok
q004515,0.22191800000000000,5440.00000000000000000,-0.10797186080234498,0.03707205027759131,0.40872108056591205,ok
q004516,0.22191800000000000,5445.00000000000000000,-0.10705316528527253,0.03682923700496894,0.40738036780185244,ok
q004517,0.22191800000000000,5450.00000000000000000,-0.10613531299504358,0.03658664659908057,0.40603646476262945,ok
q004518,0.22191800000000000,5455.00000000000000000,-0.10521830238516211,0.03634427865118386,0.40468933738954527,ok
q004519,0.22191800000000000,5460.00000000000000000,-0.10430213191338265,0.03610213275365990,0.40333895109837614,ok
q004520,0.22191800000000000,5465.00000000000000000,-0.10338680004169441,0.03586020850000900,0.40198527076775475,ok
q004521,0.22191800000000000,5470.00000000000000000,-0.10247230523630642,0.03561850548484680,0.40062826072722219,ok
q004522,0.22191800000000000,5475.00000000000000000,-0.10155864596763181,0.03537702330390007,0.39926788474493791,ok
q004523,0.22191800000000000,5480.00000000000000000,-0.10064582071027213,0.03513576155400260,0.39790410601503429,ok
q004524,0.22191800000000000,5485.00000000000000000,-0.09973382794300269,0.03489471983309131,0.39653688714460716,ok
q004525,0.22191800000000000,5490.00000000000000000,-0.09882266614875707,0.03465389774020218,0.39516619014032450,ok
q004526,0.22191800000000000,5495.00000000000000000,-0.09791233381461160,0.03441329487546611,0.39379197639464236,ok
q004527,0.22191800000000000,5500.00000000000000000,-0.09700282943177102,0.03418124473108500,0.39246205360319775,ok
q004528,0.22191800000000000,5505.00000000000000000,-0.09609415149555305,0.03395712602997738,0.39117329508473636,ok
q004529,0.22191800000000000,5510.00000000000000000,-0.09518629850537318,0.03373321079571667,0.38988145238321886,ok
q004530,0.22191800000000000,5515.00000000000000000,-0.09427926896473046,0.03350949865920196,0.38858649259875461,ok
q004531,0.22191800000000000,5520.00000000000000000,-0.09337306138119239,0.03328598925233582,0.38728838232253038,ok
q004532,0.22191800000000000,5525.00000000000000000,-0.09246767426637978,0.03306268220802049,0.38598708762553846,ok
q004533,0.22191800000000000,5530.00000000000000000,-0.09156310613595281,0.03283957716015454,0.38468257404698614,ok
q004534,0.22191800000000000,5535.00000000000000000,-0.09065935550959613,0.03261667374362911,0.38337480658237039,ok
q004535,0.22191800000000000,5540.00000000000000000,-0.08975642091100385,0.03239397159432426,0.38206374967120854,ok
q004536,0.22191800000000000,5545.00000000000000000,-0.08885430086786589,0.03217147034910559,0.38074936718441443,ok
q004537,0.22191800000000000,5550.00000000000000000,-0.08795299391185318,0.03194916964582056,0.37943162241130329,ok
q004538,0.22191800000000000,5555.00000000000000000,-0.08705249857860296,0.03172706912329493,0.37811047804621467,ok
q004539,0.22191800000000000,5560.00000000000000000,-0.08615281340770524,0.03150516842132937,0.37678589617474084,ok
q004540,0.22191800000000000,5565.00000000000000000,-0.08525393694268818,0.03128346718069584,0.37545783825954204,ok
q004541,0.22191800000000000,5570.00000000000000000,-0.08435586773100363,0.03106196504313408,0.37412626512573682,ok
q004542,0.22191800000000000,5575.00000000000000000,-0.08345860432401379,0.03084066165134827,0.37279113694585259,ok
q004543,0.22191800000000000,5580.00000000000000000,-0.08256214527697675,0.03061955664900349,0.37145241322431594,ok
q004544,0.22191800000000000,5585.00000000000000000,-0.08166648914903225,0.03039864968072221,0.37011005278146863,ok
q004545,0.22191800000000000,5590.00000000000000000,-0.08077163450318846,0.03017794039208099,0.36876401373709217,ok
q004546,0.22191800000000000,5595.00000000000000000,-0.07987757990630777,0.02995742842960704,0.36741425349341861,ok
q004547,0.22191800000000000,5600.00000000000000000,-0.07898432392909274,0.02973711344077470,0.36606072871761147,ok
q004548,0.22191800000000000,5605.00000000000000000,-0.07809186514607301,0.02953188064362062,0.36479534461418067,ok
q004549,0.22191800000000000,5610.00000000000000000,-0.07720020213559138,0.02933102845009260,0.36355270530572353,ok
q004550,0.22191800000000000,5615.00000000000000000,-0.07630933347978978,0.02913035518950007,0.36230691674335846,ok
q004551,0.22191800000000000,5620.00000000000000000,-0.07541925776459654,0.02892986054331527,0.36105794434099470,ok
q004552,0.22191800000000000,5625.00000000000000000,-0.07452997357971250,0.02872954419386027,0.35980575295372585,ok
q004553,0.22191800000000000,5630.00000000000000000,-0.07364147951859727,0.02852940582430379,0.35855030686493916,ok
q004554,0.22191800000000000,5635.00000000000000000,-0.07275377417845662,0.02832944511865842,0.35729156977304316,ok
q004555,0.22191800000000000,5640.00000000000000000,-0.07186685616022880,0.02812966176177748,0.35602950477779716,ok
q004556,0.22191800000000000,5645.00000000000000000,-0.07098072406857095,0.02793005543935202,0.35476407436622881,ok
q004557,0.22191800000000000,5650.00000000000000000,-0.07009537651184666,0.02773062583790798,0.35349524039812641,ok
q004558,0.22191800000000000,5655.00000000000000000,-0.06921081210211255,0.02753137264480317,0.35222296409108705,ok
q004559,0.22191800000000000,5660.00000000000000000,-0.06832702945510472,0.02733229554822423,0.35094720600510476,ok
q004560,0.22191800000000000,5665.00000000000000000,-0.06744402719022660,0.02713339423718388,0.34966792602668428,ok
q004561,0.22191800000000000,5670.00000000000000000,-0.06656180393053562,0.02693466840151794,0.34838508335245760,ok
q004562,0.22191800000000000,5675.00000000000000000,-0.06568035830272990,0.02673611773188229,0.34709863647228717,ok
q004563,0.22191800000000000,5680.00000000000000000,-0.06479968893713627,0.02653774191975023,0.34580854315183646,ok
q004564,0.22191800000000000,5685.00000000000000000,-0.06391979446769697,0.02633954065740944,0.34451476041458506,ok
q004565,0.22191800000000000,5690.00000000000000000,-0.06304067353195673,0.02614151363795906,0.34321724452326702,ok
q004566,0.22191800000000000,5695.00000000000000000,-0.06216232477105078,0.02594366055530703,0.34191595096071253,ok
q004567,0.22191800000000000,5700.00000000000000000,-0.06128474682969185,0.02574598110416714,0.34061083441006484,ok
q004568,0.22191800000000000,5705.00000000000000000,-0.06040793835615732,0.02554847498005616,0.33930184873435021,ok
q004569,0.22191800000000000,5710.00000000000000000,-0.05953189800227739,0.02536543455507921,0.33808421062774402,ok
q004570,0.22191800000000000,5715.00000000000000000,-0.05865662442342234,0.02519025578703747,0.33691474938233507,ok
q004571,0.22191800000000000,5720.00000000000000000,-0.05778211627848975,0.02501523021426495,0.33574224272602815,ok
q004572,0.22191800000000000,5725.00000000000000000,-0.05690837222989290,0.02484035756905473,0.33456665683758274,ok
q004573,0.22191800000000000,5730.00000000000000000,-0.05603539094354813,0.02466563758440100,0.33338795733875776,ok
q004574,0.22191800000000000,5735.00000000000000000,-0.05516317108886227,0.02449106999399654,0.33220610928123423,ok
q004575,0.22191800000000000,5740.00000000000000000,-0.05429171133872119,0.02431665453223043,0.33102107713314444,ok
q004576,0.22191800000000000,5745.00000000000000000,-0.05342101036947731,0.02414239093418556,0.32983282476518855,ok
q004577,0.22191800000000000,5750.00000000000000000,-0.05255106686093721,0.02396827893563613,0.32864131543632558,ok
q004578,0.22191800000000000,5755.00000000000000000,-0.05168187949635027,0.02379431827304540,0.32744651177902429,ok
q004579,0.22191800000000000,5760.00000000000000000,-0.05081344696239645,0.02362050868356321,0.32624837578405375,ok
q004580,0.22191800000000000,5765.00000000000000000,-0.04994576794917393,0.02344684990502357,0.32504686878479766,ok
q004581,0.22191800000000000,5770.00000000000000000,-0.04907884115018805,0.02327334167594235,0.32384195144107580,ok
q004582,0.22191800000000000,5775.00000000000000000,-0.04821266526233908,0.02309998373551494,0.32263358372245032,ok
q004583,0.22191800000000000,5780.00000000000000000,-0.04734723898591018,0.02292677582361375,0.32142172489099791,ok
q004584,0.22191800000000000,5785.00000000000000000,-0.04648256102455646,0.02275371768078607,0.32020633348352961,ok
q004585,0.22191800000000000,5790.00000000000000000,-0.04561863008529244,0.02258080904825156,0.31898736729323074,ok
q004586,0.22191800000000000,5795.00000000000000000,-0.04475544487848124,0.02240804966790006,0.31776478335070374,ok
q004587,0.22191800000000000,5800.00000000000000000,-0.04389300411782270,0.02223543928228923,0.31653853790438580,ok
q004588,0.22191800000000000,5805.00000000000000000,-0.04303130652034150,0.02206297763464216,0.31530858640031706,ok
q004589,0.22191800000000000,5810.00000000000000000,-0.04217035080637642,0.02189066446884526,0.31407488346123486,ok
q004590,0.22191800000000000,5820.00000000000000000,-0.04045065992684986,0.02157414363878613,0.31179598471795567,ok
q004591,0.22191800000000000,5825.00000000000000000,-0.03959192221843202,0.02142692832348812,0.31073036382718255,ok
q004592,0.22191800000000000,5830.00000000000000000,-0.03873392130779534,0.02127983931907246,0.30966199492395308,ok
q004593,0.22191800000000000,5835.00000000000000000,-0.03787665593167701,0.02113287640897521,0.30859084788550240,ok
q004594,0.22191800000000000,5840.00000000000000000,-0.03702012483006059,0.02098603937718895,0.30751689209869432,ok
q004595,0.22191800000000000,5845.00000000000000000,-0.03616432674616462,0.02083932800826083,0.30644009644864639,ok
q004596,0.22191800000000000,5850.00000000000000000,-0.03530926042643119,0.02069274208729063,0.30536042930701357,ok
q004597,0.22191800000000000,5855.00000000000000000,-0.03445492462051562,0.02054628139992898,0.30427785851992140,ok
q004598,0.22191800000000000,5860.00000000000000000,-0.03360131808127510,0.02039994573237542,0.30319235139553202,ok
q004599,0.22191800000000000,5865.00000000000000000,-0.03274843956475753,0.02025373487137647,0.30210387469123057,ok
q004600,0.22191800000000000,5875.00000000000000000,-0.03104486163997370,0.01996168671875272,0.29991787673890569,ok
q004601,0.22191800000000000,5880.00000000000000000,-0.03019415975966076,0.01981584900333946,0.29882028613085609,ok
q004602,0.22191800000000000,5885.00000000000000000,-0.02934418095795624,0.01967013524690025,0.29771958719432517,ok
q004603,0.22191800000000000,5890.00000000000000000,-0.02849492400670101,0.01952454523888906,0.29661574372631572,ok
q004604,0.22191800000000000,5900.00000000000000000,-0.02679857075852251,0.01923373562864437,0.29439847518565726,ok
q004605,0.22191800000000000,5910.00000000000000000,-0.02510509025218948,0.01894341849892361,0.29216817786577604,ok
q004606,0.22191800000000000,5915.00000000000000000,-0.02425942423984618,0.01879844409355680,0.29104804585168154,ok
q004607,0.22191800000000000,5920.00000000000000000,-0.02341447277428204,0.01865359218453359,0.28992453814738878,ok
q004608,0.22191800000000000,5925.00000000000000000,-0.02257023464900143,0.01851387859556334,0.28883674417242089,ok
q004609,0.22191800000000000,5930.00000000000000000,-0.02172670866056219,0.01839621453797736,0.28791743723132540,ok
q004610,0.22191800000000000,5940.00000000000000000,-0.02004178829564275,0.01816118376291790,0.28607230254272215,ok
q004611,0.22191800000000000,5945.00000000000000000,-0.01920039152745112,0.01804381671182284,0.28514642996406320,ok
q004612,0.22191800000000000,5950.00000000000000000,-0.01835970211265796,0.01792654832997112,0.28421832344288817,ok
q004613,0.22191800000000000,5960.00000000000000000,-0.01668044059293788,0.01769230691137077,0.28235531511641421,ok
q004614,0.22191800000000000,5965.00000000000000000,-0.01584186612031691,0.01757533354435078,0.28142036568201401,ok
q004615,0.22191800000000000,5970.00000000000000000,-0.01500399426568559,0.01745845818602847,0.28048308703103175,ok
q004616,0.22191800000000000,5975.00000000000000000,-0.01416682385262191,0.01734168067230389,0.27954345441201789,ok
q004617,0.22191800000000000,5980.00000000000000000,-0.01333035370765598,0.01722500083948886,0.27860144268368686,ok
q004618,0.22191800000000000,5985.00000000000000000,-0.01249458266025984,0.01710841852430557,0.27765702630616640,ok
q004619,0.22191800000000000,5990.00000000000000000,-0.01165950954283829,0.01699193356388533,0.27671017933199454,ok
q004620,0.22191800000000000,5995.00000000000000000,-0.01082513319071878,0.01687554579576710,0.27576087539685362,ok
q004621,0.22191800000000000,6000.00000000000000000,-0.00999145244214131,0.01675925505789612,0.27480908771003265,ok
q004622,0.22191800000000000,6010.00000000000000000,-0.00832617312308014,0.01652696402670062,0.27289795172734221,ok
q004623,0.22191800000000000,6025.00000000000000000,-0.00583344229347765,0.01617925117860759,0.27001192421636677,ok
q004624,0.22191800000000000,6030.00000000000000000,-0.00500391093110223,0.01606353924165527,0.26904464626178975,ok
q004625,0.22191800000000000,6035.00000000000000000,-0.00417506712070145,0.01594792321183119,0.26807468421870989,ok
q004626,0.22191800000000000,6040.00000000000000000,-0.00334690972347277,0.01585675236660084,0.26730732329561890,ok
q004627,0.22191800000000000,6045.00000000000000000,-0.00251943760344031,0.01577038123623291,0.26657832279094884,ok
q004628,0.22191800000000000,6050.00000000000000000,-0.00169264962744618,0.01568408151648111,0.26584792845704641,ok
q004629,0.22191800000000000,6055.00000000000000000,-0.00086654466514077,0.01559785308936012,0.26511612777122662,ok
q004630,0.22191800000000000,6060.00000000000000000,-0.00004112158897322,0.01551169583717672,0.26438290805233489,ok
q004631,0.22191800000000000,6070.00000000000000000,0.00160768340121066,0.01533959438830509,0.26291215998098155,ok
q004632,0.22191800000000000,6075.00000000000000000,0.00243106755641585,0.01525364995768267,0.26217460544754179,ok
q004633,0.22191800000000000,6080.00000000000000000,0.00325377430787926,0.01516777623412756,0.26143557951295404,ok
q004634,0.22191800000000000,6085.00000000000000000,0.00407580476929426,0.01508197310139301,0.26069506865903203,ok
q004635,0.22191800000000000,6090.00000000000000000,0.00489716005160935,0.01499624044351876,0.25995305919074624,ok
q004636,0.22191800000000000,6095.00000000000000000,0.00571784126303847,0.01491057814482998,0.25920953723290052,ok
q004637,0.22191800000000000,6100.00000000000000000,0.00653784950906933,0.01482498608993642,0.25846448872672978,ok
q004638,0.22191800000000000,6105.00000000000000000,0.00735718589247170,0.01473946416373151,0.25771789942641593,ok
q004639,0.22191800000000000,6110.00000000000000000,0.00817585151330757,0.01465401225139132,0.25696975489551604,ok
q004640,0.22191800000000000,6115.00000000000000000,0.00899384746893945,0.01456863023837371,0.25622004050330571,ok
q004641,0.22191800000000000,6120.00000000000000000,0.00981117485403841,0.01448331801041745,0.25546874142103165,ok
q004642,0.22191800000000000,6125.00000000000000000,0.01062783476059430,0.01439807545354117,0.25471584261806968,ok
q004643,0.22191800000000000,6135.00000000000000000,0.01225915649267846,0.01422779889849741,0.25320518469451758,ok
q004644,0.22191800000000000,6140.00000000000000000,0.01307382048885472,0.01414276467375877,0.25244739446740394,ok
q004645,0.22191800000000000,6145.00000000000000000,0.01388782134780191,0.01405779966695591,0.25168794229817593,ok
q004646,0.22191800000000000,6150.00000000000000000,0.01470116014823020,0.01397499756190042,0.25094561168485213,ok
q004647,0.22191800000000000,6155.00000000000000000,0.01551383796622046,0.01392128074186174,0.25046285744115188,ok
q004648,0.22191800000000000,6165.00000000000000000,0.01713721494611132,0.01381397788806984,0.24949572775919257,ok
q004649,0.22191800000000000,6180.00000000000000000,0.01956734979940310,0.01365334951395374,0.24804092319396684,ok
q004650,0.22191800000000000,6185.00000000000000000,0.02037608417425485,0.01359989334976257,0.24755487688975755,ok
q004651,0.22191800000000000,6190.00000000000000000,0.02118416502630851,0.01354648038247646,0.24706826833375981,ok
q004652,0.22191800000000000,6200.00000000000000000,0.02279837038084950,0.01343978375976097,0.24609334856837417,ok
q004653,0.22191800000000000,6205.00000000000000000,0.02360449698637430,0.01338649996532389,0.24560502932516656,ok
q004654,0.22191800000000000,6210.00000000000000000,0.02440997427519109,0.01333325908977543,0.24511613176166031,ok
q004655,0.22191800000000000,6220.00000000000000000,0.02601898508089185,0.01322690581917201,0.24413658522347048,ok
q004656,0.22191800000000000,6230.00000000000000000,0.02762541112916540,0.01312072339726962,0.24315467569525584,ok
q004657,0.22191800000000000,6235.00000000000000000,0.02842765746180355,0.01306769608321842,0.24266282425751909,ok
q004658,0.22191800000000000,6240.00000000000000000,0.02922926071114000,0.01301471127603676,0.24217036933518851,ok
q004659,0.22191800000000000,6245.00000000000000000,0.03003022190734463,0.01296176890763191,0.24167730660437647,ok
q004660,0.22191800000000000,6250.00000000000000000,0.03083054207811390,0.01290886891007463,0.24118363170279089,ok
q004661,0.22191800000000000,6265.00000000000000000,0.03322766667783539,0.01275042246563744,0.23969888976366502,ok
q004662,0.22191800000000000,6270.00000000000000000,0.03402543297463303,0.01272514586189419,0.23946118079367995,ok
q004663,0.22191800000000000,6275.00000000000000000,0.03482256334765121,0.01270407770820013,0.23926286892702928,ok
q004664,0.22191800000000000,6280.00000000000000000,0.03561905880991108,0.01268302633519577,0.23906455070525390,ok
q004665,0.22191800000000000,6295.00000000000000000,0.03800474582611426,0.01261997263353718,0.23846955523002442,ok
q004666,0.22191800000000000,6300.00000000000000000,0.03879871172729071,0.01259898811682571,0.23827120890713707,ok
q004667,0.22191800000000000,6305.00000000000000000,0.03959204774668651,0.01257802024788806,0.23807285488734936,ok
q004668,0.22191800000000000,6320.00000000000000000,0.04196828648856969,0.01251521626409528,0.23747774395257681,ok
q004669,0.22191800000000000,6325.00000000000000000,0.04275911294338770,0.01249431472294292,0.23727935644964199,ok
q004670,0.22191800000000000,6340.00000000000000000,0.04512784677893833,0.01243170909380507,0.23668413857995466,ok
q004671,0.22191800000000000,6350.00000000000000000,0.04670389123440391,0.01239005424292956,0.23628727782066347,ok
q004672,0.22191800000000000,6355.00000000000000000,0.04749098297122115,0.01236925141036429,0.23608883197182326,ok
q004673,0.22191800000000000,6360.00000000000000000,0.04827745568183448,0.01234846493865998,0.23589037544703642,ok
q004674,0.22191800000000000,6365.00000000000000000,0.04906331033917347,0.01232769480210212,0.23569190797351827,ok
q004675,0.22191800000000000,6375.00000000000000000,0.05063316937429355,0.01228620343187032,0.23529493908743868,ok
q004676,0.22191800000000000,6385.00000000000000000,0.05220056781430639,0.01225089646079991,0.23495661127870376,ok
q004677,0.22191800000000000,6400.00000000000000000,0.05454706869542995,0.01226848942435930,0.23512525608623749,ok
q004678,0.22191800000000000,6405.00000000000000000,0.05532801367850127,0.01227434458373281,0.23518135637621740,ok
q004679,0.22191800000000000,6415.00000000000000000,0.05688807639740352,0.01228604120263664,0.23529338564402241,ok
q004680,0.22191800000000000,6425.00000000000000000,0.05844570911108713,0.01229771960250053,0.23540518722114850,ok
q004681,0.22191800000000000,6440.00000000000000000,0.06077761844606588,0.01231520316548749,0.23557246456071379,ok
q004682,0.22191800000000000,6445.00000000000000000,0.06155371472095449,0.01232102197152013,0.23562811076408455,ok
q004683,0.22191800000000000,6450.00000000000000000,0.06232920913748483,0.01232683626510096,0.23568370069104144,ok
q004684,0.22191800000000000,6460.00000000000000000,0.06387839612431426,0.01233845134286429,0.23579471214202111,ok
q004685,0.22191800000000000,6470.00000000000000000,0.06542518684261284,0.01235004845452955,0.23590549976331540,ok
q004686,0.22191800000000000,6480.00000000000000000,0.06696958869398703,0.01236162765559052,0.23601606439988737,ok
q004687,0.22191800000000000,6500.00000000000000000,0.07005125523139506,0.01238473254659267,0.23623652807542248,ok
q004688,0.22191800000000000,6520.00000000000000000,0.07312345426836536,0.01247156951802104,0.23706328113202835,ok
q004689,0.22191800000000000,6530.00000000000000000,0.07465602161814333,0.01252352645074178,0.23755657426769233,ok
q004690,0.22191800000000000,6540.00000000000000000,0.07618624379891104,0.01257540387779610,0.23804809267993543,ok
q004691,0.22191800000000000,6550.00000000000000000,0.07771412797696432,0.01262720204213497,0.23853784963422850,ok
q004692,0.22191800000000000,6560.00000000000000000,0.07923968128580132,0.01267892118559750,0.23902585823770078,ok
q004693,0.22191800000000000,6570.00000000000000000,0.08076291082632285,0.01273056154891764,0.23951213144178302,ok
q004694,0.22191800000000000,6580.00000000000000000,0.08228382366702962,0.01278212337173095,0.23999668204479332,ok
q004695,0.22191800000000000,6590.00000000000000000,0.08380242684421950,0.01283360689258123,0.24047952269446801,ok
q004696,0.22191800000000000,6600.00000000000000000,0.08531872736218357,0.01288501234892721,0.24096066589043877,ok
q004697,0.22191800000000000,6620.00000000000000000,0.08834444827872048,0.01298759001255486,0.24191790919376471,ok
q004698,0.22191800000000000,6670.00000000000000000,0.09586893825733613,0.01336494016165672,0.24540716842028970,ok
q004699,0.22191800000000000,6680.00000000000000000,0.09736706587835800,0.01344401595905930,0.24613209302048300,ok
q004700,0.22191800000000000,6690.00000000000000000,0.09886295246994080,0.01352297346801475,0.24685380914520219,ok
q004701,0.22191800000000000,6700.00000000000000000,0.10035660472672416,0.01360181304188680,0.24757234807008988,ok
q004702,0.22191800000000000,6720.00000000000000000,0.10333723286486189,0.01375913978993985,0.24900001693830712,ok
q004703,0.22191800000000000,6740.00000000000000000,0.10630900325401932,0.01391599899867650,0.25041534004622895,ok
q004704,0.22191800000000000,6750.00000000000000000,0.10779158321424218,0.01399425414257923,0.25111844502093400,ok
q004705,0.22191800000000000,6800.00000000000000000,0.11517169051186467,0.01447029365732688,0.25535384842961883,ok
q004706,0.22191800000000000,6900.00000000000000000,0.12977048993301743,0.01545022923733195,0.26385856663526491,ok
q004707,0.22191800000000000,7000.00000000000000000,0.14415922738511708,0.01653515698063228,0.27296558554432426,ok
q004708,0.22191800000000000,7200.00000000000000000,0.17233010435181337,0.01902456061892705,0.29279324489940323,ok
q004709,0.27945199999999998,2100.00000000000000000,-1.06180633625541754,0.47810132779798914,1.30799584330802232,ok
q004710,0.27945199999999998,2200.00000000000000000,-1.01528632062052471,0.44929109765311687,1.26797384614017239,ok
q004711,0.27945199999999998,2300.00000000000000000,-0.97083455804969099,0.42203329131393374,1.22890905522702210,ok
q004712,0.27945199999999998,2400.00000000000000000,-0.92827494363089502,0.39645173713842347,1.19108169831014554,ok
q004713,0.27945199999999998,2500.00000000000000000,-0.88745294911063988,0.37259943449587396,1.15469553009860548,ok
q004714,0.27945199999999998,2600.00000000000000000,-0.84823223595735864,0.35034833790610664,1.11968644249481808,ok
q004715,0.27945199999999998,2700.00000000000000000,-0.81049190797451154,0.32952674863641418,1.08590473183800329,ok
q004716,0.27945199999999998,2800.00000000000000000,-0.77412426380363675,0.30991740083328584,1.05309941007260166,ok
q004717,0.27945199999999998,2850.00000000000000000,-0.75642468670423579,0.30050604507458850,1.03698624397173655,ok
q004718,0.27945199999999998,2900.00000000000000000,-0.73903294399236663,0.29133343116017363,1.02103716599886463,ok
q004719,0.27945199999999998,2950.00000000000000000,-0.72193851063306647,0.28238850997628689,1.00524032026444310,ok
q004720,0.27945199999999998,3000.00000000000000000,-0.70513139231668520,0.27366969455929707,0.98960012770217132,ok
q004721,0.27945199999999998,3050.00000000000000000,-0.68860209036547471,0.26517023210072382,0.97411173058993417,ok
q004722,0.27945199999999998,3100.00000000000000000,-0.67234156949369439,0.25687309072816383,0.95875070110073779,ok
q004723,0.27945199999999998,3150.00000000000000000,-0.65634122814725326,0.24877248719631659,0.94351229316972718,ok
q004724,0.27945199999999998,3200.00000000000000000,-0.64059287117911412,0.24086309148798540,0.92839227273397007,ok
q004725,0.27945199999999998,3250.00000000000000000,-0.62508868464314882,0.23315475239658157,0.91341581124296223,ok
q004726,0.27945199999999998,3300.00000000000000000,-0.60982121251236043,0.22564657587603942,0.89858830648342947,ok
q004727,0.27945199999999998,3325.00000000000000000,-0.60227400687697741,0.22194420686578031,0.89118587765511281,ok
q004728,0.27945199999999998,3375.00000000000000000,-0.58734835666030172,0.21472023829734391,0.87656248362771672,ok
q004729,0.27945199999999998,3400.00000000000000000,-0.57996824936267921,0.21116453207661548,0.86927437240315297,ok
q004730,0.27945199999999998,3425.00000000000000000,-0.57264220927060627,0.20766928082435615,0.86205012344318743,ok
q004731,0.27945199999999998,3500.00000000000000000,-0.55098071248942693,0.19741142844162851,0.84048996861927450,ok
q004732,0.27945199999999998,3525.00000000000000000,-0.54386324472056291,0.19406477895137531,0.83333524434803186,ok
q004733,0.27945199999999998,3550.00000000000000000,-0.53679607749747049,0.19077711702923678,0.82624630383516973,ok
q004734,0.27945199999999998,3575.00000000000000000,-0.52977850483882383,0.18752584140820364,0.81917549135512013,ok
q004735,0.27945199999999998,3600.00000000000000000,-0.52280983552273064,0.18429722294416268,0.81209303270611566,ok
q004736,0.27945199999999998,3625.00000000000000000,-0.51588939267815670,0.18113126055236639,0.80508751847317439,ok
q004737,0.27945199999999998,3650.00000000000000000,-0.50901651339039478,0.17799456386328857,0.79808612089301090,ok
q004738,0.27945199999999998,3675.00000000000000000,-0.50219054831999488,0.17487927823995322,0.79107118413402522,ok
q004739,0.27945199999999998,3700.00000000000000000,-0.49541086133461620,0.17182851788271417,0.78414072694520820,ok
q004740,0.27945199999999998,3750.00000000000000000,-0.48198784100247549,0.16579786254329562,0.77025735255116157,ok
q004741,0.27945199999999998,3775.00000000000000000,-0.47534329828380684,0.16285675624328788,0.76339494368350258,ok
q004742,0.27945199999999998,3800.00000000000000000,-0.46874261425245484,0.15994001846999498,0.75652791887778281,ok
q004743,0.27945199999999998,3825.00000000000000000,-0.46218521370629567,0.15704240698355690,0.74964363944470436,ok
q004744,0.27945199999999998,3850.00000000000000000,-0.45567053268510210,0.15420543478571755,0.74284162097551665,ok
q004745,0.27945199999999998,3875.00000000000000000,-0.44919801817948452,0.15139501650688336,0.73604129160165210,ok
q004746,0.27945199999999998,3900.00000000000000000,-0.44276712784919420,0.14860267178247372,0.72922189148336125,ok
q004747,0.27945199999999998,3925.00000000000000000,-0.43637732975042309,0.14586433816934208,0.72247188608794621,ok
q004748,0.27945199999999998,3950.00000000000000000,-0.43002810207176445,0.14315812598059002,0.71573852047493336,ok
q004749,0.27945199999999998,3975.00000000000000000,-0.42371893287849965,0.14046898779940592,0.70898429557511022,ok
q004750,0.27945199999999998,4000.00000000000000000,-0.41744931986490436,0.13782467281193109,0.70227931039342262,ok
q004751,0.27945199999999998,4050.00000000000000000,-0.40502679986634715,0.13263648967320782,0.68893444452735697,ok
q004752,0.27945199999999998,4075.00000000000000000,-0.39887293429196885,0.13008171116215719,0.68226722586519684,ok
q004753,0.27945199999999998,4100.00000000000000000,-0.39275670727453282,0.12758480488764165,0.67568747064807111,ok
q004754,0.27945199999999998,4125.00000000000000000,-0.38667766119815056,0.12510307746844734,0.66908360090090058,ok
q004755,0.27945199999999998,4150.00000000000000000,-0.38063534674218802,0.12263634547261418,0.66245440001721245,ok
q004756,0.27945199999999998,4175.00000000000000000,-0.37462932268197607,0.12024242571575888,0.65595682240614528,ok
q004757,0.27945199999999998,4200.00000000000000000,-0.36865915569547231,0.11786617477825001,0.64944291534362897,ok
q004758,0.27945199999999998,4225.00000000000000000,-0.36272442017565770,0.11550402630322298,0.64290225728563677,ok
q004759,0.27945199999999998,4250.00000000000000000,-0.35682469804846950,0.11319194021520851,0.63643512584339579,ok
q004760,0.27945199999999998,4300.00000000000000000,-0.34512865828527822,0.10866563916822836,0.62358047480921774,ok
q004761,0.27945199999999998,4325.00000000000000000,-0.33933154060095222,0.10642867760239104,0.61712866855084547,ok
q004762,0.27945199999999998,4350.00000000000000000,-0.33356783588420225,0.10426407787245739,0.61082069418605567,ok
q004763,0.27945199999999998,4375.00000000000000000,-0.32783716117521711,0.10211188279359475,0.60448361147825369,ok
q004764,0.27945199999999998,4400.00000000000000000,-0.32213914006057948,0.09997195100110423,0.59811607233290331,ok
q004765,0.27945199999999998,4425.00000000000000000,-0.31647340252490203,0.09788106766035445,0.59182831291936733,ok
q004766,0.27945199999999998,4450.00000000000000000,-0.31083958480664609,0.09582978007910321,0.58559402208255340,ok
q004767,0.27945199999999998,4475.00000000000000000,-0.30523732925797620,0.09378998436531147,0.57932813524959170,ok
q004768,0.27945199999999998,4500.00000000000000000,-0.29966628420852087,0.09176155247488874,0.57302921614412083,ok
q004769,0.27945199999999998,4525.00000000000000000,-0.29412610383290544,0.08980585556372611,0.56688989583553406,ok
q004770,0.27945199999999998,4550.00000000000000000,-0.28861644802193592,0.08786288562550949,0.56072396779012157,ok
q004771,0.27945199999999998,4575.00000000000000000,-0.28313698225731021,0.08593056215133561,0.55452383154971741,ok
q004772,0.27945199999999998,4600.00000000000000000,-0.27768737748974565,0.08402717933349542,0.54834802236511648,ok
q004773,0.27945199999999998,4625.00000000000000000,-0.27226731002040638,0.08217795233981577,0.54228057354571557,ok
q004774,0.27945199999999998,4650.00000000000000000,-0.26687646138553001,0.08033869427322389,0.53617773208782404,ok
q004775,0.27945199999999998,4675.00000000000000000,-0.26151451824414457,0.07850929822756283,0.53003791458784333,ok
q004776,0.27945199999999998,4700.00000000000000000,-0.25618117226878206,0.07672466398935041,0.52397900578352463,ok
q004777,0.27945199999999998,4725.00000000000000000,-0.25087612003908882,0.07497849939759030,0.51798211081069201,ok
q004778,0.27945199999999998,4750.00000000000000000,-0.24559906293824510,0.07324154943758542,0.51194717468869200,ok
q004779,0.27945199999999998,4775.00000000000000000,-0.24034970705210132,0.07151371736712495,0.50587249378866495,ok
q004780,0.27945199999999998,4800.00000000000000000,-0.23512776307094971,0.06984515372281831,0.49993613423049144,ok
q004781,0.27945199999999998,4825.00000000000000000,-0.22993294619384563,0.06820467201443793,0.49403014679968399,ok
q004782,0.27945199999999998,4850.00000000000000000,-0.22476497603540313,0.06657266828553907,0.48808377504093264,ok
q004783,0.27945199999999998,4875.00000000000000000,-0.21962357653498438,0.06494905535837563,0.48209520105841802,ok
q004784,0.27945199999999998,4890.00000000000000000,-0.21655137749801431,0.06401036627235454,0.47859873354453725,ok
q004785,0.27945199999999998,4900.00000000000000000,-0.21450847586821403,0.06339535590129940,0.47629400050040954,ok
q004786,0.27945199999999998,4920.00000000000000000,-0.21043515048057815,0.06216909159099916,0.47166499909708803,ok
q004787,0.27945199999999998,4925.00000000000000000,-0.20941940636074269,0.06186330439159388,0.47050359472699438,ok
q004788,0.27945199999999998,4930.00000000000000000,-0.20840469293019626,0.06155782747859342,0.46934049928342492,ok
q004789,0.27945199999999998,4940.00000000000000000,-0.20637834978496383,0.06094780199745644,0.46700917498463906,ok
q004790,0.27945199999999998,4950.00000000000000000,-0.20435610440419602,0.06033901013795209,0.46467090419270884,ok
q004791,0.27945199999999998,4970.00000000000000000,-0.20032384087625754,0.05912510739670654,0.45997302170783272,ok
q004792,0.27945199999999998,4975.00000000000000000,-0.19931831037423878,0.05882239498112425,0.45879401138403647,ok
q004793,0.27945199999999998,4980.00000000000000000,-0.19831378994823345,0.05852274435289595,0.45762393453877431,ok
q004794,0.27945199999999998,4990.00000000000000000,-0.19630777122136767,0.05795117735707143,0.45538374124724129,ok
q004795,0.27945199999999998,5000.00000000000000000,-0.19430576855069456,0.05738075464028197,0.45313699125840673,ok
q004796,0.27945199999999998,5010.00000000000000000,-0.19230776588802148,0.05681147162997941,0.45088356841135407,ok
q004797,0.27945199999999998,5020.00000000000000000,-0.19031374728115708,0.05624332378096885,0.44862335402603343,ok
q004798,0.27945199999999998,5025.00000000000000000,-0.18931822703965542,0.05595967412900044,0.44749066220998135,ok
q004799,0.27945199999999998,5030.00000000000000000,-0.18832369687314715,0.05567630657519094,0.44635622682089632,ok
q004800,0.27945199999999998,5040.00000000000000000,-0.18633759890151771,0.05511041552150618,0.44408206282710599,ok
q004801,0.27945199999999998,5050.00000000000000000,-0.18435543769752649,0.05454564615548172,0.44180073529914915,ok
q004802,0.27945199999999998,5070.00000000000000000,-0.18040286338170311,0.05341945476094869,0.43721606821225267,ok
q004803,0.27945199999999998,5075.00000000000000000,-0.17941715605694386,0.05313860106460502,0.43606521808993970,ok
q004804,0.27945199999999998,5080.00000000000000000,-0.17843241939440446,0.05285802393521535,0.43491246042017589,ok
q004805,0.27945199999999998,5100.00000000000000000,-0.17450314125451485,0.05180074898309045,0.43054089425836956,ok
q004806,0.27945199999999998,5110.00000000000000000,-0.17254427676918185,0.05127489411071963,0.42835000372023951,ok
q004807,0.27945199999999998,5120.00000000000000000,-0.17058924193337849,0.05075006730327097,0.42615216602283473,ok
q004808,0.27945199999999998,5125.00000000000000000,-0.16961315596032300,0.05048803816923581,0.42505060304432790,ok
q004809,0.27945199999999998,5130.00000000000000000,-0.16863802180211684,0.05022626454878000,0.42394725618728524,ok
q004810,0.27945199999999998,5140.00000000000000000,-0.16669060151772122,0.04970348185872112,0.42173514636888298,ok
q004811,0.27945199999999998,5150.00000000000000000,-0.16474696630915017,0.04918171526782557,0.41951570575924246,ok
q004812,0.27945199999999998,5160.00000000000000000,-0.16280710149132355,0.04866096083390083,0.41728880048419215,ok
q004813,0.27945199999999998,5170.00000000000000000,-0.16087099246445713,0.04814121463765196,0.41505429349716921,ok
q004814,0.27945199999999998,5175.00000000000000000,-0.15990434183336211,0.04788171841009376,0.41393414563986564,ok
q004815,0.27945199999999998,5180.00000000000000000,-0.15893862471340331,0.04762247278250461,0.41281204446787134,ok
q004816,0.27945199999999998,5190.00000000000000000,-0.15700998380699771,0.04712063309713806,0.41063120294434580,ok
q004817,0.27945199999999998,5200.00000000000000000,-0.15508505539741327,0.04663247344348674,0.40849863974016254,ok
q004818,0.27945199999999998,5210.00000000000000000,-0.15316382521951938,0.04614525165718270,0.40635901442222555,ok
q004819,0.27945199999999998,5225.00000000000000000,-0.15028888313392019,0.04541616961663207,0.40313605401101410,ok
q004820,0.27945199999999998,5230.00000000000000000,-0.14933240290796346,0.04517360732002793,0.40205806215198669,ok
q004821,0.27945199999999998,5250.00000000000000000,-0.14551560438126257,0.04420567155806709,0.39772728466254698,ok
q004822,0.27945199999999998,5270.00000000000000000,-0.14171331843152393,0.04324141616910519,0.39336556859168403,ok
q004823,0.27945199999999998,5275.00000000000000000,-0.14076500162266470,0.04300092410578508,0.39227016970511930,ok
q004824,0.27945199999999998,5280.00000000000000000,-0.13981758326662488,0.04276065988907734,0.39117274555001019,ok
q004825,0.27945199999999998,5290.00000000000000000,-0.13792543511458696,0.04228081327142821,0.38897174490422803,ok
q004826,0.27945199999999998,5300.00000000000000000,-0.13603686042671881,0.04182580847419312,0.38687312464617890,ok
q004827,0.27945199999999998,5310.00000000000000000,-0.13415184573094746,0.04137226639970894,0.38476985987361767,ok
q004828,0.27945199999999998,5320.00000000000000000,-0.13227037763124189,0.04091957765042197,0.38265902462516727,ok
q004829,0.27945199999999998,5325.00000000000000000,-0.13133096938930608,0.04069355227046558,0.38160072413173513,ok
q004830,0.27945199999999998,5330.00000000000000000,-0.13039244280704182,0.04046773902135215,0.38054047785282619,ok
q004831,0.27945199999999998,5340.00000000000000000,-0.12851802801269149,0.04001674732554173,0.37841407496943130,ok
q004832,0.27945199999999998,5350.00000000000000000,-0.12664712007687975,0.03956659939392056,0.37627966771846882,ok
q004833,0.27945199999999998,5375.00000000000000000,-0.12198510697106839,0.03844490039601597,0.37090762282085665,ok
q004834,0.27945199999999998,5380.00000000000000000,-0.12105530681110195,0.03822118675900672,0.36982687924555790,ok
q004835,0.27945199999999998,5390.00000000000000000,-0.11919829606388918,0.03777438254654106,0.36765889366059495,ok
q004836,0.27945199999999998,5400.00000000000000000,-0.11734472741456625,0.03733210626942584,0.36550021405198208,ok
q004837,0.27945199999999998,5410.00000000000000000,-0.11549458812640477,0.03690757050224878,0.36341606192645398,ok
q004838,0.27945199999999998,5420.00000000000000000,-0.11364786553324005,0.03648381873508781,0.36132377053139403,ok
q004839,0.27945199999999998,5425.00000000000000000,-0.11272578155827163,0.03627223594766218,0.36027452382613800,ok
q004840,0.27945199999999998,5430.00000000000000000,-0.11180454703895093,0.03606084807761784,0.35922318324947583,ok
q004841,0.27945199999999998,5440.00000000000000000,-0.10996462011694372,0.03563865565546769,0.35711413928739816,ok
q004842,0.27945199999999998,5450.00000000000000000,-0.10812807230964223,0.03521723861010304,0.35499647351379526,ok
q004843,0.27945199999999998,5460.00000000000000000,-0.10629489122798125,0.03479659409871019,0.35287001628903719,ok
q004844,0.27945199999999998,5470.00000000000000000,-0.10446506455090505,0.03437671929408101,0.35073459328642059,ok
q004845,0.27945199999999998,5475.00000000000000000,-0.10355140528223036,0.03416706965253932,0.34966346381364050,ok
q004846,0.27945199999999998,5480.00000000000000000,-0.10263858002487083,0.03395761138449897,0.34859002530421118,ok
q004847,0.27945199999999998,5490.00000000000000000,-0.10081542546335570,0.03353926757362606,0.34643612806795848,ok
q004848,0.27945199999999998,5500.00000000000000000,-0.09899558874636971,0.03312168508039100,0.34427271202246218,ok
q004849,0.27945199999999998,5510.00000000000000000,-0.09717905781997180,0.03270819172157313,0.34211700095966824,ok
q004850,0.27945199999999998,5520.00000000000000000,-0.09536582069579096,0.03231254748174962,0.34004155085500914,ok
q004851,0.27945199999999998,5525.00000000000000000,-0.09446043358097837,0.03211499406084894,0.33900047907069453,ok
q004852,0.27945199999999998,5530.00000000000000000,-0.09355586545055157,0.03191761934048910,0.33795714636650015,ok
q004853,0.27945199999999998,5540.00000000000000000,-0.09174918022560254,0.03152340471026071,0.33586360699435558,ok
q004854,0.27945199999999998,5550.00000000000000000,-0.08994575322645181,0.03112990101753297,0.33376074704477293,ok
q004855,0.27945199999999998,5560.00000000000000000,-0.08814557272230392,0.03073710570267284,0.33164837541377012,ok
q004856,0.27945199999999998,5570.00000000000000000,-0.08634862704560224,0.03034501621984585,0.32952629535939532,ok
q004857,0.27945199999999998,5575.00000000000000000,-0.08545136363861243,0.03014923537362017,0.32846155159110940,ok
q004858,0.27945199999999998,5580.00000000000000000,-0.08455490459157543,0.02995363003691712,0.32739430426153671,ok
q004859,0.27945199999999998,5590.00000000000000000,-0.08276439381778718,0.02956294463535317,0.32525219336849459,ok
q004860,0.27945199999999998,5600.00000000000000000,-0.08097708324369139,0.02917295751012479,0.32309974752941761,ok
q004861,0.27945199999999998,5620.00000000000000000,-0.07741201707919519,0.02839506813550159,0.31876295670174803,ok
q004862,0.27945199999999998,5625.00000000000000000,-0.07652273289431105,0.02821365664019788,0.31774306263365804,ok
q004863,0.27945199999999998,5630.00000000000000000,-0.07563423883319598,0.02803474958681669,0.31673403213689622,ok
q004864,0.27945199999999998,5635.00000000000000000,-0.07474653349305536,0.02785600135019259,0.31572267687094258,ok
q004865,0.27945199999999998,5640.00000000000000000,-0.07385961547482744,0.02767741164861067,0.31470897282138405,ok
q004866,0.27945199999999998,5645.00000000000000000,-0.07297348338316961,0.02749898020110493,0.31369289561526531,ok
q004867,0.27945199999999998,5650.00000000000000000,-0.07208813582644537,0.02732070672745561,0.31267442051342087,ok
q004868,0.27945199999999998,5655.00000000000000000,-0.07120357141671116,0.02714259094818657,0.31165352240259642,ok
q004869,0.27945199999999998,5660.00000000000000000,-0.07031978876970335,0.02696463258456266,0.31063017578735219,ok
q004870,0.27945199999999998,5665.00000000000000000,-0.06943678650482528,0.02678683135858711,0.30960435478174059,ok
q004871,0.27945199999999998,5670.00000000000000000,-0.06855456324513420,0.02660918699299889,0.30857603310075088,ok
q004872,0.27945199999999998,5675.00000000000000000,-0.06767311761732851,0.02643169921127018,0.30754518405151238,ok
q004873,0.27945199999999998,5680.00000000000000000,-0.06679244825173489,0.02625436773760371,0.30651178052424832,ok
q004874,0.27945199999999998,5685.00000000000000000,-0.06591255378229562,0.02607719229693028,0.30547579498297112,ok
q004875,0.27945199999999998,5695.00000000000000000,-0.06415508408564950,0.02572330841791021,0.30339596552566361,ok
q004876,0.27945199999999998,5700.00000000000000000,-0.06327750614429048,0.02554659943304222,0.30235206431906214,ok
q004877,0.27945199999999998,5705.00000000000000000,-0.06240069767075598,0.02537004538811945,0.30130546649673734,ok
q004878,0.27945199999999998,5710.00000000000000000,-0.06152465731687608,0.02519364601167458,0.30025614224238090,ok
q004879,0.27945199999999998,5715.00000000000000000,-0.06064938373802093,0.02501740103295310,0.29920406125168625,ok
q004880,0.27945199999999998,5720.00000000000000000,-0.05977487559308837,0.02484131018191085,0.29814919272095913,ok
q004881,0.27945199999999998,5725.00000000000000000,-0.05890113154449154,0.02466537318921150,0.29709150533538586,ok
q004882,0.27945199999999998,5730.00000000000000000,-0.05802815025814668,0.02448958978622413,0.29603096725694611,ok
q004883,0.27945199999999998,5735.00000000000000000,-0.05715593040346097,0.02431395970502071,0.29496754611195797,ok
q004884,0.27945199999999998,5740.00000000000000000,-0.05628447065331992,0.02415683791852770,0.29401293104040083,ok
q004885,0.27945199999999998,5745.00000000000000000,-0.05541376968407596,0.02400184080421692,0.29306817802980412,ok
q004886,0.27945199999999998,5750.00000000000000000,-0.05454382617553587,0.02384697852864808,0.29212119546470688,ok
q004887,0.27945199999999998,5755.00000000000000000,-0.05367463881094897,0.02369225085742090,0.29117196015111674,ok
q004888,0.27945199999999998,5760.00000000000000000,-0.05280620627699505,0.02353765755674577,0.29022044854325962,ok
q004889,0.27945199999999998,5765.00000000000000000,-0.05193852726377256,0.02338319839344165,0.28926663673595138,ok
q004890,0.27945199999999998,5770.00000000000000000,-0.05107160046478670,0.02322887313493394,0.28831050045675632,ok
q004891,0.27945199999999998,5780.00000000000000000,-0.04933999830050877,0.02292062340502904,0.28639115550810818,ok
q004892,0.27945199999999998,5785.00000000000000000,-0.04847532033915509,0.02276669847149609,0.28542789638382515,ok
q004893,0.27945199999999998,5790.00000000000000000,-0.04761138939989110,0.02261290651848380,0.28446221186070081,ok
q004894,0.27945199999999998,5795.00000000000000000,-0.04674820419307993,0.02245924731641852,0.28349407570444130,ok
q004895,0.27945199999999998,5800.00000000000000000,-0.04588576343242130,0.02230572063632058,0.28252346126155120,ok
q004896,0.27945199999999998,5805.00000000000000000,-0.04502406583494011,0.02215232624980223,0.28155034144977936,ok
q004897,0.27945199999999998,5810.00000000000000000,-0.04416311012097506,0.02199906392906560,0.28057468874828445,ok
q004898,0.27945199999999998,5815.00000000000000000,-0.04330289501416716,0.02184593344690071,0.27959647518750980,ok
q004899,0.27945199999999998,5820.00000000000000000,-0.04244341924144845,0.02169293457668341,0.27861567233875678,ok
q004900,0.27945199999999998,5825.00000000000000000,-0.04158468153303062,0.02154006709237340,0.27763225130344621,ok
q004901,0.27945199999999998,5830.00000000000000000,-0.04072668062239387,0.02138733076851218,0.27664618270205565,ok
q004902,0.27945199999999998,5835.00000000000000000,-0.03986941524627567,0.02123472538022113,0.27565743666272158,ok
q004903,0.27945199999999998,5840.00000000000000000,-0.03901288414465928,0.02108225070319941,0.27466598280949200,ok
q004904,0.27945199999999998,5845.00000000000000000,-0.03815708606076322,0.02092990651372209,0.27367179025021959,ok
q004905,0.27945199999999998,5850.00000000000000000,-0.03730201974102982,0.02077769258863814,0.27267482756407779,ok
q004906,0.27945199999999998,5855.00000000000000000,-0.03644768393511427,0.02063817713263070,0.27175782418262684,ok
q004907,0.27945199999999998,5860.00000000000000000,-0.03559407739587368,0.02051170624480098,0.27092387772769833,ok
q004908,0.27945199999999998,5865.00000000000000000,-0.03474119887935613,0.02038534322128101,0.27008807087069908,ok
q004909,0.27945199999999998,5870.00000000000000000,-0.03388904714478982,0.02025908787823723,0.26925038506484728,ok
q004910,0.27945199999999998,5875.00000000000000000,-0.03303762095457223,0.02013294003230568,0.26841080149575858,ok
q004911,0.27945199999999998,5880.00000000000000000,-0.03218691907425932,0.02000689950059034,0.26756930107591903,ok
q004912,0.27945199999999998,5885.00000000000000000,-0.03133694027255494,0.01988096610066158,0.26672586443901042,ok
q004913,0.27945199999999998,5890.00000000000000000,-0.03048768332129963,0.01975513965055452,0.26588047193408404,ok
q004914,0.27945199999999998,5895.00000000000000000,-0.02963914699546071,0.01962941996876755,0.26503310361957849,ok
q004915,0.27945199999999998,5900.00000000000000000,-0.02879133007312118,0.01950380687426065,0.26418373925717481,ok
q004916,0.27945199999999998,5905.00000000000000000,-0.02794423133546931,0.01937830018645391,0.26333235830548513,ok
q004917,0.27945199999999998,5915.00000000000000000,-0.02625218355444481,0.01912760531091225,0.26162346291426530,ok
q004918,0.27945199999999998,5920.00000000000000000,-0.02540723208888059,0.01900241676430389,0.26076590581735531,ok
q004919,0.27945199999999998,5935.00000000000000000,-0.02287665292316362,0.01862748454541963,0.25818053404359997,ok
q004920,0.27945199999999998,5940.00000000000000000,-0.02203454761024141,0.01850271768659713,0.25731443494221345,ok
q004921,0.27945199999999998,5945.00000000000000000,-0.02119315084204981,0.01837805580621262,0.25644614319274195,ok
q004922,0.27945199999999998,5950.00000000000000000,-0.02035246142725656,0.01825349872775756,0.25557563521161358,ok
q004923,0.27945199999999998,5955.00000000000000000,-0.01951247817753151,0.01812904627516820,0.25470288703852739,ok
q004924,0.27945199999999998,5960.00000000000000000,-0.01867319990753653,0.01800469827282407,0.25382787432787918,ok
q004925,0.27945199999999998,5965.00000000000000000,-0.01783462543491548,0.01788045454554655,0.25295057233993623,ok
q004926,0.27945199999999998,5970.00000000000000000,-0.01699675358028418,0.01775631491859732,0.25207095593175083,ok
q004927,0.27945199999999998,5975.00000000000000000,-0.01615958316722053,0.01764995037625125,0.25131483946328681,ok
q004928,0.27945199999999998,5980.00000000000000000,-0.01532311302225451,0.01755516825507143,0.25063913731092913,ok
q004929,0.27945199999999998,5985.00000000000000000,-0.01448734197485851,0.01746046535004892,0.24996217561686032,ok
q004930,0.27945199999999998,5990.00000000000000000,-0.01365226885743699,0.01736584152888113,0.24928394317016028,ok
q004931,0.27945199999999998,5995.00000000000000000,-0.01281789250531739,0.01727129665959665,0.24860442862057960,ok
q004932,0.27945199999999998,6000.00000000000000000,-0.01198421175673995,0.01717683061055414,0.24792362047604091,ok
q004933,0.27945199999999998,6005.00000000000000000,-0.01115122545284807,0.01708244325044122,0.24724150710008344,ok
q004934,0.27945199999999998,6010.00000000000000000,-0.01031893243767871,0.01698813444827338,0.24655807670924840,ok
q004935,0.27945199999999998,6015.00000000000000000,-0.00948733155815271,0.01689390407339289,0.24587331737040349,ok
q004936,0.27945199999999998,6020.00000000000000000,-0.00865642166406523,0.01679975199546773,0.24518721699800533,ok
q004937,0.27945199999999998,6025.00000000000000000,-0.00782620160807620,0.01670567808449046,0.24449976335129700,ok
q004938,0.27945199999999998,6030.00000000000000000,-0.00699667024570081,0.01661168221077721,0.24381094403144021,ok
q004939,0.27945199999999998,6040.00000000000000000,-0.00533966903807139,0.01642392405801848,0.24242915796883271,ok
q004940,0.27945199999999998,6050.00000000000000000,-0.00368540894204485,0.01623647650615050,0.24104175634450173,ok
q004941,0.27945199999999998,6060.00000000000000000,-0.00203388090357184,0.01604933852924065,0.23964863396807962,ok
q004942,0.27945199999999998,6070.00000000000000000,-0.00038507591338801,0.01586250910643100,0.23824968281989345,ok
q004943,0.27945199999999998,6075.00000000000000000,0.00043830824181726,0.01576920978517503,0.23754798689969181,ok
q004944,0.27945199999999998,6080.00000000000000000,0.00126101499328065,0.01567598722190491,0.23684479194115921,ok
q004945,0.27945199999999998,6090.00000000000000000,0.00290440073701069,0.01548977186485382,0.23543384731866898,ok
q004946,0.27945199999999998,6100.00000000000000000,0.00454509019447062,0.01533798371522000,0.23427746985174835,ok
q004947,0.27945199999999998,6120.00000000000000000,0.00781841553943981,0.01507769097517614,0.23228106464040907,ok
q004948,0.27945199999999998,6125.00000000000000000,0.00863507544599568,0.01501275070118594,0.23178030250892295,ok
q004949,0.27945199999999998,6130.00000000000000000,0.00945106896332515,0.01494786341804124,0.23127886608143644,ok
q004950,0.27945199999999998,6140.00000000000000000,0.01108106117425624,0.01481824747886017,0.23027395002870296,ok
q004951,0.27945199999999998,6150.00000000000000000,0.01270840083363167,0.01468884246888403,0.22926627537333202,ok
q004952,0.27945199999999998,6160.00000000000000000,0.01433309656063337,0.01455964770272100,0.22825580020780115,ok
q004953,0.27945199999999998,6170.00000000000000000,0.01595515693250143,0.01443066249831441,0.22724248180293571,ok
q004954,0.27945199999999998,6175.00000000000000000,0.01676520152924600,0.01436624826953376,0.22673474280236336,ok
q004955,0.27945199999999998,6180.00000000000000000,0.01757459048480441,0.01430188617692132,0.22622627658405806,ok
q004956,0.27945199999999998,6190.00000000000000000,0.01919140571170977,0.01417331806309095,0.22520714010625073,ok
q004957,0.27945199999999998,6200.00000000000000000,0.02080561106625092,0.01404495748464349,0.22418502702869536,ok
q004958,0.27945199999999998,6210.00000000000000000,0.02241721496059247,0.01391680377264898,0.22315989108804390,ok
q004959,0.27945199999999998,6220.00000000000000000,0.02402622576629317,0.01379787535990478,0.22220431981338665,ok
q004960,0.27945199999999998,6225.00000000000000000,0.02482976136597631,0.01375906826998250,0.22189162041060828,ok
q004961,0.27945199999999998,6230.00000000000000000,0.02563265181456689,0.01372029233790372,0.22157873131098946,ok
q004962,0.27945199999999998,6240.00000000000000000,0.02723650139654144,0.01364283374742678,0.22095237917886848,ok
q004963,0.27945199999999998,6250.00000000000000000,0.02883778276351529,0.01356549918997403,0.22032525366822864,ok
q004964,0.27945199999999998,6260.00000000000000000,0.03043650412721213,0.01348828826895681,0.21969734492642959,ok
q004965,0.27945199999999998,6270.00000000000000000,0.03203267366003432,0.01341120058968552,0.21906864299504933,ok
q004966,0.27945199999999998,6275.00000000000000000,0.03282980403305269,0.01337270284288039,0.21875399144184865,ok
q004967,0.27945199999999998,6280.00000000000000000,0.03362629949531232,0.01333423575935754,0.21843913780790561,ok
q004968,0.27945199999999998,6290.00000000000000000,0.03521738972755419,0.01325739338704520,0.21780881918903305,ok
q004969,0.27945199999999998,6300.00000000000000000,0.03680595241269206,0.01318067308368386,0.21717767685061495,ok
q004970,0.27945199999999998,6310.00000000000000000,0.03839199556832686,0.01310407446206011,0.21654570039086907,ok
q004971,0.27945199999999998,6320.00000000000000000,0.03997552717397115,0.01302759713680004,0.21591287929188521,ok
q004972,0.27945199999999998,6330.00000000000000000,0.04155655517128994,0.01295124072435759,0.21527920291741401,ok
q004973,0.27945199999999998,6350.00000000000000000,0.04471113191980544,0.01282100343624500,0.21419404734893521,ok
q004974,0.27945199999999998,6375.00000000000000000,0.04864041005969495,0.01274383163381932,0.21354843915770919,ok
q004975,0.27945199999999998,6400.00000000000000000,0.05255430938083123,0.01266696187444585,0.21290341156077225,ok
q004976,0.27945199999999998,6425.00000000000000000,0.05645294979648850,0.01259039180300409,0.21225894999892089,ok
q004977,0.27945199999999998,6450.00000000000000000,0.06033644982288628,0.01251411909181197,0.21161503996296707,ok
q004978,0.27945199999999998,6475.00000000000000000,0.06420492660080655,0.01243979097383483,0.21098565595116570,ok
q004979,0.27945199999999998,6500.00000000000000000,0.06805849591679648,0.01246419028423700,0.21119246741319922,ok
q004980,0.27945199999999998,6550.00000000000000000,0.07572136866236570,0.01251270863057002,0.21160311410463822,ok
q004981,0.27945199999999998,6600.00000000000000000,0.08332596804758491,0.01256085801252462,0.21200985163788949,ok
q004982,0.27945199999999998,6650.00000000000000000,0.09087317368296792,0.01275633779153360,0.21365319633130606,ok
q004983,0.27945199999999998,6700.00000000000000000,0.09836384541212542,0.01297319459888870,0.21546158742924978,ok
q004984,0.27945199999999998,6800.00000000000000000,0.11317893119726607,0.01356632991779066,0.22033199973456707,ok
q004985,0.27945199999999998,6900.00000000000000000,0.12777773061841874,0.01431343026558797,0.22631755997765376,ok
q004986,0.27945199999999998,7000.00000000000000000,0.14216646807051836,0.01522568162598189,0.23341822439991108,ok
q004987,0.27945199999999998,7100.00000000000000000,0.15635110306247479,0.01626276981235548,0.24123684857812014,ok
q004988,0.27945199999999998,7400.00000000000000000,0.19773631922532911,0.01987860549211763,0.26671002883920408,ok
q004989,0.27945199999999998,7600.00000000000000000,0.22440456630749045,0.02268103556049454,0.28489040897474616,ok
q004990,0.27945199999999998,7800.00000000000000000,0.25038005271075109,0.02580134981017621,0.30385585022910078,ok
q004991,0.29863000000000001,2200.00000000000000000,-1.01610129148041928,0.43357746115901297,1.20494335744699521,ok
q004992,0.29863000000000001,2400.00000000000000000,-0.92908991449078948,0.38349439512324635,1.13321624951083266,ok
q004993,0.29863000000000001,2600.00000000000000000,-0.84904720681725299,0.33920812634837333,1.06577715500918924,ok
q004994,0.29863000000000001,2800.00000000000000000,-0.77493923466353121,0.29972875058560045,1.00183796299971850,ok
q004995,0.29863000000000001,2900.00000000000000000,-0.73984791485226109,0.28153743783444107,0.97096004673961844,ok
q004996,0.29863000000000001,3100.00000000000000000,-0.67315654035358885,0.24788203028466846,0.91107851481469193,ok
q004997,0.29863000000000001,3200.00000000000000000,-0.64140784203900847,0.23227227122367511,0.88192563441868210,ok
q004998,0.29863000000000001,3300.00000000000000000,-0.61063618337225489,0.21744736596857597,0.85331692266937575,ok
q004999,0.29863000000000001,3400.00000000000000000,-0.58078322022257378,0.20333113934499303,0.82515441927036048,ok
q005000,0.29863000000000001,3500.00000000000000000,-0.55179568334932139,0.18994820662971121,0.79753707585793021,ok
q005001,0.29863000000000001,3600.00000000000000000,-0.52362480638262510,0.17723042003011641,0.77037541774462082,ok
q005002,0.29863000000000001,3700.00000000000000000,-0.49622583219451055,0.16520931711266346,0.74379036954554334,ok
q005003,0.29863000000000001,3800.00000000000000000,-0.46955758511234930,0.15382138663297518,0.71769784776957657,ok
q005004,0.29863000000000001,3900.00000000000000000,-0.44358209870908871,0.14301480620395285,0.69202818663489907,ok
q005005,0.29863000000000001,3950.00000000000000000,-0.43084307293165880,0.13784171396072428,0.67939698488471079,ok
q005006,0.29863000000000001,4000.00000000000000000,-0.41826429072479876,0.13277961844805819,0.66680522007087906,ok
q005007,0.29863000000000001,4050.00000000000000000,-0.40584177072624161,0.12787208302823141,0.65436664325755634,ok
q005008,0.29863000000000001,4100.00000000000000000,-0.39357167813442728,0.12309098089229241,0.64201680959849239,ok
q005009,0.29863000000000001,4150.00000000000000000,-0.38145031760208253,0.11841818303873196,0.62971273948970719,ok
q005010,0.29863000000000001,4300.00000000000000000,-0.34594362914517263,0.10521834843387572,0.59357967703042525,ok
q005011,0.29863000000000001,4350.00000000000000000,-0.33438280674409671,0.10105417716540530,0.58171520811187594,ok
q005012,0.29863000000000001,4400.00000000000000000,-0.32295411092047399,0.09700052714715190,0.56992844110315621,ok
q005013,0.29863000000000001,4450.00000000000000000,-0.31165455566654049,0.09307744448755993,0.55828442014812585,ok
q005014,0.29863000000000001,4500.00000000000000000,-0.30048125506841528,0.08923214090264976,0.54663059973460892,ok
q005015,0.29863000000000001,4550.00000000000000000,-0.28943141888183033,0.08553539156116760,0.53518780242409814,ok
q005016,0.29863000000000001,4600.00000000000000000,-0.27850234834964011,0.08189766608746300,0.52368368695527068,ok
q005017,0.29863000000000001,4625.00000000000000000,-0.27308228088030084,0.08014664536132195,0.51805510471605098,ok
q005018,0.29863000000000001,4650.00000000000000000,-0.26769143224542452,0.07840506414585630,0.51239553905821733,ok
q005019,0.29863000000000001,4675.00000000000000000,-0.26232948910403908,0.07667282121233791,0.50670361729435542,ok
q005020,0.29863000000000001,4700.00000000000000000,-0.25699614312867641,0.07497285622434212,0.50105489705170903,ok
q005021,0.29863000000000001,4725.00000000000000000,-0.25169109089898334,0.07331734020244282,0.49549198467403160,ok
q005022,0.29863000000000001,4750.00000000000000000,-0.24641403379813950,0.07167056045350340,0.48989576278874247,ok
q005023,0.29863000000000001,4760.00000000000000000,-0.24431098360136078,0.07101427411646444,0.48764762001625633,ok
q005024,0.29863000000000001,4770.00000000000000000,-0.24221234694443949,0.07035936508649634,0.48539381568176243,ok
q005025,0.29863000000000001,4775.00000000000000000,-0.24116467791199586,0.07003242525748762,0.48426475949620368,ok
q005026,0.29863000000000001,4780.00000000000000000,-0.24011810534132480,0.06970582759476744,0.48313425056028936,ok
q005027,0.29863000000000001,4800.00000000000000000,-0.23594273393084414,0.06843836881134970,0.47872169305603518,ok
q005028,0.29863000000000001,4830.00000000000000000,-0.22971218418020811,0.06656916572239059,0.47213896098609781,ok
q005029,0.29863000000000001,4840.00000000000000000,-0.22764393111614900,0.06594867713457477,0.46993341511549791,ok
q005030,0.29863000000000001,4850.00000000000000000,-0.22557994689529759,0.06532946922586905,0.46772205348666357,ok
q005031,0.29863000000000001,4875.00000000000000000,-0.22043854739487886,0.06378701788330905,0.46216753195173660,ok
q005032,0.29863000000000001,4880.00000000000000000,-0.21941343197963351,0.06347947697963187,0.46105204512296077,ok
q005033,0.29863000000000001,4900.00000000000000000,-0.21532344672810852,0.06229672661117858,0.45673668606658302,ok
q005034,0.29863000000000001,4925.00000000000000000,-0.21023437722063718,0.06083695828078421,0.45135372282220326,ok
q005035,0.29863000000000001,4940.00000000000000000,-0.20719332064485826,0.05996464988064500,0.44810618055264084,ok
q005036,0.29863000000000001,4950.00000000000000000,-0.20517107526409040,0.05938458121410441,0.44593353359572951,ok
q005037,0.29863000000000001,4975.00000000000000000,-0.20013328123413332,0.05793952093949337,0.44047446107643351,ok
q005038,0.29863000000000001,5000.00000000000000000,-0.19512073941058899,0.05654967719037460,0.43515937861333803,ok
q005039,0.29863000000000001,5020.00000000000000000,-0.19112871814105151,0.05546151768796692,0.43095225519516700,ok
q005040,0.29863000000000001,5025.00000000000000000,-0.19013319789954999,0.05519015520327891,0.42989667939154474,ok
q005041,0.29863000000000001,5030.00000000000000000,-0.18913866773304155,0.05491906259679022,0.42883955900423076,ok
q005042,0.29863000000000001,5040.00000000000000000,-0.18715256976141209,0.05437768487492462,0.42672063013441786,ok
q005043,0.29863000000000001,5050.00000000000000000,-0.18517040855742092,0.05383738025132808,0.42459535843176044,ok
q005044,0.29863000000000001,5060.00000000000000000,-0.18319216854531525,0.05329814448030593,0.42246363134374493,ok
q005045,0.29863000000000001,5075.00000000000000000,-0.18023212691683829,0.05249128569672969,0.41925368453944267,ok
q005046,0.29863000000000001,5090.00000000000000000,-0.17728082128225797,0.05170142650366281,0.41608738199089906,ok
q005047,0.29863000000000001,5100.00000000000000000,-0.17531811211440931,0.05119505819266871,0.41404477012699947,ok
q005048,0.29863000000000001,5110.00000000000000000,-0.17335924762907626,0.05068968178889328,0.41199606237523145,ok
q005049,0.29863000000000001,5120.00000000000000000,-0.17140421279327298,0.05018529341390779,0.40994115150124005,ok
q005050,0.29863000000000001,5125.00000000000000000,-0.17042812682021749,0.04993346853141493,0.40891133574284194,ok
q005051,0.29863000000000001,5130.00000000000000000,-0.16945299266201116,0.04968188921198637,0.40787992792308314,ok
q005052,0.29863000000000001,5140.00000000000000000,-0.16750557237761565,0.04917946534992947,0.40581227963416389,ok
q005053,0.29863000000000001,5150.00000000000000000,-0.16556193716904466,0.04867801801688851,0.40373809212293837,ok
q005054,0.29863000000000001,5170.00000000000000000,-0.16168596332435164,0.04767803780517646,0.39956962835700610,ok
q005055,0.29863000000000001,5180.00000000000000000,-0.15975359557329766,0.04717949741501096,0.39747510978332640,ok
q005056,0.29863000000000001,5200.00000000000000000,-0.15590002625730767,0.04621457183074724,0.39338948713334765,ok
q005057,0.29863000000000001,5210.00000000000000000,-0.15397879607941384,0.04574469508508802,0.39138452624841036,ok
q005058,0.29863000000000001,5225.00000000000000000,-0.15110385399381471,0.04504156828295704,0.38836495609824939,ok
q005059,0.29863000000000001,5250.00000000000000000,-0.14633057524115697,0.04387416381876012,0.38329902021376105,ok
q005060,0.29863000000000001,5260.00000000000000000,-0.14442762509507093,0.04340875783457197,0.38126063080503741,ok
q005061,0.29863000000000001,5270.00000000000000000,-0.14252828929141839,0.04294423581289904,0.37921518741501176,ok
q005062,0.29863000000000001,5275.00000000000000000,-0.14157997248255924,0.04271230523991109,0.37818978008527054,ok
q005063,0.29863000000000001,5300.00000000000000000,-0.13685183128661324,0.04156835285642894,0.37309092962104051,ok
q005064,0.29863000000000001,5310.00000000000000000,-0.13496681659084198,0.04113011740208709,0.37111905825031599,ok
q005065,0.29863000000000001,5320.00000000000000000,-0.13308534849113635,0.04069270647401639,0.36914039342412308,ok
q005066,0.29863000000000001,5325.00000000000000000,-0.13214594024920051,0.04047430923889628,0.36814847484519764,ok
q005067,0.29863000000000001,5330.00000000000000000,-0.13120741366693625,0.04025611697540191,0.36715481118673071,ok
q005068,0.29863000000000001,5340.00000000000000000,-0.12933299887258587,0.03982034582684270,0.36516218457773503,ok
q005069,0.29863000000000001,5350.00000000000000000,-0.12746209093677424,0.03938538996622182,0.36316238352490970,ok
q005070,0.29863000000000001,5360.00000000000000000,-0.12559467676197872,0.03895124634857692,0.36115527473215042,ok
q005071,0.29863000000000001,5375.00000000000000000,-0.12280007783096286,0.03830154725870542,0.35813060969305699,ok
q005072,0.29863000000000001,5380.00000000000000000,-0.12187027767099627,0.03808538374737355,0.35711858391413825,ok
q005073,0.29863000000000001,5390.00000000000000000,-0.12001326692378360,0.03765365875851903,0.35508871809447218,ok
q005074,0.29863000000000001,5400.00000000000000000,-0.11815969827446074,0.03722273400179853,0.35305097668290469,ok
q005075,0.29863000000000001,5420.00000000000000000,-0.11446283639313458,0.03639783079856120,0.34911702955698953,ok
q005076,0.29863000000000001,5425.00000000000000000,-0.11354075241816614,0.03619337578180918,0.34813511323426555,ok
q005077,0.29863000000000001,5440.00000000000000000,-0.11077959097683815,0.03558113945185772,0.34517808005132833,ok
q005078,0.29863000000000001,5450.00000000000000000,-0.10894304316953662,0.03517391904362910,0.34319714210624602,ok
q005079,0.29863000000000001,5460.00000000000000000,-0.10710986208787571,0.03476744514435838,0.34120836673610189,ok
q005080,0.29863000000000001,5470.00000000000000000,-0.10528003541079961,0.03436171502208000,0.33921160260530903,ok
q005081,0.29863000000000001,5475.00000000000000000,-0.10436637614212489,0.03415912802766995,0.33821017635346684,ok
q005082,0.29863000000000001,5480.00000000000000000,-0.10345355088476521,0.03395672595979807,0.33720669430740108,ok
q005083,0.29863000000000001,5490.00000000000000000,-0.10163039632325016,0.03355247525537731,0.33519348220582734,ok
q005084,0.29863000000000001,5500.00000000000000000,-0.09981055960626413,0.03314896022143472,0.33317180226671778,ok
q005085,0.29863000000000001,5510.00000000000000000,-0.09799402867986630,0.03274617818523250,0.33114148588312087,ok
q005086,0.29863000000000001,5520.00000000000000000,-0.09618079155568540,0.03235849677980053,0.32917546062199227,ok
q005087,0.29863000000000001,5525.00000000000000000,-0.09527540444087292,0.03216779894322507,0.32820406496334548,ok
q005088,0.29863000000000001,5530.00000000000000000,-0.09437083631044596,0.03197727360584687,0.32723066830054076,ok
q005089,0.29863000000000001,5535.00000000000000000,-0.09346708568408917,0.03178692045587338,0.32625525112323989,ok
q005090,0.29863000000000001,5550.00000000000000000,-0.09076072408634624,0.03121689102510623,0.32331667736290054,ok
q005091,0.29863000000000001,5555.00000000000000000,-0.08986022875309603,0.03102722352367213,0.32233297760260715,ok
q005092,0.29863000000000001,5560.00000000000000000,-0.08896054358219843,0.03083772666328802,0.32134715566236494,ok
q005093,0.29863000000000001,5565.00000000000000000,-0.08806166711718125,0.03064840013718335,0.32035919034751348,ok
q005094,0.29863000000000001,5570.00000000000000000,-0.08716359790549671,0.03045924363941417,0.31936906016259253,ok
q005095,0.29863000000000001,5575.00000000000000000,-0.08626633449850687,0.03027025686486004,0.31837674330520432,ok
q005096,0.29863000000000001,5580.00000000000000000,-0.08536987545146985,0.03008143950922110,0.31738221765971569,ok
q005097,0.29863000000000001,5590.00000000000000000,-0.08357936467768157,0.02970431184157455,0.31538644993677012,ok
q005098,0.29863000000000001,5600.00000000000000000,-0.08179205410358585,0.02932785821837594,0.31338157355401475,ok
q005099,0.29863000000000001,5620.00000000000000000,-0.07822698793908968,0.02857696349754860,0.30934373359800477,ok
q005100,0.29863000000000001,5625.00000000000000000,-0.07733770375420553,0.02838965735260384,0.30832827863143464,ok
q005101,0.29863000000000001,5630.00000000000000000,-0.07644920969309031,0.02821579450656717,0.30738270260919554,ok
q005102,0.29863000000000001,5635.00000000000000000,-0.07556150435294978,0.02804313263053216,0.30644077065802122,ok
q005103,0.29863000000000001,5640.00000000000000000,-0.07467458633472185,0.02787062389143609,0.30549677376017015,ok
q005104,0.29863000000000001,5650.00000000000000000,-0.07290310668633986,0.02752606473918511,0.30360250205249784,ok
q005105,0.29863000000000001,5655.00000000000000000,-0.07201854227660562,0.02735401378539188,0.30265218495893187,ok
q005106,0.29863000000000001,5660.00000000000000000,-0.07113475962959780,0.02718211488725593,0.30169971833882869,ok
q005107,0.29863000000000001,5675.00000000000000000,-0.06848808847722301,0.02666732784503261,0.29882920052442735,ok
q005108,0.29863000000000001,5680.00000000000000000,-0.06760741911162936,0.02649603449131020,0.29786791336560409,ok
q005109,0.29863000000000001,5690.00000000000000000,-0.06584840370644984,0.02615389967911598,0.29593852823535782,ok
q005110,0.29863000000000001,5695.00000000000000000,-0.06497005494554391,0.02598305769133764,0.29497038271033332,ok
q005111,0.29863000000000001,5700.00000000000000000,-0.06409247700418487,0.02581236563072887,0.29399990290538847,ok
q005112,0.29863000000000001,5710.00000000000000000,-0.06233962817677054,0.02547143024005157,0.29205184129372053,ok
q005113,0.29863000000000001,5720.00000000000000000,-0.06058984645298291,0.02513109141204235,0.29009414120699478,ok
q005114,0.29863000000000001,5725.00000000000000000,-0.05971610240438606,0.02496114505734173,0.28911161181187123,ok
q005115,0.29863000000000001,5730.00000000000000000,-0.05884312111804118,0.02479134706263787,0.28812659406646990,ok
q005116,0.29863000000000001,5735.00000000000000000,-0.05797090126335533,0.02462169716912568,0.28713906085317120,ok
q005117,0.29863000000000001,5740.00000000000000000,-0.05709944151321437,0.02445219511867668,0.28614898461810595,ok
q005118,0.29863000000000001,5745.00000000000000000,-0.05622874054397039,0.02430131098931024,0.28526476643907056,ok
q005119,0.29863000000000001,5750.00000000000000000,-0.05535879703543028,0.02415118792366728,0.28438227979677155,ok
q005120,0.29863000000000001,5760.00000000000000000,-0.05362117713688954,0.02385133302098642,0.28261135738358562,ok
q005121,0.29863000000000001,5765.00000000000000000,-0.05275349812366703,0.02370160073126843,0.28172288152588598,ok
q005122,0.29863000000000001,5770.00000000000000000,-0.05188657132468115,0.02355199824849320,0.28083236868838368,ok
q005123,0.29863000000000001,5775.00000000000000000,-0.05102039543683219,0.02340252534778944,0.27993979808670055,ok
q005124,0.29863000000000001,5780.00000000000000000,-0.05015496916040330,0.02325318180486962,0.27904514862881363,ok
q005125,0.29863000000000001,5785.00000000000000000,-0.04929029119904946,0.02310396739602809,0.27814839890853926,ok
q005126,0.29863000000000001,5790.00000000000000000,-0.04842636025978545,0.02295488189813897,0.27724952719883811,ok
q005127,0.29863000000000001,5800.00000000000000000,-0.04670073429231573,0.02265709674560144,0.27544532925726328,ok
q005128,0.29863000000000001,5810.00000000000000000,-0.04497808098086957,0.02235982457377011,0.27363237430450743,ok
q005129,0.29863000000000001,5820.00000000000000000,-0.04325839010134291,0.02206306361830760,0.27181047624680321,ok
q005130,0.29863000000000001,5825.00000000000000000,-0.04239965239292507,0.02191487429784559,0.27089611380858730,ok
q005131,0.29863000000000001,5850.00000000000000000,-0.03811699060092428,0.02117583054268723,0.26628917325772872,ok
q005132,0.29863000000000001,5860.00000000000000000,-0.03640904825576809,0.02089385293583586,0.26451027658821574,ok
q005133,0.29863000000000001,5870.00000000000000000,-0.03470401800468431,0.02064694011627852,0.26294270836869876,ok
q005134,0.29863000000000001,5875.00000000000000000,-0.03385259181446670,0.02052364139994316,0.26215641642401316,ok
q005135,0.29863000000000001,5900.00000000000000000,-0.02960630093301566,0.01990871761572688,0.25819922013047070,ok
q005136,0.29863000000000001,5910.00000000000000000,-0.02791282042668253,0.01966347736475872,0.25660401311187331,ok
q005137,0.29863000000000001,5920.00000000000000000,-0.02622220294877510,0.01941865172134407,0.25500154936712421,ok
q005138,0.29863000000000001,5925.00000000000000000,-0.02537796482349450,0.01929639393984234,0.25419755047690851,ok
q005139,0.29863000000000001,5930.00000000000000000,-0.02453443883505526,0.01917423928596273,0.25339168197291073,ok
q005140,0.29863000000000001,5945.00000000000000000,-0.02200812170194421,0.01880839235390041,0.25096266688048940,ok
q005141,0.29863000000000001,5950.00000000000000000,-0.02116743228715094,0.01868664847654300,0.25014912658064464,ok
q005142,0.29863000000000001,5955.00000000000000000,-0.02032744903742599,0.01856500686200937,0.24933361853195674,ok
q005143,0.29863000000000001,5960.00000000000000000,-0.01948817076743099,0.01844346733864552,0.24851612220639213,ok
q005144,0.29863000000000001,5980.00000000000000000,-0.01613808388214900,0.01797538820454191,0.24534229420108541,ok
q005145,0.29863000000000001,5985.00000000000000000,-0.01530231283475287,0.01788133339043766,0.24469958517610665,ok
q005146,0.29863000000000001,5990.00000000000000000,-0.01446723971733144,0.01778735711898482,0.24405572244219562,ok
q005147,0.29863000000000001,6000.00000000000000000,-0.01279918261663436,0.01759963968008798,0.24276449549899565,ok
q005148,0.29863000000000001,6025.00000000000000000,-0.00864117246797073,0.01713171144448499,0.23951551913139538,ok
q005149,0.29863000000000001,6050.00000000000000000,-0.00450037980193929,0.01666572080546825,0.23623559388839910,ok
q005150,0.29863000000000001,6075.00000000000000000,-0.00037666261807718,0.01620165178279152,0.23292329747814411,ok
q005151,0.29863000000000001,6080.00000000000000000,0.00044604413338633,0.01610906717985236,0.23225682197953576,ok
q005152,0.29863000000000001,6100.00000000000000000,0.00373011933457616,0.01574565215255391,0.22962206028336457,ok
q005153,0.29863000000000001,6120.00000000000000000,0.00700344467954543,0.01548087098817171,0.22768319577677304,ok
q005154,0.29863000000000001,6125.00000000000000000,0.00782010458610132,0.01541481089998205,0.22719689071506796,ok
q005155,0.29863000000000001,6130.00000000000000000,0.00863609810343059,0.01534880471639910,0.22670994060340482,ok
q005156,0.29863000000000001,6140.00000000000000000,0.01026609031436172,0.01521695371166852,0.22573408592048469,ok
q005157,0.29863000000000001,6150.00000000000000000,0.01189342997373719,0.01508531727335450,0.22475559264869105,ok
q005158,0.29863000000000001,6160.00000000000000000,0.01351812570073894,0.01495389470424647,0.22377442095830588,ok
q005159,0.29863000000000001,6175.00000000000000000,0.01595023066935140,0.01475716033854137,0.22229755235557938,ok
q005160,0.29863000000000001,6200.00000000000000000,0.01999064020635643,0.01443032929394835,0.21982212593220274,ok
q005161,0.29863000000000001,6210.00000000000000000,0.02160224410069801,0.01429996573069226,0.21882693689671104,ok
q005162,0.29863000000000001,6225.00000000000000000,0.02401479050608191,0.01411305965647760,0.21739215691020619,ok
q005163,0.29863000000000001,6250.00000000000000000,0.02802281190362077,0.01390798657677222,0.21580694373609235,ok
q005164,0.29863000000000001,6260.00000000000000000,0.02962153326731786,0.01382618693522204,0.21517137497395927,ok
q005165,0.29863000000000001,6270.00000000000000000,0.03121770280013987,0.01374451785979528,0.21453494230239342,ok
q005166,0.29863000000000001,6280.00000000000000000,0.03281132863541791,0.01366297893434463,0.21389763475249748,ok
q005167,0.29863000000000001,6300.00000000000000000,0.03599098155279751,0.01350028987870196,0.21262035050867112,ok
q005168,0.29863000000000001,6310.00000000000000000,0.03757702470843236,0.01341913892609692,0.21198035123608239,ok
q005169,0.29863000000000001,6320.00000000000000000,0.03916055631407669,0.01333811647861705,0.21133943192277288,ok
q005170,0.29863000000000001,6350.00000000000000000,0.04389616105991088,0.01309581611313200,0.20941103679067594,ok
q005171,0.29863000000000001,6375.00000000000000000,0.04782543919980049,0.01300281885706091,0.20866616725509918,ok
q005172,0.29863000000000001,6400.00000000000000000,0.05173933852093686,0.01291138291754925,0.20793120171920285,ok
q005173,0.29863000000000001,6450.00000000000000000,0.05952147896299168,0.01272957769867501,0.20646207176274858,ok
q005174,0.29863000000000001,6500.00000000000000000,0.06724352505690206,0.01262884324238199,0.20564353896645640,ok
q005175,0.29863000000000001,6550.00000000000000000,0.07490639780247108,0.01264661836919188,0.20578820996252845,ok
q005176,0.29863000000000001,6600.00000000000000000,0.08251099718769046,0.01266425832262694,0.20593168031053410,ok
q005177,0.29863000000000001,6650.00000000000000000,0.09005820282307346,0.01280968522032067,0.20711068817765327,ok
q005178,0.29863000000000001,6700.00000000000000000,0.09754887455223094,0.01299473301529529,0.20860127732567454,ok
q005179,0.29863000000000001,6750.00000000000000000,0.10498385303974909,0.01318658612010761,0.21013552074718178,ok
q005180,0.29863000000000001,6900.00000000000000000,0.12696275975852439,0.01417279794731802,0.21785176392100206,ok
q005181,0.29863000000000001,7000.00000000000000000,0.14135149721062396,0.01501170946498314,0.22420658208648317,ok
q005182,0.29863000000000001,7400.00000000000000000,0.19692134836543473,0.01929407569363077,0.25418228051997993,ok
q005183,0.29863000000000001,7800.00000000000000000,0.24956508185085660,0.02477727408213152,0.28804480392556631,ok
q005184,0.35616399999999998,1800.00000000000000000,-1.21883769190551283,0.49731597143533224,1.18165635072631670,ok
q005185,0.35616399999999998,1900.00000000000000000,-1.16477047063523709,0.46777704223417310,1.14602592361614719,ok
q005186,0.35616399999999998,2000.00000000000000000,-1.11347717624768650,0.43975361234005406,1.11116792804585285,ok
q005187,0.35616399999999998,2100.00000000000000000,-1.06468701207825456,0.41311007913464021,1.07698061288299241,ok
q005188,0.35616399999999998,2200.00000000000000000,-1.01816699644336173,0.38788929582535081,1.04358754542922072,ok
q005189,0.35616399999999998,2300.00000000000000000,-0.97371523387252790,0.36423505239636478,1.01126705480425372,ok
q005190,0.35616399999999998,2400.00000000000000000,-0.93115561945373193,0.34212035533989232,0.98008659028295964,ok
q005191,0.35616399999999998,2600.00000000000000000,-0.85111291178019555,0.30198109846597071,0.92079906620453289,ok
q005192,0.35616399999999998,2700.00000000000000000,-0.81337258379734856,0.28370678784626524,0.89250334661125685,ok
q005193,0.35616399999999998,2800.00000000000000000,-0.77700493962647366,0.26651488174729038,0.86503906803158315,ok
q005194,0.35616399999999998,2900.00000000000000000,-0.74191361981520354,0.25031611249899566,0.83833846412333168,ok
q005195,0.35616399999999998,3000.00000000000000000,-0.70801206813952222,0.23502326739633220,0.81232612332156517,ok
q005196,0.35616399999999998,3050.00000000000000000,-0.69148276618831161,0.22771811737386047,0.79960183530156659,ok
q005197,0.35616399999999998,3100.00000000000000000,-0.67522224531653141,0.22060852241255713,0.78702065947273059,ok
q005198,0.35616399999999998,3150.00000000000000000,-0.65922190397009017,0.21368523121114910,0.77457280229364089,ok
q005199,0.35616399999999998,3200.00000000000000000,-0.64347354700195103,0.20697346020757307,0.76231123430072678,ok
q005200,0.35616399999999998,3250.00000000000000000,-0.62796936046598584,0.20044704769320307,0.75019613435017385,ok
q005201,0.35616399999999998,3300.00000000000000000,-0.61270188833519734,0.19408349763148211,0.73819193316829712,ok
q005202,0.35616399999999998,3350.00000000000000000,-0.59766401097065680,0.18789877746551115,0.72633499176272442,ok
q005203,0.35616399999999998,3400.00000000000000000,-0.58284892518551623,0.18189227802602784,0.71463144335026152,ok
q005204,0.35616399999999998,3450.00000000000000000,-0.56825012576436351,0.17602682203133577,0.70301471279928340,ok
q005205,0.35616399999999998,3500.00000000000000000,-0.55386138831226395,0.17032397918814907,0.69153296464155622,ok
q005206,0.35616399999999998,3575.00000000000000000,-0.53265918066166085,0.16205029086587650,0.67452786829776912,ok
q005207,0.35616399999999998,3600.00000000000000000,-0.52569051134556755,0.15935621054279869,0.66889736758706630,ok
q005208,0.35616399999999998,3625.00000000000000000,-0.51877006850099383,0.15671747276962525,0.66333620181509279,ok
q005209,0.35616399999999998,3650.00000000000000000,-0.51189718921323180,0.15409687079452200,0.65776672514472201,ok
q005210,0.35616399999999998,3675.00000000000000000,-0.50507122414283201,0.15149790135329627,0.65219625140069959,ok
q005211,0.35616399999999998,3750.00000000000000000,-0.48486851682531240,0.14395087358937228,0.63574381296452986,ok
q005212,0.35616399999999998,3800.00000000000000000,-0.47162329007529186,0.13909534440173674,0.62492987533902733,ok
q005213,0.35616399999999998,3825.00000000000000000,-0.46506588952913280,0.13669748485437994,0.61951988671460045,ok
q005214,0.35616399999999998,3850.00000000000000000,-0.45855120850793896,0.13433588691289922,0.61414513147953609,ok
q005215,0.35616399999999998,3875.00000000000000000,-0.45207869400232154,0.13202125512825602,0.60883122592755279,ok
q005216,0.35616399999999998,3900.00000000000000000,-0.44564780367203116,0.12972150853840658,0.60350515648236658,ok
q005217,0.35616399999999998,3925.00000000000000000,-0.43925800557326017,0.12743645691526506,0.59816615177272037,ok
q005218,0.35616399999999998,3950.00000000000000000,-0.43290877789460142,0.12521625196787439,0.59293261510995043,ok
q005219,0.35616399999999998,3975.00000000000000000,-0.42659960870133673,0.12301314219742410,0.58769330866034919,ok
q005220,0.35616399999999998,4000.00000000000000000,-0.42032999568774121,0.12082384511819215,0.58244016504343143,ok
q005221,0.35616399999999998,4025.00000000000000000,-0.41409944593710518,0.11867118330292299,0.57722831473090652,ok
q005222,0.35616399999999998,4050.00000000000000000,-0.40790747568918412,0.11656446015272456,0.57208171669246122,ok
q005223,0.35616399999999998,4075.00000000000000000,-0.40175361011480587,0.11447070153476210,0.56692050084393375,ok
q005224,0.35616399999999998,4100.00000000000000000,-0.39563738309736984,0.11238974885999307,0.56174386793929298,ok
q005225,0.35616399999999998,4125.00000000000000000,-0.38955833702098769,0.11036788637029710,0.55666812311683345,ok
q005226,0.35616399999999998,4150.00000000000000000,-0.38351602256502493,0.10836951040585407,0.55160544633709052,ok
q005227,0.35616399999999998,4175.00000000000000000,-0.37750999850481304,0.10638313677183216,0.54652670241274814,ok
q005228,0.35616399999999998,4200.00000000000000000,-0.37153983151830927,0.10441547629434311,0.54144883905480556,ok
q005229,0.35616399999999998,4225.00000000000000000,-0.36560509599849478,0.10251229021481038,0.53649163893165697,ok
q005230,0.35616399999999998,4250.00000000000000000,-0.35970537387130647,0.10062033243706481,0.53151786199888051,ok
q005231,0.35616399999999998,4350.00000000000000000,-0.33644851170703916,0.09330093120821960,0.51182085632108709,ok
q005232,0.35616399999999998,4375.00000000000000000,-0.33071783699805418,0.09152185804320924,0.50691763980522109,ok
q005233,0.35616399999999998,4400.00000000000000000,-0.32501981588341650,0.08978037240028541,0.50207164074106092,ok
q005234,0.35616399999999998,4425.00000000000000000,-0.31935407834773916,0.08807785052182603,0.49728841702449200,ok
q005235,0.35616399999999998,4450.00000000000000000,-0.31372026062948299,0.08638492036680490,0.49248607859933113,ok
q005236,0.35616399999999998,4475.00000000000000000,-0.30811800508081316,0.08470147446408349,0.48766375138251922,ok
q005237,0.35616399999999998,4500.00000000000000000,-0.30254696003135784,0.08305638713133630,0.48290478397778458,ok
q005238,0.35616399999999998,4525.00000000000000000,-0.29700677965574251,0.08144495969286336,0.47819727424233421,ok
q005239,0.35616399999999998,4550.00000000000000000,-0.29149712384477289,0.07984241068752485,0.47346928488786566,ok
q005240,0.35616399999999998,4575.00000000000000000,-0.28601765808014717,0.07824864281668900,0.46871990476403158,ok
q005241,0.35616399999999998,4650.00000000000000000,-0.26975713720836697,0.07364552607536429,0.45472431179524697,ok
q005242,0.35616399999999998,4675.00000000000000000,-0.26439519406698159,0.07213588247583168,0.45003953209826958,ok
q005243,0.35616399999999998,4700.00000000000000000,-0.25906184809161908,0.07065331104844283,0.44539080769155509,ok
q005244,0.35616399999999998,4750.00000000000000000,-0.24847973876108204,0.06777216110375597,0.43621506201354199,ok
q005245,0.35616399999999998,4775.00000000000000000,-0.24323038287493831,0.06634293929659128,0.43159096484057458,ok
q005246,0.35616399999999998,4800.00000000000000000,-0.23800843889378667,0.06492981354906295,0.42696971130052330,ok
q005247,0.35616399999999998,4825.00000000000000000,-0.23281362201668268,0.06356637553985180,0.42246303487404147,ok
q005248,0.35616399999999998,4850.00000000000000000,-0.22764565185824012,0.06220998375334908,0.41793143091722729,ok
q005249,0.35616399999999998,4875.00000000000000000,-0.22250425235782134,0.06086056573434124,0.41337383356532631,ok
q005250,0.35616399999999998,4900.00000000000000000,-0.21738915169105094,0.05951805013946930,0.40878912841279003,ok
q005251,0.35616399999999998,4925.00000000000000000,-0.21230008218357968,0.05822774382661382,0.40433372911229459,ok
q005252,0.35616399999999998,4950.00000000000000000,-0.20723678022703299,0.05695144071552675,0.39987784911326313,ok
q005253,0.35616399999999998,4975.00000000000000000,-0.20219898619707585,0.05568156737030058,0.39539458361064367,ok
q005254,0.35616399999999998,5000.00000000000000000,-0.19718644437353158,0.05441805933172276,0.39088275880061302,ok
q005255,0.35616399999999998,5025.00000000000000000,-0.19219890286249242,0.05318550629664316,0.38643071529748568,ok
q005256,0.35616399999999998,5030.00000000000000000,-0.19120437269598412,0.05294573442474782,0.38555867434155006,ok
q005257,0.35616399999999998,5040.00000000000000000,-0.18921827472435460,0.05246690487843344,0.38381126074974309,ok
q005258,0.35616399999999998,5050.00000000000000000,-0.18723611352036343,0.05198902444978049,0.38205934255011759,ok
q005259,0.35616399999999998,5060.00000000000000000,-0.18525787350825773,0.05151208938362141,0.38030284362756134,ok
q005260,0.35616399999999998,5070.00000000000000000,-0.18328353920454016,0.05103609594703058,0.37854168637223201,ok
q005261,0.35616399999999998,5075.00000000000000000,-0.18229783187978088,0.05079845117932256,0.37765933619694397,ok
q005262,0.35616399999999998,5080.00000000000000000,-0.18131309521724132,0.05056104042914889,0.37677579163454500,ok
q005263,0.35616399999999998,5100.00000000000000000,-0.17738381707735185,0.04961372841537011,0.37322946513292082,ok
q005264,0.35616399999999998,5110.00000000000000000,-0.17542495259201890,0.04914146460653405,0.37144886694155477,ok
q005265,0.35616399999999998,5120.00000000000000000,-0.17346991775621545,0.04867012409019057,0.36966319831022471,ok
q005266,0.35616399999999998,5125.00000000000000000,-0.17249383178316008,0.04843479893991187,0.36876843528039982,ok
q005267,0.35616399999999998,5130.00000000000000000,-0.17151869762495373,0.04820775313772766,0.36790308971297858,ok
q005268,0.35616399999999998,5140.00000000000000000,-0.16957127734055819,0.04776053120528324,0.36619260026459860,ok
q005269,0.35616399999999998,5150.00000000000000000,-0.16762764213198719,0.04731417850940695,0.36447743154850393,ok
q005270,0.35616399999999998,5170.00000000000000000,-0.16375166828729415,0.04642406735732676,0.36103273699500388,ok
q005271,0.35616399999999998,5175.00000000000000000,-0.16278501765619910,0.04620207759646159,0.36016851273662426,ok
q005272,0.35616399999999998,5180.00000000000000000,-0.16181930053624025,0.04598030221492565,0.35930304738975133,ok
q005273,0.35616399999999998,5190.00000000000000000,-0.15989065962983456,0.04553739293639678,0.35756835087856770,ok
q005274,0.35616399999999998,5200.00000000000000000,-0.15796573122025021,0.04509533622678483,0.35582856123453999,ok
q005275,0.35616399999999998,5210.00000000000000000,-0.15604450104235637,0.04465412881012545,0.35408359039402687,ok
q005276,0.35616399999999998,5220.00000000000000000,-0.15412695491308459,0.04421376742929983,0.35233334839788838,ok
q005277,0.35616399999999998,5225.00000000000000000,-0.15316955895675721,0.04399390298959256,0.35145622207092692,ok
q005278,0.35616399999999998,5230.00000000000000000,-0.15221307873080034,0.04377424884589030,0.35057774333032193,ok
q005279,0.35616399999999998,5240.00000000000000000,-0.15030285847468111,0.04333556984003756,0.34881668125518428,ok
q005280,0.35616399999999998,5250.00000000000000000,-0.14839628020409956,0.04291627407437337,0.34712508171862877,ok
q005281,0.35616399999999998,5260.00000000000000000,-0.14649333005801346,0.04250127207166838,0.34544264816704828,ok
q005282,0.35616399999999998,5270.00000000000000000,-0.14459399425436090,0.04208705829736310,0.34375519936774690,ok
q005283,0.35616399999999998,5275.00000000000000000,-0.14364567744550175,0.04188024606127547,0.34290956729526689,ok
q005284,0.35616399999999998,5280.00000000000000000,-0.14269825908946179,0.04167362976291120,0.34206264883252901,ok
q005285,0.35616399999999998,5290.00000000000000000,-0.14080611093742393,0.04126098349673060,0.34036490819599180,ok
q005286,0.35616399999999998,5300.00000000000000000,-0.13891753624955583,0.04084911654407541,0.33866188715465573,ok
q005287,0.35616399999999998,5310.00000000000000000,-0.13703252155378443,0.04043802596690898,0.33695349340357750,ok
q005288,0.35616399999999998,5320.00000000000000000,-0.13515105345407891,0.04002770884377820,0.33523963257031775,ok
q005289,0.35616399999999998,5325.00000000000000000,-0.13421164521214304,0.03982283941902590,0.33438062192427565,ok
q005290,0.35616399999999998,5330.00000000000000000,-0.13327311862987878,0.03961816226968879,0.33352020814612515,ok
q005291,0.35616399999999998,5340.00000000000000000,-0.13139870383552837,0.03920938335598198,0.33179512141419426,ok
q005292,0.35616399999999998,5350.00000000000000000,-0.12952779589971672,0.03880136923021235,0.33006427137484279,ok
q005293,0.35616399999999998,5360.00000000000000000,-0.12766038172492131,0.03839548226311513,0.32833339198994888,ok
q005294,0.35616399999999998,5370.00000000000000000,-0.12579644828685863,0.03801066529283883,0.32668389535566478,ok
q005295,0.35616399999999998,5375.00000000000000000,-0.12486578279390541,0.03781852545134792,0.32585717323518881,ok
q005296,0.35616399999999998,5380.00000000000000000,-0.12393598263393882,0.03762656426152526,0.32502911994521300,ok
q005297,0.35616399999999998,5390.00000000000000000,-0.12207897188672612,0.03724317651016024,0.32336897317576691,ok
q005298,0.35616399999999998,5400.00000000000000000,-0.12022540323740323,0.03686049939451552,0.32170336035194641,ok
q005299,0.35616399999999998,5410.00000000000000000,-0.11837526394924180,0.03647853028503947,0.32003218459450766,ok
q005300,0.35616399999999998,5420.00000000000000000,-0.11652854135607703,0.03609726656674861,0.31835534676595145,ok
q005301,0.35616399999999998,5425.00000000000000000,-0.11560645738110871,0.03590689841607235,0.31751477295800751,ok
q005302,0.35616399999999998,5430.00000000000000000,-0.11468522286178784,0.03571670563912025,0.31667274539288576,ok
q005303,0.35616399999999998,5440.00000000000000000,-0.11284529593978068,0.03533684491598601,0.31498427658496669,ok
q005304,0.35616399999999998,5450.00000000000000000,-0.11100874813247914,0.03495768182542634,0.31328983395023335,ok
q005305,0.35616399999999998,5460.00000000000000000,-0.10917556705081821,0.03457921380966618,0.31158930850663719,ok
q005306,0.35616399999999998,5470.00000000000000000,-0.10734574037374207,0.03420143832497126,0.30988258858955359,ok
q005307,0.35616399999999998,5475.00000000000000000,-0.10643208110506736,0.03401280949067034,0.30902687005102836,ok
q005308,0.35616399999999998,5480.00000000000000000,-0.10551925584770779,0.03382477731510288,0.30817149341243127,ok
q005309,0.35616399999999998,5500.00000000000000000,-0.10187626456920666,0.03311526591387490,0.30492224829170911,ok
q005310,0.35616399999999998,5510.00000000000000000,-0.10005973364280880,0.03276147714403387,0.30328904765239867,ok
q005311,0.35616399999999998,5520.00000000000000000,-0.09824649651862802,0.03240832987730052,0.30164999004443493,ok
q005312,0.35616399999999998,5525.00000000000000000,-0.09734110940381541,0.03223199608142365,0.30082823158467437,ok
q005313,0.35616399999999998,5530.00000000000000000,-0.09643654127338844,0.03205582179148973,0.30000496860386927,ok
q005314,0.35616399999999998,5540.00000000000000000,-0.09462985604843946,0.03170395057700281,0.29835387381572948,ok
q005315,0.35616399999999998,5550.00000000000000000,-0.09282642904928880,0.03135271393673662,0.29669659341787663,ok
q005316,0.35616399999999998,5560.00000000000000000,-0.09102624854514096,0.03100210958599365,0.29503301230037932,ok
q005317,0.35616399999999998,5570.00000000000000000,-0.08922930286843922,0.03065213525239277,0.29336301240014445,ok
q005318,0.35616399999999998,5575.00000000000000000,-0.08833203946144950,0.03047738363524759,0.29252556767722104,ok
q005319,0.35616399999999998,5580.00000000000000000,-0.08743558041441234,0.03030278867578106,0.29168647259053088,ok
q005320,0.35616399999999998,5590.00000000000000000,-0.08564506964062416,0.02995406760814597,0.29000326856564762,ok
q005321,0.35616399999999998,5600.00000000000000000,-0.08385775906652830,0.02960596981352866,0.28831327271902335,ok
q005322,0.35616399999999998,5610.00000000000000000,-0.08207363727302694,0.02927455789270380,0.28669502877290276,ok
q005323,0.35616399999999998,5620.00000000000000000,-0.08029269290203221,0.02895041225577599,0.28510338007749270,ok
q005324,0.35616399999999998,5625.00000000000000000,-0.07940340871714804,0.02878855566260340,0.28430528192527493,ok
q005325,0.35616399999999998,5630.00000000000000000,-0.07851491465603294,0.02862684287806209,0.28350564915082649,ok
q005326,0.35616399999999998,5640.00000000000000000,-0.07674029129766434,0.02830384771427489,0.28190172239100098,ok
q005327,0.35616399999999998,5650.00000000000000000,-0.07496881164928232,0.02798142472999677,0.28029148324437325,ok
q005328,0.35616399999999998,5660.00000000000000000,-0.07320046459254036,0.02765957190160277,0.27867481209406525,ok
q005329,0.35616399999999998,5670.00000000000000000,-0.07143523906797127,0.02733828721618439,0.27705158614304048,ok
q005330,0.35616399999999998,5675.00000000000000000,-0.07055379344016555,0.02717785730096883,0.27623747584354430,ok
q005331,0.35616399999999998,5680.00000000000000000,-0.06967312407457189,0.02701756867147407,0.27542167929142669,ok
q005332,0.35616399999999998,5690.00000000000000000,-0.06791410866939235,0.02669741427577035,0.27378496200773417,ok
q005333,0.35616399999999998,5700.00000000000000000,-0.06615818196712747,0.02637782204786361,0.27214130119359392,ok
q005334,0.35616399999999998,5710.00000000000000000,-0.06440533313971300,0.02605879001696246,0.27049056004161326,ok
q005335,0.35616399999999998,5720.00000000000000000,-0.06265555141592535,0.02574031622262098,0.26883259788591707,ok
q005336,0.35616399999999998,5725.00000000000000000,-0.06178180736732861,0.02558128805433178,0.26800086388000727,ok
q005337,0.35616399999999998,5730.00000000000000000,-0.06090882608098372,0.02542599784390948,0.26718618123252735,ok
q005338,0.35616399999999998,5740.00000000000000000,-0.05916514647615689,0.02513965886766228,0.26567744133596305,ok
q005339,0.35616399999999998,5750.00000000000000000,-0.05742450199837279,0.02485381830589891,0.26416273322337980,ok
q005340,0.35616399999999998,5760.00000000000000000,-0.05568688209983202,0.02456847442650867,0.26264194437684396,ok
q005341,0.35616399999999998,5770.00000000000000000,-0.05395227628762373,0.02428362550639442,0.26111495928594419,ok
q005342,0.35616399999999998,5775.00000000000000000,-0.05308610039977464,0.02414138612004721,0.26034910620533558,ok
q005343,0.35616399999999998,5780.00000000000000000,-0.05222067412334586,0.02399926983141019,0.25958165933247318,ok
q005344,0.35616399999999998,5790.00000000000000000,-0.05049206522272799,0.02371540569629927,0.25804192266937459,ok
q005345,0.35616399999999998,5800.00000000000000000,-0.04876643925525825,0.02343203140463292,0.25649562409360366,ok
q005346,0.35616399999999998,5810.00000000000000000,-0.04704378594381207,0.02314914526874941,0.25494263491252195,ok
q005347,0.35616399999999998,5820.00000000000000000,-0.04532409506428551,0.02286674560969382,0.25338282280342173,ok
q005348,0.35616399999999998,5825.00000000000000000,-0.04446535735586766,0.02272572768666910,0.25260031577121012,ok
q005349,0.35616399999999998,5830.00000000000000000,-0.04360735644523087,0.02258483075715819,0.25181605166574211,ok
q005350,0.35616399999999998,5840.00000000000000000,-0.04189355996749622,0.02230339904942234,0.25024218146550731,ok
q005351,0.35616399999999998,5850.00000000000000000,-0.04018269556386682,0.02202244883329495,0.24866106807148011,ok
q005352,0.35616399999999998,5860.00000000000000000,-0.03847475321871061,0.02175184599692182,0.24712862329991345,ok
q005353,0.35616399999999998,5870.00000000000000000,-0.03676972296762681,0.02151247927396466,0.24576510660299145,ok
q005354,0.35616399999999998,5875.00000000000000000,-0.03591829677740930,0.02139294878653623,0.24508137920305423,ok
q005355,0.35616399999999998,5890.00000000000000000,-0.03336835914413661,0.02103496674215101,0.24302217577278554,ok
q005356,0.35616399999999998,5900.00000000000000000,-0.03167200589595810,0.02079681817104143,0.24164256513715301,ok
q005357,0.35616399999999998,5910.00000000000000000,-0.02997852538962507,0.02055907289999119,0.24025738906115163,ok
q005358,0.35616399999999998,5920.00000000000000000,-0.02828790791171761,0.02032172956534738,0.23886654270925370,ok
q005359,0.35616399999999998,5925.00000000000000000,-0.02744366978643700,0.02020320819992558,0.23816895965156762,ok
q005360,0.35616399999999998,5930.00000000000000000,-0.02660014379799787,0.02008478681036166,0.23746991842946708,ok
q005361,0.35616399999999998,5950.00000000000000000,-0.02323313725009351,0.01961209764661523,0.23465889073431770,ok
q005362,0.35616399999999998,5960.00000000000000000,-0.02155387573037354,0.01937634855846390,0.23324425692068948,ok
q005363,0.35616399999999998,5970.00000000000000000,-0.01987742940312113,0.01914099469109827,0.23182338413512904,ok
q005364,0.35616399999999998,5980.00000000000000000,-0.01820378884509152,0.01890603472160265,0.23039614888806909,ok
q005365,0.35616399999999998,5990.00000000000000000,-0.01653294468027393,0.01867546044053239,0.22898690593560070,ok
q005366,0.35616399999999998,6000.00000000000000000,-0.01486488757957694,0.01849109460924902,0.22785381279715786,ok
q005367,0.35616399999999998,6010.00000000000000000,-0.01319960826051565,0.01830703579864269,0.22671695777547479,ok
q005368,0.35616399999999998,6020.00000000000000000,-0.01153709748690222,0.01812328298786258,0.22557627764021210,ok
q005369,0.35616399999999998,6025.00000000000000000,-0.01070687743091327,0.01803152101478230,0.22500448300111664,ok
q005370,0.35616399999999998,6030.00000000000000000,-0.00987734606853785,0.01793983516114092,0.22443170771390289,ok
q005371,0.35616399999999998,6050.00000000000000000,-0.00656608476488177,0.01757385042201544,0.22213063225045207,ok
q005372,0.35616399999999998,6060.00000000000000000,-0.00491455672640882,0.01739131150318968,0.22097398967707996,ok
q005373,0.35616399999999998,6070.00000000000000000,-0.00326575173622504,0.01720907355551249,0.21981318313266740,ok
q005374,0.35616399999999998,6075.00000000000000000,-0.00244236758101974,0.01711806713602208,0.21923119572676739,ok
q005375,0.35616399999999998,6090.00000000000000000,0.00002372491417367,0.01684549661508007,0.21747878563361484,ok
q005376,0.35616399999999998,6100.00000000000000000,0.00166441437163366,0.01666415565524358,0.21630504394108285,ok
q005377,0.35616399999999998,6125.00000000000000000,0.00575439962315887,0.01621898054773122,0.21339624168047519,ok
q005378,0.35616399999999998,6130.00000000000000000,0.00657039314048814,0.01615702385678917,0.21298826364719489,ok
q005379,0.35616399999999998,6140.00000000000000000,0.00820038535141929,0.01603326193772253,0.21217095628073818,ok
q005380,0.35616399999999998,6150.00000000000000000,0.00982772501079456,0.01590970142137964,0.21135182611987538,ok
q005381,0.35616399999999998,6160.00000000000000000,0.01145242073779654,0.01578634165332389,0.21053084752443701,ok
q005382,0.35616399999999998,6170.00000000000000000,0.01307448110966444,0.01566318198230335,0.20970799442563226,ok
q005383,0.35616399999999998,6175.00000000000000000,0.01388452570640904,0.01560167698053073,0.20929585667109726,ok
q005384,0.35616399999999998,6180.00000000000000000,0.01469391466196748,0.01554022176022999,0.20888324031516303,ok
q005385,0.35616399999999998,6190.00000000000000000,0.01631072988887289,0.01541746034215937,0.20805655823398983,ok
q005386,0.35616399999999998,6200.00000000000000000,0.01792493524341389,0.01529489708627023,0.20722792076073362,ok
q005387,0.35616399999999998,6210.00000000000000000,0.01953653913775549,0.01517253135384440,0.20639729999969939,ok
q005388,0.35616399999999998,6220.00000000000000000,0.02114554994345625,0.01505036250924683,0.20556466756850791,ok
q005389,0.35616399999999998,6225.00000000000000000,0.02194908554313942,0.01498935172208586,0.20514758797089588,ok
q005390,0.35616399999999998,6230.00000000000000000,0.02275197599172981,0.01492838991990580,0.20472999458531707,ok
q005391,0.35616399999999998,6240.00000000000000000,0.02435582557370441,0.01480661295629319,0.20389325165561784,ok
q005392,0.35616399999999998,6250.00000000000000000,0.02595710694067833,0.01468503099190506,0.20305440885858764,ok
q005393,0.35616399999999998,6275.00000000000000000,0.02994912821021565,0.01445090313312325,0.20142922643168368,ok
q005394,0.35616399999999998,6300.00000000000000000,0.03392527658985516,0.01427531408949877,0.20020173006955588,ok
q005395,0.35616399999999998,6325.00000000000000000,0.03788567780595196,0.01410042044984874,0.19897156748468522,ok
q005396,0.35616399999999998,6350.00000000000000000,0.04183045609696840,0.01392621672772984,0.19773864996508181,ok
q005397,0.35616399999999998,6375.00000000000000000,0.04575973423685784,0.01375269750137231,0.19650288692094878,ok
q005398,0.35616399999999998,6400.00000000000000000,0.04967363355799426,0.01357985741266737,0.19526418580512339,ok
q005399,0.35616399999999998,6425.00000000000000000,0.05357227397365167,0.01350126770756746,0.19469834696277064,ok
q005400,0.35616399999999998,6450.00000000000000000,0.05745577400004917,0.01343149924923159,0.19419463879131504,ok
q005401,0.35616399999999998,6475.00000000000000000,0.06132425077796958,0.01336200068889451,0.19369157687389091,ok
q005402,0.35616399999999998,6500.00000000000000000,0.06517782009395943,0.01329276994640977,0.19318915114320756,ok
q005403,0.35616399999999998,6550.00000000000000000,0.07284069283952874,0.01316785617473859,0.19227929765289045,ok
q005404,0.35616399999999998,6600.00000000000000000,0.08044529222474801,0.01318803872526434,0.19242659576777579,ok
q005405,0.35616399999999998,6650.00000000000000000,0.08799249786013089,0.01320806895320249,0.19257267079272464,ok
q005406,0.35616399999999998,6700.00000000000000000,0.09548316958928846,0.01324398240280469,0.19283430078962710,ok
q005407,0.35616399999999998,6800.00000000000000000,0.11029825537442903,0.01351198007650531,0.19477557182123756,ok
q005408,0.35616399999999998,6900.00000000000000000,0.12489705479558184,0.01388852538282502,0.19747087855400616,ok
q005409,0.35616399999999998,7000.00000000000000000,0.13928579224768137,0.01435083607879292,0.20073060419278335,ok
q005410,0.35616399999999998,7100.00000000000000000,0.15347042723963775,0.01499486136933594,0.20518528763324614,ok
q005411,0.35616399999999998,7200.00000000000000000,0.16745666921437777,0.01571649267803580,0.21006456892474940,ok
q005412,0.35616399999999998,7300.00000000000000000,0.18124999134671352,0.01653102305732340,0.21543926350765522,ok
q005413,0.35616399999999998,7400.00000000000000000,0.19485564340249206,0.01749027940446042,0.22160184075986145,ok
q005414,0.35616399999999998,7600.00000000000000000,0.22152389048465346,0.01961205142868582,0.23465861423522436,ok
q005415,0.35616399999999998,7800.00000000000000000,0.24749937688791418,0.02196934265030880,0.24836106939778724,ok
q005416,0.35616399999999998,8000.00000000000000000,0.27281718487220408,0.02444485436853162,0.26198034942797538,ok
q005417,0.35616399999999998,8200.00000000000000000,0.29750979746257550,0.02693254027085843,0.27498794079062377,ok
q005418,0.35616399999999998,9000.00000000000000000,0.39060022052858745,0.03650101028789750,0.32013077980007887,ok
q005419,0.38356200000000001,1800.00000000000000000,-1.21997176592222978,0.47467874701047424,1.11245411390692839,ok
q005420,0.38356200000000001,2000.00000000000000000,-1.11461125026440344,0.41934106824680406,1.04560081082445566,ok
q005421,0.38356200000000001,2300.00000000000000000,-0.97484930788924484,0.34795201649590235,0.95244935407248810,ok
q005422,0.38356200000000001,2400.00000000000000000,-0.93228969347044899,0.32675965360492248,0.92298878966151876,ok
q005423,0.38356200000000001,2500.00000000000000000,-0.89146769895019373,0.30683110536139180,0.89440023584513395,ok
q005424,0.38356200000000001,2600.00000000000000000,-0.85224698579691249,0.28812483335338224,0.86670750759220549,ok
q005425,0.38356200000000001,2700.00000000000000000,-0.81450665781406539,0.27056005398723043,0.83987383408330896,ok
q005426,0.38356200000000001,2800.00000000000000000,-0.77813901364319060,0.25409477515491319,0.81391692631392987,ok
q005427,0.38356200000000001,2900.00000000000000000,-0.74304769383192049,0.23861488145628329,0.78873475017278516,ok
q005428,0.38356200000000001,3000.00000000000000000,-0.70914614215623917,0.22403833886875749,0.76426396783428574,ok
q005429,0.38356200000000001,3100.00000000000000000,-0.67635631933324836,0.21031399533706269,0.74048505828791555,ok
q005430,0.38356200000000001,3150.00000000000000000,-0.66035597798680701,0.20372790397619947,0.72879850194965934,ok
q005431,0.38356200000000001,3200.00000000000000000,-0.64460762101866786,0.19735574701967340,0.71731035708173418,ok
q005432,0.38356200000000001,3300.00000000000000000,-0.61383596235191429,0.18511008112486532,0.69469991914052220,ok
q005433,0.38356200000000001,3350.00000000000000000,-0.59879808498737375,0.17924779817597677,0.68361113414659824,ok
q005434,0.38356200000000001,3400.00000000000000000,-0.58398299920223318,0.17355141290091278,0.67266106349204757,ok
q005435,0.38356200000000001,3450.00000000000000000,-0.56938419978108046,0.16799239099350602,0.66180038949639641,ok
q005436,0.38356200000000001,3500.00000000000000000,-0.55499546232898089,0.16260233990283662,0.65109687096911295,ok
q005437,0.38356200000000001,3550.00000000000000000,-0.54081082733702446,0.15736034898057555,0.64051583031647963,ok
q005438,0.38356200000000001,3600.00000000000000000,-0.52682458536228438,0.15223752986973607,0.63000366668350805,ok
q005439,0.38356200000000001,3625.00000000000000000,-0.51990414251771078,0.14975330655154864,0.62484230088015080,ok
q005440,0.38356200000000001,3675.00000000000000000,-0.50620529815954884,0.14483584832653773,0.61449767842305081,ok
q005441,0.38356200000000001,3700.00000000000000000,-0.49942561117417000,0.14245022428382248,0.60941590058015516,ok
q005442,0.38356200000000001,3725.00000000000000000,-0.49269157899282606,0.14008572627612592,0.60433696024045913,ok
q005443,0.38356200000000001,3750.00000000000000000,-0.48600259084202935,0.13773704442695361,0.59924937888317364,ok
q005444,0.38356200000000001,3775.00000000000000000,-0.47935804812336069,0.13543514357216713,0.59422086743328917,ok
q005445,0.38356200000000001,3800.00000000000000000,-0.47275736409200875,0.13316923159808869,0.58922906289542476,ok
q005446,0.38356200000000001,3850.00000000000000000,-0.45968528252465601,0.12869297893435336,0.57924146022037160,ok
q005447,0.38356200000000001,3875.00000000000000000,-0.45321276801903843,0.12652185886997641,0.57433461877766689,ok
q005448,0.38356200000000001,3900.00000000000000000,-0.44678187768874811,0.12436470108905787,0.56941745762536489,ok
q005449,0.38356200000000001,3925.00000000000000000,-0.44039207958997706,0.12222132715802704,0.56448929502957756,ok
q005450,0.38356200000000001,3950.00000000000000000,-0.43404285191131836,0.12013021131976793,0.55963946567788614,ok
q005451,0.38356200000000001,4000.00000000000000000,-0.42146406970445810,0.11601114520009642,0.54996122381868229,ok
q005452,0.38356200000000001,4025.00000000000000000,-0.41523351995382213,0.11398266935520009,0.54513193476901012,ok
q005453,0.38356200000000001,4050.00000000000000000,-0.40904154970590101,0.11200597248053340,0.54038440017537315,ok
q005454,0.38356200000000001,4075.00000000000000000,-0.40288768413152282,0.11004143997134114,0.53562439060399469,ok
q005455,0.38356200000000001,4100.00000000000000000,-0.39677145711408668,0.10808892302664538,0.53085120507630623,ok
q005456,0.38356200000000001,4150.00000000000000000,-0.38465009658174187,0.10430242700798291,0.52147010944933370,ok
q005457,0.38356200000000001,4200.00000000000000000,-0.37267390553502622,0.10058078002081326,0.51208223821910548,ok
q005458,0.38356200000000001,4225.00000000000000000,-0.36673917001521156,0.09878443471798187,0.50748881191909145,ok
q005459,0.38356200000000001,4250.00000000000000000,-0.36083944788802336,0.09700260971682730,0.50289106793843641,ok
q005460,0.38356200000000001,4300.00000000000000000,-0.34914340812483213,0.09347780542160980,0.49366969362562035,ok
q005461,0.38356200000000001,4350.00000000000000000,-0.33758258572375616,0.09008900662301260,0.48463872320147355,ok
q005462,0.38356200000000001,4375.00000000000000000,-0.33185191101477107,0.08840918637361993,0.48009911969151786,ok
q005463,0.38356200000000001,4400.00000000000000000,-0.32615388990013328,0.08675340574549123,0.47558207714279477,ok
q005464,0.38356200000000001,4425.00000000000000000,-0.32048815236445599,0.08514309898062118,0.47114755249075951,ok
q005465,0.38356200000000001,4450.00000000000000000,-0.31485433464619988,0.08354186441466664,0.46669623186099218,ok
q005466,0.38356200000000001,4500.00000000000000000,-0.30368103404807473,0.08038292435990210,0.45778769367563393,ok
q005467,0.38356200000000001,4550.00000000000000000,-0.29263119786148972,0.07734090257017726,0.44904186270879193,ok
q005468,0.38356200000000001,4580.00000000000000000,-0.28605943269825518,0.07553169449813500,0.44375864492177769,ok
q005469,0.38356200000000001,4600.00000000000000000,-0.28170212732929950,0.07434669072246033,0.44026385688830916,ok
q005470,0.38356200000000001,4650.00000000000000000,-0.27089121122508386,0.07146696173857765,0.43165310818169134,ok
q005471,0.38356200000000001,4675.00000000000000000,-0.26552926808369842,0.07003868841508405,0.42731802754769288,ok
q005472,0.38356200000000001,4680.00000000000000000,-0.26446032089479343,0.06975395045463229,0.42644852540116523,ok
q005473,0.38356200000000001,4690.00000000000000000,-0.26232584836616074,0.06918538601968971,0.42470697838379001,ok
q005474,0.38356200000000001,4700.00000000000000000,-0.26019592210833592,0.06862630684177887,0.42298749338024794,ok
q005475,0.38356200000000001,4710.00000000000000000,-0.25807052279602238,0.06807937507127992,0.42129857775855406,ok
q005476,0.38356200000000001,4720.00000000000000000,-0.25594963122688486,0.06753360328419772,0.41960646792718376,ok
q005477,0.38356200000000001,4725.00000000000000000,-0.25489086987864268,0.06726115084884823,0.41875919830515790,ok
q005478,0.38356200000000001,4750.00000000000000000,-0.24961381277779901,0.06590319887885031,0.41451042770205826,ok
q005479,0.38356200000000001,4760.00000000000000000,-0.24751076258102017,0.06536201823533144,0.41280499116982827,ok
q005480,0.38356200000000001,4775.00000000000000000,-0.24436445689165523,0.06455237529847450,0.41024030505928705,ok
q005481,0.38356200000000001,4780.00000000000000000,-0.24331788432098422,0.06428305941711682,0.40938363862119748,ok
q005482,0.38356200000000001,4800.00000000000000000,-0.23914251291050362,0.06320860565927730,0.40594791751136261,ok
q005483,0.38356200000000001,4825.00000000000000000,-0.23394769603339957,0.06191804353126765,0.40178232293421678,ok
q005484,0.38356200000000001,4840.00000000000000000,-0.23084371009580848,0.06114832983541536,0.39927720110424691,ok
q005485,0.38356200000000001,4850.00000000000000000,-0.22877972587495693,0.06063651149771845,0.39760269244237934,ok
q005486,0.38356200000000001,4870.00000000000000000,-0.22466449372985037,0.05961603311689230,0.39424278127377582,ok
q005487,0.38356200000000001,4875.00000000000000000,-0.22363832637453834,0.05936156834691555,0.39340048957148072,ok
q005488,0.38356200000000001,4880.00000000000000000,-0.22261321095929307,0.05910736443272000,0.39255725683183390,ok
q005489,0.38356200000000001,4890.00000000000000000,-0.22056612733756817,0.05859973703624430,0.39086793675031223,ok
q005490,0.38356200000000001,4900.00000000000000000,-0.21852322570776783,0.05809314667296559,0.38917475735039569,ok
q005491,0.38356200000000001,4910.00000000000000000,-0.21648448901791964,0.05758935494168468,0.38748359444585556,ok
q005492,0.38356200000000001,4920.00000000000000000,-0.21444990032013206,0.05710454702257310,0.38584915917358364,ok
q005493,0.38356200000000001,4925.00000000000000000,-0.21343415620029665,0.05686251245626359,0.38503059038233750,ok
q005494,0.38356200000000001,4940.00000000000000000,-0.21039309962451769,0.05613788034167100,0.38256938957897368,ok
q005495,0.38356200000000001,4950.00000000000000000,-0.20837085424374985,0.05565601362529281,0.38092393419380616,ok
q005496,0.38356200000000001,4970.00000000000000000,-0.20433859071581145,0.05469519373456252,0.37762157148742609,ok
q005497,0.38356200000000001,4975.00000000000000000,-0.20333306021379277,0.05445559289984983,0.37679354854867159,ok
q005498,0.38356200000000001,4980.00000000000000000,-0.20232853978778723,0.05421623274908993,0.37596453649251632,ok
q005499,0.38356200000000001,4990.00000000000000000,-0.20032252106092155,0.05373823256864649,0.37430351200740142,ok
q005500,0.38356200000000001,5000.00000000000000000,-0.19832051839024842,0.05326118934616113,0.37263843122510248,ok
q005501,0.38356200000000001,5010.00000000000000000,-0.19632251572757531,0.05278509925762222,0.37096922608861888,ok
q005502,0.38356200000000001,5020.00000000000000000,-0.19432849712071101,0.05231112148233179,0.36929993241396131,ok
q005503,0.38356200000000001,5025.00000000000000000,-0.19333297687920931,0.05208389123776255,0.36849697274469739,ok
q005504,0.38356200000000001,5050.00000000000000000,-0.18837018753708037,0.05095112086409696,0.36446773173473529,ok
q005505,0.38356200000000001,5070.00000000000000000,-0.18441761322125705,0.05004893486021642,0.36122652430870611,ok
q005506,0.38356200000000001,5075.00000000000000000,-0.18343190589649774,0.04982394444099514,0.36041367932479035,ok
q005507,0.38356200000000001,5080.00000000000000000,-0.18244716923395829,0.04959917557810632,0.35959980012951992,ok
q005508,0.38356200000000001,5090.00000000000000000,-0.18048060026191737,0.04915030077893092,0.35796890453425884,ok
q005509,0.38356200000000001,5100.00000000000000000,-0.17851789109406874,0.04870230699072248,0.35633376754531798,ok
q005510,0.38356200000000001,5110.00000000000000000,-0.17655902660873571,0.04825519076191655,0.35469431781919986,ok
q005511,0.38356200000000001,5120.00000000000000000,-0.17460399177293245,0.04780894866119259,0.35305048260565142,ok
q005512,0.38356200000000001,5125.00000000000000000,-0.17362790579987691,0.04758615434207012,0.35222689731157325,ok
q005513,0.38356200000000001,5130.00000000000000000,-0.17265277164167064,0.04736357727731574,0.35140218770525566,ok
q005514,0.38356200000000001,5140.00000000000000000,-0.17070535135727502,0.04693466726645201,0.34980747403566786,ok
q005515,0.38356200000000001,5150.00000000000000000,-0.16876171614870408,0.04651100852007302,0.34822511546752150,ok
q005516,0.38356200000000001,5160.00000000000000000,-0.16682185133087743,0.04608817161464908,0.34663862428804576,ok
q005517,0.38356200000000001,5170.00000000000000000,-0.16488574230401098,0.04566615336783086,0.34504793147069240,ok
q005518,0.38356200000000001,5175.00000000000000000,-0.16391909167291602,0.04545545025196311,0.34425098750589789,ok
q005519,0.38356200000000001,5180.00000000000000000,-0.16295337455295714,0.04524495061571742,0.34345296662762825,ok
q005520,0.38356200000000001,5190.00000000000000000,-0.16102473364655151,0.04482456021271386,0.34185365796879585,ok
q005521,0.38356200000000001,5200.00000000000000000,-0.15909980523696721,0.04440497903139054,0.34024993225941819,ok
q005522,0.38356200000000001,5210.00000000000000000,-0.15717857505907326,0.04398620396234326,0.33864171477587024,ok
q005523,0.38356200000000001,5220.00000000000000000,-0.15526102892980143,0.04356823191405520,0.33702892925984490,ok
q005524,0.38356200000000001,5225.00000000000000000,-0.15430363297347410,0.04335954606145420,0.33622079922761033,ok
q005525,0.38356200000000001,5230.00000000000000000,-0.15334715274751731,0.04315105981275989,0.33541149787072722,ok
q005526,0.38356200000000001,5240.00000000000000000,-0.15143693249139800,0.04273468460230551,0.33378934113609265,ok
q005527,0.38356200000000001,5250.00000000000000000,-0.14953035422081637,0.04232393572892513,0.33218134243082087,ok
q005528,0.38356200000000001,5260.00000000000000000,-0.14762740407473035,0.04192872586900683,0.33062679360958297,ok
q005529,0.38356200000000001,5275.00000000000000000,-0.14477975146221864,0.04133731763248446,0.32828675319726008,ok
q005530,0.38356200000000001,5280.00000000000000000,-0.14383233310617877,0.04114055521254158,0.32750451151615584,ok
q005531,0.38356200000000001,5285.00000000000000000,-0.14288581150214782,0.04094397903249393,0.32672114005009628,ok
q005532,0.38356200000000001,5290.00000000000000000,-0.14194018495414079,0.04074758874011473,0.32593662924422967,ok
q005533,0.38356200000000001,5295.00000000000000000,-0.14099545177097908,0.04055138398417540,0.32515096944358174,ok
q005534,0.38356200000000001,5300.00000000000000000,-0.14005161026627261,0.04035536441444188,0.32436415089148951,ok
q005535,0.38356200000000001,5305.00000000000000000,-0.13910865875840234,0.04015952968167096,0.32357616372800430,ok
q005536,0.38356200000000001,5310.00000000000000000,-0.13816659557050137,0.03996387943760634,0.32278699798826122,ok
q005537,0.38356200000000001,5315.00000000000000000,-0.13722541903043750,0.03976841333497508,0.32199664360081787,ok
q005538,0.38356200000000001,5320.00000000000000000,-0.13628512747079580,0.03957313102748389,0.32120509038595918,ok
q005539,0.38356200000000001,5325.00000000000000000,-0.13534571922886002,0.03937803216981537,0.32041232805396697,ok
q005540,0.38356200000000001,5350.00000000000000000,-0.13066186991643361,0.03840527761055916,0.31643001157128281,ok
q005541,0.38356200000000001,5370.00000000000000000,-0.12693052230357549,0.03763903201277225,0.31325746972886565,ok
q005542,0.38356200000000001,5375.00000000000000000,-0.12599985681062237,0.03745529527961177,0.31249194369501482,ok
q005543,0.38356200000000001,5385.00000000000000000,-0.12414112021599692,0.03708833401126322,0.31095738504342962,ok
q005544,0.38356200000000001,5395.00000000000000000,-0.12228583211425077,0.03672205356198528,0.30941808405898957,ok
q005545,0.38356200000000001,5400.00000000000000000,-0.12135947725412009,0.03653916785596468,0.30864662969707241,ok
q005546,0.38356200000000001,5410.00000000000000000,-0.11950933796595860,0.03617390391175206,0.30710006125774275,ok
q005547,0.38356200000000001,5415.00000000000000000,-0.11858555037139486,0.03599152504840693,0.30632492604286909,ok
q005548,0.38356200000000001,5425.00000000000000000,-0.11674053139782561,0.03562727198284304,0.30477089988861800,ok
q005549,0.38356200000000001,5430.00000000000000000,-0.11581929687850472,0.03544539716064716,0.30399198709117253,ok
q005550,0.38356200000000001,5435.00000000000000000,-0.11489891025117606,0.03526368973361733,0.30321179303428725,ok
q005551,0.38356200000000001,5445.00000000000000000,-0.11306067443942498,0.03490077583449122,0.30164751604113538,ok
q005552,0.38356200000000001,5450.00000000000000000,-0.11214282214919610,0.03471956874923077,0.30086341022875102,ok
q005553,0.38356200000000001,5460.00000000000000000,-0.11030964106753509,0.03435765278072613,0.29929120578204282,ok
q005554,0.38356200000000001,5465.00000000000000000,-0.10939430919584692,0.03417694328936205,0.29850308346200355,ok
q005555,0.38356200000000001,5475.00000000000000000,-0.10756615512178425,0.03381601977836302,0.29692273836204147,ok
q005556,0.38356200000000001,5490.00000000000000000,-0.10483017530290949,0.03328328611399838,0.29457461037623228,ok
q005557,0.38356200000000001,5495.00000000000000000,-0.10391984296876411,0.03311287234088201,0.29381951677777873,ok
q005558,0.38356200000000001,5500.00000000000000000,-0.10301033858592359,0.03294261355984989,0.29306316705938312,ok
q005559,0.38356200000000001,5505.00000000000000000,-0.10210166064970558,0.03277250948922619,0.29230555021413135,ok
q005560,0.38356200000000001,5510.00000000000000000,-0.10119380765952567,0.03260255984810224,0.29154665510770245,ok
q005561,0.38356200000000001,5525.00000000000000000,-0.09847518342053226,0.03209363470409162,0.28926218692135858,ok
q005562,0.38356200000000001,5530.00000000000000000,-0.09757061529010538,0.03192429998712634,0.28849806480229601,ok
q005563,0.38356200000000001,5540.00000000000000000,-0.09576393006515632,0.03158608938593287,0.28696580085497603,ok
q005564,0.38356200000000001,5550.00000000000000000,-0.09396050306600570,0.03124848872303464,0.28542809693651189,ok
q005565,0.38356200000000001,5565.00000000000000000,-0.09126144609684068,0.03074322656248178,0.28311112502182983,ok
q005566,0.38356200000000001,5575.00000000000000000,-0.08946611347816634,0.03040714116369783,0.28155938499352345,ok
q005567,0.38356200000000001,5585.00000000000000000,-0.08767399830318483,0.03007165806881864,0.28000184952175072,ok
q005568,0.38356200000000001,5590.00000000000000000,-0.08677914365734099,0.02990414171147413,0.27922087505528459,ok
q005569,0.38356200000000001,5600.00000000000000000,-0.08499183308324530,0.02956955803555938,0.27765444429337005,ok
q005570,0.38356200000000001,5620.00000000000000000,-0.08142676691874906,0.02892352331587136,0.27460460155458988,ok
q005571,0.38356200000000001,5625.00000000000000000,-0.08053748273386498,0.02876700525123219,0.27386058975258620,ok
q005572,0.38356200000000001,5640.00000000000000000,-0.07787436531438127,0.02829828446265909,0.27162032637202493,ok
q005573,0.38356200000000001,5650.00000000000000000,-0.07610288566599929,0.02798649598061320,0.27011983514609533,ok
q005574,0.38356200000000001,5655.00000000000000000,-0.07521832125626501,0.02783080861788522,0.26936745631307457,ok
q005575,0.38356200000000001,5670.00000000000000000,-0.07256931308468807,0.02736457112117025,0.26710162839265023,ok
q005576,0.38356200000000001,5675.00000000000000000,-0.07168786745688245,0.02720943267825869,0.26634341024751751,ok
q005577,0.38356200000000001,5685.00000000000000000,-0.06992730362184942,0.02689956542905195,0.26482247779787910,ok
q005578,0.38356200000000001,5700.00000000000000000,-0.06729225598384429,0.02643578504979519,0.26252962531249557,ok
q005579,0.38356200000000001,5705.00000000000000000,-0.06641544751030984,0.02628146276714409,0.26176222856517861,ok
q005580,0.38356200000000001,5715.00000000000000000,-0.06466413357757478,0.02597322354284816,0.26022267648634256,ok
q005581,0.38356200000000001,5720.00000000000000000,-0.06378962543264226,0.02581930612850230,0.25945049054286862,ok
q005582,0.38356200000000001,5725.00000000000000000,-0.06291588138404548,0.02566552319858975,0.25867667724006110,ok
q005583,0.38356200000000001,5730.00000000000000000,-0.06204290009770067,0.02551187451830572,0.25790122074278238,ok
q005584,0.38356200000000001,5750.00000000000000000,-0.05855857601508971,0.02493989196592162,0.25499372701986339,ok
q005585,0.38356200000000001,5760.00000000000000000,-0.05682095611654898,0.02466216016876074,0.25356994108268543,ok
q005586,0.38356200000000001,5770.00000000000000000,-0.05508635030434061,0.02438491012691043,0.25214060606261546,ok
q005587,0.38356200000000001,5775.00000000000000000,-0.05422017441649161,0.02424646524250748,0.25142382538118258,ok
q005588,0.38356200000000001,5780.00000000000000000,-0.05335474814006266,0.02410814017195280,0.25070561837445998,ok
q005589,0.38356200000000001,5800.00000000000000000,-0.04990051327197514,0.02355603389224490,0.24781825694972348,ok
q005590,0.38356200000000001,5810.00000000000000000,-0.04817785996052901,0.02328069427368109,0.24636566202363963,ok
q005591,0.38356200000000001,5815.00000000000000000,-0.04731764485372104,0.02314320212838547,0.24563708615085481,ok
q005592,0.38356200000000001,5820.00000000000000000,-0.04645816908100237,0.02300582815426497,0.24490697182781004,ok
q005593,0.38356200000000001,5825.00000000000000000,-0.04559943137258460,0.02286857214836346,0.24417530417052200,ok
q005594,0.38356200000000001,5835.00000000000000000,-0.04388416508582951,0.02259441323200319,0.24270724828478438,ok
q005595,0.38356200000000001,5840.00000000000000000,-0.04302763398421316,0.02245750991823711,0.24197082924352473,ok
q005596,0.38356200000000001,5845.00000000000000000,-0.04217183590031703,0.02232072376607177,0.24123279523392516,ok
q005597,0.38356200000000001,5850.00000000000000000,-0.04131676958058368,0.02218405457514530,0.24049313030172417,ok
q005598,0.38356200000000001,5855.00000000000000000,-0.04046243377466818,0.02204750214560932,0.23975181826550102,ok
q005599,0.38356200000000001,5860.00000000000000000,-0.03960882723542752,0.02191106627812720,0.23900884271204176,ok
q005600,0.38356200000000001,5870.00000000000000000,-0.03790379698434376,0.02166035959692403,0.23763753779306948,ok
q005601,0.38356200000000001,5875.00000000000000000,-0.03705237079412610,0.02154312818313942,0.23699358769612022,ok
q005602,0.38356200000000001,5880.00000000000000000,-0.03620166891381324,0.02142599649834497,0.23634843316021298,ok
q005603,0.38356200000000001,5890.00000000000000000,-0.03450243316085353,0.02119203163801819,0.23505446732464708,ok
q005604,0.38356200000000001,5900.00000000000000000,-0.03280607991267506,0.02095846366483751,0.23375555202344755,ok
q005605,0.38356200000000001,5905.00000000000000000,-0.03195898117502323,0.02084182809058450,0.23310421012896607,ok
q005606,0.38356200000000001,5915.00000000000000000,-0.03026693339399871,0.02060885292980173,0.23179770019897944,ok
q005607,0.38356200000000001,5930.00000000000000000,-0.02773421781471472,0.02026012765979578,0.22982819249380476,ok
q005608,0.38356200000000001,5935.00000000000000000,-0.02689140276271748,0.02014408189888334,0.22916904343571762,ok
q005609,0.38356200000000001,5940.00000000000000000,-0.02604929744979520,0.02002813386072846,0.22850855049749694,ok
q005610,0.38356200000000001,5950.00000000000000000,-0.02436721126681044,0.01979653029531728,0.22718348229990074,ok
q005611,0.38356200000000001,5955.00000000000000000,-0.02352722801708533,0.01968087444040929,0.22651888127459119,ok
q005612,0.38356200000000001,5970.00000000000000000,-0.02101150341983814,0.01933448862961737,0.22451665221101424,ok
q005613,0.38356200000000001,5975.00000000000000000,-0.02017433300677442,0.01921922006937139,0.22384638883752087,ok
q005614,0.38356200000000001,5980.00000000000000000,-0.01933786286180845,0.01910404792784035,0.22317467564283852,ok
q005615,0.38356200000000001,6000.00000000000000000,-0.01599896159629385,0.01866309800141666,0.22058403719389078,ok
q005616,0.38356200000000001,6025.00000000000000000,-0.01184095144763011,0.01820752318099651,0.21787512462121894,ok
q005617,0.38356200000000001,6050.00000000000000000,-0.00770015878159877,0.01775383480415824,0.21514353491567104,ok
q005618,0.38356200000000001,6100.00000000000000000,0.00053034035491669,0.01685205533945654,0.20960838463436490,ok
q005619,0.38356200000000001,6120.00000000000000000,0.00380366569988592,0.01649341152838016,0.20736595701071125,ok
q005620,0.38356200000000001,6125.00000000000000000,0.00462032560644197,0.01640393370678485,0.20680270520508559,ok
q005621,0.38356200000000001,6150.00000000000000000,0.00869365099407773,0.01606075161894195,0.20462804055636558,ok
q005622,0.38356200000000001,6160.00000000000000000,0.01031834672107956,0.01593612650669716,0.20383257789773182,ok
q005623,0.38356200000000001,6170.00000000000000000,0.01194040709294753,0.01581170354395268,0.20303529662368719,ok
q005624,0.38356200000000001,6175.00000000000000000,0.01275045168969205,0.01574956766391386,0.20263596598254441,ok
q005625,0.38356200000000001,6180.00000000000000000,0.01355984064525064,0.01568748207597283,0.20223617100521593,ok
q005626,0.38356200000000001,6190.00000000000000000,0.01517665587215590,0.01556346145119776,0.20143517487537710,ok
q005627,0.38356200000000001,6200.00000000000000000,0.01679086122669697,0.01543964102122282,0.20063228161802649,ok
q005628,0.38356200000000001,6210.00000000000000000,0.01840246512103865,0.01531602014077827,0.19982746415617186,ok
q005629,0.38356200000000001,6220.00000000000000000,0.02001147592673926,0.01519259816770916,0.19902069493994534,ok
q005630,0.38356200000000001,6225.00000000000000000,0.02081501152642257,0.01513096157161371,0.19861656968225727,ok
q005631,0.38356200000000001,6230.00000000000000000,0.02161790197501289,0.01506937446295522,0.19821194593417707,ok
q005632,0.38356200000000001,6240.00000000000000000,0.02322175155698756,0.01494634839053106,0.19740118860555514,ok
q005633,0.38356200000000001,6250.00000000000000000,0.02482303292396133,0.01482351931750651,0.19658839390935412,ok
q005634,0.38356200000000001,6275.00000000000000000,0.02881505419349872,0.01454878827923840,0.19475814288728482,ok
q005635,0.38356200000000001,6300.00000000000000000,0.03279120257313829,0.01436447681292628,0.19352056310434168,ok
q005636,0.38356200000000001,6310.00000000000000000,0.03437724572877301,0.01429095693596539,0.19302469194414051,ok
q005637,0.38356200000000001,6350.00000000000000000,0.04069638208025145,0.01399803796625814,0.19103625522310858,ok
q005638,0.38356200000000001,6375.00000000000000000,0.04462566022014095,0.01381589913582122,0.18978932873012000,ok
q005639,0.38356200000000001,6380.00000000000000000,0.04540966653234970,0.01377955709342132,0.18953954862126721,ok
q005640,0.38356200000000001,6400.00000000000000000,0.04853955954127744,0.01363447317934269,0.18853908441623785,ok
q005641,0.38356200000000001,6425.00000000000000000,0.05243819995693470,0.01351525716650088,0.18771300824606602,ok
q005642,0.38356200000000001,6450.00000000000000000,0.05632169998333227,0.01343320009717730,0.18714229655873060,ok
q005643,0.38356200000000001,6475.00000000000000000,0.06019017676125253,0.01335146046411826,0.18657205701467017,ok
q005644,0.38356200000000001,6500.00000000000000000,0.06404374607724267,0.01327003582079239,0.18600227681016462,ok
q005645,0.38356200000000001,6525.00000000000000000,0.06788252238440828,0.01318892374884346,0.18543294317871603,ok
q005646,0.38356200000000001,6550.00000000000000000,0.07170661882281167,0.01310812185765944,0.18486404338889556,ok
q005647,0.38356200000000001,6600.00000000000000000,0.07931121820803107,0.01308987927363629,0.18473536088043205,ok
q005648,0.38356200000000001,6625.00000000000000000,0.08309194104793706,0.01308596038874953,0.18470770551433488,ok
q005649,0.38356200000000001,6650.00000000000000000,0.08685842384341387,0.01308205626429278,0.18468015019387168,ok
q005650,0.38356200000000001,6700.00000000000000000,0.09434909557257157,0.01307429185482026,0.18462533674913575,ok
q005651,0.38356200000000001,6800.00000000000000000,0.10916418135771218,0.01328447784852921,0.18610346416189805,ok
q005652,0.38356200000000001,6900.00000000000000000,0.12376298077886484,0.01359019869636508,0.18823271914746728,ok
q005653,0.38356200000000001,7000.00000000000000000,0.13815171823096442,0.01399276749575361,0.19100028783459569,ok
q005654,0.38356200000000001,7100.00000000000000000,0.15233635322292083,0.01457357076255393,0.19492394833695029,ok
q005655,0.38356200000000001,7400.00000000000000000,0.19372156938577528,0.01688448366674633,0.20980996189977313,ok
q005656,0.38356200000000001,7600.00000000000000000,0.22038981646793657,0.01889729249007002,0.22196372538337297,ok
q005657,0.38356200000000001,7800.00000000000000000,0.24636530287119718,0.02116029356717948,0.23487838768482328,ok
q005658,0.43013699999999999,1600.00000000000000000,-1.33980516630285562,0.49389351951866461,1.07155202899736435,ok
q005659,0.43013699999999999,1800.00000000000000000,-1.22202213064647225,0.43581292060684906,1.00657618250267955,ok
q005660,0.43013699999999999,2100.00000000000000000,-1.06787145081921397,0.36290554441490963,0.91853011730059397,ok
q005661,0.43013699999999999,2200.00000000000000000,-1.02135143518432114,0.34159322470663089,0.89115084487752738,ok
q005662,0.43013699999999999,2400.00000000000000000,-0.93434005819469135,0.30264901244440762,0.83881508034092789,ok
q005663,0.43013699999999999,2500.00000000000000000,-0.89351806367443609,0.28486804599135052,0.81380146515263685,ok
q005664,0.43013699999999999,2600.00000000000000000,-0.85429735052115485,0.26815052624117575,0.78956143176361970,ok
q005665,0.43013699999999999,2700.00000000000000000,-0.81655702253830786,0.25237722629853593,0.76598749663541654,ok
q005666,0.43013699999999999,2800.00000000000000000,-0.78018937836743307,0.23749696977844373,0.74306299811113163,ok
q005667,0.43013699999999999,2900.00000000000000000,-0.74509805855616285,0.22343113347982876,0.72072310257955619,ok
q005668,0.43013699999999999,3000.00000000000000000,-0.71119650688048164,0.21012102098179791,0.69892624751408450,ok
q005669,0.43013699999999999,3050.00000000000000000,-0.69466720492927103,0.20373059590052062,0.68821593937288705,ok
q005670,0.43013699999999999,3100.00000000000000000,-0.67840668405749072,0.19749685078102888,0.67760513199075145,ok
q005671,0.43013699999999999,3200.00000000000000000,-0.64665798574291034,0.18557356167336261,0.65683252600688813,ok
q005672,0.43013699999999999,3250.00000000000000000,-0.63115379920694514,0.17983029649953108,0.64658857912070367,ok
q005673,0.43013699999999999,3300.00000000000000000,-0.61588632707615687,0.17427822437259649,0.63652895256476638,ok
q005674,0.43013699999999999,3350.00000000000000000,-0.60084844971161622,0.16886220692984411,0.62656023630849600,ok
q005675,0.43013699999999999,3400.00000000000000000,-0.58603336392647554,0.16358231650080501,0.61668697538803796,ok
q005676,0.43013699999999999,3500.00000000000000000,-0.55704582705322325,0.15347699859239353,0.59733539268273572,ok
q005677,0.43013699999999999,3525.00000000000000000,-0.54992835928435935,0.15104459839974790,0.59258301393855550,ok
q005678,0.43013699999999999,3550.00000000000000000,-0.54286119206126682,0.14862938845807322,0.58782620736107016,ok
q005679,0.43013699999999999,3575.00000000000000000,-0.53584361940262026,0.14623868050906641,0.58307944136459233,ok
q005680,0.43013699999999999,3600.00000000000000000,-0.52887495008652707,0.14390847959643341,0.57841532573385446,ok
q005681,0.43013699999999999,3625.00000000000000000,-0.52195450724195314,0.14159440477084079,0.57374596619835472,ok
q005682,0.43013699999999999,3700.00000000000000000,-0.50147597589841253,0.13483407514845036,0.55988190213916178,ok
q005683,0.43013699999999999,3750.00000000000000000,-0.48805295556627187,0.13045656491572014,0.55071837669697066,ok
q005684,0.43013699999999999,3775.00000000000000000,-0.48140841284760327,0.12833574311406143,0.54622354179437616,ok
q005685,0.43013699999999999,3800.00000000000000000,-0.47480772881625116,0.12622892023816648,0.54172145061948085,ok
q005686,0.43013699999999999,3850.00000000000000000,-0.46173564724889843,0.12208761412685215,0.53276097182764559,ok
q005687,0.43013699999999999,3900.00000000000000000,-0.44883224241299058,0.11807133374020781,0.52392465206005168,ok
q005688,0.43013699999999999,3950.00000000000000000,-0.43609321663556072,0.11415364934245260,0.51515924619152853,ok
q005689,0.43013699999999999,3975.00000000000000000,-0.42978404744229609,0.11224123935128999,0.51082580237557373,ok
q005690,0.43013699999999999,4000.00000000000000000,-0.42351443442870068,0.11034081947021862,0.50648280020598402,ok
q005691,0.43013699999999999,4025.00000000000000000,-0.41728388467806454,0.10845967586880183,0.50214685871330422,ok
q005692,0.43013699999999999,4050.00000000000000000,-0.41109191443014353,0.10663406502981451,0.49790281516830548,ok
q005693,0.43013699999999999,4075.00000000000000000,-0.40493804885576523,0.10481968879019547,0.49364873912850116,ok
q005694,0.43013699999999999,4100.00000000000000000,-0.39882182183832909,0.10301640972235959,0.48938404253745632,ok
q005695,0.43013699999999999,4125.00000000000000000,-0.39274277576194699,0.10123823932135292,0.48514201857576739,ok
q005696,0.43013699999999999,4150.00000000000000000,-0.38670046130598434,0.09950698361762755,0.48097597079526738,ok
q005697,0.43013699999999999,4175.00000000000000000,-0.38069443724577240,0.09778612590875860,0.47679887212394834,ok
q005698,0.43013699999999999,4200.00000000000000000,-0.37472427025926869,0.09607554203847064,0.47261012417516740,ok
q005699,0.43013699999999999,4225.00000000000000000,-0.36878953473945408,0.09439109825106407,0.46844878697184739,ok
q005700,0.43013699999999999,4250.00000000000000000,-0.36288981261226577,0.09274988957034881,0.46435839315469307,ok
q005701,0.43013699999999999,4275.00000000000000000,-0.35702469315986779,0.09111830680234903,0.46025595844549783,ok
q005702,0.43013699999999999,4300.00000000000000000,-0.35119377284907455,0.08949623769056299,0.45614087189270630,ok
q005703,0.43013699999999999,4325.00000000000000000,-0.34539665516474855,0.08789672836222841,0.45204633682845496,ok
q005704,0.43013699999999999,4350.00000000000000000,-0.33963295044799857,0.08634156338762752,0.44802944080378954,ok
q005705,0.43013699999999999,4375.00000000000000000,-0.33390227573901349,0.08479531058214548,0.44399953647193596,ok
q005706,0.43013699999999999,4400.00000000000000000,-0.32820425462437575,0.08325786838177238,0.43995599802809260,ok
q005707,0.43013699999999999,4425.00000000000000000,-0.32253851708869846,0.08173505703921095,0.43591396677334221,ok
q005708,0.43013699999999999,4450.00000000000000000,-0.31690469937044241,0.08026301031163197,0.43197073083460658,ok
q005709,0.43013699999999999,4500.00000000000000000,-0.30573139877231725,0.07734356538027946,0.42404182332443335,ok
q005710,0.43013699999999999,4525.00000000000000000,-0.30019121839670182,0.07589598492951427,0.42005484641163260,ok
q005711,0.43013699999999999,4575.00000000000000000,-0.28920209682110665,0.07311709481965403,0.41229309622239368,ok
q005712,0.43013699999999999,4600.00000000000000000,-0.28375249205354197,0.07174211879636150,0.40839808641265946,ok
q005713,0.43013699999999999,4625.00000000000000000,-0.27833242458420271,0.07037459525422768,0.40448698694746354,ok
q005714,0.43013699999999999,4675.00000000000000000,-0.26757963280794095,0.06773894436701107,0.39684033840051208,ok
q005715,0.43013699999999999,4700.00000000000000000,-0.26224628683257833,0.06644375183991129,0.39302816424916626,ok
q005716,0.43013699999999999,4725.00000000000000000,-0.25694123460288520,0.06515543039301597,0.38919917236699247,ok
q005717,0.43013699999999999,4750.00000000000000000,-0.25166417750204140,0.06387744576850919,0.38536331573533489,ok
q005718,0.43013699999999999,4775.00000000000000000,-0.24641482161589764,0.06265481947998840,0.38165753466944413,ok
q005719,0.43013699999999999,4800.00000000000000000,-0.24119287763474606,0.06143857769204038,0.37793505443674219,ok
q005720,0.43013699999999999,4825.00000000000000000,-0.23599806075764201,0.06022865407174176,0.37419517060952029,ok
q005721,0.43013699999999999,4850.00000000000000000,-0.23083009059919937,0.05902498331459585,0.37043715115193421,ok
q005722,0.43013699999999999,4875.00000000000000000,-0.22568869109878081,0.05785353119573400,0.36674274825946113,ok
q005723,0.43013699999999999,4900.00000000000000000,-0.22057359043201033,0.05671350016558401,0.36311135051635973,ok
q005724,0.43013699999999999,4925.00000000000000000,-0.21548452092453901,0.05557927084517253,0.35946202914577796,ok
q005725,0.43013699999999999,4950.00000000000000000,-0.21042121896799237,0.05445078448263007,0.35579404068016957,ok
q005726,0.43013699999999999,4975.00000000000000000,-0.20538342493803516,0.05332798321403222,0.35210661071211763,ok
q005727,0.43013699999999999,5000.00000000000000000,-0.20037088311449083,0.05224868342738806,0.34852527203369521,ok
q005728,0.43013699999999999,5025.00000000000000000,-0.19538334160345186,0.05118233118964796,0.34495038219094565,ok
q005729,0.43013699999999999,5050.00000000000000000,-0.19042055226132279,0.05012127104434411,0.34135607563514997,ok
q005730,0.43013699999999999,5075.00000000000000000,-0.18548227062074032,0.04906545072357670,0.33774155256597216,ok
q005731,0.43013699999999999,5100.00000000000000000,-0.18056825581831121,0.04801672041681674,0.33411259395505533,ok
q005732,0.43013699999999999,5125.00000000000000000,-0.17567827052411938,0.04701000103627083,0.33059153537224345,ok
q005733,0.43013699999999999,5150.00000000000000000,-0.17081208087294655,0.04600818055287054,0.32704998124996215,ok
q005734,0.43013699999999999,5175.00000000000000000,-0.16596945639715852,0.04501121151939055,0.32348708793336023,ok
q005735,0.43013699999999999,5200.00000000000000000,-0.16115016996120957,0.04401904717459498,0.31990197251559455,ok
q005736,0.43013699999999999,5210.00000000000000000,-0.15922893978331568,0.04362351640339353,0.31846149843931937,ok
q005737,0.43013699999999999,5220.00000000000000000,-0.15731139365404387,0.04322874408092425,0.31701726014452131,ok
q005738,0.43013699999999999,5225.00000000000000000,-0.15635399769771663,0.04303650541748756,0.31631158524868191,ok
q005739,0.43013699999999999,5230.00000000000000000,-0.15539751747175978,0.04284608249687812,0.31561102009964287,ok
q005740,0.43013699999999999,5240.00000000000000000,-0.15348729721564053,0.04246578219342580,0.31420722204994100,ok
q005741,0.43013699999999999,5250.00000000000000000,-0.15158071894505892,0.04208620696248840,0.31279981848848759,ok
q005742,0.43013699999999999,5260.00000000000000000,-0.14967776879897279,0.04170735404451054,0.31138875022563056,ok
q005743,0.43013699999999999,5270.00000000000000000,-0.14777843299532029,0.04132922069566084,0.30997395692431662,ok
q005744,0.43013699999999999,5275.00000000000000000,-0.14683011618646105,0.04114042300648191,0.30926514420684698,ok
q005745,0.43013699999999999,5280.00000000000000000,-0.14588269783042113,0.04095180418771268,0.30855537706617980,ok
q005746,0.43013699999999999,5300.00000000000000000,-0.14210197499051519,0.04019911085893061,0.30570660548700729,ok
q005747,0.43013699999999999,5310.00000000000000000,-0.14021696029474384,0.03982382865860974,0.30427628449936839,ok
q005748,0.43013699999999999,5325.00000000000000000,-0.13739608395310249,0.03926222843199132,0.30212319714020808,ok
q005749,0.43013699999999999,5330.00000000000000000,-0.13645755737083812,0.03907537985110656,0.30140343904218625,ok
q005750,0.43013699999999999,5340.00000000000000000,-0.13458314257648779,0.03870220795493207,0.29996077719888165,ok
q005751,0.43013699999999999,5350.00000000000000000,-0.13271223464067608,0.03833380989069141,0.29852973226763480,ok
q005752,0.43013699999999999,5360.00000000000000000,-0.13084482046588061,0.03797428573533391,0.29712651289016240,ok
q005753,0.43013699999999999,5370.00000000000000000,-0.12898088702781790,0.03761543170926576,0.29571926927508396,ok
q005754,0.43013699999999999,5375.00000000000000000,-0.12805022153486484,0.03743625521495058,0.29501411731620891,ok
q005755,0.43013699999999999,5380.00000000000000000,-0.12712042137489826,0.03725724531898047,0.29430793384777393,ok
q005756,0.43013699999999999,5390.00000000000000000,-0.12526341062768551,0.03689972408486293,0.29289243761665462,ok
q005757,0.43013699999999999,5400.00000000000000000,-0.12340984197836259,0.03654286554108651,0.29147271012871218,ok
q005758,0.43013699999999999,5410.00000000000000000,-0.12155970269020112,0.03618666723551092,0.29004867942323265,ok
q005759,0.43013699999999999,5420.00000000000000000,-0.11971298009703642,0.03583112672958118,0.28862027198367202,ok
q005760,0.43013699999999999,5425.00000000000000000,-0.11879089612206800,0.03565360239312512,0.28790440357698377,ok
q005761,0.43013699999999999,5430.00000000000000000,-0.11786966160274717,0.03547624159822740,0.28718741268756548,ok
q005762,0.43013699999999999,5440.00000000000000000,-0.11602973468073996,0.03512200942976557,0.28575002475437816,ok
q005763,0.43013699999999999,5450.00000000000000000,-0.11419318687343863,0.03476842782579923,0.28430802969119279,ok
q005764,0.43013699999999999,5460.00000000000000000,-0.11236000579177764,0.03441549440112192,0.28286134723612261,ok
q005765,0.43013699999999999,5470.00000000000000000,-0.11053017911470146,0.03406320678362085,0.28140989529933369,ok
q005766,0.43013699999999999,5475.00000000000000000,-0.10961651984602677,0.03388730441483284,0.28068235460731211,ok
q005767,0.43013699999999999,5480.00000000000000000,-0.10870369458866712,0.03372049510687724,0.27999067684701628,ok
q005768,0.43013699999999999,5490.00000000000000000,-0.10688054002715200,0.03338774369621801,0.27860578799084157,ok
q005769,0.43013699999999999,5500.00000000000000000,-0.10506070331016601,0.03305559783896096,0.27721651988641433,ok
q005770,0.43013699999999999,5510.00000000000000000,-0.10324417238376811,0.03272405533509190,0.27582279708968721,ok
q005771,0.43013699999999999,5520.00000000000000000,-0.10143093525958739,0.03239311399656414,0.27442454246016307,ok
q005772,0.43013699999999999,5525.00000000000000000,-0.10052554814477481,0.03222786808378963,0.27372369112400052,ok
q005773,0.43013699999999999,5540.00000000000000000,-0.09781429478939886,0.03173302612266365,0.27161412031788379,ok
q005774,0.43013699999999999,5550.00000000000000000,-0.09601086779024814,0.03140387527025889,0.27020178952246604,ok
q005775,0.43013699999999999,5560.00000000000000000,-0.09421068728610026,0.03107531694896185,0.26878460020369055,ok
q005776,0.43013699999999999,5570.00000000000000000,-0.09241374160939859,0.03074734902927896,0.26736246584341017,ok
q005777,0.43013699999999999,5575.00000000000000000,-0.09151647820240878,0.03058358580771170,0.26664951667084613,ok
q005778,0.43013699999999999,5590.00000000000000000,-0.08882950838158343,0.03009317593399514,0.26450300548662725,ok
q005779,0.43013699999999999,5600.00000000000000000,-0.08704219780748777,0.02976696655637538,0.26306549579299376,ok
q005780,0.43013699999999999,5610.00000000000000000,-0.08525807601398636,0.02944997356490613,0.26166103430145765,ok
q005781,0.43013699999999999,5625.00000000000000000,-0.08258784745810746,0.02900101290231023,0.25965888171785184,ok
q005782,0.43013699999999999,5650.00000000000000000,-0.07815325039024167,0.02825539896093002,0.25629924156110157,ok
q005783,0.43013699999999999,5660.00000000000000000,-0.07638490333349966,0.02795807674686469,0.25494719932450555,ok
q005784,0.43013699999999999,5670.00000000000000000,-0.07461967780893063,0.02766127937369719,0.25359035437787786,ok
q005785,0.43013699999999999,5675.00000000000000000,-0.07373823218112495,0.02751307692404897,0.25291010408474113,ok
q005786,0.43013699999999999,5680.00000000000000000,-0.07285756281553134,0.02736500499176650,0.25222862068943364,ok
q005787,0.43013699999999999,5690.00000000000000000,-0.07109854741035175,0.02706925176117239,0.25086191012213033,ok
q005788,0.43013699999999999,5700.00000000000000000,-0.06934262070808682,0.02677401785170684,0.24949013235846498,ok
q005789,0.43013699999999999,5720.00000000000000000,-0.06583999015688471,0.02618510072338307,0.24673100259413597,ok
q005790,0.43013699999999999,5725.00000000000000000,-0.06496624610828790,0.02603819318390163,0.24603790564791120,ok
q005791,0.43013699999999999,5730.00000000000000000,-0.06409326482194304,0.02589141389196113,0.24534345832977689,ok
q005792,0.43013699999999999,5740.00000000000000000,-0.06234958521711617,0.02559823915640733,0.24395046216523955,ok
q005793,0.43013699999999999,5750.00000000000000000,-0.06060894073933225,0.02533392351446675,0.24268773399405658,ok
q005794,0.43013699999999999,5760.00000000000000000,-0.05887132084079143,0.02507434075690332,0.24144118885121563,ok
q005795,0.43013699999999999,5770.00000000000000000,-0.05713671502858309,0.02481520827321300,0.24019035353575038,ok
q005796,0.43013699999999999,5775.00000000000000000,-0.05627053914073404,0.02468581039644396,0.23956330370588638,ok
q005797,0.43013699999999999,5780.00000000000000000,-0.05540511286430517,0.02455652450400459,0.23893515308354069,ok
q005798,0.43013699999999999,5790.00000000000000000,-0.05367650396368738,0.02429828789797362,0.23767551074864948,ok
q005799,0.43013699999999999,5800.00000000000000000,-0.05195087799621759,0.02404049691184654,0.23641134794144872,ok
q005800,0.43013699999999999,5810.00000000000000000,-0.05022822468477137,0.02378315001032538,0.23514258416398304,ok
q005801,0.43013699999999999,5825.00000000000000000,-0.04764979609682705,0.02339795897769445,0.23323063070943320,ok
q005802,0.43013699999999999,5830.00000000000000000,-0.04679179518619030,0.02326978235945818,0.23259092175641835,ok
q005803,0.43013699999999999,5840.00000000000000000,-0.04507799870845561,0.02301375857890268,0.23130785196525994,ok
q005804,0.43013699999999999,5850.00000000000000000,-0.04336713430482615,0.02275817282042685,0.23001983873052975,ok
q005805,0.43013699999999999,5860.00000000000000000,-0.04165919195967002,0.02250302358779703,0.22872679093517753,ok
q005806,0.43013699999999999,5870.00000000000000000,-0.03995416170858617,0.02224830939243297,0.22742861509873183,ok
q005807,0.43013699999999999,5875.00000000000000000,-0.03910273551836858,0.02212111497062414,0.22677757428442488,ok
q005808,0.43013699999999999,5880.00000000000000000,-0.03825203363805568,0.02199702665781498,0.22614062580509381,ok
q005809,0.43013699999999999,5890.00000000000000000,-0.03655279788509599,0.02178182728991525,0.22503172752414519,ok
q005810,0.43013699999999999,5900.00000000000000000,-0.03485644463691755,0.02156699297624994,0.22391923284617851,ok
q005811,0.43013699999999999,5910.00000000000000000,-0.03316296413058447,0.02135252248039400,0.22280308144814379,ok
q005812,0.43013699999999999,5925.00000000000000000,-0.03062810852739640,0.02103149620574493,0.22112186268397627,ok
q005813,0.43013699999999999,5930.00000000000000000,-0.02978458253895718,0.02092466802772258,0.22055956034979574,ok
q005814,0.43013699999999999,5940.00000000000000000,-0.02809966217403769,0.02071128162924285,0.21943206301667656,ok
q005815,0.43013699999999999,5950.00000000000000000,-0.02641757599105285,0.02049825416516042,0.21830065360210496,ok
q005816,0.43013699999999999,5960.00000000000000000,-0.02473831447133283,0.02028558442998527,0.21716526450880089,ok
q005817,0.43013699999999999,5970.00000000000000000,-0.02306186814408060,0.02007327122429022,0.21602582653352204,ok
q005818,0.43013699999999999,5975.00000000000000000,-0.02222469773101695,0.01996724794682454,0.21545456713637112,ok
q005819,0.43013699999999999,5980.00000000000000000,-0.02138822758605094,0.01986131335467030,0.21488226881148528,ok
q005820,0.43013699999999999,5990.00000000000000000,-0.01971738342123331,0.01964970963370255,0.21373451875831490,ok
q005821,0.43013699999999999,6000.00000000000000000,-0.01804932632053628,0.01943845887990607,0.21258250200937898,ok
q005822,0.43013699999999999,6020.00000000000000000,-0.01472153622786158,0.01901701157737655,0.21026536168097995,ok
q005823,0.43013699999999999,6025.00000000000000000,-0.01389131617187255,0.01893044078250871,0.20978622217946932,ok
q005824,0.43013699999999999,6040.00000000000000000,-0.01140478360186775,0.01867668859335088,0.20837544385490567,ok
q005825,0.43013699999999999,6050.00000000000000000,-0.00975052350584122,0.01850787032574928,0.20743155503429123,ok
q005826,0.43013699999999999,6060.00000000000000000,-0.00809899546736821,0.01833933086631350,0.20648492107349661,ok
q005827,0.43013699999999999,6075.00000000000000000,-0.00562680632197912,0.01808704243252336,0.20505972840653727,ok
q005828,0.43013699999999999,6100.00000000000000000,-0.00152002436932567,0.01766794279013352,0.20267005775952265,ok
q005829,0.43013699999999999,6110.00000000000000000,0.00011797763491273,0.01750078367087067,0.20170903299067358,ok
q005830,0.43013699999999999,6120.00000000000000000,0.00175330097564351,0.01733389791087818,0.20074499043456065,ok
q005831,0.43013699999999999,6125.00000000000000000,0.00256996088219937,0.01725055726149928,0.20026182225212186,ok
q005832,0.43013699999999999,6130.00000000000000000,0.00338595439952884,0.01716728461755376,0.19977788120987702,ok
q005833,0.43013699999999999,6140.00000000000000000,0.00501594661045992,0.01700094290265993,0.19880765536927808,ok
q005834,0.43013699999999999,6150.00000000000000000,0.00664328626983512,0.01683487188229561,0.19783426186535136,ok
q005835,0.43013699999999999,6160.00000000000000000,0.00826798199683704,0.01666907067686788,0.19685764851519133,ok
q005836,0.43013699999999999,6170.00000000000000000,0.00989004236870509,0.01652404822956369,0.19599943799009262,ok
q005837,0.43013699999999999,6175.00000000000000000,0.01070008696544966,0.01646217253500872,0.19563212558266266,ok
q005838,0.43013699999999999,6180.00000000000000000,0.01150947592100806,0.01640034692196029,0.19526442036139988,ok
q005839,0.43013699999999999,6190.00000000000000000,0.01312629114791341,0.01627684561655824,0.19452782062977689,ok
q005840,0.43013699999999999,6200.00000000000000000,0.01474049650245456,0.01615354366766802,0.19378961688129323,ok
q005841,0.43013699999999999,6210.00000000000000000,0.01635210039679610,0.01603044043272189,0.19304978684600796,ok
q005842,0.43013699999999999,6220.00000000000000000,0.01796111120249680,0.01590753527225381,0.19230830788914474,ok
q005843,0.43013699999999999,6225.00000000000000000,0.01876464680217993,0.01584615677095912,0.19193694288976021,ok
q005844,0.43013699999999999,6250.00000000000000000,0.02277266819971889,0.01554000188916546,0.19007374547564879,ok
q005845,0.43013699999999999,6275.00000000000000000,0.02676468946925628,0.01523506918580129,0.18819965133485247,ok
q005846,0.43013699999999999,6300.00000000000000000,0.03074083784889562,0.01493134894171526,0.18631427100639261,ok
q005847,0.43013699999999999,6350.00000000000000000,0.03864601735600898,0.01448304411612574,0.18349596802234888,ok
q005848,0.43013699999999999,6400.00000000000000000,0.04648919481703494,0.01409362537680722,0.18101224751305942,ok
q005849,0.43013699999999999,6450.00000000000000000,0.05427133525908975,0.01370723716422325,0.17851370454635912,ok
q005850,0.43013699999999999,6500.00000000000000000,0.06199338135300012,0.01347242856606073,0.17697810635054897,ok
q005851,0.43013699999999999,6550.00000000000000000,0.06965625409856932,0.01330175004864360,0.17585348948819926,ok
q005852,0.43013699999999999,6600.00000000000000000,0.07726085348378849,0.01313236947927802,0.17473026905882777,ok
q005853,0.43013699999999999,6650.00000000000000000,0.08480805911917147,0.01307373199284625,0.17433973761290722,ok
q005854,0.43013699999999999,6700.00000000000000000,0.09229873084832914,0.01308889988074132,0.17444084107198510,ok
q005855,0.43013699999999999,6800.00000000000000000,0.10711381663346972,0.01317822659001133,0.17503507477743527,ok
q005856,0.43013699999999999,6900.00000000000000000,0.12171261605462234,0.01348959552955513,0.17709082580045402,ok
q005857,0.43013699999999999,7000.00000000000000000,0.13610135350672209,0.01391545142304460,0.17986441474641837,ok
q005858,0.43013699999999999,7100.00000000000000000,0.15028598849867844,0.01442072511149826,0.18310076057385027,ok
q005859,0.43013699999999999,7200.00000000000000000,0.16427223047341827,0.01503994550209025,0.18699058073343960,ok
q005860,0.43013699999999999,7500.00000000000000000,0.20509422499367341,0.01714873806742122,0.19966993776303701,ok
q005861,0.43013699999999999,8000.00000000000000000,0.26963274613124466,0.02153621147660880,0.22375938137997076,ok
q005862,0.46575299999999997,2200.00000000000000000,-1.02259230677085511,0.32725538537253895,0.83823457537340396,ok
q005863,0.46575299999999997,2600.00000000000000000,-0.85553822210768882,0.25635044653849526,0.74188947289435636,ok
q005864,0.46575299999999997,2800.00000000000000000,-0.78143024995396704,0.22679943563591018,0.69781958516465925,ok
q005865,0.46575299999999997,2900.00000000000000000,-0.74633893014269692,0.21325175938282986,0.67665684736116960,ok
q005866,0.46575299999999997,3000.00000000000000000,-0.71243737846701560,0.20049213435643037,0.65610121064091609,ok
q005867,0.46575299999999997,3100.00000000000000000,-0.67964755564402479,0.18844380060680765,0.63608198664364901,ok
q005868,0.46575299999999997,3200.00000000000000000,-0.64789885732944452,0.17712059209031639,0.61667550365655122,ok
q005869,0.46575299999999997,3300.00000000000000000,-0.61712719866269072,0.16642413941343945,0.59776478883435380,ok
q005870,0.46575299999999997,3400.00000000000000000,-0.58727423551300961,0.15631396759443988,0.57932338928009963,ok
q005871,0.46575299999999997,3500.00000000000000000,-0.55828669863975733,0.14677000447016969,0.56135917240763067,ok
q005872,0.46575299999999997,3700.00000000000000000,-0.50271684748494649,0.12921859427873919,0.52672590212594883,ok
q005873,0.46575299999999997,3800.00000000000000000,-0.47604860040278513,0.12112849627998683,0.50997082646134251,ok
q005874,0.46575299999999997,3900.00000000000000000,-0.45007311399952449,0.11345847142852811,0.49356077061766207,ok
q005875,0.46575299999999997,4000.00000000000000000,-0.42475530601523459,0.10618324638467076,0.47747448510579099,ok
q005876,0.46575299999999997,4050.00000000000000000,-0.41233278601667750,0.10268595630673284,0.46954551383270277,ok
q005877,0.46575299999999997,4100.00000000000000000,-0.40006269342486322,0.09927930086996323,0.46169112323853384,ok
q005878,0.46575299999999997,4200.00000000000000000,-0.37596514184580271,0.09272470441342748,0.44619006744795203,ok
q005879,0.46575299999999997,4450.00000000000000000,-0.31814557095697638,0.07773372490777353,0.40853277973950891,ok
q005880,0.46575299999999997,4500.00000000000000000,-0.30697227035885122,0.07496313331809670,0.40118624550067583,ok
q005881,0.46575299999999997,4550.00000000000000000,-0.29592243417226616,0.07225319998381240,0.39386801342248251,ok
q005882,0.46575299999999997,4600.00000000000000000,-0.28499336364007599,0.06963507789678644,0.38666619291589671,ok
q005883,0.46575299999999997,4650.00000000000000000,-0.27418244753586024,0.06705984178916786,0.37944901672717585,ok
q005884,0.46575299999999997,4750.00000000000000000,-0.25290504908857553,0.06215968869787095,0.36532263791243097,ok
q005885,0.46575299999999997,4800.00000000000000000,-0.24243374922128003,0.05984502692079266,0.35845628777874727,ok
q005886,0.46575299999999997,4850.00000000000000000,-0.23207096218573350,0.05756319968358031,0.35155609577669972,ok
q005887,0.46575299999999997,4900.00000000000000000,-0.22181446201854432,0.05537172199289409,0.34479914831004499,ok
q005888,0.46575299999999997,4950.00000000000000000,-0.21166209055452639,0.05324130127635597,0.33810103505833494,ok
q005889,0.46575299999999997,5000.00000000000000000,-0.20161175470102488,0.05115850200073545,0.33142180566136292,ok
q005890,0.46575299999999997,5025.00000000000000000,-0.19662421318998588,0.05015645209206746,0.32815994759901551,ok
q005891,0.46575299999999997,5050.00000000000000000,-0.19166142384785684,0.04915937515626410,0.32488177299371890,ok
q005892,0.46575299999999997,5070.00000000000000000,-0.18770884953203348,0.04836526111763244,0.32224704081719768,ok
q005893,0.46575299999999997,5075.00000000000000000,-0.18672314220727423,0.04816722207724305,0.32158661890489987,ok
q005894,0.46575299999999997,5100.00000000000000000,-0.18180912740484514,0.04717994446299791,0.31827379473189193,ok
q005895,0.46575299999999997,5120.00000000000000000,-0.17789522808370892,0.04641467192529525,0.31568199467256736,ok
q005896,0.46575299999999997,5125.00000000000000000,-0.17691914211065346,0.04622562682454082,0.31503845866616609,ok
q005897,0.46575299999999997,5130.00000000000000000,-0.17594400795244716,0.04603676606813619,0.31439423486377754,ok
q005898,0.46575299999999997,5150.00000000000000000,-0.17205295245948052,0.04528315931830618,0.31181035168610904,ok
q005899,0.46575299999999997,5160.00000000000000000,-0.17011308764165392,0.04490745272067108,0.31051413899791380,ok
q005900,0.46575299999999997,5170.00000000000000000,-0.16817697861478750,0.04453247353219877,0.30921501808337476,ok
q005901,0.46575299999999997,5200.00000000000000000,-0.16239104154774356,0.04341187239050406,0.30529973574450442,ok
q005902,0.46575299999999997,5210.00000000000000000,-0.16046981136984978,0.04303977488825693,0.30398850749958939,ok
q005903,0.46575299999999997,5225.00000000000000000,-0.15759486928425062,0.04248296562018195,0.30201574354620464,ok
q005904,0.46575299999999997,5230.00000000000000000,-0.15663838905829378,0.04230011003619548,0.30136507312025451,ok
q005905,0.46575299999999997,5250.00000000000000000,-0.15282159053159292,0.04158200634535700,0.29879607598725683,ok
q005906,0.46575299999999997,5270.00000000000000000,-0.14901930458185431,0.04086663309339478,0.29621469438941628,ok
q005907,0.46575299999999997,5275.00000000000000000,-0.14807098777299504,0.04068821398225698,0.29556736710280590,ok
q005908,0.46575299999999997,5290.00000000000000000,-0.14523142126491720,0.04015396959509134,0.29362052606188027,ok
q005909,0.46575299999999997,5300.00000000000000000,-0.14334284657704918,0.03979864760355976,0.29231851705316242,ok
q005910,0.46575299999999997,5310.00000000000000000,-0.14145783188127786,0.03944399539940262,0.29101315360936536,ok
q005911,0.46575299999999997,5320.00000000000000000,-0.13957636378157229,0.03909001046225131,0.28970438104729257,ok
q005912,0.46575299999999997,5325.00000000000000000,-0.13863695553963651,0.03891326743507317,0.28904869896956825,ok
q005913,0.46575299999999997,5330.00000000000000000,-0.13769842895737214,0.03873669028593645,0.28839214362434090,ok
q005914,0.46575299999999997,5350.00000000000000000,-0.13395310622721010,0.03803203426149720,0.28575704573985988,ok
q005915,0.46575299999999997,5360.00000000000000000,-0.13208569205241463,0.03768676003277992,0.28445696411716465,ok
q005916,0.46575299999999997,5370.00000000000000000,-0.13022175861435192,0.03734513735426861,0.28316475730530627,ok
q005917,0.46575299999999997,5375.00000000000000000,-0.12929109312139875,0.03717456450439734,0.28251734372156068,ok
q005918,0.46575299999999997,5380.00000000000000000,-0.12836129296143217,0.03700415025320059,0.28186904716231964,ok
q005919,0.46575299999999997,5390.00000000000000000,-0.12650428221421955,0.03666379636902625,0.28056977611954809,ok
q005920,0.46575299999999997,5400.00000000000000000,-0.12465071356489663,0.03632407335432223,0.27926688545269818,ok
q005921,0.46575299999999997,5410.00000000000000000,-0.12280057427673516,0.03598497887469442,0.27796031524686987,ok
q005922,0.46575299999999997,5420.00000000000000000,-0.12095385168357047,0.03564651060868167,0.27665000436024140,ok
q005923,0.46575299999999997,5440.00000000000000000,-0.11727060626727401,0.03497144349575004,0.27401790961487577,ok
q005924,0.46575299999999997,5450.00000000000000000,-0.11543405845997255,0.03463484006971970,0.27269599699093111,ok
q005925,0.46575299999999997,5460.00000000000000000,-0.11360087737831158,0.03429885369889511,0.27137008607265767,ok
q005926,0.46575299999999997,5470.00000000000000000,-0.11177105070123540,0.03396348212506684,0.27004010898717346,ok
q005927,0.46575299999999997,5475.00000000000000000,-0.11085739143256071,0.03379602618472181,0.26937357401890816,ok
q005928,0.46575299999999997,5490.00000000000000000,-0.10812141161368606,0.03330682255543819,0.26741685147591610,ok
q005929,0.46575299999999997,5500.00000000000000000,-0.10630157489670009,0.03298839820468984,0.26613548432713602,ok
q005930,0.46575299999999997,5510.00000000000000000,-0.10448504397030219,0.03267055228178168,0.26485026241730769,ok
q005931,0.46575299999999997,5520.00000000000000000,-0.10267180684612134,0.03235328268905890,0.26356112081058586,ok
q005932,0.46575299999999997,5525.00000000000000000,-0.10176641973130877,0.03219486336411660,0.26291505944577115,ok
q005933,0.46575299999999997,5540.00000000000000000,-0.09905516637593283,0.03172046416041786,0.26097081169836989,ok
q005934,0.46575299999999997,5550.00000000000000000,-0.09725173937678211,0.03140491108581141,0.25966950711943293,ok
q005935,0.46575299999999997,5600.00000000000000000,-0.08828306939402175,0.02983562583638168,0.25309860156502528,ok
q005936,0.46575299999999997,5630.00000000000000000,-0.08294022498352625,0.02893806046962023,0.24926246150731379,ok
q005937,0.46575299999999997,5650.00000000000000000,-0.07939412197677567,0.02836290038796162,0.24677291395628598,ok
q005938,0.46575299999999997,5670.00000000000000000,-0.07586054939546463,0.02778977267831965,0.24426692578922254,ok
q005939,0.46575299999999997,5675.00000000000000000,-0.07497910376765896,0.02764680662846120,0.24363779311886616,ok
q005940,0.46575299999999997,5680.00000000000000000,-0.07409843440206534,0.02750396648443131,0.24300758787455992,ok
q005941,0.46575299999999997,5690.00000000000000000,-0.07233941899688576,0.02721866302817077,0.24174392216341287,ok
q005942,0.46575299999999997,5700.00000000000000000,-0.07058349229462083,0.02693386054399628,0.24047585254824833,ok
q005943,0.46575299999999997,5710.00000000000000000,-0.06883064346720644,0.02664955727565025,0.23920330110888971,ok
q005944,0.46575299999999997,5720.00000000000000000,-0.06708086174341873,0.02636575147609434,0.23792618804936658,ok
q005945,0.46575299999999997,5725.00000000000000000,-0.06620711769482192,0.02622403458366820,0.23728589544671391,ok
q005946,0.46575299999999997,5730.00000000000000000,-0.06533413640847706,0.02608244140744498,0.23664443163193677,ok
q005947,0.46575299999999997,5740.00000000000000000,-0.06359045680365019,0.02579962534090955,0.23535794810812499,ok
q005948,0.46575299999999997,5750.00000000000000000,-0.06184981232586616,0.02552198372896332,0.23408812511839128,ok
q005949,0.46575299999999997,5760.00000000000000000,-0.06011219242732547,0.02527012782578792,0.23293024790532507,ok
q005950,0.46575299999999997,5770.00000000000000000,-0.05837758661511713,0.02501870879343573,0.23176860970640459,ok
q005951,0.46575299999999997,5775.00000000000000000,-0.05751141072726808,0.02489316263070694,0.23118636033084142,ok
q005952,0.46575299999999997,5780.00000000000000000,-0.05664598445083921,0.02476772511893307,0.23060314664160098,ok
q005953,0.46575299999999997,5790.00000000000000000,-0.05491737555022142,0.02451717529715227,0.22943379338044265,ok
q005954,0.46575299999999997,5800.00000000000000000,-0.05319174958275164,0.02426705783075757,0.22826048309368960,ok
q005955,0.46575299999999997,5840.00000000000000000,-0.04631887029498954,0.02327088184204535,0.22352627976522929,ok
q005956,0.46575299999999997,5850.00000000000000000,-0.04460800589136021,0.02302290396152696,0.22233212580243861,ok
q005957,0.46575299999999997,5880.00000000000000000,-0.03949290522458974,0.02228150574242019,0.21872299175984561,ok
q005958,0.46575299999999997,5900.00000000000000000,-0.03609731622345151,0.02183813633550852,0.21653592325348359,ok
q005959,0.46575299999999997,5910.00000000000000000,-0.03440383571711843,0.02162881936526348,0.21549568395120491,ok
q005960,0.46575299999999997,5930.00000000000000000,-0.03102545412549115,0.02121124585529598,0.21340532817880126,ok
q005961,0.46575299999999997,5940.00000000000000000,-0.02934053376057167,0.02100298693258018,0.21235510243414346,ok
q005962,0.46575299999999997,5950.00000000000000000,-0.02765844757758694,0.02079507831940353,0.21130143657912503,ok
q005963,0.46575299999999997,5960.00000000000000000,-0.02597918605786692,0.02058751883924276,0.21024427288464781,ok
q005964,0.46575299999999997,5970.00000000000000000,-0.02430273973061458,0.02038030732149184,0.20918355231143290,ok
q005965,0.46575299999999997,5975.00000000000000000,-0.02346556931755093,0.02027683168431387,0.20865183937660681,ok
q005966,0.46575299999999997,5980.00000000000000000,-0.02262909917258492,0.02017344260142219,0.20811921446653162,ok
q005967,0.46575299999999997,5990.00000000000000000,-0.02095825500776730,0.01996692352014353,0.20705119755798310,ok
q005968,0.46575299999999997,6000.00000000000000000,-0.01929019790707026,0.01976074892456483,0.20597943834751994,ok
q005969,0.46575299999999997,6010.00000000000000000,-0.01762491858800904,0.01955491766735574,0.20490387210121883,ok
q005970,0.46575299999999997,6025.00000000000000000,-0.01513218775840654,0.01924681204527296,0.20328323911343218,ok
q005971,0.46575299999999997,6040.00000000000000000,-0.01264565518840175,0.01898587609702414,0.20190054473322569,ok
q005972,0.46575299999999997,6050.00000000000000000,-0.01099139509237522,0.01881977308373051,0.20101541408086279,ok
q005973,0.46575299999999997,6060.00000000000000000,-0.00933986705390222,0.01865394439428305,0.20012784019870811,ok
q005974,0.46575299999999997,6070.00000000000000000,-0.00769106206371840,0.01848838912406832,0.19923778555989313,ok
q005975,0.46575299999999997,6075.00000000000000000,-0.00686767790851313,0.01840571373970383,0.19879181602740839,ok
q005976,0.46575299999999997,6100.00000000000000000,-0.00276089595585969,0.01799335484951833,0.19655235058019979,ok
q005977,0.46575299999999997,6125.00000000000000000,0.00132908929566534,0.01758268250347272,0.19429639222205591,ok
q005978,0.46575299999999997,6150.00000000000000000,0.00540241468330131,0.01717368296184263,0.19202328284655298,ok
q005979,0.46575299999999997,6200.00000000000000000,0.01349962491592051,0.01646748530478845,0.18803375192228317,ok
q005980,0.46575299999999997,6230.00000000000000000,0.01832666566423645,0.01609978024550351,0.18592258267932901,ok
q005981,0.46575299999999997,6240.00000000000000000,0.01993051524621099,0.01597760526576467,0.18521579209861569,ok
q005982,0.46575299999999997,6250.00000000000000000,0.02153179661318483,0.01585562592258626,0.18450743231336134,ok
q005983,0.46575299999999997,6260.00000000000000000,0.02313051797688187,0.01573384159043132,0.18379748152665742,ok
q005984,0.46575299999999997,6270.00000000000000000,0.02472668750970405,0.01561225164675829,0.18308591757997156,ok
q005985,0.46575299999999997,6275.00000000000000000,0.02552381788272221,0.01555152937687260,0.18272952364597941,ok
q005986,0.46575299999999997,6280.00000000000000000,0.02632031334498205,0.01549085547200187,0.18237271794404933,ok
q005987,0.46575299999999997,6290.00000000000000000,0.02791140357722391,0.01536965244955415,0.18165785970952705,ok
q005988,0.46575299999999997,6300.00000000000000000,0.02949996626236177,0.01524864196574578,0.18094131957724310,ok
q005989,0.46575299999999997,6325.00000000000000000,0.03346036747845862,0.01496292867338636,0.17923815811840318,ok
q005990,0.46575299999999997,6350.00000000000000000,0.03740514576947510,0.01476212658402326,0.17803141024783936,ok
q005991,0.46575299999999997,6375.00000000000000000,0.04133442390936459,0.01456211350293949,0.17682121703213052,ok
q005992,0.46575299999999997,6400.00000000000000000,0.04524832323050083,0.01436288325392124,0.17560746948418579,ok
q005993,0.46575299999999997,6450.00000000000000000,0.05303046367255584,0.01396674690728791,0.17316886130247922,ok
q005994,0.46575299999999997,6500.00000000000000000,0.06075250976646621,0.01368208784233466,0.17139508222361322,ok
q005995,0.46575299999999997,6550.00000000000000000,0.06841538251203517,0.01349045218724824,0.17019054266067285,ok
q005996,0.46575299999999997,6600.00000000000000000,0.07601998189725455,0.01330027385162352,0.16898667511165283,ok
q005997,0.46575299999999997,6650.00000000000000000,0.08356718753263750,0.01318622417975774,0.16826058596036680,ok
q005998,0.46575299999999997,6700.00000000000000000,0.09105785926179517,0.01317030318131066,0.16815897667494178,ok
q005999,0.46575299999999997,6750.00000000000000000,0.09849283774931310,0.01315450055569392,0.16805806210551996,ok
q006000,0.46575299999999997,7000.00000000000000000,0.13486048192018801,0.01372474332569611,0.17166204625911119,ok
q006001,0.46575299999999997,7200.00000000000000000,0.16303135888688436,0.01463775150265706,0.17727984142445963,ok
q006002,0.50958899999999996,1600.00000000000000000,-1.34266652304167566,0.45202943573603138,0.94183176975690752,ok
q006003,0.50958899999999996,1800.00000000000000000,-1.22488348738529207,0.39799863593931317,0.88375273214626171,ok
q006004,0.50958899999999996,2000.00000000000000000,-1.11952297172746595,0.35153518366451803,0.83056643576614653,ok
q006005,0.50958899999999996,2100.00000000000000000,-1.07073280755803379,0.33067838121091780,0.80555069948393287,ok
q006006,0.50958899999999996,2200.00000000000000000,-1.02421279192314096,0.31118381887107921,0.78144511515452963,ok
q006007,0.50958899999999996,2400.00000000000000000,-0.93720141493351128,0.27574159259035080,0.73559897842106725,ok
q006008,0.50958899999999996,2500.00000000000000000,-0.89637942041325613,0.25957961887576425,0.71371573710393876,ok
q006009,0.50958899999999996,2600.00000000000000000,-0.85715870725997478,0.24435812832190806,0.69247384186571426,ok
q006010,0.50958899999999996,2700.00000000000000000,-0.81941837927712780,0.23000603469941491,0.67183030945891853,ok
q006011,0.50958899999999996,2800.00000000000000000,-0.78305073510625289,0.21651303563284321,0.65182648418066291,ok
q006012,0.50958899999999996,2900.00000000000000000,-0.74795941529498289,0.20377722049377553,0.63236495637922840,ok
q006013,0.50958899999999996,3000.00000000000000000,-0.71405786361930146,0.19177618422395490,0.61346150288364654,ok
q006014,0.50958899999999996,3050.00000000000000000,-0.69752856166809096,0.18601717679383403,0.60418021863297955,ok
q006015,0.50958899999999996,3100.00000000000000000,-0.68126804079631065,0.18041612852210462,0.59501464796826575,ok
q006016,0.50958899999999996,3300.00000000000000000,-0.61874768381497658,0.15957221959896442,0.55958829360266216,ok
q006017,0.50958899999999996,3500.00000000000000000,-0.55990718379204318,0.14091338448037322,0.52585511252814732,ok
q006018,0.50958899999999996,3600.00000000000000000,-0.53173630682534689,0.13234301834915455,0.50961299670838411,ok
q006019,0.50958899999999996,3625.00000000000000000,-0.52481586398077318,0.13027530603978141,0.50561625626363060,ok
q006020,0.50958899999999996,3675.00000000000000000,-0.51111701962261125,0.12619600301917239,0.49763713091764933,ok
q006021,0.50958899999999996,3725.00000000000000000,-0.49760330045588841,0.12225012181390982,0.48979531637056545,ok
q006022,0.50958899999999996,3750.00000000000000000,-0.49091431230509175,0.12029699904283382,0.48586696811752400,ok
q006023,0.50958899999999996,3775.00000000000000000,-0.48426976958642326,0.11839301343258232,0.48200663331361437,ok
q006024,0.50958899999999996,3800.00000000000000000,-0.47766908555507109,0.11651225340739309,0.47816279184141558,ok
q006025,0.50958899999999996,3825.00000000000000000,-0.47111168500891210,0.11464382632350441,0.47431331225934348,ok
q006026,0.50958899999999996,3900.00000000000000000,-0.45169359915181045,0.10921325048117800,0.46294313058145092,ok
q006027,0.50958899999999996,3925.00000000000000000,-0.44530380105303952,0.10743939366980630,0.45916814600005690,ok
q006028,0.50958899999999996,3950.00000000000000000,-0.43895457337438071,0.10569931252838229,0.45543463929260114,ok
q006029,0.50958899999999996,4000.00000000000000000,-0.42637579116752056,0.10230286839514027,0.44805763583483010,ok
q006030,0.50958899999999996,4025.00000000000000000,-0.42014524141688459,0.10062053430274467,0.44435829037782815,ok
q006031,0.50958899999999996,4050.00000000000000000,-0.41395327116896341,0.09898140502216210,0.44072408496477405,ok
q006032,0.50958899999999996,4075.00000000000000000,-0.40779940559458522,0.09736749329360488,0.43711627053788926,ok
q006033,0.50958899999999996,4100.00000000000000000,-0.40168317857714908,0.09576345264652653,0.43350077225084060,ok
q006034,0.50958899999999996,4125.00000000000000000,-0.39560413250076698,0.09416916306666287,0.42987712229836306,ok
q006035,0.50958899999999996,4150.00000000000000000,-0.38956181804480428,0.09262241981406480,0.42633210563258805,ok
q006036,0.50958899999999996,4200.00000000000000000,-0.37758562699808856,0.08957453991603419,0.41925888085067992,ok
q006037,0.50958899999999996,4225.00000000000000000,-0.37165089147827407,0.08806417981736732,0.41570918951220936,ok
q006038,0.50958899999999996,4250.00000000000000000,-0.36575116935108570,0.08660121252112471,0.41224174137256991,ok
q006039,0.50958899999999996,4275.00000000000000000,-0.35988604989868772,0.08515411141649834,0.40878296403578857,ok
q006040,0.50958899999999996,4300.00000000000000000,-0.35405512958789442,0.08371544826714213,0.40531509766637119,ok
q006041,0.50958899999999996,4325.00000000000000000,-0.34825801190356864,0.08228512524086394,0.40183766806832766,ok
q006042,0.50958899999999996,4350.00000000000000000,-0.34249430718681845,0.08089780056076250,0.39843578283421266,ok
q006043,0.50958899999999996,4400.00000000000000000,-0.33106561136319568,0.07816674947231279,0.39165259085851228,ok
q006044,0.50958899999999996,4450.00000000000000000,-0.31976605610926234,0.07549379898580612,0.38489796757185635,ok
q006045,0.50958899999999996,4475.00000000000000000,-0.31416380056059257,0.07419908637819272,0.38158320948925561,ok
q006046,0.50958899999999996,4500.00000000000000000,-0.30859275551113713,0.07291158669160225,0.37825811356330064,ok
q006047,0.50958899999999996,4525.00000000000000000,-0.30305257513552181,0.07163122000385545,0.37492219558387802,ok
q006048,0.50958899999999996,4550.00000000000000000,-0.29754291932455212,0.07037378013641903,0.37161686696560209,ok
q006049,0.50958899999999996,4575.00000000000000000,-0.29206345355992663,0.06915199977725908,0.36837686665005936,ok
q006050,0.50958899999999996,4600.00000000000000000,-0.28661384879236185,0.06793687765473770,0.36512600817804508,ok
q006051,0.50958899999999996,4625.00000000000000000,-0.28119378132302275,0.06672834159231504,0.36186380320766387,ok
q006052,0.50958899999999996,4650.00000000000000000,-0.27580293268814626,0.06552632058073812,0.35858974777373787,ok
q006053,0.50958899999999996,4675.00000000000000000,-0.27044098954676093,0.06437553332408646,0.35542698506281484,ok
q006054,0.50958899999999996,4700.00000000000000000,-0.26510764357139827,0.06323126369161375,0.35225397964495692,ok
q006055,0.50958899999999996,4725.00000000000000000,-0.25980259134170519,0.06209306448361905,0.34906919519438923,ok
q006056,0.50958899999999996,4750.00000000000000000,-0.25452553424086133,0.06096087163184938,0.34587212457690730,ok
q006057,0.50958899999999996,4775.00000000000000000,-0.24927617835471769,0.05985854116941507,0.34273072668651011,ok
q006058,0.50958899999999996,4800.00000000000000000,-0.24405423437356594,0.05878369145649345,0.33963966604682877,ok
q006059,0.50958899999999996,4850.00000000000000000,-0.23369144733801936,0.05665068529816839,0.33342070200199780,ok
q006060,0.50958899999999996,4875.00000000000000000,-0.22855004783760074,0.05559241431767015,0.33029176465289506,ok
q006061,0.50958899999999996,4900.00000000000000000,-0.22343494717083026,0.05458117045773034,0.32727392117648252,ok
q006062,0.50958899999999996,4925.00000000000000000,-0.21834587766335906,0.05357735502395434,0.32425046870592988,ok
q006063,0.50958899999999996,4950.00000000000000000,-0.21328257570681225,0.05257862222174203,0.32121408345821117,ok
q006064,0.50958899999999996,4975.00000000000000000,-0.20824478167685515,0.05158492084037331,0.31816423723561021,ok
q006065,0.50958899999999996,5000.00000000000000000,-0.20323223985331082,0.05060575538558046,0.31513013360195918,ok
q006066,0.50958899999999996,5025.00000000000000000,-0.19824469834227179,0.04965825561657455,0.31216607760851783,ok
q006067,0.50958899999999996,5050.00000000000000000,-0.19328190900014272,0.04871545809902313,0.30918852897898108,ok
q006068,0.50958899999999996,5075.00000000000000000,-0.18834362735956023,0.04777731639065200,0.30619694527437347,ok
q006069,0.50958899999999996,5100.00000000000000000,-0.18342961255713108,0.04684378473384515,0.30319076296256608,ok
q006070,0.50958899999999996,5125.00000000000000000,-0.17853962726293937,0.04592789980905039,0.30021215421561803,ok
q006071,0.50958899999999996,5175.00000000000000000,-0.16883081313597847,0.04413947325292892,0.29430900516171621,ok
q006072,0.50958899999999996,5200.00000000000000000,-0.16401152670002950,0.04325172942233350,0.29133436534616503,ok
q006073,0.50958899999999996,5225.00000000000000000,-0.15921535443653653,0.04236824337227674,0.28834352718021089,ok
q006074,0.50958899999999996,5250.00000000000000000,-0.15444207568387880,0.04150016623724830,0.28537432405331808,ok
q006075,0.50958899999999996,5275.00000000000000000,-0.14969147292528107,0.04064530077028310,0.28241980475163991,ok
q006076,0.50958899999999996,5300.00000000000000000,-0.14496333172933504,0.03979447723551487,0.27944824056044160,ok
q006077,0.50958899999999996,5325.00000000000000000,-0.14025744069192245,0.03894765759101725,0.27645894683629041,ok
q006078,0.50958899999999996,5350.00000000000000000,-0.13557359137949601,0.03810480432941472,0.27345120755498337,ok
q006079,0.50958899999999996,5375.00000000000000000,-0.13091157827368474,0.03727498573611057,0.27045730777213833,ok
q006080,0.50958899999999996,5400.00000000000000000,-0.12627119871718248,0.03645740161676554,0.26747477685585636,ok
q006081,0.50958899999999996,5425.00000000000000000,-0.12165225286088800,0.03564359388094589,0.26447262207365602,ok
q006082,0.50958899999999996,5450.00000000000000000,-0.11705454361225848,0.03483352780310146,0.26145003710154091,ok
q006083,0.50958899999999996,5475.00000000000000000,-0.11247787658484673,0.03402716913446654,0.25840617497871837,ok
q006084,0.50958899999999996,5500.00000000000000000,-0.10792206004898594,0.03323671554194723,0.25538714182683875,ok
q006085,0.50958899999999996,5550.00000000000000000,-0.09887222452906803,0.03170836208762327,0.24944619407469906,ok
q006086,0.50958899999999996,5575.00000000000000000,-0.09437783494122878,0.03094934101629733,0.24644254256259682,ok
q006087,0.50958899999999996,5600.00000000000000000,-0.08990355454630763,0.03019371602376114,0.24341551754106067,ok
q006088,0.50958899999999996,5625.00000000000000000,-0.08544920419692742,0.02944631451443573,0.24038394092917928,ok
q006089,0.50958899999999996,5675.00000000000000000,-0.07659958891994487,0.02805678279544686,0.23464370778532020,ok
q006090,0.50958899999999996,5700.00000000000000000,-0.07220397744690671,0.02736660120280474,0.23173968344847798,ok
q006091,0.50958899999999996,5725.00000000000000000,-0.06782760284710790,0.02667944010819599,0.22881175557266809,ok
q006092,0.50958899999999996,5750.00000000000000000,-0.06347029747815211,0.02599527318907214,0.22585888018652717,ok
q006093,0.50958899999999996,5775.00000000000000000,-0.05913189587955400,0.02536317258482744,0.22309599096130608,ok
q006094,0.50958899999999996,5800.00000000000000000,-0.05481223473503753,0.02475586482485401,0.22040885017470768,ok
q006095,0.50958899999999996,5825.00000000000000000,-0.05051115283564698,0.02415116914933859,0.21770031500377279,ok
q006096,0.50958899999999996,5850.00000000000000000,-0.04622849104364606,0.02354906318486369,0.21496947464790084,ok
q006097,0.50958899999999996,5875.00000000000000000,-0.04196409225718858,0.02294952484424074,0.21221536590254747,ok
q006098,0.50958899999999996,5900.00000000000000000,-0.03771780137573742,0.02236619822792887,0.20950098174576803,ok
q006099,0.50958899999999996,5925.00000000000000000,-0.03348946526621636,0.02185848800353288,0.20710950774249173,ok
q006100,0.50958899999999996,5950.00000000000000000,-0.02927893272987279,0.02135291551272734,0.20470034210380209,ok
q006101,0.50958899999999996,5975.00000000000000000,-0.02508605446983687,0.02084946282894601,0.20227276572536940,ok
q006102,0.50958899999999996,6000.00000000000000000,-0.02091068305935618,0.02034811225017382,0.19982602070260730,ok
q006103,0.50958899999999996,6025.00000000000000000,-0.01675267291069255,0.01984884629521219,0.19735930720352224,ok
q006104,0.50958899999999996,6050.00000000000000000,-0.01261188024466109,0.01939619823001516,0.19509596377184446,ok
q006105,0.50958899999999996,6100.00000000000000000,-0.00438138110814562,0.01858815527350947,0.19098889825843177,ok
q006106,0.50958899999999996,6150.00000000000000000,0.00378192953101521,0.01778670865960040,0.18682619696567970,ok
q006107,0.50958899999999996,6175.00000000000000000,0.00783873022662966,0.01738842549673666,0.18472263162696556,ok
q006108,0.50958899999999996,6200.00000000000000000,0.01187913976363469,0.01705390730298337,0.18293715748620981,ok
q006109,0.50958899999999996,6250.00000000000000000,0.01991131146089884,0.01644439008968764,0.17963826954727308,ok
q006110,0.50958899999999996,6300.00000000000000000,0.02787948111007582,0.01583972963885486,0.17630468776256253,ok
q006111,0.50958899999999996,6350.00000000000000000,0.03578466061718899,0.01530691867259549,0.17331408752847435,ok
q006112,0.50958899999999996,6400.00000000000000000,0.04362783807821499,0.01488967649424637,0.17093563459888841,ok
q006113,0.50958899999999996,6450.00000000000000000,0.05140997852026984,0.01447568136964327,0.16854252081501625,ok
q006114,0.50958899999999996,6500.00000000000000000,0.05913202461418025,0.01412343415956283,0.16647925835432908,ok
q006115,0.50958899999999996,6550.00000000000000000,0.06679489735974926,0.01389061026781918,0.16510135623715744,ok
q006116,0.50958899999999996,6600.00000000000000000,0.07439949674496868,0.01365955691709743,0.16372246837117319,ok
q006117,0.50958899999999996,6650.00000000000000000,0.08194670238035148,0.01346415512263290,0.16254721425072730,ok
q006118,0.50958899999999996,6700.00000000000000000,0.08943737410950919,0.01339109030232274,0.16210557350008242,ok
q006119,0.50958899999999996,6800.00000000000000000,0.10425245989464983,0.01325024083158823,0.16125079467266029,ok
q006120,0.50958899999999996,6900.00000000000000000,0.11885125931580251,0.01335970704415097,0.16191550737604418,ok
q006121,0.50958899999999996,7000.00000000000000000,0.13323999676790213,0.01354333571050308,0.16302447096784481,ok
q006122,0.50958899999999996,7100.00000000000000000,0.14742463175985857,0.01384637647358481,0.16483826906566940,ok
q006123,0.50958899999999996,7200.00000000000000000,0.16141087373459845,0.01425023987826851,0.16722494628928908,ok
q006124,0.50958899999999996,7300.00000000000000000,0.17520419586693425,0.01469136186168439,0.16979347847644213,ok
q006125,0.50958899999999996,7400.00000000000000000,0.18880984792271288,0.01525173499287400,0.17300139413543003,ok
q006126,0.50958899999999996,7700.00000000000000000,0.22855017657222698,0.01721565961821887,0.18380266807769566,ok
q006127,0.50958899999999996,8300.00000000000000000,0.30358536251514107,0.02255944412957855,0.21040408857980589,ok
q006128,0.50958899999999996,8400.00000000000000000,0.31556155356185672,0.02356501771731219,0.21504228341985013,ok
q006129,0.50958899999999996,9000.00000000000000000,0.38455442504880821,0.02990278331239250,0.24223995911397209,ok
q006130,0.60547899999999999,1400.00000000000000000,-1.47956018404062850,0.45993842928554945,0.87156605299938295,ok
q006131,0.60547899999999999,1600.00000000000000000,-1.34602879141610576,0.40514001645422648,0.81799948116212462,ok
q006132,0.60547899999999999,1800.00000000000000000,-1.22824575575972239,0.35783818030208792,0.76876534182619971,ok
q006133,0.60547899999999999,1900.00000000000000000,-1.17417853448944665,0.33650776559010592,0.74550060966871445,ok
q006134,0.60547899999999999,2000.00000000000000000,-1.12288524010189605,0.31649775998452467,0.72299580568567334,ok
q006135,0.60547899999999999,2100.00000000000000000,-1.07409507593246412,0.29768777242492517,0.70118231780214479,ok
q006136,0.60547899999999999,2200.00000000000000000,-1.02757506029757106,0.28003653441848536,0.68007655736172490,ok
q006137,0.60547899999999999,2300.00000000000000000,-0.98312329772673723,0.26350771267743478,0.65970097070703893,ok
q006138,0.60547899999999999,2400.00000000000000000,-0.94056368330794149,0.24802964610714243,0.64003283435302194,ok
q006139,0.60547899999999999,2500.00000000000000000,-0.89974168878768623,0.23357051042497148,0.62109704415767064,ok
q006140,0.60547899999999999,2600.00000000000000000,-0.86052097563440488,0.22000485539048079,0.60279076523934694,ok
q006141,0.60547899999999999,2700.00000000000000000,-0.82278064765155801,0.20728422337891961,0.58510469350010619,ok
q006142,0.60547899999999999,2800.00000000000000000,-0.78641300348068310,0.19531270401782308,0.56795732342171179,ok
q006143,0.60547899999999999,2900.00000000000000000,-0.75132168366941299,0.18405784249343571,0.55135030733064827,ok
q006144,0.60547899999999999,3000.00000000000000000,-0.71742013199373167,0.17342559366093319,0.53518884452722770,ok
q006145,0.60547899999999999,3100.00000000000000000,-0.68463030917074064,0.16339371642686801,0.51947916407846106,ok
q006146,0.60547899999999999,3200.00000000000000000,-0.65288161085616048,0.15392187753684655,0.50419743693688546,ok
q006147,0.60547899999999999,3250.00000000000000000,-0.63737742432019517,0.14936118146356386,0.49667160020203721,ok
q006148,0.60547899999999999,3300.00000000000000000,-0.62210995218940679,0.14495952045631602,0.48929843797147998,ok
q006149,0.60547899999999999,3350.00000000000000000,-0.60707207482486636,0.14065860808913616,0.48198510277022222,ok
q006150,0.60547899999999999,3400.00000000000000000,-0.59225698903972557,0.13647954451637209,0.47477106147884868,ok
q006151,0.60547899999999999,3500.00000000000000000,-0.56326945216647328,0.12845716259309176,0.46060603081410945,ok
q006152,0.60547899999999999,3550.00000000000000000,-0.54908481717451696,0.12463303486502833,0.45369818585120247,ok
q006153,0.60547899999999999,3600.00000000000000000,-0.53509857519977710,0.12088194479841613,0.44681853136253968,ok
q006154,0.60547899999999999,3650.00000000000000000,-0.52130525306744124,0.11726471596411341,0.44008253690538651,ok
q006155,0.60547899999999999,3700.00000000000000000,-0.50769960101166245,0.11372419237774112,0.43338800611202150,ok
q006156,0.60547899999999999,3725.00000000000000000,-0.50096556883031851,0.11200549167162864,0.43010066685971415,ok
q006157,0.60547899999999999,3750.00000000000000000,-0.49427658067952185,0.11029828737732754,0.42681025142941437,ok
q006158,0.60547899999999999,3775.00000000000000000,-0.48763203796085336,0.10860242671690359,0.42351639022855420,ok
q006159,0.60547899999999999,3800.00000000000000000,-0.48103135392950125,0.10695583257675741,0.42029351970060042,ok
q006160,0.60547899999999999,3825.00000000000000000,-0.47447395338334208,0.10532903288735303,0.41708493718812584,ok
q006161,0.60547899999999999,3850.00000000000000000,-0.46795927236214852,0.10371283131673922,0.41387262611768683,ok
q006162,0.60547899999999999,3875.00000000000000000,-0.46148675785653098,0.10210709067099337,0.41065622310624389,ok
q006163,0.60547899999999999,3900.00000000000000000,-0.45505586752624061,0.10055496134714122,0.40752307929031462,ok
q006164,0.60547899999999999,3925.00000000000000000,-0.44866606942746956,0.09901541794289763,0.40439136173756285,ok
q006165,0.60547899999999999,3950.00000000000000000,-0.44231684174881092,0.09748564948329641,0.40125531883459886,ok
q006166,0.60547899999999999,3975.00000000000000000,-0.43600767255554612,0.09596553262395217,0.39811459251805353,ok
q006167,0.60547899999999999,4000.00000000000000000,-0.42973805954195066,0.09449869794784437,0.39506028237493784,ok
q006168,0.60547899999999999,4025.00000000000000000,-0.42350750979131468,0.09304206157035760,0.39200365814743005,ok
q006169,0.60547899999999999,4050.00000000000000000,-0.41731553954339351,0.09159444467097932,0.38894216244322349,ok
q006170,0.60547899999999999,4075.00000000000000000,-0.41116167396901537,0.09015573623969078,0.38587544174619498,ok
q006171,0.60547899999999999,4100.00000000000000000,-0.40504544695157918,0.08876557944088212,0.38288888010076372,ok
q006172,0.60547899999999999,4150.00000000000000000,-0.39292408641923443,0.08601838815299431,0.37691733143602169,ok
q006173,0.60547899999999999,4175.00000000000000000,-0.38691806235902249,0.08465717981924079,0.37392315192813347,ok
q006174,0.60547899999999999,4200.00000000000000000,-0.38094789537251877,0.08333588123466892,0.37099364778892796,ok
q006175,0.60547899999999999,4225.00000000000000000,-0.37501315985270417,0.08203364402748975,0.36808359286377357,ok
q006176,0.60547899999999999,4250.00000000000000000,-0.36911343772551597,0.08073908968039345,0.36516772155724431,ok
q006177,0.60547899999999999,4275.00000000000000000,-0.36324831827311782,0.07945212807107445,0.36224568796675394,ok
q006178,0.60547899999999999,4300.00000000000000000,-0.35741739796232452,0.07819254354774567,0.35936280778166618,ok
q006179,0.60547899999999999,4325.00000000000000000,-0.35162028027799874,0.07696343258475019,0.35652720296824431,ok
q006180,0.60547899999999999,4350.00000000000000000,-0.34585657556124860,0.07574140587413490,0.35368540476045035,ok
q006181,0.60547899999999999,4375.00000000000000000,-0.34012590085226363,0.07452638222035969,0.35083707154176708,ok
q006182,0.60547899999999999,4400.00000000000000000,-0.33442787973762583,0.07332148296896061,0.34798944999233627,ok
q006183,0.60547899999999999,4425.00000000000000000,-0.32876214220194844,0.07216334831586488,0.34523021239512131,ok
q006184,0.60547899999999999,4450.00000000000000000,-0.32312832448369250,0.07101173839965354,0.34246447691985654,ok
q006185,0.60547899999999999,4475.00000000000000000,-0.31752606893502261,0.06986658011345405,0.33969190712848890,ok
q006186,0.60547899999999999,4500.00000000000000000,-0.31195502388556728,0.06872780157224860,0.33691215810054159,ok
q006187,0.60547899999999999,4550.00000000000000000,-0.30090518769898233,0.06653702905865866,0.33149895230287713,ok
q006188,0.60547899999999999,4600.00000000000000000,-0.28997611716679195,0.06438843678331431,0.32610270272759984,ok
q006189,0.60547899999999999,4625.00000000000000000,-0.28455604969745285,0.06332288275818779,0.32339313496404054,ok
q006190,0.60547899999999999,4650.00000000000000000,-0.27916520106257636,0.06230312684733299,0.32077859378933998,ok
q006191,0.60547899999999999,4700.00000000000000000,-0.26846991194582842,0.06028322317768955,0.31553583591310352,ok
q006192,0.60547899999999999,4750.00000000000000000,-0.25788780261529154,0.05829295230464739,0.31028335813896923,ok
q006193,0.60547899999999999,4775.00000000000000000,-0.25263844672914770,0.05733759315654375,0.30773024803122861,ok
q006194,0.60547899999999999,4800.00000000000000000,-0.24741650274799615,0.05638722285178954,0.30516927805283489,ok
q006195,0.60547899999999999,4825.00000000000000000,-0.24222168587089207,0.05544178955789444,0.30260010719432368,ok
q006196,0.60547899999999999,4850.00000000000000000,-0.23705371571244943,0.05450124224598002,0.30002238432326572,ok
q006197,0.60547899999999999,4875.00000000000000000,-0.23191231621203084,0.05357681163325812,0.29746706609933093,ok
q006198,0.60547899999999999,4900.00000000000000000,-0.22679721554526036,0.05267584542483328,0.29495530710484774,ok
q006199,0.60547899999999999,4925.00000000000000000,-0.22170814603778916,0.05177946430601324,0.29243492204222504,ok
q006200,0.60547899999999999,4950.00000000000000000,-0.21664484408124238,0.05088762184521173,0.28990555367156468,ok
q006201,0.60547899999999999,4975.00000000000000000,-0.21160705005128530,0.05000027231258533,0.28736683337141905,ok
q006202,0.60547899999999999,5000.00000000000000000,-0.20659450822774095,0.04912702928702394,0.28484638296613696,ok
q006203,0.60547899999999999,5025.00000000000000000,-0.20160696671670184,0.04827272216670875,0.28235881624603371,ok
q006204,0.60547899999999999,5050.00000000000000000,-0.19664417737457290,0.04742265480141042,0.27986164912395844,ok
q006205,0.60547899999999999,5075.00000000000000000,-0.19170589573399027,0.04657678531674872,0.27735449761155101,ok
q006206,0.60547899999999999,5100.00000000000000000,-0.18679188093156129,0.04573507245566124,0.27483696450303230,ok
q006207,0.60547899999999999,5125.00000000000000000,-0.18190189563736944,0.04490340451888693,0.27232661789637885,ok
q006208,0.60547899999999999,5150.00000000000000000,-0.17703570598619650,0.04409003908843102,0.26984892943345773,ok
q006209,0.60547899999999999,5175.00000000000000000,-0.17219308151040857,0.04328061248905132,0.26736044571324796,ok
q006210,0.60547899999999999,5200.00000000000000000,-0.16737379507445962,0.04247508675588942,0.26486074408923238,ok
q006211,0.60547899999999999,5225.00000000000000000,-0.16257762281096666,0.04167342447034814,0.26234938612266134,ok
q006212,0.60547899999999999,5250.00000000000000000,-0.15780434405830893,0.04087686798035502,0.25982998228346282,ok
q006213,0.60547899999999999,5275.00000000000000000,-0.15305374129971119,0.04010480405042265,0.25736450907484459,ok
q006214,0.60547899999999999,5300.00000000000000000,-0.14832560010376519,0.03933639055459614,0.25488701491298726,ok
q006215,0.60547899999999999,5325.00000000000000000,-0.14361970906635246,0.03857159313565749,0.25239703340038200,ok
q006216,0.60547899999999999,5350.00000000000000000,-0.13893585975392617,0.03781037791916352,0.24989407931961061,ok
q006217,0.60547899999999999,5375.00000000000000000,-0.13427384664811481,0.03705271150444284,0.24737764740625684,ok
q006218,0.60547899999999999,5400.00000000000000000,-0.12963346709161269,0.03631584696905287,0.24490550435670441,ok
q006219,0.60547899999999999,5425.00000000000000000,-0.12501452123531809,0.03559017128270640,0.24244626420463652,ok
q006220,0.60547899999999999,5450.00000000000000000,-0.12041681198668856,0.03486783204807911,0.23997330356266955,ok
q006221,0.60547899999999999,5475.00000000000000000,-0.11584014495927683,0.03414879872540653,0.23748608762027895,ok
q006222,0.60547899999999999,5500.00000000000000000,-0.11128432842341607,0.03343304119232701,0.23498405786002247,ok
q006223,0.60547899999999999,5525.00000000000000000,-0.10674917325802485,0.03272564974434074,0.23248481753377781,ok
q006224,0.60547899999999999,5550.00000000000000000,-0.10223449290349818,0.03204431977609599,0.23005198557415607,ok
q006225,0.60547899999999999,5575.00000000000000000,-0.09774010331565894,0.03136605197534423,0.22760426001996389,ok
q006226,0.60547899999999999,5600.00000000000000000,-0.09326582292073779,0.03069081894000139,0.22514105459625830,ok
q006227,0.60547899999999999,5625.00000000000000000,-0.08881147257135746,0.03001859363416079,0.22266175529478649,ok
q006228,0.60547899999999999,5650.00000000000000000,-0.08437687550349178,0.02934934938159755,0.22016571835756815,ok
q006229,0.60547899999999999,5675.00000000000000000,-0.07996185729437494,0.02870071098688370,0.21771922775314187,ok
q006230,0.60547899999999999,5700.00000000000000000,-0.07556624582133692,0.02807020713422272,0.21531449431832611,ok
q006231,0.60547899999999999,5725.00000000000000000,-0.07118987122153798,0.02744246260703096,0.21289330204139276,ok
q006232,0.60547899999999999,5750.00000000000000000,-0.06683256585258221,0.02681745335878449,0.21045498851331890,ok
q006233,0.60547899999999999,5775.00000000000000000,-0.06249416425398412,0.02619515565593131,0.20799885738565924,ok
q006234,0.60547899999999999,5800.00000000000000000,-0.05817450310946765,0.02557554607248347,0.20552417574308532,ok
q006235,0.60547899999999999,5825.00000000000000000,-0.05387342121007711,0.02499587976019980,0.20318173801121486,ok
q006236,0.60547899999999999,5850.00000000000000000,-0.04959075941807620,0.02443151039504619,0.20087487327986708,ok
q006237,0.60547899999999999,5875.00000000000000000,-0.04532636063161861,0.02386954772959125,0.19855121666243497,ok
q006238,0.60547899999999999,5900.00000000000000000,-0.04108006975016758,0.02330997132467919,0.19621008555384611,ok
q006239,0.60547899999999999,5925.00000000000000000,-0.03685173364064641,0.02275276100042624,0.19385076087329059,ok
q006240,0.60547899999999999,5950.00000000000000000,-0.03264120110430297,0.02219789683185399,0.19147248414499951,ok
q006241,0.60547899999999999,5975.00000000000000000,-0.02844832284426695,0.02170229210996878,0.18932294865670252,ok
q006242,0.60547899999999999,6000.00000000000000000,-0.02427295143378638,0.02122260338241971,0.18721894190515556,ok
q006243,0.60547899999999999,6025.00000000000000000,-0.02011494128512264,0.02074490920835364,0.18509991815936899,ok
q006244,0.60547899999999999,6050.00000000000000000,-0.01597414861909119,0.02026919306965820,0.18296528110699045,ok
q006245,0.60547899999999999,6075.00000000000000000,-0.01185043143522920,0.01979543865256999,0.18081440326584822,ok
q006246,0.60547899999999999,6100.00000000000000000,-0.00774364948257574,0.01932362984431763,0.17864662354623090,ok
q006247,0.60547899999999999,6125.00000000000000000,-0.00365366423105069,0.01891819784776640,0.17676258292793540,ok
q006248,0.60547899999999999,6150.00000000000000000,0.00041966115658518,0.01854038201026572,0.17498861612895467,ok
q006249,0.60547899999999999,6175.00000000000000000,0.00447646185219950,0.01816409889842808,0.17320378821701810,ok
q006250,0.60547899999999999,6200.00000000000000000,0.00851687138920464,0.01778933612654077,0.17140770023921217,ok
q006251,0.60547899999999999,6225.00000000000000000,0.01254102168893001,0.01741608145841768,0.16959993488010480,ok
q006252,0.60547899999999999,6250.00000000000000000,0.01654904308646877,0.01704432280500191,0.16778005518160319,ok
q006253,0.60547899999999999,6300.00000000000000000,0.02451721273564573,0.01646072892364386,0.16488266145710215,ok
q006254,0.60547899999999999,6350.00000000000000000,0.03242239224275888,0.01593830910729564,0.16224509652471875,ok
q006255,0.60547899999999999,6400.00000000000000000,0.04026556970378486,0.01541998674344689,0.15958514321298214,ok
q006256,0.60547899999999999,6450.00000000000000000,0.04804771014583969,0.01500884334677156,0.15744325863860700,ok
q006257,0.60547899999999999,6500.00000000000000000,0.05576975623975008,0.01469239930698354,0.15577466250700697,ok
q006258,0.60547899999999999,6550.00000000000000000,0.06343262898531929,0.01437838014956078,0.15410099339979857,ok
q006259,0.60547899999999999,6600.00000000000000000,0.07103722837053848,0.01410440318816796,0.15262575124304861,ok
q006260,0.60547899999999999,6650.00000000000000000,0.07858443400592148,0.01394912742132646,0.15178329560231754,ok
q006261,0.60547899999999999,6700.00000000000000000,0.08607510573507896,0.01379501477976149,0.15094250132249096,ok
q006262,0.60547899999999999,6800.00000000000000000,0.10089019152021977,0.01359126846314574,0.14982367755690637,ok
q006263,0.60547899999999999,6900.00000000000000000,0.11548899094137241,0.01351979805374699,0.14942923042232314,ok
q006264,0.60547899999999999,7000.00000000000000000,0.12987772839347200,0.01356307548424096,0.14966820389516458,ok
q006265,0.60547899999999999,7100.00000000000000000,0.14406236338542838,0.01365207557310154,0.15015845785015258,ok
q006266,0.60547899999999999,7200.00000000000000000,0.15804860536016824,0.01386600133437270,0.15133036387412924,ok
q006267,0.60547899999999999,7300.00000000000000000,0.17184192749250404,0.01410218695160211,0.15261375966655688,ok
q006268,0.60547899999999999,7400.00000000000000000,0.18544757954828281,0.01445785114073003,0.15452627368594701,ok
q006269,0.60547899999999999,7500.00000000000000000,0.19887059988042347,0.01484592260475268,0.15658640504923324,ok
q006270,0.60547899999999999,7700.00000000000000000,0.22518790819779683,0.01587174964904052,0.16190596884369093,ok
q006271,0.60547899999999999,7800.00000000000000000,0.23809131303370468,0.01649758186988045,0.16506713125363567,ok
q006272,0.60547899999999999,8000.00000000000000000,0.26340912101799469,0.01791281788149000,0.17200157065726351,ok
q006273,0.60547899999999999,8200.00000000000000000,0.28810173360836611,0.01952166183553032,0.17955969135495073,ok
q006274,0.60547899999999999,8300.00000000000000000,0.30022309414071091,0.02036908690761733,0.18341558616780873,ok
q006275,0.60547899999999999,8600.00000000000000000,0.33572978259762076,0.02307274901381004,0.19520913112904315,ok
q006276,0.60547899999999999,8700.00000000000000000,0.34729060499869674,0.02398472660112173,0.19902967951579789,ok
q006277,0.60547899999999999,8800.00000000000000000,0.35871930082231945,0.02491771740757842,0.20286381366946804,ok
q006278,0.63287700000000002,1400.00000000000000000,-1.48038814095373916,0.44605069425914495,0.83952271897445985,ok
q006279,0.63287700000000002,1600.00000000000000000,-1.34685674832921665,0.39230832162639945,0.78732511232282487,ok
q006280,0.63287700000000002,2400.00000000000000000,-0.94139164022105226,0.24184584815557122,0.61817247222886362,ok
q006281,0.63287700000000002,2900.00000000000000000,-0.75214964058252387,0.17943694534365792,0.53247138931015647,ok
q006282,0.63287700000000002,3000.00000000000000000,-0.71824808890684244,0.16911342733101642,0.51692720529819014,ok
q006283,0.63287700000000002,3100.00000000000000000,-0.68545826608385163,0.15940394220959400,0.50186842440129853,ok
q006284,0.63287700000000002,3200.00000000000000000,-0.65370956776927136,0.15025572158090456,0.48725449339582422,ok
q006285,0.63287700000000002,3400.00000000000000000,-0.59308494595283656,0.13344017905552377,0.45918072730730447,ok
q006286,0.63287700000000002,3500.00000000000000000,-0.56409740907958417,0.12570767474813516,0.44567804477845269,ok
q006287,0.63287700000000002,3700.00000000000000000,-0.50852755792477344,0.11145300438530657,0.41964903966491157,ok
q006288,0.63287700000000002,3750.00000000000000000,-0.49510453759263273,0.10814252481461407,0.41336965844874968,ok
q006289,0.63287700000000002,3850.00000000000000000,-0.46878722927525940,0.10174757208322842,0.40096122022943048,ok
q006290,0.63287700000000002,3900.00000000000000000,-0.45588382443935149,0.09866164396700375,0.39483397617314203,ok
q006291,0.63287700000000002,3950.00000000000000000,-0.44314479866192175,0.09569085279846432,0.38884413794826400,ok
q006292,0.63287700000000002,4000.00000000000000000,-0.43056601645506165,0.09276635613312317,0.38285611890467353,ok
q006293,0.63287700000000002,4025.00000000000000000,-0.42433546670442557,0.09135777684139564,0.37993832599327748,ok
q006294,0.63287700000000002,4050.00000000000000000,-0.41814349645650450,0.08995791945877475,0.37701622869535251,ok
q006295,0.63287700000000002,4075.00000000000000000,-0.41198963088212609,0.08856667663766422,0.37408949943510500,ok
q006296,0.63287700000000002,4100.00000000000000000,-0.40587340386469001,0.08718531950475659,0.37116073433448304,ok
q006297,0.63287700000000002,4150.00000000000000000,-0.39375204333234520,0.08453409663833727,0.36547384440453246,ok
q006298,0.63287700000000002,4175.00000000000000000,-0.38774601927213337,0.08322043978585704,0.36262300026871064,ok
q006299,0.63287700000000002,4200.00000000000000000,-0.38177585228562955,0.08191462570758387,0.35976678829566333,ok
q006300,0.63287700000000002,4250.00000000000000000,-0.36994139463862669,0.07940363345477662,0.35420976638520507,ok
q006301,0.63287700000000002,4300.00000000000000000,-0.35824535487543546,0.07693289430452400,0.34865538659683609,ok
q006302,0.63287700000000002,4350.00000000000000000,-0.34668453247435949,0.07455038525449831,0.34321423300509618,ok
q006303,0.63287700000000002,4375.00000000000000000,-0.34095385776537446,0.07338330134285312,0.34051713165254244,ok
q006304,0.63287700000000002,4400.00000000000000000,-0.33525583665073672,0.07222286751807472,0.33781404924708475,ok
q006305,0.63287700000000002,4450.00000000000000000,-0.32395628139680338,0.06995886643765040,0.33247709059465219,ok
q006306,0.63287700000000002,4500.00000000000000000,-0.31278298079867817,0.06776942620796822,0.32723311601664601,ok
q006307,0.63287700000000002,4550.00000000000000000,-0.30173314461209322,0.06561406720559043,0.32198735989330624,ok
q006308,0.63287700000000002,4575.00000000000000000,-0.29625367884746762,0.06458211926166633,0.31944529042495784,ok
q006309,0.63287700000000002,4600.00000000000000000,-0.29080407407990294,0.06355579504017142,0.31689684943623403,ok
q006310,0.63287700000000002,4625.00000000000000000,-0.28538400661056373,0.06253503357889478,0.31434172874327482,ok
q006311,0.63287700000000002,4650.00000000000000000,-0.27999315797568730,0.06151977490154691,0.31177961214148797,ok
q006312,0.63287700000000002,4700.00000000000000000,-0.26929786885893925,0.05956144542675498,0.30677711425577853,ok
q006313,0.63287700000000002,4725.00000000000000000,-0.26399281662924606,0.05859954043760313,0.30428983774895613,ok
q006314,0.63287700000000002,4800.00000000000000000,-0.24824445966110692,0.05576470372247769,0.29683837343412733,ok
q006315,0.63287700000000002,4825.00000000000000000,-0.24304964278400293,0.05485555985267102,0.29440872026476222,ok
q006316,0.63287700000000002,4850.00000000000000000,-0.23788167262556034,0.05395111442176466,0.29197156219353082,ok
q006317,0.63287700000000002,4875.00000000000000000,-0.23274027312514167,0.05305131911644130,0.28952657786327013,ok
q006318,0.63287700000000002,4900.00000000000000000,-0.22762517245837127,0.05215612636477094,0.28707343638633165,ok
q006319,0.63287700000000002,4950.00000000000000000,-0.21747280099435326,0.05042580931718541,0.28227133821063388,ok
q006320,0.63287700000000002,5000.00000000000000000,-0.20742246514085183,0.04872324788025530,0.27746516019091655,ok
q006321,0.63287700000000002,5025.00000000000000000,-0.20243492362981277,0.04787834120593507,0.27504888661669147,ok
q006322,0.63287700000000002,5050.00000000000000000,-0.19747213428768376,0.04705020391713188,0.27265979169536503,ok
q006323,0.63287700000000002,5060.00000000000000000,-0.19549389427557803,0.04672492512211835,0.27171564839404122,ok
q006324,0.63287700000000002,5075.00000000000000000,-0.19253385264710118,0.04623821028053755,0.27029676716944323,ok
q006325,0.63287700000000002,5100.00000000000000000,-0.18761983784467215,0.04543020680076193,0.26792466752339256,ok
q006326,0.63287700000000002,5120.00000000000000000,-0.18370593852353581,0.04478665068664392,0.26602021267243081,ok
q006327,0.63287700000000002,5125.00000000000000000,-0.18272985255048035,0.04462615445403202,0.26554313344963854,ok
q006328,0.63287700000000002,5130.00000000000000000,-0.18175471839227406,0.04446581472679122,0.26506566202762655,ok
q006329,0.63287700000000002,5150.00000000000000000,-0.17786366289930747,0.04382601478626948,0.26315179335452571,ok
q006330,0.63287700000000002,5175.00000000000000000,-0.17302103842351949,0.04303540312909464,0.26076739068367960,ok
q006331,0.63287700000000002,5180.00000000000000000,-0.17205532130356055,0.04288108168568347,0.26029942549505963,ok
q006332,0.63287700000000002,5200.00000000000000000,-0.16820175198757059,0.04226528191695422,0.25842363360333126,ok
q006333,0.63287700000000002,5225.00000000000000000,-0.16340557972407754,0.04149885434592558,0.25606982062637207,ok
q006334,0.63287700000000002,5250.00000000000000000,-0.15863230097141989,0.04073608515431660,0.25370556205983003,ok
q006335,0.63287700000000002,5270.00000000000000000,-0.15483001502168131,0.04012848045942349,0.25180636336695389,ok
q006336,0.63287700000000002,5275.00000000000000000,-0.15388169821282208,0.03997693958298085,0.25133045385652864,ok
q006337,0.63287700000000002,5290.00000000000000000,-0.15104213170474426,0.03952317730297982,0.24990000734784118,ok
q006338,0.63287700000000002,5300.00000000000000000,-0.14915355701687613,0.03922138336581319,0.24894407673037189,ok
q006339,0.63287700000000002,5310.00000000000000000,-0.14726854232110481,0.03892545314516103,0.24800314147483293,ok
q006340,0.63287700000000002,5325.00000000000000000,-0.14444766597946335,0.03848695740441838,0.24660230587111348,ok
q006341,0.63287700000000002,5340.00000000000000000,-0.14163472460284868,0.03804969512730400,0.24519744150164891,ok
q006342,0.63287700000000002,5350.00000000000000000,-0.13976381666703697,0.03775886878051785,0.24425858167143216,ok
q006343,0.63287700000000002,5360.00000000000000000,-0.13789640249224153,0.03746858552713223,0.24331786259033406,ok
q006344,0.63287700000000002,5370.00000000000000000,-0.13603246905417885,0.03717884334256604,0.24237525601040541,ok
q006345,0.63287700000000002,5375.00000000000000000,-0.13510180356122567,0.03703417452150080,0.24190323595870228,ok
q006346,0.63287700000000002,5380.00000000000000000,-0.13417200340125912,0.03688964021353822,0.24143073323569508,ok
q006347,0.63287700000000002,5390.00000000000000000,-0.13231499265404637,0.03660097413798374,0.24048426511092461,ok
q006348,0.63287700000000002,5400.00000000000000000,-0.13046142400472346,0.03631284312497052,0.23953582200980761,ok
q006349,0.63287700000000002,5410.00000000000000000,-0.12861128471656200,0.03602524519461696,0.23858537382300013,ok
q006350,0.63287700000000002,5425.00000000000000000,-0.12584247814842892,0.03559484352505632,0.23715587492040874,ok
q006351,0.63287700000000002,5430.00000000000000000,-0.12492124362910810,0.03545164071712600,0.23667833926465340,ok
q006352,0.63287700000000002,5440.00000000000000000,-0.12308131670710092,0.03516563026474708,0.23572169014523170,ok
q006353,0.63287700000000002,5450.00000000000000000,-0.12124476889979946,0.03488619055029379,0.23478325422157600,ok
q006354,0.63287700000000002,5460.00000000000000000,-0.11941158781813850,0.03460870420017202,0.23384765169696498,ok
q006355,0.63287700000000002,5470.00000000000000000,-0.11758176114106234,0.03433172560211815,0.23291001317539087,ok
q006356,0.63287700000000002,5475.00000000000000000,-0.11666810187238766,0.03419342613009341,0.23244042074671725,ok
q006357,0.63287700000000002,5490.00000000000000000,-0.11393212205351291,0.03377928425314445,0.23102850359281937,ok
q006358,0.63287700000000002,5500.00000000000000000,-0.11211228533652695,0.03350381782297789,0.23008456893197454,ok
q006359,0.63287700000000002,5510.00000000000000000,-0.11029575441012907,0.03322885178623874,0.22913847104636920,ok
q006360,0.63287700000000002,5525.00000000000000000,-0.10757713017113567,0.03281733700192330,0.22771519541045612,ok
q006361,0.63287700000000002,5530.00000000000000000,-0.10667256204070875,0.03268041364423666,0.22723965225986059,ok
q006362,0.63287700000000002,5550.00000000000000000,-0.10306244981660904,0.03213395542763332,0.22533177462805165,ok
q006363,0.63287700000000002,5570.00000000000000000,-0.09946532363575954,0.03158946289231486,0.22341455570324628,ok
q006364,0.63287700000000002,5575.00000000000000000,-0.09856806022876974,0.03145364524156874,0.22293375731446141,ok
q006365,0.63287700000000002,5590.00000000000000000,-0.09588109040794440,0.03105180010724607,0.22150510227744277,ok
q006366,0.63287700000000002,5600.00000000000000000,-0.09409377983384866,0.03078926624475593,0.22056673432446405,ok
q006367,0.63287700000000002,5620.00000000000000000,-0.09052871366935250,0.03026560202894295,0.21868298943170594,ok
q006368,0.63287700000000002,5625.00000000000000000,-0.08963942948446837,0.03013497715865305,0.21821056655449683,ok
q006369,0.63287700000000002,5630.00000000000000000,-0.08875093542335319,0.03000446834779227,0.21773753977930513,ok
q006370,0.63287700000000002,5640.00000000000000000,-0.08697631206498468,0.02974379808069366,0.21678965571607239,ok
q006371,0.63287700000000002,5650.00000000000000000,-0.08520483241660264,0.02948358958578912,0.21583929915925223,ok
q006372,0.63287700000000002,5660.00000000000000000,-0.08343648535986065,0.02922384122993081,0.21488643129993712,ok
q006373,0.63287700000000002,5670.00000000000000000,-0.08167125983529151,0.02896455138861950,0.21393101258219008,ok
q006374,0.63287700000000002,5675.00000000000000000,-0.08078981420748585,0.02883507790561280,0.21345233408059933,ok
q006375,0.63287700000000002,5680.00000000000000000,-0.07990914484189224,0.02870571844594362,0.21297300268140543,ok
q006376,0.63287700000000002,5690.00000000000000000,-0.07815012943671266,0.02844734079451889,0.21201236048187291,ok
q006377,0.63287700000000002,5700.00000000000000000,-0.07639420273444775,0.02818941683542833,0.21104904405350952,ok
q006378,0.63287700000000002,5710.00000000000000000,-0.07464135390703337,0.02793194497816300,0.21008301062772050,ok
q006379,0.63287700000000002,5720.00000000000000000,-0.07289157218324570,0.02767492364056304,0.20911421657234933,ok
q006380,0.63287700000000002,5725.00000000000000000,-0.07201782813464888,0.02754658142448123,0.20862877043101230,ok
q006381,0.63287700000000002,5730.00000000000000000,-0.07114484684830404,0.02741894641706495,0.20814487642230939,ok
q006382,0.63287700000000002,5740.00000000000000000,-0.06940116724347718,0.02717824753176297,0.20722925632068931,ok
q006383,0.63287700000000002,5750.00000000000000000,-0.06766052276569316,0.02693796761775247,0.20631117706078758,ok
q006384,0.63287700000000002,5760.00000000000000000,-0.06592290286715236,0.02669810521900701,0.20539060006523360,ok
q006385,0.63287700000000002,5770.00000000000000000,-0.06418829705494404,0.02645865888707705,0.20446748600058298,ok
q006386,0.63287700000000002,5775.00000000000000000,-0.06332212116709500,0.02633909129558628,0.20400496506346774,ok
q006387,0.63287700000000002,5780.00000000000000000,-0.06245669489066613,0.02621962718103747,0.20354179475515050,ok
q006388,0.63287700000000002,5790.00000000000000000,-0.06072808599004836,0.02598100866743554,0.20261348541601568,ok
q006389,0.63287700000000002,5800.00000000000000000,-0.05900246002257858,0.02574280192023936,0.20168251624516262,ok
q006390,0.63287700000000002,5810.00000000000000000,-0.05727980671113238,0.02550500552078670,0.20074884465471415,ok
q006391,0.63287700000000002,5820.00000000000000000,-0.05556011583160579,0.02526761805773432,0.19981242718121742,ok
q006392,0.63287700000000002,5825.00000000000000000,-0.05470137812318798,0.02514907723830238,0.19934317491003026,ok
q006393,0.63287700000000002,5830.00000000000000000,-0.05384337721255124,0.02503063812700770,0.19887321945893635,ok
q006394,0.63287700000000002,5840.00000000000000000,-0.05212958073481656,0.02479406433175123,0.19793117619210368,ok
q006395,0.63287700000000002,5850.00000000000000000,-0.05041871633118712,0.02455789528227879,0.19698625112608217,ok
q006396,0.63287700000000002,5860.00000000000000000,-0.04871077398603101,0.02432212959602478,0.19603839701738249,ok
q006397,0.63287700000000002,5875.00000000000000000,-0.04615431754472960,0.02396923436570784,0.19461101803598183,ok
q006398,0.63287700000000002,5880.00000000000000000,-0.04530361566441670,0.02385401347626135,0.19414270380983994,ok
q006399,0.63287700000000002,5900.00000000000000000,-0.04190802666327849,0.02343501869014573,0.19243009563178651,ok
q006400,0.63287700000000002,5925.00000000000000000,-0.03767969055375738,0.02291326803562309,0.19027593350770369,ok
q006401,0.63287700000000002,5930.00000000000000000,-0.03683616456531818,0.02280918211975089,0.18984326742905336,ok
q006402,0.63287700000000002,5940.00000000000000000,-0.03515124420039870,0.02260127331580417,0.18897606310447215,ok
q006403,0.63287700000000002,5950.00000000000000000,-0.03346915801741376,0.02239371423246648,0.18810632964730808,ok
q006404,0.63287700000000002,5960.00000000000000000,-0.03178989649769376,0.02218650369519255,0.18723402685678053,ok
q006405,0.63287700000000002,5970.00000000000000000,-0.03011345017044144,0.02197964053534431,0.18635911369929975,ok
q006406,0.63287700000000002,5975.00000000000000000,-0.02927627975737779,0.02187633885836092,0.18592066517598321,ok
q006407,0.63287700000000002,5980.00000000000000000,-0.02843980961241179,0.02177312359015130,0.18548154828298516,ok
q006408,0.63287700000000002,5990.00000000000000000,-0.02676896544759418,0.02156695170267151,0.18460128783118596,ok
q006409,0.63287700000000002,6000.00000000000000000,-0.02510090834689716,0.02136112372175247,0.18371828865495621,ok
q006410,0.63287700000000002,6010.00000000000000000,-0.02343562902783595,0.02115563850199268,0.18283250612443347,ok
q006411,0.63287700000000002,6025.00000000000000000,-0.02094289819823347,0.02084805085801015,0.18149851351512392,ok
q006412,0.63287700000000002,6030.00000000000000000,-0.02011336683585809,0.02074569179287059,0.18105240759663710,ok
q006413,0.63287700000000002,6040.00000000000000000,-0.01845636562822859,0.02056659709997910,0.18026921341251192,ok
q006414,0.63287700000000002,6050.00000000000000000,-0.01680210553220208,0.02039629947757380,0.17952132029063791,ok
q006415,0.63287700000000002,6060.00000000000000000,-0.01515057749372909,0.02022628310653081,0.17877154128865999,ok
q006416,0.63287700000000002,6075.00000000000000000,-0.01267838834834002,0.01997178386871011,0.17764327549104403,ok
q006417,0.63287700000000002,6090.00000000000000000,-0.01021229585314652,0.01971791224986869,0.17651060696605933,ok
q006418,0.63287700000000002,6100.00000000000000000,-0.00857160639568661,0.01954901165534792,0.17575299977543396,ok
q006419,0.63287700000000002,6125.00000000000000000,-0.00448162114416150,0.01912796857652344,0.17385002937582927,ok
q006420,0.63287700000000002,6150.00000000000000000,-0.00040829575652569,0.01870864054554226,0.17193387804833388,ok
q006421,0.63287700000000002,6175.00000000000000000,0.00364850493908859,0.01829101364715141,0.17000403543168363,ok
q006422,0.63287700000000002,6200.00000000000000000,0.00768891447609367,0.01791670563151946,0.16825555937196865,ok
q006423,0.63287700000000002,6225.00000000000000000,0.01171306477581900,0.01760532669862944,0.16678707327017794,ok
q006424,0.63287700000000002,6250.00000000000000000,0.01572108617335792,0.01729519578084259,0.16531150695432326,ok
q006425,0.63287700000000002,6275.00000000000000000,0.01971310744289548,0.01698630291392664,0.16382862106379395,ok
q006426,0.63287700000000002,6300.00000000000000000,0.02368925582253479,0.01667863825250757,0.16233816710176388,ok
q006427,0.63287700000000002,6325.00000000000000000,0.02764965703863182,0.01637219206818667,0.16083988688970177,ok
q006428,0.63287700000000002,6350.00000000000000000,0.03159443532964806,0.01606695474769489,0.15933351198059129,ok
q006429,0.63287700000000002,6375.00000000000000000,0.03552371346953772,0.01585457449886263,0.15827693771219434,ok
q006430,0.63287700000000002,6400.00000000000000000,0.03943761279067394,0.01564853827755292,0.15724514011957932,ok
q006431,0.63287700000000002,6425.00000000000000000,0.04333625320633137,0.01544330531840410,0.15621058989097444,ok
q006432,0.63287700000000002,6450.00000000000000000,0.04721975323272888,0.01523886938246315,0.15517320020560454,ok
q006433,0.63287700000000002,6475.00000000000000000,0.05108823001064931,0.01503522430318306,0.15413288212266593,ok
q006434,0.63287700000000002,6500.00000000000000000,0.05494179932663918,0.01483236398530674,0.15308954448697559,ok
q006435,0.63287700000000002,6525.00000000000000000,0.05878057563380496,0.01465539036795207,0.15217350334576754,ok
q006436,0.63287700000000002,6550.00000000000000000,0.06260467207220829,0.01453377432686214,0.15154079098850592,ok
q006437,0.63287700000000002,6600.00000000000000000,0.07020927145742760,0.01429192862913924,0.15027466308628687,ok
q006438,0.63287700000000002,6625.00000000000000000,0.07398999429733374,0.01417169197934396,0.14964120467063011,ok
q006439,0.63287700000000002,6650.00000000000000000,0.07775647709281050,0.01405190819935894,0.14900745443783084,ok
q006440,0.63287700000000002,6675.00000000000000000,0.08150882671136105,0.01393257389052441,0.14837339055173365,ok
q006441,0.63287700000000002,6700.00000000000000000,0.08524714882196810,0.01384606471189793,0.14791203836655070,ok
q006442,0.63287700000000002,6800.00000000000000000,0.10006223460710872,0.01362555716940566,0.14672951387986385,ok
q006443,0.63287700000000002,6900.00000000000000000,0.11466103402826158,0.01348154951744105,0.14595206674984568,ok
q006444,0.63287700000000002,7000.00000000000000000,0.12904977148036118,0.01345668628675405,0.14581741922439370,ok
q006445,0.63287700000000002,7200.00000000000000000,0.15722064844705747,0.01366630535015952,0.14694875252184722,ok
q006446,0.63287700000000002,7400.00000000000000000,0.18461962263517187,0.01421111133162177,0.14984917783056226,ok
q006447,0.63287700000000002,7600.00000000000000000,0.21128786971733318,0.01506487786832347,0.15428480330373406,ok
q006448,0.63287700000000002,7800.00000000000000000,0.23726335612059379,0.01620225012063386,0.16000295730400094,ok
q006449,0.68219200000000002,1200.00000000000000000,-1.63668482731279363,0.48274432539960849,0.84121164803319470,ok
q006450,0.68219200000000002,1400.00000000000000000,-1.48253414748553536,0.42166244161120325,0.78619295622527241,ok
q006451,0.68219200000000002,1600.00000000000000000,-1.34900275486101284,0.37100741246355073,0.73745917330740052,ok
q006452,0.68219200000000002,1800.00000000000000000,-1.23121971920462925,0.32809711993762736,0.69350228759391452,ok
q006453,0.68219200000000002,2000.00000000000000000,-1.12585920354680291,0.29113829283206255,0.65327547509010109,ok
q006454,0.68219200000000002,2300.00000000000000000,-0.98609726117164431,0.24416559119320824,0.59825855766306912,ok
q006455,0.68219200000000002,2400.00000000000000000,-0.94353764675284835,0.23034600772987590,0.58108147963923118,ok
q006456,0.68219200000000002,2500.00000000000000000,-0.90271565223259331,0.21728587193405829,0.56436806816612695,ok
q006457,0.68219200000000002,2800.00000000000000000,-0.78938696692559007,0.18244438254601705,0.51714453183234166,ok
q006458,0.68219200000000002,2900.00000000000000000,-0.75429564711431984,0.17216539263632302,0.50236528143804748,ok
q006459,0.68219200000000002,3000.00000000000000000,-0.72039409543863864,0.16246385174088979,0.48800588758646801,ok
q006460,0.68219200000000002,3100.00000000000000000,-0.68760427261564783,0.15329817160800330,0.47404020409619924,ok
q006461,0.68219200000000002,3200.00000000000000000,-0.65585557430106745,0.14465102254261414,0.46047646994974756,ok
q006462,0.68219200000000002,3300.00000000000000000,-0.62508391563431376,0.13647582629245153,0.44727492866992918,ok
q006463,0.68219200000000002,3350.00000000000000000,-0.61004603826977322,0.13254985786214130,0.44079465743454743,ok
q006464,0.68219200000000002,3500.00000000000000000,-0.56624341561138014,0.12141259210039176,0.42186991408782643,ok
q006465,0.68219200000000002,3600.00000000000000000,-0.53807253864468407,0.11447722832933695,0.40964366391761181,ok
q006466,0.68219200000000002,3700.00000000000000000,-0.51067356445656953,0.10791196938025231,0.39772372486629815,ok
q006467,0.68219200000000002,3800.00000000000000000,-0.48400531737440816,0.10169788536448506,0.38610253248386889,ok
q006468,0.68219200000000002,3850.00000000000000000,-0.47093323580705537,0.09870256335952264,0.38037407106906063,ok
q006469,0.68219200000000002,3875.00000000000000000,-0.46446072130143790,0.09724525711062451,0.37755558882991969,ok
q006470,0.68219200000000002,3900.00000000000000000,-0.45802983097114747,0.09581627561214338,0.37477130569842032,ok
q006471,0.68219200000000002,3925.00000000000000000,-0.45164003287237647,0.09439642504819180,0.37198417330851058,ok
q006472,0.68219200000000002,3950.00000000000000000,-0.44529080519371772,0.09298558946921873,0.36919389694563509,ok
q006473,0.68219200000000002,3975.00000000000000000,-0.43898163600045298,0.09159704640641160,0.36642696361762844,ok
q006474,0.68219200000000002,4000.00000000000000000,-0.43271202298685757,0.09024746076214972,0.36371748930717973,ok
q006475,0.68219200000000002,4025.00000000000000000,-0.42648147323622165,0.08890628380575961,0.36100475117938224,ok
q006476,0.68219200000000002,4050.00000000000000000,-0.42028950298830059,0.08757341140387931,0.35828846207951204,ok
q006477,0.68219200000000002,4075.00000000000000000,-0.41413563741392229,0.08624874134563346,0.35556832994014331,ok
q006478,0.68219200000000002,4100.00000000000000000,-0.40801941039648620,0.08497119794147635,0.35292511057061071,ok
q006479,0.68219200000000002,4150.00000000000000000,-0.39589804986414140,0.08244619064453848,0.34764179688762559,ok
q006480,0.68219200000000002,4175.00000000000000000,-0.38989202580392951,0.08119507246047389,0.34499398706362949,ok
q006481,0.68219200000000002,4200.00000000000000000,-0.38392185881742569,0.07996838848988347,0.34237800818088382,ok
q006482,0.68219200000000002,4225.00000000000000000,-0.37798712329761108,0.07877335339021609,0.33981015695545974,ok
q006483,0.68219200000000002,4250.00000000000000000,-0.37208740117042283,0.07758536868614042,0.33723807609490269,ok
q006484,0.68219200000000002,4275.00000000000000000,-0.36622228171802473,0.07640435167435342,0.33466148695135278,ok
q006485,0.68219200000000002,4300.00000000000000000,-0.36039136140723149,0.07523022109827357,0.33208010524567183,ok
q006486,0.68219200000000002,4325.00000000000000000,-0.35459424372290560,0.07409437665415533,0.32956365693908324,ok
q006487,0.68219200000000002,4350.00000000000000000,-0.34883053900615552,0.07297413042705771,0.32706280207182853,ok
q006488,0.68219200000000002,4375.00000000000000000,-0.34309986429717049,0.07186030398435193,0.32455717454308158,ok
q006489,0.68219200000000002,4400.00000000000000000,-0.33740184318253275,0.07075282416550466,0.32204649645149197,ok
q006490,0.68219200000000002,4425.00000000000000000,-0.33173610564685535,0.06965220996362516,0.31953183919562833,ok
q006491,0.68219200000000002,4450.00000000000000000,-0.32610228792859935,0.06859776971382241,0.31710397558202008,ok
q006492,0.68219200000000002,4475.00000000000000000,-0.32050003237992952,0.06754923672329695,0.31467113886215969,ok
q006493,0.68219200000000002,4500.00000000000000000,-0.31492898733047425,0.06650654517249037,0.31223305828490561,ok
q006494,0.68219200000000002,4525.00000000000000000,-0.30938880695485887,0.06546963033580933,0.30978945690659182,ok
q006495,0.68219200000000002,4550.00000000000000000,-0.30387915114388930,0.06444337480958214,0.30735184662473403,ok
q006496,0.68219200000000002,4575.00000000000000000,-0.29839968537926370,0.06345849987310502,0.30499420635728525,ok
q006497,0.68219200000000002,4600.00000000000000000,-0.29295008061169897,0.06247899212913295,0.30263119761221174,ok
q006498,0.68219200000000002,4625.00000000000000000,-0.28753001314235976,0.06150479339628773,0.30026255162403992,ok
q006499,0.68219200000000002,4650.00000000000000000,-0.28213916450748333,0.06053584643413906,0.29788799308400365,ok
q006500,0.68219200000000002,4675.00000000000000000,-0.27677722136609795,0.05957588421186816,0.29551663800376626,ok
q006501,0.68219200000000002,4700.00000000000000000,-0.27144387539073539,0.05865805850015580,0.29323143863088269,ok
q006502,0.68219200000000002,4725.00000000000000000,-0.26613882316104220,0.05774510191326228,0.29094055636135707,ok
q006503,0.68219200000000002,4750.00000000000000000,-0.26086176606019840,0.05683696306164775,0.28864372539513411,ok
q006504,0.68219200000000002,4775.00000000000000000,-0.25561241017405467,0.05593359136506403,0.28634067311543487,ok
q006505,0.68219200000000002,4800.00000000000000000,-0.25039046619290301,0.05503493703564998,0.28403111971107964,ok
q006506,0.68219200000000002,4825.00000000000000000,-0.24519564931579899,0.05417697045075095,0.28180847309298457,ok
q006507,0.68219200000000002,4850.00000000000000000,-0.24002767915735640,0.05332635011294203,0.27958741502675238,ok
q006508,0.68219200000000002,4875.00000000000000000,-0.23488627965693773,0.05248010316379659,0.27736012792799719,ok
q006509,0.68219200000000002,4900.00000000000000000,-0.22977117899016730,0.05163818486247147,0.27512634132655145,ok
q006510,0.68219200000000002,4925.00000000000000000,-0.22468210948269601,0.05080055115119578,0.27288577727903551,ok
q006511,0.68219200000000002,4950.00000000000000000,-0.21961880752614926,0.04998534732146115,0.27068740333398145,ok
q006512,0.68219200000000002,4975.00000000000000000,-0.21458101349619224,0.04918563111522412,0.26851330682143343,ok
q006513,0.68219200000000002,5000.00000000000000000,-0.20956847167264794,0.04838992352835331,0.26633249453157276,ok
q006514,0.68219200000000002,5025.00000000000000000,-0.20458093016160886,0.04759818457437072,0.26414468917372275,ok
q006515,0.68219200000000002,5050.00000000000000000,-0.19961814081947984,0.04681037486213546,0.26194960531366152,ok
q006516,0.68219200000000002,5075.00000000000000000,-0.19467985917889727,0.04602942377318892,0.25975532416348240,ok
q006517,0.68219200000000002,5100.00000000000000000,-0.18976584437646821,0.04526818460608723,0.25759843965971901,ok
q006518,0.68219200000000002,5125.00000000000000000,-0.18487585908227641,0.04451066789477209,0.25543402359339434,ok
q006519,0.68219200000000002,5150.00000000000000000,-0.18000966943110350,0.04375683741074779,0.25326177802272426,ok
q006520,0.68219200000000002,5175.00000000000000000,-0.17516704495531552,0.04300665745184477,0.25108139551746134,ok
q006521,0.68219200000000002,5200.00000000000000000,-0.17034775851936659,0.04226009283207344,0.24889255861629059,ok
q006522,0.68219200000000002,5225.00000000000000000,-0.16555158625587357,0.04152187381835538,0.24670909551355094,ok
q006523,0.68219200000000002,5250.00000000000000000,-0.16077830750321587,0.04079108363964060,0.24452840231331457,ok
q006524,0.68219200000000002,5275.00000000000000000,-0.15602770474461805,0.04006376516132512,0.24233858608111286,ok
q006525,0.68219200000000002,5300.00000000000000000,-0.15129956354867208,0.03933988555390639,0.24013929704076764,ok
q006526,0.68219200000000002,5325.00000000000000000,-0.14659367251125943,0.03861941245136063,0.23793017280721104,ok
q006527,0.68219200000000002,5350.00000000000000000,-0.14190982319883305,0.03790231394245932,0.23571083762273251,ok
q006528,0.68219200000000002,5375.00000000000000000,-0.13724781009302173,0.03719069061434353,0.23348759427084978,ok
q006529,0.68219200000000002,5400.00000000000000000,-0.13260743053651952,0.03648294954086592,0.23125528153391847,ok
q006530,0.68219200000000002,5425.00000000000000000,-0.12798848468022497,0.03577847749092591,0.22901167161712230,ok
q006531,0.68219200000000002,5450.00000000000000000,-0.12339077543159561,0.03507724440437735,0.22675633202392340,ok
q006532,0.68219200000000002,5475.00000000000000000,-0.11881410840418380,0.03437922063380210,0.22448881243060748,ok
q006533,0.68219200000000002,5500.00000000000000000,-0.11425829186832308,0.03368437693698875,0.22220864351432298,ok
q006534,0.68219200000000002,5525.00000000000000000,-0.10972313670293179,0.03300821906581153,0.21996710312805995,ok
q006535,0.68219200000000002,5550.00000000000000000,-0.10520845634840516,0.03233757159985166,0.21772103518873484,ok
q006536,0.68219200000000002,5575.00000000000000000,-0.10071406676056584,0.03166993828997653,0.21546180684424610,ok
q006537,0.68219200000000002,5600.00000000000000000,-0.09623978636564474,0.03100529216373658,0.21318890697086920,ok
q006538,0.68219200000000002,5625.00000000000000000,-0.09178543601626445,0.03034360660911826,0.21090180107013995,ok
q006539,0.68219200000000002,5650.00000000000000000,-0.08735083894839869,0.02968485536815050,0.20859992961548252,ok
q006540,0.68219200000000002,5675.00000000000000000,-0.08293582073928189,0.02905995975734216,0.20639263381126660,ok
q006541,0.68219200000000002,5700.00000000000000000,-0.07854020926624379,0.02844668449856361,0.20420318751529598,ok
q006542,0.68219200000000002,5725.00000000000000000,-0.07416383466644491,0.02783609316635279,0.20199974891040581,ok
q006543,0.68219200000000002,5750.00000000000000000,-0.06980652929748918,0.02722816237125989,0.19978176921631902,ok
q006544,0.68219200000000002,5775.00000000000000000,-0.06546812769889100,0.02662286902825508,0.19754867300471313,ok
q006545,0.68219200000000002,5800.00000000000000000,-0.06114846655437459,0.02602019035146840,0.19529985622899287,ok
q006546,0.68219200000000002,5825.00000000000000000,-0.05684738465498397,0.02545171301734902,0.19315466332032333,ok
q006547,0.68219200000000002,5850.00000000000000000,-0.05256472286298310,0.02491453519955299,0.19110545487784822,ok
q006548,0.68219200000000002,5875.00000000000000000,-0.04830032407652556,0.02437964812567760,0.18904291502848652,ok
q006549,0.68219200000000002,5900.00000000000000000,-0.04405403319507445,0.02384703234133396,0.18696652630916000,ok
q006550,0.68219200000000002,5925.00000000000000000,-0.03982569708555344,0.02331666863891340,0.18487574595193779,ok
q006551,0.68219200000000002,5950.00000000000000000,-0.03561516454920993,0.02278853805343108,0.18277000401026761,ok
q006552,0.68219200000000002,5975.00000000000000000,-0.03142228628917395,0.02227006610759631,0.18067890173693524,ok
q006553,0.68219200000000002,6000.00000000000000000,-0.02724691487869330,0.02182485769825035,0.17886377779178486,ok
q006554,0.68219200000000002,6025.00000000000000000,-0.02308890473002961,0.02138150047266697,0.17703770801946375,ok
q006555,0.68219200000000002,6050.00000000000000000,-0.01894811206399820,0.02093997910006577,0.17520028602873153,ok
q006556,0.68219200000000002,6075.00000000000000000,-0.01482439488013613,0.02050027843932659,0.17335108682219094,ok
q006557,0.68219200000000002,6100.00000000000000000,-0.01071761292748272,0.02006238353587391,0.17148966549936040,ok
q006558,0.68219200000000002,6125.00000000000000000,-0.00662762767595759,0.01962627961862496,0.16961555584352841,ok
q006559,0.68219200000000002,6150.00000000000000000,-0.00255430228832177,0.01923277861107272,0.16790657587903468,ok
q006560,0.68219200000000002,6175.00000000000000000,0.00150249840729252,0.01888339356722723,0.16637448007698072,ok
q006561,0.68219200000000002,6200.00000000000000000,0.00554290794429750,0.01853542018397319,0.16483442091794617,ok
q006562,0.68219200000000002,6225.00000000000000000,0.00956705824402295,0.01818884709981098,0.16328612208153911,ok
q006563,0.68219200000000002,6250.00000000000000000,0.01357507964156178,0.01784366308985293,0.16172929605348632,ok
q006564,0.68219200000000002,6275.00000000000000000,0.01756710091109924,0.01749985706364185,0.16016364342400197,ok
q006565,0.68219200000000002,6300.00000000000000000,0.02154324929073866,0.01715741806301302,0.15858885213010115,ok
q006566,0.68219200000000002,6350.00000000000000000,0.02944842879785195,0.01661540605013192,0.15606379680758065,ok
q006567,0.68219200000000002,6400.00000000000000000,0.03729160625887785,0.01610190630764551,0.15363329199682363,ok
q006568,0.68219200000000002,6450.00000000000000000,0.04507374670093282,0.01559240271259800,0.15118308751368140,ok
q006569,0.68219200000000002,6500.00000000000000000,0.05279579279484313,0.01514495259259724,0.14899807174116780,ok
q006570,0.68219200000000002,6550.00000000000000000,0.06045866554041227,0.01480255364377462,0.14730415960908422,ok
q006571,0.68219200000000002,6600.00000000000000000,0.06806326492563158,0.01446275851443206,0.14560364808712992,ok
q006572,0.68219200000000002,6650.00000000000000000,0.07561047056101451,0.01412552790107005,0.14389610301696093,ok
q006573,0.68219200000000002,6700.00000000000000000,0.08310114229017213,0.01391191736317900,0.14280393791217924,ok
q006574,0.68219200000000002,6800.00000000000000000,0.09791622807531278,0.01355774260771130,0.14097444101582254,ok
q006575,0.68219200000000002,6900.00000000000000000,0.11251502749646548,0.01335830246580803,0.13993370251091128,ok
q006576,0.68219200000000002,7000.00000000000000000,0.12690376494856512,0.01328435181039654,0.13954583322366393,ok
q006577,0.68219200000000002,7100.00000000000000000,0.14108839994052139,0.01335344486357246,0.13990825750866054,ok
q006578,0.68219200000000002,7200.00000000000000000,0.15507464191526130,0.01349579431417970,0.14065200073011619,ok
q006579,0.68219200000000002,7400.00000000000000000,0.18247361610337576,0.01405141237365095,0.14351810079348662,ok
q006580,0.68219200000000002,7600.00000000000000000,0.20914186318553712,0.01483043506143218,0.14744282205720394,ok
q006581,0.68219200000000002,7800.00000000000000000,0.23511734958879782,0.01576478194736360,0.15201648032179030,ok
q006582,0.75890400000000002,1200.00000000000000000,-1.63963852876350469,0.45102165148555406,0.77091283171032721,ok
q006583,0.75890400000000002,1400.00000000000000000,-1.48548784893624641,0.39497882508397797,0.72142881687134952,ok
q006584,0.75890400000000002,1600.00000000000000000,-1.35195645631172390,0.34813359157107032,0.67729761193745819,ok
q006585,0.75890400000000002,1800.00000000000000000,-1.23417342065534030,0.30812073548443042,0.63718719852514727,ok
q006586,0.75890400000000002,2000.00000000000000000,-1.12881290499751419,0.27338075741529450,0.60019248075599874,ok
q006587,0.75890400000000002,2200.00000000000000000,-1.03350272519318920,0.24293704154651843,0.56578763020036360,ok
q006588,0.75890400000000002,2300.00000000000000000,-0.98905096262235537,0.22915669791207144,0.54950652892322671,ok
q006589,0.75890400000000002,2400.00000000000000000,-0.94649134820355940,0.21626303042375497,0.53382354033364299,ok
q006590,0.75890400000000002,2600.00000000000000000,-0.86644864053002302,0.19278895668143492,0.50401986720256475,ok
q006591,0.75890400000000002,3000.00000000000000000,-0.72334779688934969,0.15349139197651238,0.44972661636178185,ok
q006592,0.75890400000000002,3100.00000000000000000,-0.69055797406635888,0.14500976959237985,0.43712456214622686,ok
q006593,0.75890400000000002,3200.00000000000000000,-0.65880927575177850,0.13700376977821468,0.42488640737301681,ok
q006594,0.75890400000000002,3300.00000000000000000,-0.62803761708502492,0.12945806387850584,0.41302004802293818,ok
q006595,0.75890400000000002,3400.00000000000000000,-0.59818465393534370,0.12231923316532144,0.40147079123940077,ok
q006596,0.75890400000000002,3500.00000000000000000,-0.56919711706209131,0.11556029031541543,0.39022122789575731,ok
q006597,0.75890400000000002,3550.00000000000000000,-0.55501248207013498,0.11231071806436987,0.38469556632190788,ok
q006598,0.75890400000000002,3600.00000000000000000,-0.54102624009539513,0.10915876954069947,0.37925899933565038,ok
q006599,0.75890400000000002,3750.00000000000000000,-0.50020424557513998,0.10017895115499437,0.36332461270067229,ok
q006600,0.75890400000000002,3800.00000000000000000,-0.48695901882511933,0.09735315580598235,0.35816372332935509,ok
q006601,0.75890400000000002,3850.00000000000000000,-0.47388693725776643,0.09459315248865732,0.35305017307469982,ok
q006602,0.75890400000000002,3900.00000000000000000,-0.46098353242185863,0.09191404468153480,0.34801464321098663,ok
q006603,0.75890400000000002,3950.00000000000000000,-0.44824450664442889,0.08930449802091554,0.34303880112633189,ok
q006604,0.75890400000000002,3975.00000000000000000,-0.44193533745116420,0.08801208589402151,0.34054753104864965,ok
q006605,0.75890400000000002,4000.00000000000000000,-0.43566572443756885,0.08676111693574139,0.33811866550925240,ok
q006606,0.75890400000000002,4025.00000000000000000,-0.42943517468693260,0.08552442701187567,0.33570025076704602,ok
q006607,0.75890400000000002,4050.00000000000000000,-0.42324320443901153,0.08429539465984311,0.33327942490956380,ok
q006608,0.75890400000000002,4075.00000000000000000,-0.41708933886463334,0.08307392563170791,0.33085594733236623,ok
q006609,0.75890400000000002,4100.00000000000000000,-0.41097311184719726,0.08187702210691183,0.32846386469988703,ok
q006610,0.75890400000000002,4125.00000000000000000,-0.40489406577081510,0.08070942362235559,0.32611344328664282,ok
q006611,0.75890400000000002,4175.00000000000000000,-0.39284572725464062,0.07839530696389492,0.32140424726238537,ok
q006612,0.75890400000000002,4200.00000000000000000,-0.38687556026813685,0.07724862081636401,0.31904500248166390,ok
q006613,0.75890400000000002,4225.00000000000000000,-0.38094082474832214,0.07614387377542153,0.31675542582315364,ok
q006614,0.75890400000000002,4250.00000000000000000,-0.37504110262113388,0.07504894158577423,0.31446974241881259,ok
q006615,0.75890400000000002,4275.00000000000000000,-0.36917598316873584,0.07396043132272936,0.31218087723653748,ok
q006616,0.75890400000000002,4300.00000000000000000,-0.36334506285794266,0.07287826809437431,0.30988860054826672,ok
q006617,0.75890400000000002,4325.00000000000000000,-0.35754794517361677,0.07181244591757124,0.30761424190536463,ok
q006618,0.75890400000000002,4350.00000000000000000,-0.35178424045686674,0.07078036456466888,0.30539574134734104,ok
q006619,0.75890400000000002,4375.00000000000000000,-0.34605356574788171,0.06975419775055289,0.30317385997169172,ok
q006620,0.75890400000000002,4425.00000000000000000,-0.33468980709756652,0.06771933927354080,0.29871906077676991,ok
q006621,0.75890400000000002,4450.00000000000000000,-0.32905598937931052,0.06672855766458465,0.29652577380307404,ok
q006622,0.75890400000000002,4475.00000000000000000,-0.32345373383064069,0.06576197782081621,0.29437031474808256,ok
q006623,0.75890400000000002,4500.00000000000000000,-0.31788268878118536,0.06480078285090665,0.29221109745044105,ok
q006624,0.75890400000000002,4525.00000000000000000,-0.31234250840556999,0.06384491308820318,0.29004790244422479,ok
q006625,0.75890400000000002,4550.00000000000000000,-0.30683285259460041,0.06289430985228880,0.28788050576517532,ok
q006626,0.75890400000000002,4575.00000000000000000,-0.30135338682997470,0.06196976463543951,0.28575675297497782,ok
q006627,0.75890400000000002,4600.00000000000000000,-0.29590378206241003,0.06106511671465999,0.28366331557763691,ok
q006628,0.75890400000000002,4625.00000000000000000,-0.29048371459307087,0.06016537205871614,0.28156578684184402,ok
q006629,0.75890400000000002,4650.00000000000000000,-0.28509286595819444,0.05927047780183273,0.27946395001183949,ok
q006630,0.75890400000000002,4700.00000000000000000,-0.27439757684144656,0.05751381249741776,0.27529140840464794,ok
q006631,0.75890400000000002,4725.00000000000000000,-0.26909252461175337,0.05666781096780348,0.27325920299583761,ok
q006632,0.75890400000000002,4750.00000000000000000,-0.26381546751090951,0.05582627384698345,0.27122261559096528,ok
q006633,0.75890400000000002,4775.00000000000000000,-0.25856611162476578,0.05498915426419959,0.26918143200925065,ok
q006634,0.75890400000000002,4800.00000000000000000,-0.25334416764361412,0.05415640608296822,0.26713543310461291,ok
q006635,0.75890400000000002,4825.00000000000000000,-0.24814935076651015,0.05333952228061763,0.26511307065176570,ok
q006636,0.75890400000000002,4850.00000000000000000,-0.24298138060806757,0.05254760252230658,0.26313767443118391,ok
q006637,0.75890400000000002,4875.00000000000000000,-0.23783998110764892,0.05175975434886063,0.26115760809369531,ok
q006638,0.75890400000000002,4900.00000000000000000,-0.23272488044087852,0.05097593610696384,0.25917265871377537,ok
q006639,0.75890400000000002,4950.00000000000000000,-0.22257250897686040,0.04942096123086533,0.25518913106590502,ok
q006640,0.75890400000000002,4975.00000000000000000,-0.21753471494690327,0.04867292296788151,0.25325048920811305,ok
q006641,0.75890400000000002,5000.00000000000000000,-0.21252217312335900,0.04792863428586692,0.25130672242983598,ok
q006642,0.75890400000000002,5025.00000000000000000,-0.20753463161231994,0.04718805778228385,0.24935761205960055,ok
q006643,0.75890400000000002,5075.00000000000000000,-0.19763356062960841,0.04571789447359256,0.24544245682453217,ok
q006644,0.75890400000000002,5100.00000000000000000,-0.19271954582717923,0.04499635891844062,0.24349792530476952,ok
q006645,0.75890400000000002,5125.00000000000000000,-0.18782956053298747,0.04428479198702314,0.24156492956639830,ok
q006646,0.75890400000000002,5150.00000000000000000,-0.18296337088181458,0.04357668768210970,0.23962586135987646,ok
q006647,0.75890400000000002,5175.00000000000000000,-0.17812074640602660,0.04287201246716855,0.23768047909981008,ok
q006648,0.75890400000000002,5200.00000000000000000,-0.17330145997007773,0.04217073329053724,0.23572853408643735,ok
q006649,0.75890400000000002,5225.00000000000000000,-0.16850528770658471,0.04147281757612047,0.23376977011485686,ok
q006650,0.75890400000000002,5250.00000000000000000,-0.16373200895392706,0.04078352588987097,0.23181896568191895,ok
q006651,0.75890400000000002,5275.00000000000000000,-0.15898140619532913,0.04009789167296592,0.22986208841363193,ok
q006652,0.75890400000000002,5300.00000000000000000,-0.15425326499938319,0.03941549923751513,0.22789778013841613,ok
q006653,0.75890400000000002,5325.00000000000000000,-0.14954737396197054,0.03873631807246457,0.22592575805373991,ok
q006654,0.75890400000000002,5350.00000000000000000,-0.14486352464954419,0.03806031809549018,0.22394572987919326,ok
q006655,0.75890400000000002,5375.00000000000000000,-0.14020151154373289,0.03738754464735261,0.22195761594046473,ok
q006656,0.75890400000000002,5400.00000000000000000,-0.13556113198723072,0.03671831034795094,0.21996213337012208,ok
q006657,0.75890400000000002,5425.00000000000000000,-0.13094218613093619,0.03605216721106463,0.21795772560881665,ok
q006658,0.75890400000000002,5450.00000000000000000,-0.12634447688230674,0.03538908681205984,0.21594405740058131,ok
q006659,0.75890400000000002,5475.00000000000000000,-0.12176780985489483,0.03472904111657509,0.21392078089404362,ok
q006660,0.75890400000000002,5500.00000000000000000,-0.11721199331903412,0.03407200247340912,0.21188753486682543,ok
q006661,0.75890400000000002,5525.00000000000000000,-0.11267683815364286,0.03342091292279378,0.20985326641171431,ok
q006662,0.75890400000000002,5550.00000000000000000,-0.10816215779911625,0.03278377790638982,0.20784332359179336,ok
q006663,0.75890400000000002,5575.00000000000000000,-0.10366776821127696,0.03214950642781158,0.20582291940903583,ok
q006664,0.75890400000000002,5600.00000000000000000,-0.09919348781635588,0.03151807286243066,0.20379165987714781,ok
q006665,0.75890400000000002,5625.00000000000000000,-0.09473913746697561,0.03088945192804362,0.20174913455045410,ok
q006666,0.75890400000000002,5650.00000000000000000,-0.09030454039910976,0.03026361867879780,0.19969491543924509,ok
q006667,0.75890400000000002,5675.00000000000000000,-0.08588952218999299,0.02964413138862151,0.19764049994308566,ok
q006668,0.75890400000000002,5700.00000000000000000,-0.08149391071695490,0.02905701770319604,0.19567353819418001,ok
q006669,0.75890400000000002,5725.00000000000000000,-0.07711753611715605,0.02847247345130963,0.19369534221882759,ok
q006670,0.75890400000000002,5750.00000000000000000,-0.07276023074820033,0.02789047624127787,0.19170548728708570,ok
q006671,0.75890400000000002,5775.00000000000000000,-0.06842182914960218,0.02731100397285005,0.18970352976232882,ok
q006672,0.75890400000000002,5800.00000000000000000,-0.06410216800508579,0.02673403483217362,0.18768900580029413,ok
q006673,0.75890400000000002,5825.00000000000000000,-0.05980108610569507,0.02615954728686682,0.18566142993370771,ok
q006674,0.75890400000000002,5850.00000000000000000,-0.05551842431369423,0.02563046671677522,0.18377432501918356,ok
q006675,0.75890400000000002,5875.00000000000000000,-0.05125402552723671,0.02511214334868357,0.18190660560294578,ok
q006676,0.75890400000000002,5900.00000000000000000,-0.04700773464578562,0.02459602093570470,0.18002756445512233,ok
q006677,0.75890400000000002,5925.00000000000000000,-0.04277939853626452,0.02408208086502685,0.17813677446085766,ok
q006678,0.75890400000000002,5950.00000000000000000,-0.03856886599992103,0.02357030475894883,0.17623378876056503,ok
q006679,0.75890400000000002,5975.00000000000000000,-0.03437598773988507,0.02306067447093690,0.17431813935703069,ok
q006680,0.75890400000000002,6000.00000000000000000,-0.03020061632940434,0.02257942020870476,0.17248962262809547,ok
q006681,0.75890400000000002,6025.00000000000000000,-0.02604260618074066,0.02214149977510288,0.17080874292735901,ok
q006682,0.75890400000000002,6050.00000000000000000,-0.02190181351470927,0.02170539268182253,0.16911822144987429,ok
q006683,0.75890400000000002,6075.00000000000000000,-0.01777809633084723,0.02127108397341575,0.16741770726412150,ok
q006684,0.75890400000000002,6100.00000000000000000,-0.01367131437819384,0.02083855887869170,0.16570683399967950,ok
q006685,0.75890400000000002,6125.00000000000000000,-0.00958132912666874,0.02040780280770212,0.16398521880709449,ok
q006686,0.75890400000000002,6150.00000000000000000,-0.00550800373903293,0.01997880134878834,0.16225246122792880,ok
q006687,0.75890400000000002,6175.00000000000000000,-0.00145120304341844,0.01960778642758408,0.16073885226206100,ok
q006688,0.75890400000000002,6200.00000000000000000,0.00258920649358641,0.01925569673008064,0.15928915107836553,ok
q006689,0.75890400000000002,6225.00000000000000000,0.00661335679331183,0.01890502389635870,0.15783204890911387,ok
q006690,0.75890400000000002,6250.00000000000000000,0.01062137819085064,0.01855575656874694,0.15636729100226054,ok
q006691,0.75890400000000002,6275.00000000000000000,0.01461339946038829,0.01820788352559480,0.15489461243769229,ok
q006692,0.75890400000000002,6300.00000000000000000,0.01858954784002770,0.01786139367910914,0.15341373749794912,ok
q006693,0.75890400000000002,6325.00000000000000000,0.02254994905612461,0.01751627607323361,0.15192437898936118,ok
q006694,0.75890400000000002,6350.00000000000000000,0.02649472734714094,0.01724397863058039,0.15073889143175215,ok
q006695,0.75890400000000002,6375.00000000000000000,0.03042400548703049,0.01697610127179904,0.14956347865681599,ok
q006696,0.75890400000000002,6400.00000000000000000,0.03433790480816681,0.01670927235937403,0.14838341023432802,ok
q006697,0.75890400000000002,6425.00000000000000000,0.03823654522382412,0.01644348371825385,0.14719853760284199,ok
q006698,0.75890400000000002,6450.00000000000000000,0.04212004525022173,0.01617872726863079,0.14600870734373178,ok
q006699,0.75890400000000002,6500.00000000000000000,0.04984209134413200,0.01565227909204978,0.14361353442237057,ok
q006700,0.75890400000000002,6550.00000000000000000,0.05750496408970109,0.01527806959986601,0.14188641678450739,ok
q006701,0.75890400000000002,6600.00000000000000000,0.06510956347492038,0.01490980042827326,0.14016594010668393,ok
q006702,0.75890400000000002,6650.00000000000000000,0.07265676911030347,0.01454431067314101,0.13843730953949643,ok
q006703,0.75890400000000002,6700.00000000000000000,0.08014744083946104,0.01424007990419222,0.13698177585171301,ok
q006704,0.75890400000000002,6800.00000000000000000,0.09496252662460163,0.01382422146534901,0.13496679045323803,ok
q006705,0.75890400000000002,6900.00000000000000000,0.10956132604575425,0.01350799389376826,0.13341418479565906,ok
q006706,0.75890400000000002,7000.00000000000000000,0.12395006349785399,0.01337249233576275,0.13274334519866340,ok
q006707,0.75890400000000002,7100.00000000000000000,0.13813469848981039,0.01333543200798836,0.13255927610532423,ok
q006708,0.75890400000000002,7200.00000000000000000,0.15212094046455021,0.01341743676753011,0.13296623071399002,ok
q006709,0.75890400000000002,7300.00000000000000000,0.16591426259688599,0.01357931264409696,0.13376591751604941,ok
q006710,0.75890400000000002,7400.00000000000000000,0.17951991465266473,0.01382060304158587,0.13494912584173888,ok
q006711,0.75890400000000002,7600.00000000000000000,0.20618816173482596,0.01446272027726486,0.13804846194926912,ok
q006712,0.75890400000000002,7800.00000000000000000,0.23216364813808671,0.01527155613732149,0.14185616851340704,ok
q006713,0.75890400000000002,8000.00000000000000000,0.25748145612237650,0.01622147682985322,0.14620148178998091,ok
q006714,0.75890400000000002,8200.00000000000000000,0.28217406871274803,0.01730013436105784,0.15098413565304480,ok
q006715,0.75890400000000002,9000.00000000000000000,0.37526449177875998,0.02261706725668898,0.17263336016696285,ok
q006716,0.75890400000000002,9200.00000000000000000,0.39724339849753526,0.02408956297370483,0.17816444514272367,ok
q006717,0.85479499999999997,1000.00000000000000000,-1.82510516603857420,0.47785973712057717,0.74768597338809284,ok
q006718,0.85479499999999997,1200.00000000000000000,-1.64278360924461952,0.41413730411716176,0.69605120468485482,ok
q006719,0.85479499999999997,1400.00000000000000000,-1.48863292941736125,0.36278788061301825,0.65147146598846606,ok
q006720,0.85479499999999997,1600.00000000000000000,-1.35510153679283873,0.32017304705521032,0.61201405795751940,ok
q006721,0.85479499999999997,1800.00000000000000000,-1.23731850113645514,0.28395281287248048,0.57635770189224833,ok
q006722,0.85479499999999997,2000.00000000000000000,-1.13195798547862880,0.25259812837952322,0.54360579474408155,ok
q006723,0.85479499999999997,2200.00000000000000000,-1.03664780567430403,0.22509693494911742,0.51316119066572996,ok
q006724,0.85479499999999997,2300.00000000000000000,-0.99219604310347020,0.21257147522317532,0.49867949002662526,ok
q006725,0.85479499999999997,2500.00000000000000000,-0.90881443416441920,0.18978905773478835,0.47119925836515492,ok
q006726,0.85479499999999997,2700.00000000000000000,-0.83185339302829087,0.16967761228744735,0.44553444479367410,ok
q006727,0.85479499999999997,2800.00000000000000000,-0.79548574885741596,0.16050927080662727,0.43333031674405653,ok
q006728,0.85479499999999997,2900.00000000000000000,-0.76039442904614585,0.15186297943399468,0.42149746935885857,ok
q006729,0.85479499999999997,3000.00000000000000000,-0.72649287737046464,0.14369932616834380,0.41001182218825266,ok
q006730,0.85479499999999997,3250.00000000000000000,-0.64645016969692826,0.12520220532990295,0.38271457578240037,ok
q006731,0.85479499999999997,3350.00000000000000000,-0.61614482020159922,0.11849004620227843,0.37231449780336623,ok
q006732,0.85479499999999997,3500.00000000000000000,-0.57234219754320625,0.10907593467765986,0.35721812370801437,ok
q006733,0.85479499999999997,3600.00000000000000000,-0.54417132057650996,0.10323871476363156,0.34752840574238281,ok
q006734,0.85479499999999997,3650.00000000000000000,-0.53037799844417410,0.10045180571496054,0.34280558387464555,ok
q006735,0.85479499999999997,3700.00000000000000000,-0.51677234638839542,0.09771616518316126,0.33810548861508144,ok
q006736,0.85479499999999997,3750.00000000000000000,-0.50334932605625482,0.09507055809597539,0.33349707953147018,ok
q006737,0.85479499999999997,3800.00000000000000000,-0.49010409930623411,0.09248788667277927,0.32893602614686740,ok
q006738,0.85479499999999997,3825.00000000000000000,-0.48354669876007517,0.09120926673514862,0.32665438728861385,ok
q006739,0.85479499999999997,3850.00000000000000000,-0.47703201773888138,0.08997149493162429,0.32443035496954864,ok
q006740,0.85479499999999997,3875.00000000000000000,-0.47055950323326395,0.08874920506224737,0.32221907700253427,ok
q006741,0.85479499999999997,3900.00000000000000000,-0.46412861290297347,0.08753477563223741,0.32000688686997936,ok
q006742,0.85479499999999997,3925.00000000000000000,-0.45773881480420253,0.08632810618766325,0.31779358062595353,ok
q006743,0.85479499999999997,3950.00000000000000000,-0.45138958712554367,0.08513617859765150,0.31559207562943736,ok
q006744,0.85479499999999997,3975.00000000000000000,-0.44508041793227904,0.08398407045898197,0.31344942198066417,ok
q006745,0.85479499999999997,4000.00000000000000000,-0.43881080491868357,0.08283918561630205,0.31130559327682011,ok
q006746,0.85479499999999997,4050.00000000000000000,-0.42638828492012643,0.08057072744776828,0.30701362944457444,ok
q006747,0.85479499999999997,4075.00000000000000000,-0.42023441934574823,0.07946288576433261,0.30489561599510878,ok
q006748,0.85479499999999997,4100.00000000000000000,-0.41411819232831221,0.07838503764687006,0.30282072790435210,ok
q006749,0.85479499999999997,4125.00000000000000000,-0.40803914625192994,0.07731374183807853,0.30074426877467259,ok
q006750,0.85479499999999997,4150.00000000000000000,-0.40199683179596740,0.07624891915525304,0.29866605075962044,ok
q006751,0.85479499999999997,4175.00000000000000000,-0.39599080773575540,0.07519049184242120,0.29658588353234328,ok
q006752,0.85479499999999997,4200.00000000000000000,-0.39002064074925169,0.07415739762658667,0.29454133700383056,ok
q006753,0.85479499999999997,4225.00000000000000000,-0.38408590522943703,0.07315032916085623,0.29253454303937704,ok
q006754,0.85479499999999997,4250.00000000000000000,-0.37818618310224883,0.07214920213657243,0.29052584955452904,ok
q006755,0.85479499999999997,4275.00000000000000000,-0.37232106364985068,0.07115394685880450,0.28851507557541456,ok
q006756,0.85479499999999997,4300.00000000000000000,-0.36649014333905755,0.07016449485178897,0.28650203749390118,ok
q006757,0.85479499999999997,4325.00000000000000000,-0.36069302565473155,0.06919709887989113,0.28452010273607131,ok
q006758,0.85479499999999997,4350.00000000000000000,-0.35492932093798157,0.06825763059627224,0.28258208016472025,ok
q006759,0.85479499999999997,4375.00000000000000000,-0.34919864622899643,0.06732354611460498,0.28064189557871766,ok
q006760,0.85479499999999997,4400.00000000000000000,-0.34350062511435880,0.06639478408052017,0.27869937505424236,ok
q006761,0.85479499999999997,4425.00000000000000000,-0.33783488757868135,0.06547128418251022,0.27675434193225673,ok
q006762,0.85479499999999997,4450.00000000000000000,-0.33220106986042541,0.06456052802456920,0.27482266725070803,ok
q006763,0.85479499999999997,4475.00000000000000000,-0.32659881431175547,0.06368468664668020,0.27295215127330830,ok
q006764,0.85479499999999997,4500.00000000000000000,-0.32102776926230020,0.06281372463325420,0.27107925697537433,ok
q006765,0.85479499999999997,4525.00000000000000000,-0.31548758888668488,0.06194758791889376,0.26920381724267478,ok
q006766,0.85479499999999997,4550.00000000000000000,-0.30997793307571520,0.06108622333185355,0.26732566215714487,ok
q006767,0.85479499999999997,4575.00000000000000000,-0.30449846731108970,0.06022957857445319,0.26544461883782783,ok
q006768,0.85479499999999997,4600.00000000000000000,-0.29904886254352492,0.05940393453744619,0.26361894571564909,ok
q006769,0.85479499999999997,4625.00000000000000000,-0.29362879507418577,0.05858838767415897,0.26180310120893935,ok
q006770,0.85479499999999997,4650.00000000000000000,-0.28823794643930928,0.05777723731127137,0.25998446569734646,ok
q006771,0.85479499999999997,4675.00000000000000000,-0.28287600329792401,0.05697043630098536,0.25816287337131166,ok
q006772,0.85479499999999997,4700.00000000000000000,-0.27754265732256134,0.05616793824987477,0.25633815533095999,ok
q006773,0.85479499999999997,4725.00000000000000000,-0.27223760509286821,0.05537703001099525,0.25452699101757137,ok
q006774,0.85479499999999997,4750.00000000000000000,-0.26696054799202440,0.05460880165783168,0.25275533817936729,ok
q006775,0.85479499999999997,4775.00000000000000000,-0.26171119210588073,0.05384460601800493,0.25098057804303731,ok
q006776,0.85479499999999997,4800.00000000000000000,-0.25648924812472895,0.05308440097411575,0.24920254536116107,ok
q006777,0.85479499999999997,4825.00000000000000000,-0.25129443124762502,0.05232814506514601,0.24742107156244997,ok
q006778,0.85479499999999997,4850.00000000000000000,-0.24612646108918237,0.05157579747288971,0.24563598457608846,ok
q006779,0.85479499999999997,4875.00000000000000000,-0.24098506158876376,0.05083886630629859,0.24387480889929011,ok
q006780,0.85479499999999997,4900.00000000000000000,-0.23586996092199328,0.05011421000204816,0.24213047705699911,ok
q006781,0.85479499999999997,4925.00000000000000000,-0.23078089141452204,0.04939324153209895,0.24038246132974839,ok
q006782,0.85479499999999997,4950.00000000000000000,-0.22571758945797527,0.04867592355105289,0.23863058922035935,ok
q006783,0.85479499999999997,4975.00000000000000000,-0.22067979542801816,0.04796221927793082,0.23687468433956327,ok
q006784,0.85479499999999997,5000.00000000000000000,-0.21566725360447395,0.04725209248485567,0.23511456620323581,ok
q006785,0.85479499999999997,5025.00000000000000000,-0.21067971209343481,0.04655602489219164,0.23337641237643927,ok
q006786,0.85479499999999997,5050.00000000000000000,-0.20571692275130585,0.04586802457000284,0.23164558733840998,ok
q006787,0.85479499999999997,5075.00000000000000000,-0.20077864111072322,0.04518342179411262,0.22991037624338123,ok
q006788,0.85479499999999997,5100.00000000000000000,-0.19586462630829421,0.04450218317320001,0.22817059342343768,ok
q006789,0.85479499999999997,5125.00000000000000000,-0.19097464101410236,0.04382427580579617,0.22642604850010051,ok
q006790,0.85479499999999997,5150.00000000000000000,-0.18610845136292953,0.04314966727074952,0.22467654613755772,ok
q006791,0.85479499999999997,5175.00000000000000000,-0.18126582688714146,0.04248696316842233,0.22294454911815040,ok
q006792,0.85479499999999997,5200.00000000000000000,-0.17644654045119262,0.04183238262091440,0.22122047168156764,ok
q006793,0.85479499999999997,5225.00000000000000000,-0.17165036818769952,0.04118094156051982,0.21949121849381442,ok
q006794,0.85479499999999997,5250.00000000000000000,-0.16687708943504190,0.04053261001582974,0.21775658574073373,ok
q006795,0.85479499999999997,5275.00000000000000000,-0.16212648667644403,0.03988735844258445,0.21601636382627337,ok
q006796,0.85479499999999997,5300.00000000000000000,-0.15739834548049811,0.03924515771559492,0.21427033706271970,ok
q006797,0.85479499999999997,5325.00000000000000000,-0.15269245444308538,0.03861117912195910,0.21253259534887139,ok
q006798,0.85479499999999997,5350.00000000000000000,-0.14800860513065908,0.03798813845053312,0.21081087919268607,ok
q006799,0.85479499999999997,5375.00000000000000000,-0.14334659202484770,0.03736800240816826,0.20908311153215284,ok
q006800,0.85479499999999997,5400.00000000000000000,-0.13870621246834555,0.03675074403760450,0.20734906504521977,ok
q006801,0.85479499999999997,5425.00000000000000000,-0.13408726661205095,0.03613633675512613,0.20560850524224886,ok
q006802,0.85479499999999997,5450.00000000000000000,-0.12948955736342155,0.03552475434369206,0.20386119006785533,ok
q006803,0.85479499999999997,5475.00000000000000000,-0.12491289033600979,0.03491597094622305,0.20210686947619352,ok
q006804,0.85479499999999997,5500.00000000000000000,-0.12035707380014901,0.03432228166787474,0.20038125345794033,ok
q006805,0.85479499999999997,5525.00000000000000000,-0.11582191863475778,0.03373174696117547,0.19864993638964668,ok
q006806,0.85479499999999997,5550.00000000000000000,-0.11130723828023109,0.03314387833446412,0.19691131681007404,ok
q006807,0.85479499999999997,5575.00000000000000000,-0.10681284869239184,0.03255865182285522,0.19516512773123043,ok
q006808,0.85479499999999997,5600.00000000000000000,-0.10233856829747068,0.03197604378314173,0.19341109262789338,ok
q006809,0.85479499999999997,5625.00000000000000000,-0.09788421794809046,0.03139603088806361,0.19164892487434740,ok
q006810,0.85479499999999997,5650.00000000000000000,-0.09344962088022464,0.03082338255147552,0.18989309003725671,ok
q006811,0.85479499999999997,5675.00000000000000000,-0.08903460267110791,0.03026259816352773,0.18815775342357630,ok
q006812,0.85479499999999997,5700.00000000000000000,-0.08463899119806975,0.02970427876985593,0.18641399740517753,ok
q006813,0.85479499999999997,5725.00000000000000000,-0.08026261659827093,0.02914840279491416,0.18466151512645976,ok
q006814,0.85479499999999997,5750.00000000000000000,-0.07590531122931514,0.02859494894519145,0.18289998765284268,ok
q006815,0.85479499999999997,5775.00000000000000000,-0.07156690963071703,0.02804389620431764,0.18112908321405338,ok
q006816,0.85479499999999997,5800.00000000000000000,-0.06724724848620055,0.02749522382827457,0.17934845638764771,ok
q006817,0.85479499999999997,5825.00000000000000000,-0.06294616658681000,0.02696428171693420,0.17760837524243495,ok
q006818,0.85479499999999997,5850.00000000000000000,-0.05866350479480907,0.02645015730316517,0.17590700850986918,ok
q006819,0.85479499999999997,5875.00000000000000000,-0.05439910600835159,0.02593822532425902,0.17419638686205388,ok
q006820,0.85479499999999997,5900.00000000000000000,-0.05015281512690054,0.02542846716072708,0.17247617178197289,ok
q006821,0.85479499999999997,5925.00000000000000000,-0.04592447901737937,0.02492086442927013,0.17074601034024445,ok
q006822,0.85479499999999997,5950.00000000000000000,-0.04171394648103591,0.02441539897880046,0.16900553424370279,ok
q006823,0.85479499999999997,5975.00000000000000000,-0.03752106822099988,0.02391205288654722,0.16725435880388256,ok
q006824,0.85479499999999997,6000.00000000000000000,-0.03334569681051929,0.02343588050089094,0.16558067582865912,ok
q006825,0.85479499999999997,6025.00000000000000000,-0.02918768666185554,0.02298864166910867,0.16399313524190631,ok
q006826,0.85479499999999997,6050.00000000000000000,-0.02504689399582419,0.02254325476325815,0.16239674602578524,ok
q006827,0.85479499999999997,6075.00000000000000000,-0.02092317681196207,0.02209970450965820,0.16079118906058371,ok
q006828,0.85479499999999997,6100.00000000000000000,-0.01681639485930872,0.02165797582280556,0.15917613149475093,ok
q006829,0.85479499999999997,6125.00000000000000000,-0.01272640960778354,0.02121805380229614,0.15755122583643802,ok
q006830,0.85479499999999997,6150.00000000000000000,-0.00865308422014777,0.02077992372980925,0.15591610896814972,ok
q006831,0.85479499999999997,6175.00000000000000000,-0.00459628352453332,0.02036085617130463,0.15433592580442956,ok
q006832,0.85479499999999997,6200.00000000000000000,-0.00055587398752840,0.01999907061894171,0.15295860720405544,ok
q006833,0.85479499999999997,6225.00000000000000000,0.00346827631219710,0.01963874094799039,0.15157439175316997,ok
q006834,0.85479499999999997,6250.00000000000000000,0.00747629770973587,0.01927985548801154,0.15018304329589688,ok
q006835,0.85479499999999997,6275.00000000000000000,0.01146831897927327,0.01892240270833251,0.14878431638860584,ok
q006836,0.85479499999999997,6300.00000000000000000,0.01544446735891286,0.01856637121582417,0.14737795573176157,ok
q006837,0.85479499999999997,6325.00000000000000000,0.01940486857500973,0.01821174975272207,0.14596369555758879,ok
q006838,0.85479499999999997,6350.00000000000000000,0.02334964686602603,0.01785852719449039,0.14454125896925604,ok
q006839,0.85479499999999997,6375.00000000000000000,0.02727892500591554,0.01757705474555587,0.14339766054601974,ok
q006840,0.85479499999999997,6400.00000000000000000,0.03119282432705182,0.01731729053934647,0.14233410835903440,ok
q006841,0.85479499999999997,6425.00000000000000000,0.03509146474270931,0.01705853906165768,0.14126674242906145,ok
q006842,0.85479499999999997,6450.00000000000000000,0.03897496476910688,0.01680079244660717,0.14019544283062527,ok
q006843,0.85479499999999997,6475.00000000000000000,0.04284344154702716,0.01654404291959987,0.13912008600110881,ok
q006844,0.85479499999999997,6500.00000000000000000,0.04669701086301709,0.01628828279592085,0.13804054455787620,ok
q006845,0.85479499999999997,6525.00000000000000000,0.05053578717018293,0.01603350447935524,0.13695668710406161,ok
q006846,0.85479499999999997,6550.00000000000000000,0.05435988360858632,0.01578710708413599,0.13590026100491287,ok
q006847,0.85479499999999997,6575.00000000000000000,0.05816941202525397,0.01562258776961940,0.13519029012245198,ok
q006848,0.85479499999999997,6600.00000000000000000,0.06196448299380553,0.01545869281832931,0.13447928676975052,ok
q006849,0.85479499999999997,6650.00000000000000000,0.06951168862918855,0.01513275717437494,0.13305403363734192,ok
q006850,0.85479499999999997,6700.00000000000000000,0.07700236035834607,0.01480926301883643,0.13162419758944857,ok
q006851,0.85479499999999997,6750.00000000000000000,0.08443733884586425,0.01449984708229560,0.13024190038944874,ok
q006852,0.85479499999999997,6800.00000000000000000,0.09181744614348672,0.01432495872283457,0.12945406819728791,ok
q006853,0.85479499999999997,6850.00000000000000000,0.09914348623555973,0.01415135160827932,0.12866723677781353,ok
q006854,0.85479499999999997,6900.00000000000000000,0.10641624556463941,0.01397900710209207,0.12788133935933335,ok
q006855,0.85479499999999997,7000.00000000000000000,0.12080498301673903,0.01375067241294028,0.12683262511489551,ok
q006856,0.85479499999999997,7100.00000000000000000,0.13498961800869547,0.01363741559978003,0.12630921944402548,ok
q006857,0.85479499999999997,7200.00000000000000000,0.14897585998343538,0.01359228094444914,0.12610002849298832,ok
q006858,0.85479499999999997,7400.00000000000000000,0.17637483417154984,0.01373369132456646,0.12675428635096911,ok
q006859,0.85479499999999997,7600.00000000000000000,0.20304308125371118,0.01410579361624384,0.12845995811932515,ok
q006860,0.85479499999999997,7800.00000000000000000,0.22901856765697184,0.01471405898407430,0.13120043040520393,ok
q006861,0.85479499999999997,8000.00000000000000000,0.25433637564126177,0.01550225417370152,0.13466862939271768,ok
q006862,0.85479499999999997,8200.00000000000000000,0.27902898823163308,0.01644712332138032,0.13871198538059010,ok
q006863,0.85479499999999997,8400.00000000000000000,0.30312653981069360,0.01752130613030711,0.14317007492513864,ok
q006864,0.85479499999999997,8600.00000000000000000,0.32665703722088774,0.01869569713453114,0.14789035294924907,ok
q006865,0.85479499999999997,9000.00000000000000000,0.37211941129764514,0.02125202932339896,0.15767731524897477,ok
q006866,0.88493200000000005,1400.00000000000000000,-1.48957348273859291,0.35083461028931900,0.62964573408035762,ok
q006867,0.88493200000000005,1800.00000000000000000,-1.23825905445768680,0.27725831778891569,0.55974128698011083,ok
q006868,0.88493200000000005,2000.00000000000000000,-1.13289853879986047,0.24759831731524229,0.52895520436674848,ok
q006869,0.88493200000000005,2200.00000000000000000,-1.03758835899553570,0.22098913914531659,0.49972435385710851,ok
q006870,0.88493200000000005,2400.00000000000000000,-0.95057698200590579,0.19716708632740948,0.47202202028133466,ok
q006871,0.88493200000000005,3000.00000000000000000,-0.72743343069169619,0.14126091660408552,0.39953613129253157,ok
q006872,0.88493200000000005,3100.00000000000000000,-0.69464360786870527,0.13375224457741938,0.38877254671586853,ok
q006873,0.88493200000000005,3200.00000000000000000,-0.66289490955412500,0.12665816934137417,0.37832204918535933,ok
q006874,0.88493200000000005,3400.00000000000000000,-0.60227028773769020,0.11359676998088732,0.35828451748580076,ok
q006875,0.88493200000000005,3500.00000000000000000,-0.57328275086443781,0.10757698734553411,0.34866209789994668,ok
q006876,0.88493200000000005,3600.00000000000000000,-0.54511187389774141,0.10186907417558549,0.33928622652395335,ok
q006877,0.88493200000000005,3700.00000000000000000,-0.51771289970962708,0.09645883713375462,0.33015361812197208,ok
q006878,0.88493200000000005,3800.00000000000000000,-0.49104465262746572,0.09133295923647734,0.32126159756055023,ok
q006879,0.88493200000000005,3900.00000000000000000,-0.46506916622420502,0.08647826094187926,0.31260687412658344,ok
q006880,0.88493200000000005,4000.00000000000000000,-0.43975135823991524,0.08188070496013895,0.30418362882951067,ok
q006881,0.88493200000000005,4050.00000000000000000,-0.42732883824135798,0.07966430375099375,0.30003846329775052,ok
q006882,0.88493200000000005,4100.00000000000000000,-0.41505874564954370,0.07752463361018634,0.29598173474513217,ok
q006883,0.88493200000000005,4150.00000000000000000,-0.40293738511719890,0.07544026327040322,0.29197565925912577,ok
q006884,0.88493200000000005,4200.00000000000000000,-0.39096119407048313,0.07339359912525736,0.28798783488271518,ok
q006885,0.88493200000000005,4250.00000000000000000,-0.37912673642348033,0.07143519007955956,0.28411957239905461,ok
q006886,0.88493200000000005,4425.00000000000000000,-0.33877544089991296,0.06491578251210706,0.27084461068161780,ok
q006887,0.88493200000000005,4475.00000000000000000,-0.32753936763298719,0.06316609139047906,0.26716960736521128,ok
q006888,0.88493200000000005,4500.00000000000000000,-0.32196832258353170,0.06231568847242303,0.26536506554093625,ok
q006889,0.88493200000000005,4525.00000000000000000,-0.31642814220791632,0.06146999695204294,0.26355826858909243,ok
q006890,0.88493200000000005,4550.00000000000000000,-0.31091848639694675,0.06062896491271473,0.26174905774181068,ok
q006891,0.88493200000000005,4575.00000000000000000,-0.30543902063232120,0.05979254129124696,0.25993727160168273,ok
q006892,0.88493200000000005,4600.00000000000000000,-0.29998941586475653,0.05898042096527641,0.25816596322474294,ok
q006893,0.88493200000000005,4650.00000000000000000,-0.28917849976054077,0.05739036704311742,0.25466223789435660,ok
q006894,0.88493200000000005,4675.00000000000000000,-0.28381655661915545,0.05660174019224133,0.25290647114854220,ok
q006895,0.88493200000000005,4700.00000000000000000,-0.27848321064379289,0.05581731937122977,0.25114789234546808,ok
q006896,0.88493200000000005,4725.00000000000000000,-0.27317815841409976,0.05503964991121713,0.24939220868549780,ok
q006897,0.88493200000000005,4750.00000000000000000,-0.26790110131325601,0.05428794821348180,0.24768332207774285,ok
q006898,0.88493200000000005,4775.00000000000000000,-0.26265174542711228,0.05354019247458706,0.24597162716678073,ok
q006899,0.88493200000000005,4800.00000000000000000,-0.25742980144596050,0.05279634148319209,0.24425696958282772,ok
q006900,0.88493200000000005,4825.00000000000000000,-0.25223498456885651,0.05205635467021657,0.24253919198206639,ok
q006901,0.88493200000000005,4850.00000000000000000,-0.24706701441041395,0.05132019209556381,0.24081813388973597,ok
q006902,0.88493200000000005,4875.00000000000000000,-0.24192561490999531,0.05059525425042582,0.23911121232128332,ok
q006903,0.88493200000000005,4900.00000000000000000,-0.23681051424322491,0.04988552029101084,0.23742820168921369,ok
q006904,0.88493200000000005,4925.00000000000000000,-0.23172144473575365,0.04917939822488224,0.23574183253287148,ok
q006905,0.88493200000000005,4950.00000000000000000,-0.22665814277920682,0.04847685147566986,0.23405194395922813,ok
q006906,0.88493200000000005,4975.00000000000000000,-0.22162034874924968,0.04777784401979975,0.23235837158375525,ok
q006907,0.88493200000000005,5000.00000000000000000,-0.21660780692570542,0.04708234037541038,0.23066094734969589,ok
q006908,0.88493200000000005,5050.00000000000000000,-0.20665747607253737,0.04572312509188926,0.22730710093805179,ok
q006909,0.88493200000000005,5075.00000000000000000,-0.20171919443195482,0.04505205915284535,0.22563287276525704,ok
q006910,0.88493200000000005,5100.00000000000000000,-0.19680517962952565,0.04438429084842786,0.22395444812481141,ok
q006911,0.88493200000000005,5125.00000000000000000,-0.19191519433533388,0.04371978792773770,0.22227164996941479,ok
q006912,0.88493200000000005,5150.00000000000000000,-0.18704900468416102,0.04305851861069550,0.22058429680183644,ok
q006913,0.88493200000000005,5175.00000000000000000,-0.18220638020837304,0.04240609485535797,0.21890676865736150,ok
q006914,0.88493200000000005,5200.00000000000000000,-0.17738709377242415,0.04176392543730620,0.21724295718066813,ok
q006915,0.88493200000000005,5225.00000000000000000,-0.17259092150893116,0.04112483598033830,0.21557437689724557,ok
q006916,0.88493200000000005,5250.00000000000000000,-0.16781764275627351,0.04048879708131621,0.21390083853896405,ok
q006917,0.88493200000000005,5275.00000000000000000,-0.16306703999767558,0.03985577975615211,0.21222214764442510,ok
q006918,0.88493200000000005,5300.00000000000000000,-0.15833889880172963,0.03922575543188316,0.21053810428457279,ok
q006919,0.88493200000000005,5325.00000000000000000,-0.15363300776431699,0.03860110514074203,0.20885502048334878,ok
q006920,0.88493200000000005,5350.00000000000000000,-0.14894915845189066,0.03798934982470707,0.20719343020335662,ok
q006921,0.88493200000000005,5375.00000000000000000,-0.14428714534607937,0.03738044652516277,0.20552624728462912,ok
q006922,0.88493200000000005,5400.00000000000000000,-0.13964676578957716,0.03677436877313543,0.20385326114822125,ok
q006923,0.88493200000000005,5425.00000000000000000,-0.13502781993328253,0.03617109046642959,0.20217425478222434,ok
q006924,0.88493200000000005,5450.00000000000000000,-0.13043011068465307,0.03557058586288266,0.20048900439033224,ok
q006925,0.88493200000000005,5475.00000000000000000,-0.12585344365724130,0.03497282957377380,0.19879727901753835,ok
q006926,0.88493200000000005,5500.00000000000000000,-0.12129762712138059,0.03438690544934416,0.19712495050876888,ok
q006927,0.88493200000000005,5525.00000000000000000,-0.11676247195598934,0.03380654551568121,0.19545439822557203,ok
q006928,0.88493200000000005,5550.00000000000000000,-0.11224779160146273,0.03322880572607990,0.19377708404405067,ok
q006929,0.88493200000000005,5575.00000000000000000,-0.10775340201362331,0.03265366252856398,0.19209276155889066,ok
q006930,0.88493200000000005,5600.00000000000000000,-0.10327912161870223,0.03208109268729334,0.19040117582786525,ok
q006931,0.88493200000000005,5625.00000000000000000,-0.09882477126932197,0.03151107327693104,0.18870206287750946,ok
q006932,0.88493200000000005,5650.00000000000000000,-0.09439017420145625,0.03094526816634327,0.18700024491531125,ok
q006933,0.88493200000000005,5675.00000000000000000,-0.08997515599233948,0.03039359441889963,0.18532588467751221,ok
q006934,0.88493200000000005,5700.00000000000000000,-0.08557954451930140,0.02984434561883130,0.18364371954603165,ok
q006935,0.88493200000000005,5725.00000000000000000,-0.08120316991950242,0.02929750054111388,0.18195346714218433,ok
q006936,0.88493200000000005,5750.00000000000000000,-0.07684586455054671,0.02875303823817607,0.18025483430186531,ok
q006937,0.88493200000000005,5775.00000000000000000,-0.07250746295194857,0.02821093803508474,0.17854751641451899,ok
q006938,0.88493200000000005,5800.00000000000000000,-0.06818780180743217,0.02767117952483415,0.17683119671123240,ok
q006939,0.88493200000000005,5825.00000000000000000,-0.06388671990804158,0.02714215708606104,0.17513269463254127,ok
q006940,0.88493200000000005,5850.00000000000000000,-0.05960405811604073,0.02663551379491250,0.17349045634777424,ok
q006941,0.88493200000000005,5875.00000000000000000,-0.05533965932958310,0.02613103103608804,0.17183962763378574,ok
q006942,0.88493200000000005,5900.00000000000000000,-0.05109336844813202,0.02562869046103476,0.17017989757756713,ok
q006943,0.88493200000000005,5925.00000000000000000,-0.04686503233861092,0.02512847395395235,0.16851094241898482,ok
q006944,0.88493200000000005,5950.00000000000000000,-0.04265449980226743,0.02463036362787301,0.16683242472244889,ok
q006945,0.88493200000000005,5975.00000000000000000,-0.03846162154223148,0.02413434182082359,0.16514399248067532,ok
q006946,0.88493200000000005,6000.00000000000000000,-0.03428625013175086,0.02365316700239905,0.16348943731507123,ok
q006947,0.88493200000000005,6025.00000000000000000,-0.03012823998308707,0.02321104348243261,0.16195426245216260,ok
q006948,0.88493200000000005,6050.00000000000000000,-0.02598744731705569,0.02277075070692187,0.16041084419705159,ok
q006949,0.88493200000000005,6075.00000000000000000,-0.02186373013319364,0.02233227357687902,0.15885888857739378,ok
q006950,0.88493200000000005,6125.00000000000000000,-0.01366696292901516,0.02146070678433008,0.15572812709922201,ok
q006951,0.88493200000000005,6150.00000000000000000,-0.00959363754137935,0.02102758784186455,0.15414866859088269,ok
q006952,0.88493200000000005,6200.00000000000000000,-0.00149642730875991,0.02023683786989997,0.15122248700693969,ok
q006953,0.88493200000000005,6225.00000000000000000,0.00252772299096540,0.01987857342742623,0.14987791995622016,ok
q006954,0.88493200000000005,6250.00000000000000000,0.00653574438850442,0.01952174491843386,0.14852664357827541,ok
q006955,0.88493200000000005,6275.00000000000000000,0.01052776565804186,0.01916634087833829,0.14716842904614610,ok
q006956,0.88493200000000005,6300.00000000000000000,0.01450391403768126,0.01881234997931008,0.14580303856730734,ok
q006957,0.88493200000000005,6325.00000000000000000,0.01846431525377817,0.01845976102810858,0.14443022483737322,ok
q006958,0.88493200000000005,6350.00000000000000000,0.02240909354479450,0.01810856296395825,0.14304973045148350,ok
q006959,0.88493200000000005,6375.00000000000000000,0.02633837168468404,0.01780543723467605,0.14184739727730489,ok
q006960,0.88493200000000005,6400.00000000000000000,0.03025227100582036,0.01754418000410932,0.14080289599248191,ok
q006961,0.88493200000000005,6425.00000000000000000,0.03415091142147766,0.01728394132283571,0.13975470624271530,ok
q006962,0.88493200000000005,6450.00000000000000000,0.03803441144787527,0.01702471327976283,0.13870271217941305,ok
q006963,0.88493200000000005,6475.00000000000000000,0.04190288822579558,0.01676648805561022,0.13764679448014025,ok
q006964,0.88493200000000005,6500.00000000000000000,0.04575645754178554,0.01650925792149420,0.13658683017521595,ok
q006965,0.88493200000000005,6550.00000000000000000,0.05341933028735484,0.01599775245151918,0.13445425051768881,ok
q006966,0.88493200000000005,6600.00000000000000000,0.06102392967257412,0.01564670784718556,0.13297087813573558,ok
q006967,0.88493200000000005,6625.00000000000000000,0.06480465251248015,0.01547910432508563,0.13225678571929131,ok
q006968,0.88493200000000005,6650.00000000000000000,0.06857113530795700,0.01531213207951727,0.13154152829823643,ok
q006969,0.88493200000000005,6700.00000000000000000,0.07606180703711457,0.01498006252090018,0.13010735949255153,ok
q006970,0.88493200000000005,6800.00000000000000000,0.09087689282225514,0.01445758622870037,0.12781827309592700,ok
q006971,0.88493200000000005,6900.00000000000000000,0.10547569224340796,0.01408894600637401,0.12617819266867414,ok
q006972,0.88493200000000005,7000.00000000000000000,0.11986442969550749,0.01382315655765111,0.12498234341969454,ok
q006973,0.88493200000000005,7100.00000000000000000,0.13404906468746386,0.01368713988650578,0.12436592460516142,ok
q006974,0.88493200000000005,7200.00000000000000000,0.14803530666220388,0.01360965044792603,0.12401337745197416,ok
q006975,0.88493200000000005,7400.00000000000000000,0.17543428085031820,0.01370697988108252,0.12445602837354132,ok
q006976,0.88493200000000005,7600.00000000000000000,0.20210252793247960,0.01405626569354162,0.12603176806043037,ok
q006977,0.88493200000000005,7800.00000000000000000,0.22807801433574032,0.01464391788785287,0.12863930722570430,ok
q006978,0.93150699999999997,1400.00000000000000000,-1.49162478819054067,0.34439471270714267,0.60804423649935502,ok
q006979,0.93150699999999997,1600.00000000000000000,-1.35809339556601794,0.30336050895848327,0.57067186373038992,ok
q006980,0.93150699999999997,1800.00000000000000000,-1.24031035990963456,0.26887992678034761,0.53726200585783701,ok
q006981,0.93150699999999997,2000.00000000000000000,-1.13494984425180823,0.23939319448200419,0.50694732830928624,ok
q006982,0.93150699999999997,2200.00000000000000000,-1.03963966444748346,0.21384374516908830,0.47913204111707225,ok
q006983,0.93150699999999997,3300.00000000000000000,-0.63417455633931907,0.11730711516108483,0.35486986060137748,ok
q006984,0.93150699999999997,3400.00000000000000000,-0.60432159318963774,0.11113191038911163,0.34540317758995631,ok
q006985,0.93150699999999997,3500.00000000000000000,-0.57533405631638557,0.10529245697419751,0.33620608429023585,ok
q006986,0.93150699999999997,3750.00000000000000000,-0.50634118482943413,0.09203777472721454,0.31433301159731569,ok
q006987,0.93150699999999997,3800.00000000000000000,-0.49309595807941348,0.08960598000702354,0.31015260670618650,ok
q006988,0.93150699999999997,3850.00000000000000000,-0.48002387651206063,0.08721993035459187,0.30599533555462149,ok
q006989,0.93150699999999997,3900.00000000000000000,-0.46712047167615284,0.08492921088829058,0.30195031223334312,ok
q006990,0.93150699999999997,3950.00000000000000000,-0.45438144589872304,0.08266767335605214,0.29790294458746513,ok
q006991,0.93150699999999997,3975.00000000000000000,-0.44807227670545841,0.08157514394570139,0.29592786642758157,ok
q006992,0.93150699999999997,4000.00000000000000000,-0.44180266369186288,0.08050086665280921,0.29397284576067212,ok
q006993,0.93150699999999997,4075.00000000000000000,-0.42322627811892749,0.07731786490106794,0.28810239256068743,ok
q006994,0.93150699999999997,4100.00000000000000000,-0.41711005110149146,0.07630468543517642,0.28620850934084702,ok
q006995,0.93150699999999997,4125.00000000000000000,-0.41103100502510931,0.07530073919644606,0.28431944213920118,ok
q006996,0.93150699999999997,4150.00000000000000000,-0.40498869056914655,0.07430285913515525,0.28242926859025835,ok
q006997,0.93150699999999997,4200.00000000000000000,-0.39301249952243100,0.07232500737937092,0.27864495342273005,ok
q006998,0.93150699999999997,4225.00000000000000000,-0.38707776400261634,0.07138116172294200,0.27682081597943459,ok
q006999,0.93150699999999997,4250.00000000000000000,-0.38117804187542809,0.07044339718334158,0.27499644817306340,ok
q007000,0.93150699999999997,4275.00000000000000000,-0.37531292242303010,0.06951113276064397,0.27317070375936886,ok
q007001,0.93150699999999997,4350.00000000000000000,-0.35792117971116072,0.06677899683472414,0.26774839979621784,ok
q007002,0.93150699999999997,4375.00000000000000000,-0.35219050500217575,0.06590362132081710,0.26598771472557603,ok
q007003,0.93150699999999997,4400.00000000000000000,-0.34649248388753812,0.06503323372864431,0.26422542999539733,ok
q007004,0.93150699999999997,4450.00000000000000000,-0.33519292863360467,0.06330719718152980,0.26069546823235423,ok
q007005,0.93150699999999997,4500.00000000000000000,-0.32401962803547940,0.06165667648502071,0.25727464883094397,ok
q007006,0.93150699999999997,4575.00000000000000000,-0.30749032608426885,0.05923157570821292,0.25216428839514504,ok
q007007,0.93150699999999997,4600.00000000000000000,-0.30204072131670423,0.05843985847978191,0.25047334538588589,ok
q007008,0.93150699999999997,4625.00000000000000000,-0.29662065384736508,0.05767302062594091,0.24882458458081036,ok
q007009,0.93150699999999997,4650.00000000000000000,-0.29122980521248854,0.05691031668896308,0.24717380305252604,ok
q007010,0.93150699999999997,4675.00000000000000000,-0.28586786207110321,0.05615170233697998,0.24552086312195257,ok
q007011,0.93150699999999997,4700.00000000000000000,-0.28053451609574070,0.05539713394743977,0.24386562488351432,ok
q007012,0.93150699999999997,4725.00000000000000000,-0.27522946386604741,0.05464656859205529,0.24220794608293220,ok
q007013,0.93150699999999997,4750.00000000000000000,-0.26995240676520371,0.05391612590118730,0.24058374334170066,ok
q007014,0.93150699999999997,4775.00000000000000000,-0.26470305087906004,0.05319585538023140,0.23897134994955693,ok
q007015,0.93150699999999997,4800.00000000000000000,-0.25948110689790826,0.05247934608017900,0.23735650910335870,ok
q007016,0.93150699999999997,4825.00000000000000000,-0.25428629002080427,0.05176655892314535,0.23573908152894596,ok
q007017,0.93150699999999997,4850.00000000000000000,-0.24911831986236177,0.05105745543710975,0.23411892540973539,ok
q007018,0.93150699999999997,4875.00000000000000000,-0.24397692036194299,0.05035199774345554,0.23249589625329933,ok
q007019,0.93150699999999997,4900.00000000000000000,-0.23886181969517262,0.04966693509729263,0.23090887162262752,ok
q007020,0.93150699999999997,4925.00000000000000000,-0.23377275018770138,0.04898548222178197,0.22931931320275506,ok
q007021,0.93150699999999997,4950.00000000000000000,-0.22870944823115458,0.04830747975535819,0.22772679231168574,ok
q007022,0.93150699999999997,4975.00000000000000000,-0.22367165420119745,0.04763289293297254,0.22613116383881710,ok
q007023,0.93150699999999997,5000.00000000000000000,-0.21865911237765323,0.04696168751236336,0.22453227967332232,ok
q007024,0.93150699999999997,5050.00000000000000000,-0.20870878152448510,0.04564259451765597,0.22135640880195998,ok
q007025,0.93150699999999997,5075.00000000000000000,-0.20377049988390258,0.04499342999259800,0.21977661982046631,ok
q007026,0.93150699999999997,5100.00000000000000000,-0.19885648508147341,0.04434745547807629,0.21819324025115830,ok
q007027,0.93150699999999997,5125.00000000000000000,-0.19396649978728167,0.04370463977575640,0.21660611404146909,ok
q007028,0.93150699999999997,5150.00000000000000000,-0.18910031013610881,0.04306495214275760,0.21501508147771206,ok
q007029,0.93150699999999997,5175.00000000000000000,-0.18425768566032075,0.04242855280193709,0.21342045816506258,ok
q007030,0.93150699999999997,5200.00000000000000000,-0.17943839922437188,0.04180573849821809,0.21184825370635590,ok
q007031,0.93150699999999997,5225.00000000000000000,-0.17464222696087892,0.04118591132494165,0.21027191920308319,ok
q007032,0.93150699999999997,5250.00000000000000000,-0.16986894820822113,0.04056904276518610,0.20869128772036052,ok
q007033,0.93150699999999997,5275.00000000000000000,-0.16511834544962337,0.03995510470844989,0.20710618801979400,ok
q007034,0.93150699999999997,5300.00000000000000000,-0.16039020425367734,0.03934406944296491,0.20551644433737787,ok
q007035,0.93150699999999997,5325.00000000000000000,-0.15568431321626472,0.03873590964819095,0.20392187614855944,ok
q007036,0.93150699999999997,5350.00000000000000000,-0.15100046390383839,0.03813847364534952,0.20234319003861043,ok
q007037,0.93150699999999997,5375.00000000000000000,-0.14633845079802699,0.03754634110134721,0.20076626946820753,ok
q007038,0.93150699999999997,5400.00000000000000000,-0.14169807124152484,0.03695695628205043,0.19918426925882038,ok
q007039,0.93150699999999997,5425.00000000000000000,-0.13707912538523032,0.03637029380418497,0.19759699845210763,ok
q007040,0.93150699999999997,5450.00000000000000000,-0.13248141613660078,0.03578632863459327,0.19600426044780317,ok
q007041,0.93150699999999997,5475.00000000000000000,-0.12790474910918900,0.03520503608382488,0.19440585270137170,ok
q007042,0.93150699999999997,5500.00000000000000000,-0.12334893257332834,0.03462949868511681,0.19281021585852520,ok
q007043,0.93150699999999997,5525.00000000000000000,-0.11881377740793697,0.03406355357168743,0.19122819016290901,ok
q007044,0.93150699999999997,5550.00000000000000000,-0.11429909705341039,0.03350016352390294,0.18964019886149494,ok
q007045,0.93150699999999997,5575.00000000000000000,-0.10980470746557112,0.03293930557476461,0.18804602526350678,ok
q007046,0.93150699999999997,5600.00000000000000000,-0.10533042707064995,0.03238095706555767,0.18644544555369841,ok
q007047,0.93150699999999997,5625.00000000000000000,-0.10087607672126971,0.03182509564035842,0.18483822839291306,ok
q007048,0.93150699999999997,5650.00000000000000000,-0.09644147965340401,0.03127169924066318,0.18322413449132596,ok
q007049,0.93150699999999997,5675.00000000000000000,-0.09202646144428712,0.03072829014614876,0.18162521275660437,ok
q007050,0.93150699999999997,5700.00000000000000000,-0.08763084997124908,0.03019110340235115,0.18003064248369596,ok
q007051,0.93150699999999997,5725.00000000000000000,-0.08325447537145024,0.02965626759274316,0.17842889439183415,ok
q007052,0.93150699999999997,5750.00000000000000000,-0.07889717000249442,0.02912376222978317,0.17681971122390949,ok
q007053,0.93150699999999997,5775.00000000000000000,-0.07455876840389630,0.02859356709258045,0.17520282616333058,ok
q007054,0.93150699999999997,5800.00000000000000000,-0.07023910725937993,0.02806566222228763,0.17357796226024938,ok
q007055,0.93150699999999997,5825.00000000000000000,-0.06593802535998924,0.02754002791759245,0.17194483181468118,ok
q007056,0.93150699999999997,5850.00000000000000000,-0.06165536356798842,0.02703786010210535,0.17036998959739943,ok
q007057,0.93150699999999997,5875.00000000000000000,-0.05739096478153093,0.02654258608776138,0.16880237622778252,ok
q007058,0.93150699999999997,5900.00000000000000000,-0.05314467390007974,0.02604941515412186,0.16722681843382656,ok
q007059,0.93150699999999997,5925.00000000000000000,-0.04891633779055866,0.02555832951606931,0.16564303188675594,ok
q007060,0.93150699999999997,5950.00000000000000000,-0.04470580525421520,0.02506931161314165,0.16405072080270461,ok
q007061,0.93150699999999997,5975.00000000000000000,-0.04051292699417915,0.02458234410576445,0.16244957721924094,ok
q007062,0.93150699999999997,6000.00000000000000000,-0.03633755558369855,0.02409740987156174,0.16083928021393026,ok
q007063,0.93150699999999997,6025.00000000000000000,-0.03217954543503489,0.02364993299557271,0.15933892980055067,ok
q007064,0.93150699999999997,6050.00000000000000000,-0.02803875276900342,0.02321525117244851,0.15786782732269411,ok
q007065,0.93150699999999997,6075.00000000000000000,-0.02391503558514140,0.02278236185677851,0.15638903915029564,ok
q007066,0.93150699999999997,6100.00000000000000000,-0.01980825363248803,0.02235125032564652,0.15490229414956405,ok
q007067,0.93150699999999997,6125.00000000000000000,-0.01571826838096283,0.02192190203678667,0.15340731009758438,ok
q007068,0.93150699999999997,6150.00000000000000000,-0.01164494299332705,0.02149430262563998,0.15190379297869333,ok
q007069,0.93150699999999997,6200.00000000000000000,-0.00354773276070765,0.02067697566988500,0.14898771069191893,ok
q007070,0.93150699999999997,6225.00000000000000000,0.00047641753901786,0.02032004051260940,0.14769616653717108,ok
q007071,0.93150699999999997,6275.00000000000000000,0.00847646020609406,0.01961045059302337,0.14509442471726883,ok
q007072,0.93150699999999997,6300.00000000000000000,0.01245260858573344,0.01925777312286663,0.14378380474935568,ok
q007073,0.93150699999999997,6325.00000000000000000,0.01641300980183033,0.01890649239882448,0.14246639035280811,ok
q007074,0.93150699999999997,6350.00000000000000000,0.02035778809284665,0.01855659740116068,0.14114194936268848,ok
q007075,0.93150699999999997,6375.00000000000000000,0.02428706623273639,0.01820901750341688,0.13981385012613740,ok
q007076,0.93150699999999997,6400.00000000000000000,0.02820096555387268,0.01794429717238232,0.13879383153370839,ok
q007077,0.93150699999999997,6425.00000000000000000,0.03209960596952997,0.01768060889204150,0.13777028196645236,ok
q007078,0.93150699999999997,6450.00000000000000000,0.03598310599592756,0.01741794464643637,0.13674309066879298,ok
q007079,0.93150699999999997,6475.00000000000000000,0.03985158277384784,0.01715629651263786,0.13571214361259376,ok
q007080,0.93150699999999997,6500.00000000000000000,0.04370515208983779,0.01689565665931192,0.13467732333531257,ok
q007081,0.93150699999999997,6550.00000000000000000,0.05136802483540705,0.01637737091830469,0.13259557505475009,ok
q007082,0.93150699999999997,6600.00000000000000000,0.05897262422062629,0.01596867535147795,0.13093066823180591,ok
q007083,0.93150699999999997,6650.00000000000000000,0.06651982985600913,0.01561987499546351,0.12949282799902123,ok
q007084,0.93150699999999997,6700.00000000000000000,0.07401050158516687,0.01527368740072401,0.12804979499539157,ok
q007085,0.93150699999999997,6750.00000000000000000,0.08144548007268487,0.01493007371524975,0.12660122693083184,ok
q007086,0.93150699999999997,6800.00000000000000000,0.08882558737030757,0.01468169464861809,0.12554373130598565,ok
q007087,0.93150699999999997,6900.00000000000000000,0.10342438679146011,0.01427835146861007,0.12380722019939078,ok
q007088,0.93150699999999997,7000.00000000000000000,0.11781312424355979,0.01394632051793119,0.12235923683968725,ok
q007089,0.93150699999999997,7100.00000000000000000,0.13199775923551629,0.01377689263318733,0.12161372065670782,ok
q007090,0.93150699999999997,7200.00000000000000000,0.14598400121025604,0.01364252103062978,0.12101919355148227,ok
q007091,0.93150699999999997,7300.00000000000000000,0.15977732334259193,0.01365459740134470,0.12107274484748332,ok
q007092,0.93150699999999997,7400.00000000000000000,0.17338297539837061,0.01366814515913993,0.12113279266576721,ok
q007093,0.93150699999999997,7600.00000000000000000,0.20005122248053187,0.01398104266118774,0.12251146099849705,ok
q007094,0.93150699999999997,7800.00000000000000000,0.22602670888379245,0.01451109401154080,0.12481219370833768,ok
q007095,0.93150699999999997,8000.00000000000000000,0.25134451686808246,0.01521864199037470,0.12781884501484239,ok
q007096,0.93150699999999997,8200.00000000000000000,0.27603712945845388,0.01607082598526373,0.13134877835628042,ok
q007097,0.93150699999999997,9000.00000000000000000,0.36912755252446589,0.02039645746378070,0.14797362414006440,ok
q007098,0.93150699999999997,9200.00000000000000000,0.39110645924324111,0.02157078408280132,0.15217380655602111,ok
q007099,1.02739699999999989,800.00000000000000000,-2.05455171946167559,0.50107568721360418,0.69836508535440744,ok
q007100,1.02739699999999989,1000.00000000000000000,-1.83140816814746565,0.42061346725031895,0.63984155213427962,ok
q007101,1.02739699999999989,1200.00000000000000000,-1.64908661135351098,0.36162848003886250,0.59328335816375499,ok
q007102,1.02739699999999989,1400.00000000000000000,-1.49493593152625270,0.31971215573857492,0.55784099624009875,ok
q007103,1.02739699999999989,1600.00000000000000000,-1.36140453890172997,0.28431411618544061,0.52605368217136950,ok
q007104,1.02739699999999989,1800.00000000000000000,-1.24362150324534659,0.25319618439487618,0.49643161520688273,ok
q007105,1.02739699999999989,2000.00000000000000000,-1.13826098758752048,0.22595529442595702,0.46896681718806077,ok
q007106,1.02739699999999989,2200.00000000000000000,-1.04295080778319549,0.20192984196248812,0.44333406813400444,ok
q007107,1.02739699999999989,2400.00000000000000000,-0.95593943079356569,0.18075742483799731,0.41944877090425814,ok
q007108,1.02739699999999989,2900.00000000000000000,-0.76669743115503730,0.13824667822308165,0.36682439153592300,ok
q007109,1.02739699999999989,3000.00000000000000000,-0.73279587947935598,0.13114670181233368,0.35728068625177872,ok
q007110,1.02739699999999989,3500.00000000000000000,-0.57864519965209771,0.10095466092145604,0.31346859734812271,ok
q007111,1.02739699999999989,3750.00000000000000000,-0.50965232816514616,0.08867386918972200,0.29378436742448916,ok
q007112,1.02739699999999989,4000.00000000000000000,-0.44511380702757508,0.07794994235055236,0.27544744769544105,ok
q007113,1.02739699999999989,4050.00000000000000000,-0.43269128702901782,0.07595122076775730,0.27189312902040225,ok
q007114,1.02739699999999989,4075.00000000000000000,-0.42653742145463963,0.07499614382893269,0.27017820998842290,ok
q007115,1.02739699999999989,4100.00000000000000000,-0.42042119443720360,0.07404690837580706,0.26846292557963930,ok
q007116,1.02739699999999989,4150.00000000000000000,-0.40829983390485869,0.07216567912702045,0.26503071295875102,ok
q007117,1.02739699999999989,4225.00000000000000000,-0.39038890733832843,0.06944682808734383,0.25999024942433940,ok
q007118,1.02739699999999989,4250.00000000000000000,-0.38448918521114017,0.06856672024467730,0.25833755297772665,ok
q007119,1.02739699999999989,4400.00000000000000000,-0.34980362722325009,0.06350002947984505,0.24860955536359147,ok
q007120,1.02739699999999989,4500.00000000000000000,-0.32733077137119149,0.06032817043277269,0.24232093202367405,ok
q007121,1.02739699999999989,4525.00000000000000000,-0.32179059099557616,0.05956842048787672,0.24079024889542172,ok
q007122,1.02739699999999989,4575.00000000000000000,-0.31080146941998105,0.05806143263811987,0.23772492945510085,ok
q007123,1.02739699999999989,4600.00000000000000000,-0.30535186465241626,0.05731410373524054,0.23619005433764997,ok
q007124,1.02739699999999989,4625.00000000000000000,-0.29993179718307711,0.05658300471792511,0.23467879866794289,ok
q007125,1.02739699999999989,4650.00000000000000000,-0.29454094854820073,0.05587517202944995,0.23320630613166790,ok
q007126,1.02739699999999989,4675.00000000000000000,-0.28917900540681540,0.05517113470874622,0.23173242771313982,ok
q007127,1.02739699999999989,4700.00000000000000000,-0.28384565943145268,0.05447085227160156,0.23025705123259663,ok
q007128,1.02739699999999989,4725.00000000000000000,-0.27854060720175955,0.05377428487812086,0.22878006295913259,ok
q007129,1.02739699999999989,4750.00000000000000000,-0.27326355010091585,0.05308139331912556,0.22730134752345299,ok
q007130,1.02739699999999989,4775.00000000000000000,-0.26801419421477202,0.05239747847719791,0.22583229464478660,ok
q007131,1.02739699999999989,4800.00000000000000000,-0.26279225023362035,0.05173549824408379,0.22440119811267123,ok
q007132,1.02739699999999989,4850.00000000000000000,-0.25242946319807386,0.05042181885528458,0.22153385622077465,ok
q007133,1.02739699999999989,4900.00000000000000000,-0.24217296303088470,0.04912161333869582,0.21865890277316694,ok
q007134,1.02739699999999989,4975.00000000000000000,-0.22698279753690950,0.04722256135769622,0.21439054246599012,ok
q007135,1.02739699999999989,5000.00000000000000000,-0.22197025571336526,0.04660133432971331,0.21297568774810269,ok
q007136,1.02739699999999989,5025.00000000000000000,-0.21698271420232623,0.04598320570377532,0.21155849834844151,ok
q007137,1.02739699999999989,5050.00000000000000000,-0.21201992486019725,0.04536814472632174,0.21013885580824640,ok
q007138,1.02739699999999989,5075.00000000000000000,-0.20708164321961459,0.04475612109940413,0.20871663942441446,ok
q007139,1.02739699999999989,5100.00000000000000000,-0.20216762841718555,0.04414865667703250,0.20729536910342541,ok
q007140,1.02739699999999989,5125.00000000000000000,-0.19727764312299381,0.04354816639918323,0.20588077302138852,ok
q007141,1.02739699999999989,5150.00000000000000000,-0.19241145347182093,0.04295059822670409,0.20446334520232323,ok
q007142,1.02739699999999989,5175.00000000000000000,-0.18756882899603283,0.04235592385816566,0.20304295850709395,ok
q007143,1.02739699999999989,5200.00000000000000000,-0.18274954256008397,0.04176411540131907,0.20161948307489849,ok
q007144,1.02739699999999989,5225.00000000000000000,-0.17795337029659097,0.04117514536524580,0.20019278618800845,ok
q007145,1.02739699999999989,5250.00000000000000000,-0.17318009154393321,0.04058898665269507,0.19876273212962869,ok
q007146,1.02739699999999989,5275.00000000000000000,-0.16842948878533542,0.04000510468315894,0.19732792948789674,ok
q007147,1.02739699999999989,5300.00000000000000000,-0.16370134758938951,0.03942343455288625,0.19588811267086789,ok
q007148,1.02739699999999989,5325.00000000000000000,-0.15899545655197689,0.03884450170394174,0.19444448540229498,ok
q007149,1.02739699999999989,5350.00000000000000000,-0.15431160723955042,0.03826828049420444,0.19299689751513868,ok
q007150,1.02739699999999989,5375.00000000000000000,-0.14964959413373913,0.03769474564018709,0.19154519497446135,ok
q007151,1.02739699999999989,5400.00000000000000000,-0.14500921457723698,0.03712387221037926,0.19008921968037373,ok
q007152,1.02739699999999989,5425.00000000000000000,-0.14039026872094246,0.03655563561874427,0.18862880925966949,ok
q007153,1.02739699999999989,5450.00000000000000000,-0.13579255947231289,0.03599293120798280,0.18717138826263618,ok
q007154,1.02739699999999989,5475.00000000000000000,-0.13121589244490112,0.03543630073942178,0.18571844673459439,ok
q007155,1.02739699999999989,5500.00000000000000000,-0.12666007590904044,0.03488220618156002,0.18426074627521047,ok
q007156,1.02739699999999989,5525.00000000000000000,-0.12212492074364920,0.03433062453282114,0.18279811179855543,ok
q007157,1.02739699999999989,5550.00000000000000000,-0.11761024038912248,0.03378153310316460,0.18133036301235106,ok
q007158,1.02739699999999989,5575.00000000000000000,-0.11311585080128320,0.03323490950848514,0.17985731414073139,ok
q007159,1.02739699999999989,5600.00000000000000000,-0.10864157040636213,0.03269073166513725,0.17837877362944168,ok
q007160,1.02739699999999989,5625.00000000000000000,-0.10418722005698176,0.03215291113383043,0.17690536480971120,ok
q007161,1.02739699999999989,5650.00000000000000000,-0.09975262298911604,0.03163376488623267,0.17547138120726477,ok
q007162,1.02739699999999989,5675.00000000000000000,-0.09533760477999928,0.03111691068251088,0.17403199151415971,ok
q007163,1.02739699999999989,5700.00000000000000000,-0.09094199330696122,0.03060232837273101,0.17258700364931176,ok
q007164,1.02739699999999989,5725.00000000000000000,-0.08656561870716226,0.03008999807151128,0.17113621925958394,ok
q007165,1.02739699999999989,5750.00000000000000000,-0.08220831333820655,0.02957990015341122,0.16967943337285996,ok
q007166,1.02739699999999989,5775.00000000000000000,-0.07786991173960842,0.02907201524842068,0.16821643402764644,ok
q007167,1.02739699999999989,5800.00000000000000000,-0.07355025059509204,0.02856632423754631,0.16674700187719801,ok
q007168,1.02739699999999989,5825.00000000000000000,-0.06924916869570134,0.02808577728274101,0.16533853194944675,ok
q007169,1.02739699999999989,5850.00000000000000000,-0.06496650690370051,0.02761750441099885,0.16395439742980406,ok
q007170,1.02739699999999989,5875.00000000000000000,-0.06070210811724300,0.02715122844456180,0.16256445608106165,ok
q007171,1.02739699999999989,5900.00000000000000000,-0.05645581723579193,0.02668693242449698,0.16116850645700984,ok
q007172,1.02739699999999989,5925.00000000000000000,-0.05222748112627073,0.02622459960699670,0.15976634006327883,ok
q007173,1.02739699999999989,5950.00000000000000000,-0.04801694858992725,0.02576421345975527,0.15835774095502639,ok
q007174,1.02739699999999989,5975.00000000000000000,-0.04382407032989131,0.02530575765842173,0.15694248530603883,ok
q007175,1.02739699999999989,6000.00000000000000000,-0.03964869891941070,0.02484921608312670,0.15552034094669426,ok
q007176,1.02739699999999989,6025.00000000000000000,-0.03549068877074692,0.02443698933114665,0.15422497303593907,ok
q007177,1.02739699999999989,6050.00000000000000000,-0.03134989610471555,0.02402922652815682,0.15293283845906810,ok
q007178,1.02739699999999989,6075.00000000000000000,-0.02722617892085353,0.02362314522603732,0.15163508997465083,ok
q007179,1.02739699999999989,6100.00000000000000000,-0.02311939696820003,0.02321873161363421,0.15033153748463868,ok
q007180,1.02739699999999989,6125.00000000000000000,-0.01902941171667494,0.02281597204925656,0.14902198412937659,ok
q007181,1.02739699999999989,6150.00000000000000000,-0.01495608632903915,0.02241485305791525,0.14770622590142762,ok
q007182,1.02739699999999989,6200.00000000000000000,-0.00685887609641973,0.02161748371171823,0.14505524054579411,ok
q007183,1.02739699999999989,6225.00000000000000000,-0.00283472579669432,0.02127204013139698,0.14389159451860550,ok
q007184,1.02739699999999989,6250.00000000000000000,0.00117329560084447,0.02093196012219274,0.14273674957869745,ok
q007185,1.02739699999999989,6275.00000000000000000,0.00516531687038200,0.02059323772142873,0.14157715138171148,ok
q007186,1.02739699999999989,6300.00000000000000000,0.00914146525002128,0.02025586213297116,0.14041264474423951,ok
q007187,1.02739699999999989,6350.00000000000000000,0.01704664475713472,0.01958510884777383,0.13806825887130506,ok
q007188,1.02739699999999989,6450.00000000000000000,0.03267196266021545,0.01836253250475341,0.13368945171211874,ok
q007189,1.02739699999999989,6475.00000000000000000,0.03654043943813585,0.01809659897209767,0.13271784906985454,ok
q007190,1.02739699999999989,6500.00000000000000000,0.04039400875412569,0.01783169023401656,0.13174286656719769,ok
q007191,1.02739699999999989,6550.00000000000000000,0.04805688149969498,0.01730491576010693,0.12978233934879649,ok
q007192,1.02739699999999989,6600.00000000000000000,0.05566148088491423,0.01678214721449085,0.12780699287158237,ok
q007193,1.02739699999999989,6650.00000000000000000,0.06320868652029708,0.01633983821414358,0.12611151106913979,ok
q007194,1.02739699999999989,6675.00000000000000000,0.06696103613884762,0.01615161161887865,0.12538303696408884,ok
q007195,1.02739699999999989,6750.00000000000000000,0.07813433673697287,0.01559113284071270,0.12318836447782541,ok
q007196,1.02739699999999989,6800.00000000000000000,0.08551444403459538,0.01522092947201436,0.12171705621058714,ok
q007197,1.02739699999999989,6850.00000000000000000,0.09284048412666823,0.01487270431718941,0.12031667605120389,ok
q007198,1.02739699999999989,6900.00000000000000000,0.10011324345574815,0.01465997382847623,0.11945310715035788,ok
q007199,1.02739699999999989,6950.00000000000000000,0.10733349142923516,0.01444877931336437,0.11858955305769328,ok
q007200,1.02739699999999989,7400.00000000000000000,0.17007183206265838,0.01371112335919837,0.11552271111695857,ok
q007201,1.02739699999999989,8000.00000000000000000,0.24803337353237023,0.01500568649916119,0.12085337628404648,ok
q007202,1.10410999999999992,1000.00000000000000000,-1.83391076702044842,0.39930422167516078,0.60137556681837656,ok
q007203,1.10410999999999992,1200.00000000000000000,-1.65158921022649396,0.34655635258883855,0.56024857477849122,ok
q007204,1.10410999999999992,1400.00000000000000000,-1.49743853039923569,0.30481983617739805,0.52543069605814197,ok
q007205,1.10410999999999992,1600.00000000000000000,-1.36390713777471295,0.27074882112201404,0.49519598578157148,ok
q007206,1.10410999999999992,1800.00000000000000000,-1.24612410211832958,0.24198115353989302,0.46814953859849218,ok
q007207,1.10410999999999992,2000.00000000000000000,-1.14076358646050302,0.21660632948978678,0.44292419024474311,ok
q007208,1.10410999999999992,2200.00000000000000000,-1.04545340665617825,0.19386663920206854,0.41903024334849981,ok
q007209,1.10410999999999992,2500.00000000000000000,-0.91762003514629342,0.16442371829335595,0.38590113944778720,ok
q007210,1.10410999999999992,2600.00000000000000000,-0.87839932199301218,0.15582168862085463,0.37567109571019641,ok
q007211,1.10410999999999992,2800.00000000000000000,-0.80429134983929029,0.14016414308569772,0.35629710322578595,ok
q007212,1.10410999999999992,3000.00000000000000000,-0.73529847835233875,0.12628912857958854,0.33820249845516509,ok
q007213,1.10410999999999992,3200.00000000000000000,-0.67075995721476755,0.11391507517213441,0.32120657670347685,ok
q007214,1.10410999999999992,3300.00000000000000000,-0.63998829854801387,0.10823538496653819,0.31309667922516909,ok
q007215,1.10410999999999992,3400.00000000000000000,-0.61013533539833287,0.10286397054801256,0.30522877266220905,ok
q007216,1.10410999999999992,3450.00000000000000000,-0.59553653597718015,0.10027110516434741,0.30135730901811858,ok
q007217,1.10410999999999992,3500.00000000000000000,-0.58114779852508058,0.09777039946141187,0.29757574059616765,ok
q007218,1.10410999999999992,3600.00000000000000000,-0.55297692155838418,0.09293519097779156,0.29012418014264857,ok
q007219,1.10410999999999992,3650.00000000000000000,-0.53918359942604843,0.09061661363345468,0.28648226559378176,ok
q007220,1.10410999999999992,3700.00000000000000000,-0.52557794737026975,0.08833960323648819,0.28286000877710848,ok
q007221,1.10410999999999992,3800.00000000000000000,-0.49890970028810838,0.08401450668891917,0.27584871751880574,ok
q007222,1.10410999999999992,3825.00000000000000000,-0.49235229974194938,0.08295101757484873,0.27409725568084697,ok
q007223,1.10410999999999992,3900.00000000000000000,-0.47293421388484769,0.07991147572590108,0.26902857036235256,ok
q007224,1.10410999999999992,3950.00000000000000000,-0.46019518810741794,0.07792319604018812,0.26566063525184463,ok
q007225,1.10410999999999992,3975.00000000000000000,-0.45388601891415331,0.07694260000485661,0.26398378845562859,ok
q007226,1.10410999999999992,4000.00000000000000000,-0.44761640590055779,0.07600327562947770,0.26236746756763973,ok
q007227,1.10410999999999992,4025.00000000000000000,-0.44138585614992182,0.07506980378040305,0.26075129181183870,ok
q007228,1.10410999999999992,4050.00000000000000000,-0.43519388590200081,0.07414211197982767,0.25913513724464210,ok
q007229,1.10410999999999992,4075.00000000000000000,-0.42904002032762245,0.07322012908801537,0.25751887916399452,ok
q007230,1.10410999999999992,4100.00000000000000000,-0.42292379331018648,0.07230378527056275,0.25590239202728454,ok
q007231,1.10410999999999992,4125.00000000000000000,-0.41684474723380416,0.07140157470542897,0.25430079816676954,ok
q007232,1.10410999999999992,4150.00000000000000000,-0.41080243277784162,0.07053500019533683,0.25275290991539945,ok
q007233,1.10410999999999992,4175.00000000000000000,-0.40479640871762967,0.06967363036834216,0.25120486641450224,ok
q007234,1.10410999999999992,4200.00000000000000000,-0.39882624173112591,0.06881740307841810,0.24965655204911186,ok
q007235,1.10410999999999992,4225.00000000000000000,-0.39289150621131130,0.06796625728600823,0.24810785033715893,ok
q007236,1.10410999999999992,4250.00000000000000000,-0.38699178408412310,0.06712013303191502,0.24655864385272910,ok
q007237,1.10410999999999992,4275.00000000000000000,-0.38112666463172490,0.06628350192648125,0.24501718782142889,ok
q007238,1.10410999999999992,4300.00000000000000000,-0.37529574432093177,0.06548544667587815,0.24353771415050807,ok
q007239,1.10410999999999992,4350.00000000000000000,-0.36373492191985579,0.06390316214329916,0.24057749740933349,ok
q007240,1.10410999999999992,4375.00000000000000000,-0.35800424721087071,0.06311882711602422,0.23909653833931865,ok
q007241,1.10410999999999992,4400.00000000000000000,-0.35230622609623302,0.06233896125845680,0.23761486651640815,ok
q007242,1.10410999999999992,4450.00000000000000000,-0.34100667084229963,0.06082046076967974,0.23470302188436917,ok
q007243,1.10410999999999992,4475.00000000000000000,-0.33540441529362985,0.06008900099369819,0.23328742003272601,ok
q007244,1.10410999999999992,4500.00000000000000000,-0.32983337024417442,0.05936161622367901,0.23187113440496779,ok
q007245,1.10410999999999992,4525.00000000000000000,-0.32429318986855910,0.05863826130685320,0.23045406366702542,ok
q007246,1.10410999999999992,4550.00000000000000000,-0.31878353405758941,0.05791889183678604,0.22903610544520997,ok
q007247,1.10410999999999992,4575.00000000000000000,-0.31330406829296392,0.05720346413701907,0.22761715625754234,ok
q007248,1.10410999999999992,4600.00000000000000000,-0.30785446352539914,0.05649805584699901,0.22620936474019290,ok
q007249,1.10410999999999992,4625.00000000000000000,-0.30243439605606004,0.05581721369366814,0.22484224088913837,ok
q007250,1.10410999999999992,4650.00000000000000000,-0.29704354742118350,0.05514004186626695,0.22347419117049289,ok
q007251,1.10410999999999992,4675.00000000000000000,-0.29168160427979822,0.05446650100444746,0.22210511822331905,ok
q007252,1.10410999999999992,4700.00000000000000000,-0.28634825830443555,0.05379655237763320,0.22073492354986812,ok
q007253,1.10410999999999992,4725.00000000000000000,-0.28104320607474242,0.05313015787165532,0.21936350744769892,ok
q007254,1.10410999999999992,4750.00000000000000000,-0.27576614897389862,0.05246727997574113,0.21799076893942554,ok
q007255,1.10410999999999992,4775.00000000000000000,-0.27051679308775495,0.05181542191598112,0.21663236837332589,ok
q007256,1.10410999999999992,4800.00000000000000000,-0.26529484910660334,0.05117727958203792,0.21529424780569045,ok
q007257,1.10410999999999992,4825.00000000000000000,-0.26010003222949923,0.05054245228815500,0.21395477490329565,ok
q007258,1.10410999999999992,4850.00000000000000000,-0.25493206207105673,0.04991090577012246,0.21261385112643066,ok
q007259,1.10410999999999992,4875.00000000000000000,-0.24979066257063798,0.04928260629223185,0.21127137653793018,ok
q007260,1.10410999999999992,4900.00000000000000000,-0.24467556190386763,0.04865752063646284,0.20992724972806792,ok
q007261,1.10410999999999992,4925.00000000000000000,-0.23958649239639629,0.04803561609194477,0.20858136773649819,ok
q007262,1.10410999999999992,4950.00000000000000000,-0.23452319043984962,0.04742030580045813,0.20724115473396196,ok
q007263,1.10410999999999992,4975.00000000000000000,-0.22948539640989238,0.04681409818599195,0.20591223815284901,ok
q007264,1.10410999999999992,5000.00000000000000000,-0.22447285458634816,0.04621092921894140,0.20458141545744427,ok
q007265,1.10410999999999992,5025.00000000000000000,-0.21948531307530902,0.04561076858841961,0.20324858167046395,ok
q007266,1.10410999999999992,5050.00000000000000000,-0.21452252373318006,0.04501358643482217,0.20191362999688406,ok
q007267,1.10410999999999992,5075.00000000000000000,-0.20958424209259743,0.04441935334091279,0.20057645173242242,ok
q007268,1.10410999999999992,5100.00000000000000000,-0.20467022729016843,0.04382804032312804,0.19923693616795460,ok
q007269,1.10410999999999992,5125.00000000000000000,-0.19978024199597658,0.04323981521757354,0.19789541990886275,ok
q007270,1.10410999999999992,5150.00000000000000000,-0.19491405234480372,0.04265860593557277,0.19656091164758621,ok
q007271,1.10410999999999992,5175.00000000000000000,-0.19007142786901579,0.04208021123739375,0.19522380987581309,ok
q007272,1.10410999999999992,5200.00000000000000000,-0.18525214143306681,0.04150460399435939,0.19388399757166266,ok
q007273,1.10410999999999992,5225.00000000000000000,-0.18045596916957385,0.04093175746813638,0.19254135526286539,ok
q007274,1.10410999999999992,5250.00000000000000000,-0.17568269041691612,0.04036164530328209,0.19119576090593585,ok
q007275,1.10410999999999992,5275.00000000000000000,-0.17093208765831835,0.03979424151996881,0.18984708975930314,ok
q007276,1.10410999999999992,5300.00000000000000000,-0.16620394646237233,0.03922952050687970,0.18849521424998289,ok
q007277,1.10410999999999992,5325.00000000000000000,-0.16149805542495974,0.03867207206681333,0.18715117130139924,ok
q007278,1.10410999999999992,5350.00000000000000000,-0.15681420611253330,0.03812275022451315,0.18581721222524278,ok
q007279,1.10410999999999992,5375.00000000000000000,-0.15215219300672203,0.03757598933250121,0.18447989394261249,ok
q007280,1.10410999999999992,5400.00000000000000000,-0.14751181345021977,0.03703176562312885,0.18313908409379243,ok
q007281,1.10410999999999992,5425.00000000000000000,-0.14289286759392528,0.03649005565809370,0.18179464703845544,ok
q007282,1.10410999999999992,5450.00000000000000000,-0.13829515834529574,0.03595083632238254,0.18044644369181057,ok
q007283,1.10410999999999992,5475.00000000000000000,-0.13371849131788399,0.03541408481835307,0.17909433135163075,ok
q007284,1.10410999999999992,5500.00000000000000000,-0.12916267478202320,0.03487977865995016,0.17773816351549276,ok
q007285,1.10410999999999992,5525.00000000000000000,-0.12462751961663199,0.03435843309416799,0.17640484266330281,ok
q007286,1.10410999999999992,5550.00000000000000000,-0.12011283926210542,0.03384693603000130,0.17508684164074811,ok
q007287,1.10410999999999992,5575.00000000000000000,-0.11561844967426604,0.03333773783680113,0.17376483481879276,ok
q007288,1.10410999999999992,5600.00000000000000000,-0.11114416927934501,0.03283081794291183,0.17243867604103433,ok
q007289,1.10410999999999992,5625.00000000000000000,-0.10668981892996465,0.03232615605157914,0.17110821505225932,ok
q007290,1.10410999999999992,5650.00000000000000000,-0.10225522186209897,0.03182373213607396,0.16977329728792073,ok
q007291,1.10410999999999992,5675.00000000000000000,-0.09784020365298211,0.03132352643492359,0.16843376365091092,ok
q007292,1.10410999999999992,5700.00000000000000000,-0.09344459217994407,0.03082551944724789,0.16708945027464758,ok
q007293,1.10410999999999992,5725.00000000000000000,-0.08906821758014513,0.03034038539650570,0.16576940355756858,ok
q007294,1.10410999999999992,5750.00000000000000000,-0.08471091221118945,0.02987202954946870,0.16448495995912893,ok
q007295,1.10410999999999992,5775.00000000000000000,-0.08037251061259122,0.02940570562138808,0.16319604551770250,ok
q007296,1.10410999999999992,5800.00000000000000000,-0.07605284946807486,0.02894139605780621,0.16190250435437581,ok
q007297,1.10410999999999992,5825.00000000000000000,-0.07175176756868419,0.02847908353077590,0.16060417581595940,ok
q007298,1.10410999999999992,5850.00000000000000000,-0.06746910577668339,0.02801875093498028,0.15930089422262500,ok
q007299,1.10410999999999992,5875.00000000000000000,-0.06320470699022579,0.02756038138393512,0.15799248859938619,ok
q007300,1.10410999999999992,5900.00000000000000000,-0.05895841610877474,0.02710395820627196,0.15667878239011332,ok
q007301,1.10410999999999992,5925.00000000000000000,-0.05473007999925367,0.02664946494209972,0.15535959315264583,ok
q007302,1.10410999999999992,5950.00000000000000000,-0.05051954746291010,0.02622861525728541,0.15412798817361439,ok
q007303,1.10410999999999992,5975.00000000000000000,-0.04632666920287418,0.02581097915862571,0.15289598052060741,ok
q007304,1.10410999999999992,6000.00000000000000000,-0.04215129779239349,0.02539508684833635,0.15165917163613157,ok
q007305,1.10410999999999992,6025.00000000000000000,-0.03799328764372985,0.02498092382499581,0.15041739942708707,ok
q007306,1.10410999999999992,6050.00000000000000000,-0.03385249497769838,0.02456847576732546,0.14917049646504629,ok
q007307,1.10410999999999992,6075.00000000000000000,-0.02972877779383638,0.02415772853121818,0.14791828969604942,ok
q007308,1.10410999999999992,6100.00000000000000000,-0.02562199584118291,0.02374866814682783,0.14666060013088181,ok
q007309,1.10410999999999992,6125.00000000000000000,-0.02153201058965784,0.02334128081571844,0.14539724251418359,ok
q007310,1.10410999999999992,6150.00000000000000000,-0.01745868520202196,0.02294379484568207,0.14415391899404847,ok
q007311,1.10410999999999992,6175.00000000000000000,-0.01340188450640763,0.02258595044883550,0.14302534823133051,ok
q007312,1.10410999999999992,6200.00000000000000000,-0.00936147496940259,0.02222955189187762,0.14189241565054883,ok
q007313,1.10410999999999992,6225.00000000000000000,-0.00533732466967720,0.02187458753822280,0.14075497848876087,ok
q007314,1.10410999999999992,6250.00000000000000000,-0.00132930327213832,0.02152104589120500,0.13961288935751717,ok
q007315,1.10410999999999992,6275.00000000000000000,0.00266271799739908,0.02116891559184358,0.13846599599681444,ok
q007316,1.10410999999999992,6300.00000000000000000,0.00663886637703856,0.02081818541665338,0.13731414101282699,ok
q007317,1.10410999999999992,6325.00000000000000000,0.01059926759313533,0.02046884427549832,0.13615716159807437,ok
q007318,1.10410999999999992,6350.00000000000000000,0.01454404588415173,0.02012088120948715,0.13499488923254716,ok
q007319,1.10410999999999992,6375.00000000000000000,0.01847332402404136,0.01977878512089547,0.13384237499783525,ok
q007320,1.10410999999999992,6400.00000000000000000,0.02238722334517774,0.01949396143496682,0.13287518421109809,ok
q007321,1.10410999999999992,6425.00000000000000000,0.02628586376083491,0.01921024817558346,0.13190471384353086,ok
q007322,1.10410999999999992,6450.00000000000000000,0.03016936378723259,0.01892763671804054,0.13093086113914593,ok
q007323,1.10410999999999992,6475.00000000000000000,0.03403784056515297,0.01864611853772701,0.12995352035177121,ok
q007324,1.10410999999999992,6500.00000000000000000,0.03789140988114301,0.01836568520858273,0.12897258259856248,ok
q007325,1.10410999999999992,6525.00000000000000000,0.04173018618830853,0.01808632840158519,0.12798793570473707,ok
q007326,1.10410999999999992,6550.00000000000000000,0.04555428262671203,0.01780803988326519,0.12699946403886650,ok
q007327,1.10410999999999992,6575.00000000000000000,0.04936381104337979,0.01753081151425078,0.12600704833800500,ok
q007328,1.10410999999999992,6600.00000000000000000,0.05315888201193145,0.01725463524783883,0.12501056552186560,ok
q007329,1.10410999999999992,6650.00000000000000000,0.06070608764731427,0.01682538874982310,0.12344581805260661,ok
q007330,1.10410999999999992,6700.00000000000000000,0.06819675937647178,0.01642615953535675,0.12197247786633923,ok
q007331,1.10410999999999992,6750.00000000000000000,0.07563173786398997,0.01602989859528750,0.12049227819869862,ok
q007332,1.10410999999999992,6800.00000000000000000,0.08301184516161243,0.01563656211684612,0.11900479637025373,ok
q007333,1.10410999999999992,6850.00000000000000000,0.09033788525368544,0.01524610725019876,0.11750959070775932,ok
q007334,1.10410999999999992,7000.00000000000000000,0.11199938203486474,0.01457461592984302,0.11489268738155178,ok
q007335,1.10410999999999992,7100.00000000000000000,0.12618401702682119,0.01414346826006823,0.11318054696825523,ok
q007336,1.10410999999999992,7200.00000000000000000,0.14017025900156110,0.01398905095648079,0.11256100302075608,ok
q007337,1.10410999999999992,7400.00000000000000000,0.16756923318967556,0.01379552268822309,0.11177969189921362,ok
q007338,1.10410999999999992,7600.00000000000000000,0.19423748027183693,0.01398006071178164,0.11252482781480401,ok
q007339,1.10410999999999992,7800.00000000000000000,0.22021296667509760,0.01439512533337414,0.11418302741398055,ok
q007340,1.10410999999999992,8000.00000000000000000,0.24553077465938750,0.01493059712327654,0.11628733474585082,ok
q007341,1.10410999999999992,8200.00000000000000000,0.27022338724975886,0.01556544131626671,0.11873384926898077,ok
q007342,1.10410999999999992,8600.00000000000000000,0.31785143623901352,0.01707205047672731,0.12434738924708860,ok
q007343,1.10410999999999992,8800.00000000000000000,0.34084095446371226,0.01790317936160920,0.12733825954617645,ok
q007344,1.10410999999999992,9000.00000000000000000,0.36331381031577087,0.01880851079158444,0.13051818735322696,ok
q007345,1.10410999999999992,9200.00000000000000000,0.38529271703454615,0.01973539263113309,0.13369547662302506,ok
q007346,1.10410999999999992,10000.00000000000000000,0.46867432597359715,0.02389381707652423,0.14710810314847053,ok
q007347,1.10410999999999992,12000.00000000000000000,0.65099588276755183,0.03433930572623064,0.17635573346713371,ok
q007348,1.18082200000000004,1000.00000000000000000,-1.83721888759998198,0.38304691162304649,0.56955250275029012,ok
q007349,1.18082200000000004,1200.00000000000000000,-1.65489733080602730,0.33362577773376451,0.53154199445738426,ok
q007350,1.18082200000000004,1400.00000000000000000,-1.50074665097876903,0.29367848815434494,0.49870514635899321,ok
q007351,1.18082200000000004,1600.00000000000000000,-1.36721525835424629,0.26039442840289984,0.46959517479810731,ok
q007352,1.18082200000000004,1800.00000000000000000,-1.24943222269786292,0.23203277307668571,0.44328439928510427,ok
q007353,1.18082200000000004,2200.00000000000000000,-1.04876152723571181,0.18585670334065474,0.39673169411715975,ok
q007354,1.18082200000000004,2500.00000000000000000,-0.92092815572582698,0.15812745372749853,0.36594129520815472,ok
q007355,1.18082200000000004,2600.00000000000000000,-0.88170744257254552,0.14998706700512543,0.35639753230835741,ok
q007356,1.18082200000000004,2700.00000000000000000,-0.84396711458969853,0.14232734826804486,0.34717781138624138,ok
q007357,1.18082200000000004,2900.00000000000000000,-0.77250815060755351,0.12831027387890673,0.32963893171744668,ok
q007358,1.18082200000000004,3400.00000000000000000,-0.61344345597786620,0.09961323218084335,0.29044660073336387,ok
q007359,1.18082200000000004,3500.00000000000000000,-0.58445591910461403,0.09478360591084700,0.28331814878762240,ok
q007360,1.18082200000000004,3600.00000000000000000,-0.55628504213791752,0.09020329233405752,0.27638786849647795,ok
q007361,1.18082200000000004,3700.00000000000000000,-0.52888606794980320,0.08586191560603547,0.26965474623839292,ok
q007362,1.18082200000000004,3750.00000000000000000,-0.51546304761766248,0.08380219919883576,0.26640077870024514,ok
q007363,1.18082200000000004,3800.00000000000000000,-0.50221782086764188,0.08177881869430799,0.26316504197419338,ok
q007364,1.18082200000000004,3900.00000000000000000,-0.47624233446438108,0.07789499797834847,0.25683994439600349,ok
q007365,1.18082200000000004,4000.00000000000000000,-0.45092452648009129,0.07419367206849566,0.25066356678300167,ok
q007366,1.18082200000000004,4050.00000000000000000,-0.43850200648153415,0.07243880040504745,0.24768140745658526,ok
q007367,1.18082200000000004,4100.00000000000000000,-0.42623191388971982,0.07070546145290557,0.24470016519092769,ok
q007368,1.18082200000000004,4200.00000000000000000,-0.40213436231065935,0.06739361463943383,0.23890055416917999,ok
q007369,1.18082200000000004,4400.00000000000000000,-0.35561434667576641,0.06124023247739170,0.22773312065260384,ok
q007370,1.18082200000000004,4425.00000000000000000,-0.34994860914008913,0.06050503439337301,0.22636200816108731,ok
q007371,1.18082200000000004,4450.00000000000000000,-0.34431479142183308,0.05978017765285867,0.22500200217988461,ok
q007372,1.18082200000000004,4500.00000000000000000,-0.33314149082370786,0.05839108045713448,0.22237247907727026,ok
q007373,1.18082200000000004,4525.00000000000000000,-0.32760131044809243,0.05770230913517928,0.22105705433729680,ok
q007374,1.18082200000000004,4600.00000000000000000,-0.31116258410493269,0.05565859891150624,0.21710704529140468,ok
q007375,1.18082200000000004,4650.00000000000000000,-0.30035166800071689,0.05435183324920510,0.21454326252935871,ok
q007376,1.18082200000000004,4675.00000000000000000,-0.29498972485933161,0.05370809325273547,0.21326895904623777,ok
q007377,1.18082200000000004,4700.00000000000000000,-0.28965637888396900,0.05306778655256703,0.21199385329839082,ok
q007378,1.18082200000000004,4725.00000000000000000,-0.28435132665427587,0.05243087672089516,0.21071785752069516,ok
q007379,1.18082200000000004,4750.00000000000000000,-0.27907426955343206,0.05179732790661408,0.20944088296452465,ok
q007380,1.18082200000000004,4775.00000000000000000,-0.27382491366728839,0.05116710482320762,0.20816283983898845,ok
q007381,1.18082200000000004,4800.00000000000000000,-0.26860296968613667,0.05055231741463499,0.20690849256858071,ok
q007382,1.18082200000000004,4850.00000000000000000,-0.25824018265059012,0.04933870489735671,0.20440977243606906,ok
q007383,1.18082200000000004,4875.00000000000000000,-0.25309878315017137,0.04873658244047006,0.20315864985995516,ok
q007384,1.18082200000000004,4900.00000000000000000,-0.24798368248340102,0.04813753990731396,0.20190623379769806,ok
q007385,1.18082200000000004,4925.00000000000000000,-0.24289461297592968,0.04754154594986015,0.20065243387531037,ok
q007386,1.18082200000000004,4950.00000000000000000,-0.23783131101938304,0.04694856969625711,0.19939715842933045,ok
q007387,1.18082200000000004,5000.00000000000000000,-0.22778097516588161,0.04578548428628931,0.19691177551057973,ok
q007388,1.18082200000000004,5025.00000000000000000,-0.22279343365484247,0.04520947850285253,0.19566922764505054,ok
q007389,1.18082200000000004,5050.00000000000000000,-0.21783064431271343,0.04463633132067517,0.19442496448948837,ok
q007390,1.18082200000000004,5075.00000000000000000,-0.21289236267213091,0.04406601450648538,0.19317889101417848,ok
q007391,1.18082200000000004,5100.00000000000000000,-0.20797834786970179,0.04349850024322997,0.19193091059033227,ok
q007392,1.18082200000000004,5125.00000000000000000,-0.20308836257551011,0.04293376112193324,0.19068092491033725,ok
q007393,1.18082200000000004,5150.00000000000000000,-0.19822217292433714,0.04237320474552210,0.18943204069214456,ok
q007394,1.18082200000000004,5175.00000000000000000,-0.19337954844854921,0.04181784301405017,0.18818655672996798,ok
q007395,1.18082200000000004,5200.00000000000000000,-0.18856026201260026,0.04126515773504300,0.18693883713153372,ok
q007396,1.18082200000000004,5225.00000000000000000,-0.18376408974910716,0.04071512323494731,0.18568877828590893,ok
q007397,1.18082200000000004,5250.00000000000000000,-0.17899081099644956,0.04016771420785302,0.18443627453078179,ok
q007398,1.18082200000000004,5275.00000000000000000,-0.17424020823785169,0.03962290570850702,0.18318121805251367,ok
q007399,1.18082200000000004,5300.00000000000000000,-0.16951206704190580,0.03908067314549230,0.18192349878139133,ok
q007400,1.18082200000000004,5325.00000000000000000,-0.16480617600449310,0.03854099227456734,0.18066300428175683,ok
q007401,1.18082200000000004,5350.00000000000000000,-0.16012232669206680,0.03801089386845114,0.17941626989545542,ok
q007402,1.18082200000000004,5375.00000000000000000,-0.15546031358625542,0.03748560432447719,0.17817224015054631,ok
q007403,1.18082200000000004,5400.00000000000000000,-0.15081993402975316,0.03696275232775872,0.17692529694010306,ok
q007404,1.18082200000000004,5450.00000000000000000,-0.14160327892482918,0.03592427121516902,0.17442220213013229,ok
q007405,1.18082200000000004,5475.00000000000000000,-0.13702661189741744,0.03540859798963626,0.17316580956522248,ok
q007406,1.18082200000000004,5500.00000000000000000,-0.13247079536155668,0.03489527408079349,0.17190602132919175,ok
q007407,1.18082200000000004,5525.00000000000000000,-0.12793564019616546,0.03438427817953575,0.17064270933882025,ok
q007408,1.18082200000000004,5550.00000000000000000,-0.12342095984163878,0.03388988904071771,0.16941148739771811,ok
q007409,1.18082200000000004,5575.00000000000000000,-0.11892657025379941,0.03340017190149006,0.16818301471796823,ok
q007410,1.18082200000000004,5600.00000000000000000,-0.11445228985887838,0.03291264589772935,0.16695105995103424,ok
q007411,1.18082200000000004,5625.00000000000000000,-0.10999793950949806,0.03242729150920051,0.16571549556000897,ok
q007412,1.18082200000000004,5650.00000000000000000,-0.10556334244163237,0.03194408947536290,0.16447619061211055,ok
q007413,1.18082200000000004,5675.00000000000000000,-0.10114832423251553,0.03146302079078408,0.16323301060877071,ok
q007414,1.18082200000000004,5700.00000000000000000,-0.09675271275947750,0.03098406670065429,0.16198581730587441,ok
q007415,1.18082200000000004,5725.00000000000000000,-0.09237633815967858,0.03050720869639917,0.16073446852341569,ok
q007416,1.18082200000000004,5775.00000000000000000,-0.08368063119212470,0.02959886812205305,0.15832348242489258,ok
q007417,1.18082200000000004,5800.00000000000000000,-0.07936097004760823,0.02915159138206346,0.15712269367391801,ok
q007418,1.18082200000000004,5850.00000000000000000,-0.07077722635621678,0.02826279275486893,0.15470890739268975,ok
q007419,1.18082200000000004,5875.00000000000000000,-0.06651282756975931,0.02782123812282481,0.15349562754418411,ok
q007420,1.18082200000000004,5900.00000000000000000,-0.06226653668830815,0.02738155846301769,0.15227789457808369,ok
q007421,1.18082200000000004,5925.00000000000000000,-0.05803820057878710,0.02694373791937444,0.15105555635095674,ok
q007422,1.18082200000000004,5950.00000000000000000,-0.05382766804244354,0.02651302976853626,0.14984334582332554,ok
q007423,1.18082200000000004,5975.00000000000000000,-0.04963478978240751,0.02610965863000003,0.14869911332295493,ok
q007424,1.18082200000000004,6000.00000000000000000,-0.04545941837192694,0.02570797171824058,0.14755084085079945,ok
q007425,1.18082200000000004,6025.00000000000000000,-0.04130140822326320,0.02530795502715323,0.14639839283423178,ok
q007426,1.18082200000000004,6050.00000000000000000,-0.03716061555723187,0.02490959472462320,0.14524162955250197,ok
q007427,1.18082200000000004,6075.00000000000000000,-0.03303689837336975,0.02451287714965560,0.14408040692121624,ok
q007428,1.18082200000000004,6100.00000000000000000,-0.02893011642071641,0.02411778880956447,0.14291457626315579,ok
q007429,1.18082200000000004,6125.00000000000000000,-0.02484013116919125,0.02372431637721916,0.14174398406434122,ok
q007430,1.18082200000000004,6150.00000000000000000,-0.02076680578155538,0.02333244668834699,0.14056847171414566,ok
q007431,1.18082200000000004,6175.00000000000000000,-0.01671000508594105,0.02295767554346275,0.13943498006643254,ok
q007432,1.18082200000000004,6200.00000000000000000,-0.01266959554893602,0.02261154713323901,0.13837987100280547,ok
q007433,1.18082200000000004,6225.00000000000000000,-0.00864544524921065,0.02226681159764828,0.13732095001092620,ok
q007434,1.18082200000000004,6250.00000000000000000,-0.00463742385167178,0.02192345777131779,0.13625809352102225,ok
q007435,1.18082200000000004,6275.00000000000000000,-0.00064540258213439,0.02158147462259258,0.13519117415956544,ok
q007436,1.18082200000000004,6300.00000000000000000,0.00333074579750497,0.02124085125140867,0.13412006055384193,ok
q007437,1.18082200000000004,6325.00000000000000000,0.00729114701360195,0.02090157688720846,0.13304461712417837,ok
q007438,1.18082200000000004,6375.00000000000000000,0.01516520344450795,0.02022703273283995,0.13088017609854796,ok
q007439,1.18082200000000004,6400.00000000000000000,0.01907910276564433,0.01990447888823363,0.12983243071802941,ok
q007440,1.18082200000000004,6425.00000000000000000,0.02297774318130148,0.01962583614364017,0.12892046590270653,ok
q007441,1.18082200000000004,6450.00000000000000000,0.02686124320769915,0.01934827550951797,0.12800558345394766,ok
q007442,1.18082200000000004,6500.00000000000000000,0.03458328930160955,0.01879636718043916,0.12616669950262488,ok
q007443,1.18082200000000004,6550.00000000000000000,0.04224616204717856,0.01824868807550794,0.12431502051108741,ok
q007444,1.18082200000000004,6600.00000000000000000,0.04985076143239796,0.01770517387098643,0.12244974359119561,ok
q007445,1.18082200000000004,6650.00000000000000000,0.05739796706778075,0.01721668819980362,0.12074873487273352,ok
q007446,1.18082200000000004,6700.00000000000000000,0.06488863879693844,0.01681504912962841,0.11933198155399324,ok
q007447,1.18082200000000004,6800.00000000000000000,0.07970372458207906,0.01602068548715986,0.11647918663138633,ok
q007448,1.18082200000000004,6900.00000000000000000,0.09430252400323171,0.01530913486230226,0.11386312697261296,ok
q007449,1.18082200000000004,7000.00000000000000000,0.10869126145533130,0.01483959966680592,0.11210342321880939,ok
q007450,1.18082200000000004,7100.00000000000000000,0.12287589644728790,0.01437672476995243,0.11034121488591256,ok
q007451,1.18082200000000004,7200.00000000000000000,0.13686213842202777,0.01410779111239240,0.10930431133780015,ok
q007452,1.18082200000000004,7400.00000000000000000,0.16426111261014215,0.01375918322625041,0.10794539231302519,ok
q007453,1.18082200000000004,7600.00000000000000000,0.19092935969230343,0.01383055934278039,0.10822501489292397,ok
q007454,1.18082200000000004,7800.00000000000000000,0.21690484609556421,0.01410208585349723,0.10928220750701663,ok
q007455,1.18082200000000004,8000.00000000000000000,0.24222265407985405,0.01452098250608889,0.11089342143848711,ok
q007456,1.18082200000000004,9000.00000000000000000,0.36000568973623742,0.01824868442951238,0.12431500809233069,ok
q007457,1.60000000000000009,2000.00000000000000000,-1.15838135100506823,0.17082067011987645,0.32674595456550459,ok
q007458,1.60000000000000009,2500.00000000000000000,-0.93523779969085841,0.13260600046506743,0.28788669696716995,ok
q007459,1.60000000000000009,2600.00000000000000000,-0.89601708653757717,0.12639045392637802,0.28105877268640139,ok
q007460,1.60000000000000009,3000.00000000000000000,-0.75291624289690373,0.10500447500130963,0.25617922803345811,ok
q007461,1.60000000000000009,3200.00000000000000000,-0.68837772175933254,0.09601960682403916,0.24497398691498751,ok
q007462,1.60000000000000009,3500.00000000000000000,-0.59876556306964546,0.08419929372415635,0.22940043281911593,ok
q007463,1.60000000000000009,3550.00000000000000000,-0.58458092807768913,0.08241622040196336,0.22695844939377582,ok
q007464,1.60000000000000009,3600.00000000000000000,-0.57059468610294906,0.08065808598701109,0.22452461722911796,ok
q007465,1.60000000000000009,3750.00000000000000000,-0.52977269158269402,0.07564716132398061,0.21743844146674682,ok
q007466,1.60000000000000009,3800.00000000000000000,-0.51652746483267342,0.07406759928752496,0.21515633747278534,ok
q007467,1.60000000000000009,3850.00000000000000000,-0.50345538326532058,0.07251747036664852,0.21289297541054594,ok
q007468,1.60000000000000009,3950.00000000000000000,-0.47781295265198298,0.06952257436559521,0.20845049527045265,ok
q007469,1.60000000000000009,4000.00000000000000000,-0.46523417044512289,0.06807499538941472,0.20626893153934792,ok
q007470,1.60000000000000009,4050.00000000000000000,-0.45281165044656579,0.06665117554352257,0.20410042801204903,ok
q007471,1.60000000000000009,4150.00000000000000000,-0.42842019732240655,0.06392544467512511,0.19988347335873766,ok
q007472,1.60000000000000009,4175.00000000000000000,-0.42241417326219466,0.06325427493817154,0.19883139047031084,ok
q007473,1.60000000000000009,4200.00000000000000000,-0.41644400627569089,0.06259258302899860,0.19778868621112816,ok
q007474,1.60000000000000009,4350.00000000000000000,-0.38135268646442072,0.05878299947704656,0.19167518011770354,ok
q007475,1.60000000000000009,4375.00000000000000000,-0.37562201175543569,0.05817762957264457,0.19068565358438180,ok
q007476,1.60000000000000009,4400.00000000000000000,-0.36992399064079801,0.05757570908812633,0.18969664778292461,ok
q007477,1.60000000000000009,4425.00000000000000000,-0.36425825310512067,0.05697719893626549,0.18870810617237915,ok
q007478,1.60000000000000009,4450.00000000000000000,-0.35862443538686467,0.05638206069047193,0.18771997211683406,ok
q007479,1.60000000000000009,4500.00000000000000000,-0.34745113478873946,0.05520174942549356,0.18574469949619954,ok
q007480,1.60000000000000009,4800.00000000000000000,-0.28291261365116821,0.04861606535849668,0.17431305415562090,ok
q007481,1.60000000000000009,4850.00000000000000000,-0.27254982661562166,0.04757427305589325,0.17243526512849186,ok
q007482,1.60000000000000009,4925.00000000000000000,-0.25720425694096133,0.04606073195766792,0.16967014314116213,ok
q007483,1.60000000000000009,4975.00000000000000000,-0.24710316095445745,0.04506445588341192,0.16782516178193438,ok
q007484,1.60000000000000009,5000.00000000000000000,-0.24209061913091304,0.04457006641352894,0.16690204165454534,ok
q007485,1.60000000000000009,5125.00000000000000000,-0.21739800654054162,0.04216355519295547,0.16233367486629866,ok
q007486,1.60000000000000009,5150.00000000000000000,-0.21253181688936873,0.04169102420495732,0.16142146737066393,ok
q007487,1.60000000000000009,5200.00000000000000000,-0.20286990597763188,0.04075280505684566,0.15959480931574352,ok
q007488,1.60000000000000009,5325.00000000000000000,-0.17911581996952466,0.03847420649811923,0.15506894937841204,ok
q007489,1.60000000000000009,5375.00000000000000000,-0.16976995755128702,0.03757922546958369,0.15325474191192193,ok
q007490,1.60000000000000009,5400.00000000000000000,-0.16512957799478484,0.03713485217556115,0.15234593072913277,ok
q007491,1.60000000000000009,5425.00000000000000000,-0.16051063213849029,0.03669898479686453,0.15144921755506144,ok
q007492,1.60000000000000009,5500.00000000000000000,-0.14678043932658821,0.03541249763728356,0.14877100195704210,ok
q007493,1.60000000000000009,5525.00000000000000000,-0.14224528416119694,0.03498756413730200,0.14787571668740526,ok
q007494,1.60000000000000009,5575.00000000000000000,-0.13323621421883103,0.03414343521942011,0.14608096047102637,ok
q007495,1.60000000000000009,5600.00000000000000000,-0.12876193382390996,0.03372420554396784,0.14518136404160109,ok
q007496,1.60000000000000009,5650.00000000000000000,-0.11987298640666395,0.03291362542980034,0.14342599448365423,ok
q007497,1.60000000000000009,5700.00000000000000000,-0.11106235672450897,0.03211463416697793,0.14167443790028320,ok
q007498,1.60000000000000009,5725.00000000000000000,-0.10668598212471010,0.03171776297908095,0.14079631338186946,ok
q007499,1.60000000000000009,5750.00000000000000000,-0.10232867675575438,0.03132262108288980,0.13991654004014725,ok
q007500,1.60000000000000009,5800.00000000000000000,-0.09367061401263983,0.03053746534098773,0.13815178550463011,ok
q007501,1.60000000000000009,5850.00000000000000000,-0.08508687032124838,0.02978211052007877,0.13643247075036510,ok
q007502,1.60000000000000009,5875.00000000000000000,-0.08082247153479087,0.02941228475852936,0.13558273479348634,ok
q007503,1.60000000000000009,5900.00000000000000000,-0.07657618065333978,0.02904402938710864,0.13473128206523866,ok
q007504,1.60000000000000009,5950.00000000000000000,-0.06813731200747505,0.02831217686114801,0.13302296996465499,ok
q007505,1.60000000000000009,6000.00000000000000000,-0.05976906233695847,0.02758644869588763,0.13130700832373635,ok
q007506,1.60000000000000009,6200.00000000000000000,-0.02697923951396759,0.02488176362573362,0.12470405873941517,ok
q007507,1.60000000000000009,6250.00000000000000000,-0.01894706781670335,0.02422567707277244,0.12304896655593162,ok
q007508,1.60000000000000009,6300.00000000000000000,-0.01097889816752650,0.02362449539091681,0.12151259037368517,ok
q007509,1.60000000000000009,6375.00000000000000000,0.00085555947947641,0.02273944901834385,0.11921474588516685,ok
q007510,1.60000000000000009,6400.00000000000000000,0.00476945880061273,0.02244674592200342,0.11844499230128784,ok
q007511,1.60000000000000009,6425.00000000000000000,0.00866809921627004,0.02215518397123522,0.11767323392353085,ok
q007512,1.60000000000000009,6450.00000000000000000,0.01255159924266766,0.02186475430273912,0.11689940735184225,ok
q007513,1.60000000000000009,6500.00000000000000000,0.02027364533657794,0.02130615065903023,0.11539646511871103,ok
q007514,1.60000000000000009,6550.00000000000000000,0.02793651808214704,0.02080229108639733,0.11402382176106153,ok
q007515,1.60000000000000009,6600.00000000000000000,0.03554111746736632,0.02030226318256758,0.11264508195702437,ok
q007516,1.60000000000000009,6700.00000000000000000,0.05057899483190680,0.01931347233169712,0.10986773961136499,ok
q007517,1.60000000000000009,6800.00000000000000000,0.06539408061704760,0.01846048803358665,0.10741417513993047,ok
q007518,1.60000000000000009,7000.00000000000000000,0.09438161749029980,0.01692367632516023,0.10284599021461724,ok
q007519,1.60000000000000009,7100.00000000000000000,0.10856625248225620,0.01633519549004910,0.10104205649768162,ok
q007520,1.60000000000000009,7200.00000000000000000,0.12255249445699623,0.01575494542636901,0.09923124957129499,ok
q007521,1.60000000000000009,7400.00000000000000000,0.14995146864511058,0.01491847890379638,0.09656111699267327,ok
q007522,1.60000000000000009,7600.00000000000000000,0.17661971572727184,0.01432689268075483,0.09462720499661695,ok
q007523,1.60000000000000009,7800.00000000000000000,0.20259520213053259,0.01394701865396011,0.09336426864023016,ok
q007524,1.60000000000000009,8000.00000000000000000,0.22791301011482240,0.01384269697559757,0.09301443764141393,ok
q007525,1.60000000000000009,8200.00000000000000000,0.25260562270519399,0.01391678822574275,0.09326302933686649,ok
q007526,1.60000000000000009,9000.00000000000000000,0.34569604577120583,0.01547546310731763,0.09834716285726558,ok
q007527,2.10137000000000018,800.00000000000000000,-2.09178282557218198,0.29388947618052058,0.37397343506511033,ok
q007528,2.10137000000000018,1400.00000000000000000,-1.53216703763675954,0.19791607083473892,0.30689461378560984,ok
q007529,2.10137000000000018,1800.00000000000000000,-1.28085260935585343,0.15858232514055956,0.27471104862853074,ok
q007530,2.10137000000000018,2000.00000000000000000,-1.17549209369802710,0.14313546443543446,0.26098909525084418,ok
q007531,2.10137000000000018,2200.00000000000000000,-1.08018191389370233,0.12988381917777334,0.24861438939579394,ok
q007532,2.10137000000000018,2400.00000000000000000,-0.99317053690407253,0.11838164659988423,0.23735092265514232,ok
q007533,2.10137000000000018,3000.00000000000000000,-0.77002698558986271,0.09160382509018802,0.20878800305434833,ok
q007534,2.10137000000000018,3400.00000000000000000,-0.64486384263585683,0.07829639933405927,0.19302769793328223,ok
q007535,2.10137000000000018,3900.00000000000000000,-0.50766272112237165,0.06509061361936246,0.17599807551358773,ok
q007536,2.10137000000000018,4000.00000000000000000,-0.48234491313808187,0.06281572934978108,0.17289520123534935,ok
q007537,2.10137000000000018,4050.00000000000000000,-0.46992239313952477,0.06171084957710287,0.17136790948320738,ok
q007538,2.10137000000000018,4100.00000000000000000,-0.45765230054771028,0.06063713632214856,0.16987054398626775,ok
q007539,2.10137000000000018,4150.00000000000000000,-0.44553094001536553,0.05957643809397537,0.16837825459053762,ok
q007540,2.10137000000000018,4200.00000000000000000,-0.43355474896864987,0.05853676678335107,0.16690259978109603,ok
q007541,2.10137000000000018,4300.00000000000000000,-0.41002425155845568,0.05652299001863446,0.16400659036863777,ok
q007542,2.10137000000000018,4400.00000000000000000,-0.38703473333375699,0.05457652275360031,0.16115792503359752,ok
q007543,2.10137000000000018,4450.00000000000000000,-0.37573517807982365,0.05362647777548207,0.15974908255409220,ok
q007544,2.10137000000000018,4500.00000000000000000,-0.36456187748169849,0.05268704804716959,0.15834365644987342,ok
q007545,2.10137000000000018,4600.00000000000000000,-0.34258297076292316,0.05086457477284915,0.15558095936722066,ok
q007546,2.10137000000000018,4650.00000000000000000,-0.33177205465870757,0.04996838665308561,0.15420427003249962,ok
q007547,2.10137000000000018,4700.00000000000000000,-0.32107676554195963,0.04908881241435892,0.15284104517094294,ok
q007548,2.10137000000000018,4800.00000000000000000,-0.30002335634412725,0.04736743982878482,0.15013733135550336,ok
q007549,2.10137000000000018,4900.00000000000000000,-0.27940406914139160,0.04569404054491681,0.14746145591302062,ok
q007550,2.10137000000000018,4950.00000000000000000,-0.26925169767737350,0.04487547755575660,0.14613467489754337,ok
q007551,2.10137000000000018,5000.00000000000000000,-0.25920136182387210,0.04406514146950685,0.14480925541402562,ok
q007552,2.10137000000000018,5050.00000000000000000,-0.24925103097070403,0.04326772876590012,0.14349302310329776,ok
q007553,2.10137000000000018,5100.00000000000000000,-0.23939873452769245,0.04248453675501595,0.14218840405826300,ok
q007554,2.10137000000000018,5150.00000000000000000,-0.22964255958232765,0.04170898576361050,0.14088460890551233,ok
q007555,2.10137000000000018,5200.00000000000000000,-0.21998064867059078,0.04094092813565368,0.13958140902798885,ok
q007556,2.10137000000000018,5250.00000000000000000,-0.21041119765444011,0.04018737642270722,0.13829088741186066,ok
q007557,2.10137000000000018,5350.00000000000000000,-0.19154271335005724,0.03870904214707329,0.13572346810642369,ok
q007558,2.10137000000000018,5400.00000000000000000,-0.18224032068774376,0.03798020533664071,0.13443965530336319,ok
q007559,2.10137000000000018,5450.00000000000000000,-0.17302366558281979,0.03726615858843141,0.13316989275531507,ok
q007560,2.10137000000000018,5500.00000000000000000,-0.16389118201954728,0.03656151672972934,0.13190487236586279,ok
q007561,2.10137000000000018,5550.00000000000000000,-0.15484134649962927,0.03586325180786859,0.13063921703717365,ok
q007562,2.10137000000000018,5600.00000000000000000,-0.14587267651686889,0.03517124943601071,0.12937269775630664,ok
q007563,2.10137000000000018,5700.00000000000000000,-0.12817309941746804,0.03382401856518177,0.12687070059501074,ok
q007564,2.10137000000000018,5750.00000000000000000,-0.11943941944871346,0.03316105475888001,0.12562119024797594,ok
q007565,2.10137000000000018,5800.00000000000000000,-0.11078135670559879,0.03250383097097961,0.12437010802136335,ok
q007566,2.10137000000000018,5850.00000000000000000,-0.10219761301420735,0.03185729412555917,0.12312696618363578,ok
q007567,2.10137000000000018,5900.00000000000000000,-0.09368692334629873,0.03122237309948265,0.12189382088638291,ok
q007568,2.10137000000000018,5950.00000000000000000,-0.08524805470043413,0.03059281012061374,0.12065863883947714,ok
q007569,2.10137000000000018,6000.00000000000000000,-0.07687980502991744,0.02996851551293894,0.11942117816997255,ok
q007570,2.10137000000000018,6100.00000000000000000,-0.06035050307870693,0.02874939664093172,0.11696693328002870,ok
q007571,2.10137000000000018,6200.00000000000000000,-0.04408998220692656,0.02756208819138833,0.11452618526293125,ok
q007572,2.10137000000000018,6250.00000000000000000,-0.03605781050966233,0.02697559619647963,0.11330113542215746,ok
q007573,2.10137000000000018,6300.00000000000000000,-0.02808964086048548,0.02640714569389336,0.11210099486966421,ok
q007574,2.10137000000000018,6400.00000000000000000,-0.01234128389234626,0.02530696215487240,0.10974095718998139,ok
q007575,2.10137000000000018,6500.00000000000000000,0.00316290264361905,0.02422383641373708,0.10736684676563994,ok
q007576,2.10137000000000018,6550.00000000000000000,0.01082577538918804,0.02372115625602265,0.10624699685319157,ok
q007577,2.10137000000000018,6600.00000000000000000,0.01843037477440744,0.02322943166593382,0.10514001346776089,ok
q007578,2.10137000000000018,6650.00000000000000000,0.02597758040979021,0.02274141824019204,0.10402973898192609,ok
q007579,2.10137000000000018,6700.00000000000000000,0.03346825213894790,0.02225706038004372,0.10291593833768538,ok
q007580,2.10137000000000018,6800.00000000000000000,0.04828333792408849,0.02134883136375821,0.10079425737841552,ok
q007581,2.10137000000000018,6900.00000000000000000,0.06288213734524112,0.02051055373037627,0.09879556033841018,ok
q007582,2.10137000000000018,7000.00000000000000000,0.07727087479734089,0.01968433806491384,0.09678524275034397,ok
q007583,2.10137000000000018,7100.00000000000000000,0.09145550978929727,0.01899022268466071,0.09506349232182741,ok
q007584,2.10137000000000018,7200.00000000000000000,0.10544175176403711,0.01831493407336960,0.09335797348814243,ok
q007585,2.10137000000000018,7400.00000000000000000,0.13284072595215166,0.01716517731538010,0.09038011365077699,ok
q007586,2.10137000000000018,7600.00000000000000000,0.15950897303431288,0.01621191738859790,0.08783466052435537,ok
q007587,2.10137000000000018,7800.00000000000000000,0.18548445943757363,0.01546635909742781,0.08579120755691561,ok
q007588,2.10137000000000018,8000.00000000000000000,0.21080226742186342,0.01495426762697309,0.08435897814870545,ok
q007589,2.10137000000000018,8200.00000000000000000,0.23549488001223504,0.01458239767227856,0.08330349159787040,ok
q007590,2.10137000000000018,8400.00000000000000000,0.25959243159129547,0.01436197273026201,0.08267149379521489,ok
q007591,2.10137000000000018,8600.00000000000000000,0.28312292900148966,0.01433784252263270,0.08260201451911309,ok
q007592,2.10137000000000018,8800.00000000000000000,0.30611244722618830,0.01439875250798016,0.08277728340390188,ok
q007593,2.10137000000000018,9000.00000000000000000,0.32858530307824685,0.01459577947697873,0.08334170532152511,ok
q007594,2.10137000000000018,9200.00000000000000000,0.35056420979702213,0.01489996460705305,0.08420567363323474,ok
q007595,2.10137000000000018,9600.00000000000000000,0.39312382421581810,0.01574831896092148,0.08656968499348196,ok
q007596,2.10137000000000018,10000.00000000000000000,0.43394581873607324,0.01685707108106264,0.08956530211097585,ok
q007597,2.10137000000000018,12000.00000000000000000,0.61626737553002786,0.02343771785312889,0.10561032935827928,ok
q007598,3.09863000000000000,400.00000000000000000,-2.81939750284287260,0.29742885153165943,0.30981802880269949,ok
q007599,3.09863000000000000,800.00000000000000000,-2.12625032228292721,0.21548639628588676,0.26370907080396444,ok
q007600,3.09863000000000000,1200.00000000000000000,-1.72078521417476304,0.16852915543508074,0.23321294946783255,ok
q007601,3.09863000000000000,1400.00000000000000000,-1.56663453434750477,0.15089350775393587,0.22067361860016474,ok
q007602,3.09863000000000000,1800.00000000000000000,-1.31532010606659866,0.12363658258450269,0.19975084975814572,ok
q007603,3.09863000000000000,2400.00000000000000000,-1.02763803361481765,0.09602998511300005,0.17604292267526689,ok
q007604,3.09863000000000000,2500.00000000000000000,-0.98681603909456250,0.09243375383918495,0.17271515021789791,ok
q007605,3.09863000000000000,2800.00000000000000000,-0.87348735378755937,0.08285248241140218,0.16351887930078096,ok
q007606,3.09863000000000000,3000.00000000000000000,-0.80449448230060794,0.07731674893172016,0.15796174818070838,ok
q007607,3.09863000000000000,3300.00000000000000000,-0.70918430249628306,0.07003440528908646,0.15033872471547180,ok
q007608,3.09863000000000000,3400.00000000000000000,-0.67933133934660206,0.06784630079232801,0.14797155103296222,ok
q007609,3.09863000000000000,3600.00000000000000000,-0.62217292550665348,0.06376216748915817,0.14344871929875233,ok
q007610,3.09863000000000000,3800.00000000000000000,-0.56810570423637763,0.06003636826938764,0.13919458670596091,ok
q007611,3.09863000000000000,4000.00000000000000000,-0.51681240984882715,0.05662795283928824,0.13518564273566586,ok
q007612,3.09863000000000000,4100.00000000000000000,-0.49211979725845556,0.05504345705876254,0.13328092266109268,ok
q007613,3.09863000000000000,4200.00000000000000000,-0.46802224567939515,0.05350180885663162,0.13140121232110366,ok
q007614,3.09863000000000000,4300.00000000000000000,-0.44449174826920096,0.05203046894605556,0.12958180032373062,ok
q007615,3.09863000000000000,4400.00000000000000000,-0.42150223004450227,0.05059654148374206,0.12778372830055759,ok
q007616,3.09863000000000000,4500.00000000000000000,-0.39902937419244361,0.04921616417385599,0.12602857351345714,ok
q007617,3.09863000000000000,4700.00000000000000000,-0.35554426225270480,0.04655865658004579,0.12257879835583906,ok
q007618,3.09863000000000000,5000.00000000000000000,-0.29366885853461722,0.04279864058615723,0.11752496397356538,ok
q007619,3.09863000000000000,5200.00000000000000000,-0.25444814538133592,0.04041680332485321,0.11420789312528415,ok
q007620,3.09863000000000000,5300.00000000000000000,-0.23539995041064155,0.03925997252502469,0.11256156820089086,ok
q007621,3.09863000000000000,5500.00000000000000000,-0.19835867873029245,0.03701023393110627,0.10928889991491682,ok
q007622,3.09863000000000000,5600.00000000000000000,-0.18034017322761409,0.03591577534382324,0.10766083964286556,ok
q007623,3.09863000000000000,5700.00000000000000000,-0.16264059612821322,0.03484066885678536,0.10603723173317557,ok
q007624,3.09863000000000000,5800.00000000000000000,-0.14524885341634397,0.03378459012375568,0.10441778265037156,ok
q007625,3.09863000000000000,5900.00000000000000000,-0.12815442005704394,0.03274774594328463,0.10280301353202649,ok
q007626,3.09863000000000000,6000.00000000000000000,-0.11134730174066264,0.03172832854286243,0.10119026571919019,ok
q007627,3.09863000000000000,6100.00000000000000000,-0.09481799978945214,0.03073397201632590,0.09959200715165130,ok
q007628,3.09863000000000000,6200.00000000000000000,-0.07855747891767177,0.02976396429418825,0.09800777431610672,ok
q007629,3.09863000000000000,6400.00000000000000000,-0.04680878060309147,0.02789395864220850,0.09487902555973562,ok
q007630,3.09863000000000000,6500.00000000000000000,-0.03130459406712627,0.02700523345372010,0.09335532761422854,ok
q007631,3.09863000000000000,6800.00000000000000000,0.01381584121334325,0.02451030874729907,0.08893844466386672,ok
q007632,3.09863000000000000,7000.00000000000000000,0.04280337808659565,0.02299459393724494,0.08614459067366487,ok
q007633,3.09863000000000000,7200.00000000000000000,0.07097425505329187,0.02162320076115754,0.08353627963226096,ok
q007634,3.09863000000000000,7400.00000000000000000,0.09837322924140642,0.02039161105006197,0.08112242204451668,ok
q007635,3.09863000000000000,7600.00000000000000000,0.12504147632356763,0.01924857257990632,0.07881600248554778,ok
q007636,3.09863000000000000,8000.00000000000000000,0.17633477071111817,0.01738907617257352,0.07491234538009653,ok
q007637,3.09863000000000000,8200.00000000000000000,0.20102738330148975,0.01665652171710812,0.07331744077961855,ok
q007638,3.09863000000000000,8400.00000000000000000,0.22512493488055016,0.01598898376225188,0.07183325895538230,ok
q007639,3.09863000000000000,8600.00000000000000000,0.24865543229074438,0.01546401228992725,0.07064415462713501,ok
q007640,3.09863000000000000,8800.00000000000000000,0.27164495051544302,0.01500439254296337,0.06958639663176704,ok
q007641,3.09863000000000000,9000.00000000000000000,0.29411780636750168,0.01467411238515075,0.06881625901122880,ok
q007642,3.09863000000000000,9200.00000000000000000,0.31609671308627701,0.01439295304127059,0.06815380284333214,ok
q007643,3.09863000000000000,9600.00000000000000000,0.35865632750507292,0.01410787935937422,0.06747548393126425,ok
q007644,3.09863000000000000,10000.00000000000000000,0.39947832202532807,0.01413038714429624,0.06752928785100829,ok
q007645,3.09863000000000000,12000.00000000000000000,0.58179987881928263,0.01709227024530014,0.07427027205772201,ok
q007646,5.11232899999999990,400.00000000000000000,-2.89064027800716472,0.18873853484278041,0.19214137412982302,ok
q007647,5.11232899999999990,1600.00000000000000000,-1.50434591688727393,0.10288390663127406,0.14186142758159065,ok
q007648,5.11232899999999990,2000.00000000000000000,-1.28120236557306422,0.09069756333331311,0.13319515034486246,ok
q007649,5.11232899999999990,2200.00000000000000000,-1.18589218576873945,0.08563039246114075,0.12942094597273041,ok
q007650,5.11232899999999990,2400.00000000000000000,-1.09888080877910976,0.08107620239479134,0.12593234825757638,ok
q007651,5.11232899999999990,2600.00000000000000000,-1.01883810110557338,0.07694587813966891,0.12268268798057716,ok
q007652,5.11232899999999990,2800.00000000000000000,-0.94473012895185138,0.07317780928460711,0.11964107444618277,ok
q007653,5.11232899999999990,3000.00000000000000000,-0.87573725746489994,0.06971082679133593,0.11677253798260280,ok
q007654,5.11232899999999990,3100.00000000000000000,-0.84294743464190891,0.06808033341757906,0.11539883903270755,ok
q007655,5.11232899999999990,3300.00000000000000000,-0.78042707766057495,0.06499531169163000,0.11275391183400421,ok
q007656,5.11232899999999990,3500.00000000000000000,-0.72158657763764156,0.06212654326182179,0.11023745990230623,ok
q007657,5.11232899999999990,3600.00000000000000000,-0.69341570067094516,0.06076162932102992,0.10901978170872463,ok
q007658,5.11232899999999990,4000.00000000000000000,-0.58805518501311904,0.05572054818003205,0.10439946973762908,ok
q007659,5.11232899999999990,5000.00000000000000000,-0.36491163369890928,0.04529257884259199,0.09412481316086166,ok
q007660,5.11232899999999990,5100.00000000000000000,-0.34510900640272946,0.04438404580577147,0.09317599656040654,ok
q007661,5.11232899999999990,5200.00000000000000000,-0.32569092054562798,0.04349398650348377,0.09223700874786946,ok
q007662,5.11232899999999990,5300.00000000000000000,-0.30664272557493338,0.04262346649463098,0.09130929429694790,ok
q007663,5.11232899999999990,5400.00000000000000000,-0.28795059256278094,0.04177236059365128,0.09039306486002502,ok
q007664,5.11232899999999990,5500.00000000000000000,-0.26960145389458434,0.04093687219924259,0.08948452377791245,ok
q007665,5.11232899999999990,5600.00000000000000000,-0.25158294839190609,0.04012148077435037,0.08858885311255618,ok
q007666,5.11232899999999990,5675.00000000000000000,-0.23827898276554321,0.03951975483343018,0.08792203337869717,ok
q007667,5.11232899999999990,5700.00000000000000000,-0.23388337129250508,0.03932094543149575,0.08770060278099397,ok
q007668,5.11232899999999990,5800.00000000000000000,-0.21649162858063598,0.03853576711270909,0.08682056484418485,ok
q007669,5.11232899999999990,5900.00000000000000000,-0.19939719522133581,0.03776779469785126,0.08595109540970265,ok
q007670,5.11232899999999990,6000.00000000000000000,-0.18259007690495463,0.03701272999527015,0.08508757808716098,ok
q007671,5.11232899999999990,6100.00000000000000000,-0.16606077495374399,0.03627280399095230,0.08423278637780744,ok
q007672,5.11232899999999990,6200.00000000000000000,-0.14980025408196362,0.03554757738586202,0.08338647337238707,ok
q007673,5.11232899999999990,6300.00000000000000000,-0.13379991273552255,0.03483395490559429,0.08254523252971573,ok
q007674,5.11232899999999990,6400.00000000000000000,-0.11805155576738334,0.03413645131567403,0.08171462433329502,ok
q007675,5.11232899999999990,6500.00000000000000000,-0.10254736923141815,0.03345316310151231,0.08089267490371535,ok
q007676,5.11232899999999990,6600.00000000000000000,-0.08727989710062965,0.03278030717690054,0.08007503037846045,ok
q007677,5.11232899999999990,6700.00000000000000000,-0.07224201973608919,0.03212424474128545,0.07926967280770005,ok
q007678,5.11232899999999990,6800.00000000000000000,-0.05742693395094850,0.03148359375397117,0.07847525806910770,ok
q007679,5.11232899999999990,7000.00000000000000000,-0.02843939707769621,0.03023559995732105,0.07690417152479932,ok
q007680,5.11232899999999990,7200.00000000000000000,-0.00026852011099989,0.02904916926327513,0.07538023051341954,ok
q007681,5.11232899999999990,8000.00000000000000000,0.10509199554682630,0.02482268003447663,0.06968109026677563,ok
q007682,5.11232899999999990,8600.00000000000000000,0.17741265712645252,0.02222386488498633,0.06593262952739193,ok
q007683,5.11232899999999990,8800.00000000000000000,0.20040217535115115,0.02144054221512089,0.06476024523860838,ok
q007684,5.11232899999999990,9200.00000000000000000,0.24485393792198498,0.02005645633929477,0.06263508972049929,ok
q007685,5.11232899999999990,10000.00000000000000000,0.32823554686103606,0.01782867083907296,0.05905410420893253,ok
