time_to_expiry,forward,discount_factor,log_moneyness,strike,fitted_total_variance,fitted_iv,is_tail
0.01917800000000000,6000.40035987728151667,0.99910111551591096,-0.40000000000000002,4022.18864546520626391,0.70257676889438636,6.05264546272317361,true
0.01917800000000000,6000.40035987728151667,0.99910111551591096,-0.39191919191919194,4054.82285779452513452,0.68192756210678573,5.96303646167779799,true
0.01917800000000000,6000.40035987728151667,0.99910111551591096,-0.38383838383838381,4087.72184930459025054,0.66127835531844126,5.87206016566039057,true
0.01917800000000000,6000.40035987728151667,0.99910111551591096,-0.37575757575757579,4120.88776829344806174,0.64062914852860953,5.77965200811386648,true
0.01917800000000000,6000.40035987728151667,0.99910111551591096,-0.36767676767676771,4154.32278048945772753,0.61997994173654603,5.68574217499680401,true
0.01917800000000000,6000.40035987728151667,0.99910111551591096,-0.35959595959595958,4188.02906919271663355,0.59933350421136122,5.59026790272936935,true
0.01917800000000000,6000.40035987728151667,0.99910111551591096,-0.35151515151515150,4222.00883541762777895,0.57870877678925470,5.49323751531735560,true
0.01917800000000000,6000.40035987728151667,0.99910111551591096,-0.34343434343434348,4256.26429803662176710,0.55813055371938169,5.39468687277409487,true
0.01917800000000000,6000.40035987728151667,0.99910111551591096,-0.33535353535353535,4290.79769392505932046,0.53762363732456908,5.29465321438318703,true
0.01917800000000000,6000.40035987728151667,0.99910111551591096,-0.32727272727272727,4325.61127810728703480,0.51721298927500614,5.19317615664654220,true
0.01917800000000000,6000.40035987728151667,0.99910111551591096,-0.31919191919191919,4360.70732390389639477,0.49692495815311150,5.09030432800338861,true
0.01917800000000000,6000.40035987728151667,0.99910111551591096,-0.31111111111111112,4396.08812308017149917,0.47678660665355688,4.98609290587647891,true
0.01917800000000000,6000.40035987728151667,0.99910111551591096,-0.30303030303030304,4431.75598599573640968,0.45682500337276810,4.88060067788718044,false
0.01917800000000000,6000.40035987728151667,0.99910111551591096,-0.29494949494949496,4467.71324175542667945,0.43706697748376799,4.77388925723093571,false
0.01917800000000000,6000.40035987728151667,0.99910111551591096,-0.28686868686868688,4503.96223836137596663,0.41753610774745437,4.66600674294394580,false
0.01917800000000000,6000.40035987728151667,0.99910111551591096,-0.27878787878787881,4540.50534286634137970,0.39825363040614670,4.55699145871136224,false
0.01917800000000000,6000.40035987728151667,0.99910111551591096,-0.27070707070707067,4577.34494152827119251,0.37924072998670905,4.44688429751739545,false
0.01917800000000000,6000.40035987728151667,0.99910111551591096,-0.26262626262626265,4614.48343996612584306,0.36052010856324823,4.33573858569609971,false
0.01917800000000000,6000.40035987728151667,0.99910111551591096,-0.25454545454545452,4651.92326331696858688,0.34214937179644178,4.22382791734446705,false
0.01917800000000000,6000.40035987728151667,0.99910111551591096,-0.24646464646464644,4689.66685639432034804,0.32422102893353894,4.11167645227309020,false
0.01917800000000000,6000.40035987728151667,0.99910111551591096,-0.23838383838383842,4727.71668384781150962,0.30682910676903136,3.99987685419620842,false
0.01917800000000000,6000.40035987728151667,0.99910111551591096,-0.23030303030303029,4766.07523032411882014,0.29006618379882859,3.88908014895378162,false
0.01917800000000000,6000.40035987728151667,0.99910111551591096,-0.22222222222222224,4804.74500062921470089,0.27395923595716143,3.77956062595186681,false
0.01917800000000000,6000.40035987728151667,0.99910111551591096,-0.21414141414141413,4843.72851989192986366,0.25844421093036957,3.67097770690013903,false
0.01917800000000000,6000.40035987728151667,0.99910111551591096,-0.20606060606060603,4883.02833372884470009,0.24345035131876708,3.56289928206327078,false
0.01917800000000000,6000.40035987728151667,0.99910111551591096,-0.19797979797979798,4922.64700841051308089,0.22890704683738095,3.45483987996140041,false
0.01917800000000000,6000.40035987728151667,0.99910111551591096,-0.18989898989898987,4962.58713102904675907,0.21476148808151913,3.34638993329319101,false
0.01917800000000000,6000.40035987728151667,0.99910111551591096,-0.18181818181818182,5002.85130966704764433,0.20099543760406025,3.23736332620767975,false
0.01917800000000000,6000.40035987728151667,0.99910111551591096,-0.17373737373737372,5043.44217356791250495,0.18759463005513566,3.12758084109249879,false
0.01917800000000000,6000.40035987728151667,0.99910111551591096,-0.16565656565656561,5084.36237330753101560,0.17454480818611551,3.01683675459322975,false
0.01917800000000000,6000.40035987728151667,0.99910111551591096,-0.15757575757575759,5125.61458096735441359,0.16183758814652716,2.90494585233023761,false
0.01917800000000000,6000.40035987728151667,0.99910111551591096,-0.14949494949494949,5167.20149030889660935,0.14948081286728843,2.79184349050337666,false
0.01917800000000000,6000.40035987728151667,0.99910111551591096,-0.14141414141414141,5209.12581694962591428,0.13748510400423863,2.67747957250985635,false
0.01917800000000000,6000.40035987728151667,0.99910111551591096,-0.13333333333333330,5251.39029854029740818,0.12586108321321707,2.56179324069132885,false
0.01917800000000000,6000.40035987728151667,0.99910111551591096,-0.12525252525252520,5293.99769494372230838,0.11462020673374460,2.44471893673272689,false
0.01917800000000000,6000.40035987728151667,0.99910111551591096,-0.11717171717171716,5336.95078841498434485,0.10377726914006924,2.32621291170620381,false
0.01917800000000000,6000.40035987728151667,0.99910111551591096,-0.10909090909090907,5380.25238378312405985,0.09334789959012058,2.20622914798096215,false
0.01917800000000000,6000.40035987728151667,0.99910111551591096,-0.10101010101010098,5423.90530863429012243,0.08334772724182833,2.08470795568537115,false
0.01917800000000000,6000.40035987728151667,0.99910111551591096,-0.09292929292929289,5467.91241349637857638,0.07379588219120173,1.96161786136297089,false
0.01917800000000000,6000.40035987728151667,0.99910111551591096,-0.08484848484848485,5512.27657202517912083,0.06473193878781607,1.83720513347366610,false
0.01917800000000000,6000.40035987728151667,0.99910111551591096,-0.07676767676767676,5557.00068119201660011,0.05620287132325125,1.71189685731989827,false
0.01917800000000000,6000.40035987728151667,0.99910111551591096,-0.06868686868686866,5602.08766147292681126,0.04825566429590391,1.58625313031210791,false
0.01917800000000000,6000.40035987728151667,0.99910111551591096,-0.06060606060606057,5647.54045703936208156,0.04093930382156562,1.46106174387542254,false
0.01917800000000000,6000.40035987728151667,0.99910111551591096,-0.05252525252525247,5693.36203595044389658,0.03432019750076210,1.33774467853296786,false
0.01917800000000000,6000.40035987728151667,0.99910111551591096,-0.04444444444444443,5739.55539034677894961,0.02847372314530773,1.21848579857288231,false
0.01917800000000000,6000.40035987728151667,0.99910111551591096,-0.03636363636363634,5786.12353664584497892,0.02347533270099443,1.10637975643524156,false
0.01917800000000000,6000.40035987728151667,0.99910111551591096,-0.02828282828282825,5833.06951573895912588,0.01939173991992331,1.00555708832210033,false
0.01917800000000000,6000.40035987728151667,0.99910111551591096,-0.02020202020202016,5880.39639318985155114,0.01617102883664845,0.91826317590753048,false
0.01917800000000000,6000.40035987728151667,0.99910111551591096,-0.01212121212121206,5928.10725943484430900,0.01367578899865252,0.84445116389634278,false
0.01917800000000000,6000.40035987728151667,0.99910111551591096,-0.00404040404040402,5976.20522998465639830,0.01176672250358101,0.78329634242565549,false
0.01917800000000000,6000.40035987728151667,0.99910111551591096,0.00404040404040407,6024.69344562784590380,0.01031159915766873,0.73326567226984862,false
0.01917800000000000,6000.40035987728151667,0.99910111551591096,0.01212121212121216,6073.57507263590377988,0.00934074606470621,0.69789345536366176,false
0.01917800000000000,6000.40035987728151667,0.99910111551591096,0.02020202020202026,6122.85330297000928113,0.00904704762603964,0.68683399280762769,false
0.01917800000000000,6000.40035987728151667,0.99910111551591096,0.02828282828282830,6172.53135448946613906,0.00963045595160456,0.70863364373025184,false
0.01917800000000000,6000.40035987728151667,0.99910111551591096,0.03636363636363640,6222.61247116182767058,0.01128697080323151,0.76716193106264408,false
0.01917800000000000,6000.40035987728151667,0.99910111551591096,0.04444444444444449,6273.09992327472446050,0.01403356521191982,0.85542581334430834,false
0.01917800000000000,6000.40035987728151667,0.99910111551591096,0.05252525252525258,6323.99700764941917441,0.01763879981110500,0.95903147001054734,false
0.01917800000000000,6000.40035987728151667,0.99910111551591096,0.06060606060606067,6375.30704785608395468,0.02185293732632894,1.06746403810247137,false
0.01917800000000000,6000.40035987728151667,0.99910111551591096,0.06868686868686877,6427.03339443082950311,0.02642689084056443,1.17387371529302809,false
0.01917800000000000,6000.40035987728151667,0.99910111551591096,0.07676767676767680,6479.17942509449585486,0.03119026668592320,1.27528686582720741,false
0.01917800000000000,6000.40035987728151667,0.99910111551591096,0.08484848484848485,6531.74854497321575764,0.03612550519077875,1.37247773364650483,false
0.01917800000000000,6000.40035987728151667,0.99910111551591096,0.09292929292929299,6584.74418682077157428,0.04123260633413892,1.46628616442134341,false
0.01917800000000000,6000.40035987728151667,0.99910111551591096,0.10101010101010104,6638.16981124274570902,0.04651156145841131,1.55732337636467433,false
0.01917800000000000,6000.40035987728151667,0.99910111551591096,0.10909090909090918,6692.02890692251094151,0.05195610037094997,1.64594991721804562,false
0.01917800000000000,6000.40035987728151667,0.99910111551591096,0.11717171717171722,6746.32499084902337927,0.05754265376916012,1.73218106275958461,false
0.01917800000000000,6000.40035987728151667,0.99910111551591096,0.12525252525252525,6801.06160854650079273,0.06324468999662176,1.81597713885689060,false
0.01917800000000000,6000.40035987728151667,0.99910111551591096,0.13333333333333341,6856.24233430592448713,0.06903567739691492,1.89729620557634204,false
0.01917800000000000,6000.40035987728151667,0.99910111551591096,0.14141414141414144,6911.87077141845747974,0.07489280741949458,1.97614313616796644,false
0.01917800000000000,6000.40035987728151667,0.99910111551591096,0.14949494949494960,6967.95055241072805075,0.08080816393731713,2.05270226929976873,false
0.01917800000000000,6000.40035987728151667,0.99910111551591096,0.15757575757575765,7024.48533928203505639,0.08677755392921382,2.12716924337193625,false
0.01917800000000000,6000.40035987728151667,0.99910111551591096,0.16565656565656567,7081.47882374347864243,0.09279678437401620,2.19970684598205235,false
0.01917800000000000,6000.40035987728151667,0.99910111551591096,0.17373737373737383,7138.93472745902727183,0.09886185438936014,2.27045406097439129,false
0.01917800000000000,6000.40035987728151667,0.99910111551591096,0.18181818181818185,7196.85680228853925655,0.10496988511627790,2.33954123314309159,false
0.01917800000000000,6000.40035987728151667,0.99910111551591096,0.18989898989899001,7255.24883053275971179,0.11111840382009693,2.40708452032780018,false
0.01917800000000000,6000.40035987728151667,0.99910111551591096,0.19797979797979806,7314.11462518030566571,0.11730493832631583,2.47318435533541425,false
0.01917800000000000,6000.40035987728151667,0.99910111551591096,0.20606060606060608,7373.45803015665387647,0.12352706023518076,2.53792857656691506,false
0.01917800000000000,6000.40035987728151667,0.99910111551591096,0.21414141414141424,7433.28292057514590851,0.12978272214936845,2.60139788253073601,true
0.01917800000000000,6000.40035987728151667,0.99910111551591096,0.22222222222222227,7493.59320299002956745,0.13607007284727501,2.66366529006927122,true
0.01917800000000000,6000.40035987728151667,0.99910111551591096,0.23030303030303031,7554.39281565156761644,0.14238726272858371,2.72479550035407270,true
0.01917800000000000,6000.40035987728151667,0.99910111551591096,0.23838383838383848,7615.68572876319103671,0.14873245463599097,2.78484620255481596,true
0.01917800000000000,6000.40035987728151667,0.99910111551591096,0.24646464646464650,7677.47594474075958715,0.15510398033853870,2.84387048759626504,true
0.01917800000000000,6000.40035987728151667,0.99910111551591096,0.25454545454545463,7739.76749847392147785,0.16150029334770946,2.90191709307579737,true
0.01917800000000000,6000.40035987728151667,0.99910111551591096,0.26262626262626271,7802.56445758958398073,0.16791984986267627,2.95902995387786039,true
0.01917800000000000,6000.40035987728151667,0.99910111551591096,0.27070707070707073,7865.87092271753226669,0.17436110962069590,3.01524881141828915,true
0.01917800000000000,6000.40035987728151667,0.99910111551591096,0.27878787878787886,7929.69102775820283568,0.18082261373494576,3.07061038307879075,true
0.01917800000000000,6000.40035987728151667,0.99910111551591096,0.28686868686868694,7994.02894015261881577,0.18730298469452358,3.12514873726355669,true
0.01917800000000000,6000.40035987728151667,0.99910111551591096,0.29494949494949507,8058.88886115453260572,0.19380084852661095,3.17889497587292835,true
0.01917800000000000,6000.40035987728151667,0.99910111551591096,0.30303030303030309,8124.27502610475403344,0.20031483212087348,3.23187754088840062,true
0.01917800000000000,6000.40035987728151667,0.99910111551591096,0.31111111111111117,8190.19170470773406123,0.20684360143432043,3.28412280280669844,true
0.01917800000000000,6000.40035987728151667,0.99910111551591096,0.31919191919191930,8256.64320131036220118,0.21338587663269559,3.33565540291223073,true
0.01917800000000000,6000.40035987728151667,0.99910111551591096,0.32727272727272733,8323.63385518304494326,0.21994038187472520,3.38649805288477390,true
0.01917800000000000,6000.40035987728151667,0.99910111551591096,0.33535353535353546,8391.16804080305519165,0.22650584145655994,3.43667169663188776,true
0.01917800000000000,6000.40035987728151667,0.99910111551591096,0.34343434343434354,8459.25016814019727462,0.23308099630264956,3.48619580339582180,true
0.01917800000000000,6000.40035987728151667,0.99910111551591096,0.35151515151515156,8527.88468294475751463,0.23966461963207572,3.53508862429329618,true
0.01917800000000000,6000.40035987728151667,0.99910111551591096,0.35959595959595969,8597.07606703782585100,0.24625548837436717,3.58336710117010071,true
0.01917800000000000,6000.40035987728151667,0.99910111551591096,0.36767676767676777,8666.82883860395668307,0.25285237946639200,3.63104695725023330,true
0.01917800000000000,6000.40035987728151667,0.99910111551591096,0.37575757575757590,8737.14755248619803751,0.25945407516637492,3.67814284073147713,true
0.01917800000000000,6000.40035987728151667,0.99910111551591096,0.38383838383838392,8808.03680048352725862,0.26605937243416228,3.72466848252735439,true
0.01917800000000000,6000.40035987728151667,0.99910111551591096,0.39191919191919200,8879.50121165069322160,0.27266707074715257,3.77063669033952431,true
0.01917800000000000,6000.40035987728151667,0.99910111551591096,0.40000000000000013,8951.54545260049599165,0.27927596958274442,3.81605940667639087,true
0.02191800000000000,6001.32892959686523682,0.99897370877009006,-0.45000000000000001,3826.61627265312472446,0.73405334388689336,5.78713148023658341,true
0.02191800000000000,6001.32892959686523682,0.99897370877009006,-0.44141414141414137,3859.61250663360351609,0.71485624551455740,5.71095708441956340,true
0.02191800000000000,6001.32892959686523682,0.99897370877009006,-0.43282828282828284,3892.89326129222672535,0.69565914713714261,5.63375282297573055,true
0.02191800000000000,6001.32892959686523682,0.99897370877009006,-0.42424242424242425,3926.46099000038157101,0.67646204874956961,5.55547576002528842,true
0.02191800000000000,6001.32892959686523682,0.99897370877009006,-0.41565656565656561,3960.31816728443891407,0.65726495034675902,5.47607989070419787,true
0.02191800000000000,6001.32892959686523682,0.99897370877009006,-0.40707070707070708,3994.46728900817515751,0.63806785192422510,5.39551582498108928,true
0.02191800000000000,6001.32892959686523682,0.99897370877009006,-0.39848484848484844,4028.91087255675483902,0.61887075348093867,5.31373042832631892,true
0.02191800000000000,6001.32892959686523682,0.99897370877009006,-0.38989898989898986,4063.65145702231120595,0.59967365501712444,5.23066641177623559,true
0.02191800000000000,6001.32892959686523682,0.99897370877009006,-0.38131313131313133,4098.69160339111840585,0.58047655653300823,5.14626186243188322,true
0.02191800000000000,6001.32892959686523682,0.99897370877009006,-0.37272727272727268,4134.03389473237984930,0.56127998809447421,5.06045209297309384,true
0.02191800000000000,6001.32892959686523682,0.99897370877009006,-0.36414141414141415,4169.68093638864775130,0.54208909330184119,4.97318795860963547,true
0.02191800000000000,6001.32892959686523682,0.99897370877009006,-0.35555555555555557,4205.63535616788340121,0.52291139123485941,4.88442662662518590,true
0.02191800000000000,6001.32892959686523682,0.99897370877009006,-0.34696969696969693,4241.89980453716725606,0.50375442060534126,4.79412080924837269,true
0.02191800000000000,6001.32892959686523682,0.99897370877009006,-0.33838383838383840,4278.47695481808932527,0.48462672246489757,4.70222295750419050,true
0.02191800000000000,6001.32892959686523682,0.99897370877009006,-0.32979797979797976,4315.36950338381939218,0.46555044563024600,4.60874746835181170,false
0.02191800000000000,6001.32892959686523682,0.99897370877009006,-0.32121212121212117,4352.58016985787162412,0.44655754581069546,4.51375783079106085,false
0.02191800000000000,6001.32892959686523682,0.99897370877009006,-0.31262626262626264,4390.11169731459358445,0.42768019522095158,4.41732251148780453,false
0.02191800000000000,6001.32892959686523682,0.99897370877009006,-0.30404040404040400,4427.96685248138055613,0.40895140476925956,4.31951902217797468,false
0.02191800000000000,6001.32892959686523682,0.99897370877009006,-0.29545454545454541,4466.14842594261972408,0.39042347531528632,4.22053494219061687,false
0.02191800000000000,6001.32892959686523682,0.99897370877009006,-0.28686868686868688,4504.65923234541969578,0.37216799767012038,4.12068153568756834,false
0.02191800000000000,6001.32892959686523682,0.99897370877009006,-0.27828282828282824,4543.50211060709170852,0.35425740133839007,4.02030502712226756,false
0.02191800000000000,6001.32892959686523682,0.99897370877009006,-0.26969696969696966,4582.67992412442345085,0.33676360312139547,3.91978378883904055,false
0.02191800000000000,6001.32892959686523682,0.99897370877009006,-0.26111111111111107,4622.19556098477005435,0.31973529625855396,3.81939723629110084,false
0.02191800000000000,6001.32892959686523682,0.99897370877009006,-0.25252525252525249,4662.05193417894952290,0.30318894963563192,3.71925729003403305,false
0.02191800000000000,6001.32892959686523682,0.99897370877009006,-0.24393939393939387,4702.25198181598625524,0.28713865851187492,3.61947325787482210,false
0.02191800000000000,6001.32892959686523682,0.99897370877009006,-0.23535353535353531,4742.79866733969447523,0.27159836824698069,3.52016578090523335,false
0.02191800000000000,6001.32892959686523682,0.99897370877009006,-0.22676767676767673,4783.69497974714249722,0.25656388635537319,3.42134840242061689,false
0.02191800000000000,6001.32892959686523682,0.99897370877009006,-0.21818181818181814,4824.94393380898782198,0.24199579395776255,3.32279422939637792,false
0.02191800000000000,6001.32892959686523682,0.99897370877009006,-0.20959595959595953,4866.54857029172399052,0.22785062488707028,3.22421987448542957,false
0.02191800000000000,6001.32892959686523682,0.99897370877009006,-0.20101010101010094,4908.51195618183282932,0.21408492712535057,3.12530627845095310,false
0.02191800000000000,6001.32892959686523682,0.99897370877009006,-0.19242424242424236,4950.83718491187755717,0.20066550677548631,3.02576992481248164,false
0.02191800000000000,6001.32892959686523682,0.99897370877009006,-0.18383838383838380,4993.52737658854312031,0.18758751065211418,2.92550940619004995,false
0.02191800000000000,6001.32892959686523682,0.99897370877009006,-0.17525252525252519,5036.58567822264012648,0.17485093872220758,2.82444760546877660,false
0.02191800000000000,6001.32892959686523682,0.99897370877009006,-0.16666666666666657,5080.01526396109784400,0.16245579095274026,2.72249529060905093,false
0.02191800000000000,6001.32892959686523682,0.99897370877009006,-0.15808080808080804,5123.81933532094808470,0.15040466799105970,2.61957113536814123,false
0.02191800000000000,6001.32892959686523682,0.99897370877009006,-0.14949494949494943,5168.00112142534180748,0.13871057320600877,2.51567377200364328,false
0.02191800000000000,6001.32892959686523682,0.99897370877009006,-0.14090909090909082,5212.56387924158389069,0.12738911064680442,2.41082502840499036,false
0.02191800000000000,6001.32892959686523682,0.99897370877009006,-0.13232323232323226,5257.51089382122972893,0.11645588436266360,2.30504950772879003,false
0.02191800000000000,6001.32892959686523682,0.99897370877009006,-0.12373737373737366,5302.84547854225365882,0.10592217725406368,2.19833051461045237,false
0.02191800000000000,6001.32892959686523682,0.99897370877009006,-0.11515151515151506,5348.57097535330194660,0.09577403822461654,2.09037132097167344,false
0.02191800000000000,6001.32892959686523682,0.99897370877009006,-0.10656565656565650,5394.69075502005034650,0.08598838255450542,1.98070331604081495,false
0.02191800000000000,6001.32892959686523682,0.99897370877009006,-0.09797979797979790,5441.20821737369078619,0.07654211292581203,1.86874378807285968,false
0.02191800000000000,6001.32892959686523682,0.99897370877009006,-0.08939393939393929,5488.12679156155627425,0.06742211640590226,1.75388344683498598,false
0.02191800000000000,6001.32892959686523682,0.99897370877009006,-0.08080808080808075,5535.44993629990858608,0.05870218119331556,1.63654012542885074,false
0.02191800000000000,6001.32892959686523682,0.99897370877009006,-0.07222222222222213,5583.18114012891055609,0.05050084032434481,1.51791985265767249,false
0.02191800000000000,6001.32892959686523682,0.99897370877009006,-0.06363636363636353,5631.32392166978479509,0.04293699662733053,1.39963685648021485,false
0.02191800000000000,6001.32892959686523682,0.99897370877009006,-0.05505050505050497,5679.88182988420157926,0.03612471476229552,1.28381294957343761,false
0.02191800000000000,6001.32892959686523682,0.99897370877009006,-0.04646464646464637,5728.85844433590136759,0.03011237641618167,1.17211993954040516,false
0.02191800000000000,6001.32892959686523682,0.99897370877009006,-0.03787878787878776,5778.25737545456559019,0.02490102663711075,1.06587963647329009,false
0.02191800000000000,6001.32892959686523682,0.99897370877009006,-0.02929292929292921,5828.08226480197208730,0.02049066542884789,0.96689111589926324,false
0.02191800000000000,6001.32892959686523682,0.99897370877009006,-0.02070707070707061,5878.33678534044065600,0.01688027446423925,0.87758520017591990,false
0.02191800000000000,6001.32892959686523682,0.99897370877009006,-0.01212121212121206,5929.02464170359507989,0.01404541380499646,0.80051008595112871,false
0.02191800000000000,6001.32892959686523682,0.99897370877009006,-0.00353535353535345,5980.14957046945710317,0.01193822190169643,0.73802209204371161,false
0.02191800000000000,6001.32892959686523682,0.99897370877009006,0.00505050505050516,6031.71534043589781504,0.01050981887399724,0.69246392718038585,false
0.02191800000000000,6001.32892959686523682,0.99897370877009006,0.01363636363636371,6083.72575289846736268,0.00971264057606921,0.66568412092287088,false
0.02191800000000000,6001.32892959686523682,0.99897370877009006,0.02222222222222232,6136.18464193061026890,0.00955872076239788,0.66038838481399620,false
0.02191800000000000,6001.32892959686523682,0.99897370877009006,0.03080808080808092,6189.09587466631001007,0.01014278953811059,0.68026518617371923,false
0.02191800000000000,6001.32892959686523682,0.99897370877009006,0.03939393939393947,6242.46335158515921648,0.01156566837181743,0.72641517211089446,false
0.02191800000000000,6001.32892959686523682,0.99897370877009006,0.04797979797979808,6296.29100679989551281,0.01392757856481963,0.79714503819445648,false
0.02191800000000000,6001.32892959686523682,0.99897370877009006,0.05656565656565663,6350.58280834641209367,0.01725612117404354,0.88730132404887663,false
0.02191800000000000,6001.32892959686523682,0.99897370877009006,0.06515151515151529,6405.34275847627486655,0.02143785793882813,0.98898620320966546,false
0.02191800000000000,6001.32892959686523682,0.99897370877009006,0.07373737373737385,6460.57489395175434765,0.02634314608117236,1.09630995770706163,false
0.02191800000000000,6001.32892959686523682,0.99897370877009006,0.08232323232323240,6516.28328634340596182,0.03184237505531076,1.20531972934015164,false
0.02191800000000000,6001.32892959686523682,0.99897370877009006,0.09090909090909106,6572.47204233021875552,0.03782930268618562,1.31375295737913755,false
0.02191800000000000,6001.32892959686523682,0.99897370877009006,0.09949494949494961,6629.14530400234434637,0.04426224796636281,1.42107262069910134,false
0.02191800000000000,6001.32892959686523682,0.99897370877009006,0.10808080808080817,6686.30724916644521727,0.05111058554517080,1.52705601121009349,false
0.02191800000000000,6001.32892959686523682,0.99897370877009006,0.11666666666666682,6743.96209165367054084,0.05834369007193814,1.63153534066564387,false
0.02191800000000000,6001.32892959686523682,0.99897370877009006,0.12525252525252537,6802.11408163028772833,0.06593208862916343,1.73439477127033670,true
0.02191800000000000,6001.32892959686523682,0.99897370877009006,0.13383838383838392,6860.76750591099698795,0.07385091803202748,1.83559762823938133,true
0.02191800000000000,6001.32892959686523682,0.99897370877009006,0.14242424242424259,6919.92668827493616845,0.08207646752888154,1.93512430216437337,true
0.02191800000000000,6001.32892959686523682,0.99897370877009006,0.15101010101010115,6979.59598978443227679,0.09058502636807650,2.03295490976040139,true
0.02191800000000000,6001.32892959686523682,0.99897370877009006,0.15959595959595968,7039.77980910647329438,0.09935349211197138,2.12907571828218911,true
0.02191800000000000,6001.32892959686523682,0.99897370877009006,0.16818181818181835,7100.48258283697941806,0.10836231466390869,2.22350789219457257,true
0.02191800000000000,6001.32892959686523682,0.99897370877009006,0.17676767676767691,7161.70878582784280297,0.11759322972214498,2.31627808370701782,true
0.02191800000000000,6001.32892959686523682,0.99897370877009006,0.18535353535353546,7223.46293151681948075,0.12702797475844727,2.40740537443293601,true
0.02191800000000000,6001.32892959686523682,0.99897370877009006,0.19393939393939411,7285.74957226023343537,0.13664725308214157,2.49689334377831784,true
0.02191800000000000,6001.32892959686523682,0.99897370877009006,0.20252525252525266,7348.57329966857196268,0.14642276695908479,2.58466250955627119,true
0.02191800000000000,6001.32892959686523682,0.99897370877009006,0.21111111111111122,7411.93874494496776606,0.15632158407530575,2.67060103113034897,true
0.02191800000000000,6001.32892959686523682,0.99897370877009006,0.21969696969696989,7475.85057922659507312,0.16631073381452049,2.75460720185386476,true
0.02191800000000000,6001.32892959686523682,0.99897370877009006,0.22828282828282842,7540.31351392901615327,0.17635814326882412,2.83659476869337723,true
0.02191800000000000,6001.32892959686523682,0.99897370877009006,0.23686868686868698,7605.33230109349551640,0.18644392681927016,2.91657842854757909,true
0.02191800000000000,6001.32892959686523682,0.99897370877009006,0.24545454545454565,7670.91173373731089669,0.19655698202569535,2.99463417404802268,true
0.02191800000000000,6001.32892959686523682,0.99897370877009006,0.25404040404040418,7737.05664620706829737,0.20668640035294611,3.07082798341729957,true
0.02191800000000000,6001.32892959686523682,0.99897370877009006,0.26262626262626276,7803.77191453510204155,0.21682150052623742,3.14521770360313146,true
0.02191800000000000,6001.32892959686523682,0.99897370877009006,0.27121212121212140,7871.06245679889707390,0.22695682825925542,3.21788978753158039,true
0.02191800000000000,6001.32892959686523682,0.99897370877009006,0.27979797979797993,7938.93323348365538550,0.23709215625415644,3.28895651815128565,true
0.02191800000000000,6001.32892959686523682,0.99897370877009006,0.28838383838383852,8007.38924784796017775,0.24722748447346576,3.35851980522940430,true
0.02191800000000000,6001.32892959686523682,0.99897370877009006,0.29696969696969716,8076.43554629261143418,0.25736281287987522,3.42667121190272006,true
0.02191800000000000,6001.32892959686523682,0.99897370877009006,0.30555555555555575,8146.07721873262380541,0.26749814144362744,3.49349336825279444,true
0.02191800000000000,6001.32892959686523682,0.99897370877009006,0.31414141414141428,8216.31939897244956228,0.27763347014544326,3.55906114584573396,true
0.02191800000000000,6001.32892959686523682,0.99897370877009006,0.32272727272727292,8287.16726508442843624,0.28776879896681556,3.62344264079976330,true
0.02191800000000000,6001.32892959686523682,0.99897370877009006,0.33131313131313150,8358.62603979049526970,0.29790412788925308,3.68670000231565265,true
0.02191800000000000,6001.32892959686523682,0.99897370877009006,0.33989898989899003,8430.70099084719731763,0.30803945689626566,3.74889013533888615,true
0.02191800000000000,6001.32892959686523682,0.99897370877009006,0.34848484848484873,8503.39743143400846748,0.31817478597524901,3.81006529995114729,true
0.02191800000000000,6001.32892959686523682,0.99897370877009006,0.35707070707070726,8576.72072054500858940,0.32831011511404484,3.87027362542641917,true
0.02191800000000000,6001.32892959686523682,0.99897370877009006,0.36565656565656579,8650.67626338393165497,0.33844544430049611,3.92955955338828700,true
0.02191800000000000,6001.32892959686523682,0.99897370877009006,0.37424242424242449,8725.26951176263355592,0.34858077352319761,3.98796422165907227,true
0.02191800000000000,6001.32892959686523682,0.99897370877009006,0.38282828282828302,8800.50596450296870898,0.35871610277281979,4.04552579822064562,true
0.02191800000000000,6001.32892959686523682,0.99897370877009006,0.39141414141414155,8876.39116784215912048,0.36885143204038928,4.10227977297058288,true
0.02191800000000000,6001.32892959686523682,0.99897370877009006,0.40000000000000013,8952.93071584165409149,0.37898676131693210,4.15825921363588868,true
0.02465800000000000,6002.10531306553821196,0.99884631827135228,-0.45000000000000001,3827.11131660920409558,0.66993941705165549,5.21241326547615103,true
0.02465800000000000,6002.10531306553821196,0.99884631827135228,-0.44141414141414143,3860.11181926598646896,0.65287546779268502,5.14560270323343971,true
0.02465800000000000,6002.10531306553821196,0.99884631827135228,-0.43282828282828278,3893.39687940895328211,0.63581151853459117,5.07791318446567796,true
0.02465800000000000,6002.10531306553821196,0.99884631827135228,-0.42424242424242425,3926.96895072687857464,0.61874756927825114,5.00930907795561886,true
0.02465800000000000,6002.10531306553821196,0.99884631827135228,-0.41565656565656567,3960.83050806626170015,0.60168362002454168,4.93975227801085826,true
0.02465800000000000,6002.10531306553821196,0.99884631827135228,-0.40707070707070703,3994.98404761376423266,0.58461967077453458,4.86920195698314551,true
0.02465800000000000,6002.10531306553821196,0.99884631827135228,-0.39848484848484850,4029.43208708022211795,0.56755572153043632,4.79761428502783804,true
0.02465800000000000,6002.10531306553821196,0.99884631827135228,-0.38989898989898991,4064.17716588624671203,0.55049177229486546,4.72494211163096356,true
0.02465800000000000,6002.10531306553821196,0.99884631827135228,-0.38131313131313127,4099.22184534942334722,0.53342782307044057,4.65113460233910914,true
0.02465800000000000,6002.10531306553821196,0.99884631827135228,-0.37272727272727274,4134.56870887312288687,0.51636524807541628,4.57614291204643209,true
0.02465800000000000,6002.10531306553821196,0.99884631827135228,-0.36414141414141410,4170.22036213694991602,0.49931738229376565,4.49996792687701230,true
0.02465800000000000,6002.10531306553821196,0.99884631827135228,-0.35555555555555551,4206.17943328881756315,0.48230371923138515,4.42263788009507142,false
0.02465800000000000,6002.10531306553821196,0.99884631827135228,-0.34696969696969698,4242.44857313869579230,0.46534380329104630,4.34418231629424145,false
0.02465800000000000,6002.10531306553821196,0.99884631827135228,-0.33838383838383834,4279.03045535401906818,0.44845812497386994,4.26463654572546602,false
0.02465800000000000,6002.10531306553821196,0.99884631827135228,-0.32979797979797976,4315.92777665678022458,0.43168001901216246,4.18409994040596001,false
0.02465800000000000,6002.10531306553821196,0.99884631827135228,-0.32121212121212123,4353.14325702233054471,0.41505207676447692,4.10272465725996138,false
0.02465800000000000,6002.10531306553821196,0.99884631827135228,-0.31262626262626259,4390.67963987988423469,0.39861709394660977,4.02067560794636769,false
0.02465800000000000,6002.10531306553821196,0.99884631827135228,-0.30404040404040400,4428.53969231476185087,0.38241697469695290,3.93812644768495845,false
0.02465800000000000,6002.10531306553821196,0.99884631827135228,-0.29545454545454547,4466.72620527236722410,0.36647311687358602,3.85515759986307938,false
0.02465800000000000,6002.10531306553821196,0.99884631827135228,-0.28686868686868683,4505.24199376393698913,0.35078641205427752,3.77174616160241571,false
0.02465800000000000,6002.10531306553821196,0.99884631827135228,-0.27828282828282824,4544.08989707404543879,0.33535686023939132,3.68786210172126738,false
0.02465800000000000,6002.10531306553821196,0.99884631827135228,-0.26969696969696971,4583.27277896991654416,0.32018446142928475,3.60347241435880639,false
0.02465800000000000,6002.10531306553821196,0.99884631827135228,-0.26111111111111107,4622.79352791253222676,0.30526921562403447,3.51854071836099624,false
0.02465800000000000,6002.10531306553821196,0.99884631827135228,-0.25252525252525249,4662.65505726956052968,0.29061112282332796,3.43302678673756034,false
0.02465800000000000,6002.10531306553821196,0.99884631827135228,-0.24393939393939393,4702.86030553012369637,0.27621018302682393,3.34688599090422478,false
0.02465800000000000,6002.10531306553821196,0.99884631827135228,-0.23535353535353534,4743.41223652141525235,0.26206638037415808,3.26006854168905269,false
0.02465800000000000,6002.10531306553821196,0.99884631827135228,-0.22676767676767676,4784.31383962718246039,0.24817777994219459,3.17250652154664703,false
0.02465800000000000,6002.10531306553821196,0.99884631827135228,-0.21818181818181814,4825.56813000810143421,0.23453871970241461,3.08409928698353752,false
0.02465800000000000,6002.10531306553821196,0.99884631827135228,-0.20959595959595959,4867.17814882404491073,0.22114310940568074,2.99473074847936438,false
0.02465800000000000,6002.10531306553821196,0.99884631827135228,-0.20101010101010100,4909.14696345826541801,0.20798486078535891,2.90426965907615742,false
0.02465800000000000,6002.10531306553821196,0.99884631827135228,-0.19242424242424239,4951.47766774352112407,0.19505932288951988,2.81257707162372705,false
0.02465800000000000,6002.10531306553821196,0.99884631827135228,-0.18383838383838383,4994.17338219014072820,0.18236581571982824,2.71952335387616984,false
0.02465800000000000,6002.10531306553821196,0.99884631827135228,-0.17525252525252524,5037.23725421605740848,0.16990433927649154,2.62496375555967010,false
0.02465800000000000,6002.10531306553821196,0.99884631827135228,-0.16666666666666666,5080.67245837883638160,0.15767489355971764,2.52872934910085645,false
0.02465800000000000,6002.10531306553821196,0.99884631827135228,-0.15808080808080804,5124.48219660968607059,0.14569299596399712,2.43075066305692999,false
0.02465800000000000,6002.10531306553821196,0.99884631827135228,-0.14949494949494949,5168.66969844950290280,0.13403623346095364,2.33148262617345248,false
0.02465800000000000,6002.10531306553821196,0.99884631827135228,-0.14090909090909090,5213.23822128694064304,0.12279771041649368,2.23159926948314302,false
0.02465800000000000,6002.10531306553821196,0.99884631827135228,-0.13232323232323229,5258.19105059853882267,0.11207053119652363,2.13189981099994519,false
0.02465800000000000,6002.10531306553821196,0.99884631827135228,-0.12373737373737372,5303.53150019091845024,0.10192690076120756,2.03313157637723396,false
0.02465800000000000,6002.10531306553821196,0.99884631827135228,-0.11515151515151516,5349.26291244506955991,0.09231697885291598,1.93491489388076254,false
0.02465800000000000,6002.10531306553821196,0.99884631827135228,-0.10656565656565653,5395.38865856273787358,0.08314675008526312,1.83630034281794452,false
0.02465800000000000,6002.10531306553821196,0.99884631827135228,-0.09797979797979796,5441.91213881494695670,0.07432213814065122,1.73612173220031374,false
0.02465800000000000,6002.10531306553821196,0.99884631827135228,-0.08939393939393940,5488.83678279265404854,0.06576448457231862,1.63311506935791728,false
0.02465800000000000,6002.10531306553821196,0.99884631827135228,-0.08080808080808077,5536.16604965957139939,0.05752932351300544,1.52744545118144193,false
0.02465800000000000,6002.10531306553821196,0.99884631827135228,-0.07222222222222220,5583.90342840716584760,0.04974128399808909,1.42029831480185886,false
0.02465800000000000,6002.10531306553821196,0.99884631827135228,-0.06363636363636364,5632.05243811186119274,0.04252556609520003,1.31324612401369878,false
0.02465800000000000,6002.10531306553821196,0.99884631827135228,-0.05505050505050502,5680.61662819445336936,0.03600224017179052,1.20833077939717337,false
0.02465800000000000,6002.10531306553821196,0.99884631827135228,-0.04646464646464645,5729.59957868176388729,0.03022173578569344,1.10708451969001143,false
0.02465800000000000,6002.10531306553821196,0.99884631827135228,-0.03787878787878789,5779.00490047055154719,0.02518429350819801,1.01061551662887661,false
0.02465800000000000,6002.10531306553821196,0.99884631827135228,-0.02929292929292926,5828.83623559369789291,0.02088904589535495,0.92040798539189073,false
0.02465800000000000,6002.10531306553821196,0.99884631827135228,-0.02070707070707069,5879.09725748868731898,0.01733446442172350,0.83844830256615144,false
0.02465800000000000,6002.10531306553821196,0.99884631827135228,-0.01212121212121207,5929.79167126840820856,0.01450381568755662,0.76694145308168737,false
0.02465800000000000,6002.10531306553821196,0.99884631827135228,-0.00353535353535350,5980.92321399427692086,0.01236516141880130,0.70814300725789447,false
0.02465800000000000,6002.10531306553821196,0.99884631827135228,0.00505050505050506,6032.49565495173101226,0.01088590225991287,0.66443620829471040,false
0.02465800000000000,6002.10531306553821196,0.99884631827135228,0.01363636363636369,6084.51279592808532470,0.01003471119387105,0.63793071752963482,false
0.02465800000000000,6002.10531306553821196,0.99884631827135228,0.02222222222222225,6136.97847149279641599,0.00983789342644379,0.63164364734867662,false
0.02465800000000000,6002.10531306553821196,0.99884631827135228,0.03080808080808082,6189.89654928013169410,0.01040172299583703,0.64949186811552651,false
0.02465800000000000,6002.10531306553821196,0.99884631827135228,0.03939393939393945,6243.27093027428327332,0.01183836439638797,0.69289420286518555,false
0.02465800000000000,6002.10531306553821196,0.99884631827135228,0.04797979797979801,6297.10554909693837544,0.01425928765901651,0.76044882124026481,false
0.02465800000000000,6002.10531306553821196,0.99884631827135228,0.05656565656565658,6351.40437429733356112,0.01769193274115318,0.84704935424733607,false
0.02465800000000000,6002.10531306553821196,0.99884631827135228,0.06515151515151520,6406.17140864479551965,0.02200054069717053,0.94457784079136531,false
0.02465800000000000,6002.10531306553821196,0.99884631827135228,0.07373737373737377,6461.41068942382753448,0.02703060206917478,1.04700543338209284,false
0.02465800000000000,6002.10531306553821196,0.99884631827135228,0.08232323232323234,6517.12628873171797750,0.03262764820584434,1.15030752650827361,false
0.02465800000000000,6002.10531306553821196,0.99884631827135228,0.09090909090909095,6573.32231377873176825,0.03866679522067011,1.25224747618514187,false
0.02465800000000000,6002.10531306553821196,0.99884631827135228,0.09949494949494953,6630.00290719087570324,0.04510489479116887,1.35248641937971881,false
0.02465800000000000,6002.10531306553821196,0.99884631827135228,0.10808080808080815,6687.17224731529131532,0.05191279524910676,1.45096949821687460,false
0.02465800000000000,6002.10531306553821196,0.99884631827135228,0.11666666666666665,6744.83454852826343995,0.05906134492624966,1.54764996439444125,false
0.02465800000000000,6002.10531306553821196,0.99884631827135228,0.12525252525252528,6802.99406154589632933,0.06652148516233679,1.64248739092849783,true
0.02465800000000000,6002.10531306553821196,0.99884631827135228,0.13383838383838390,6861.65507373746913800,0.07426452932899875,1.73544874766935076,true
0.02465800000000000,6002.10531306553821196,0.99884631827135228,0.14242424242424243,6920.82190944148533163,0.08226188380583904,1.82650304771641236,true
0.02465800000000000,6002.10531306553821196,0.99884631827135228,0.15101010101010104,6980.49893028445330856,0.09048495497246158,1.91561956131508104,true
0.02465800000000000,6002.10531306553821196,0.99884631827135228,0.15959595959595965,7040.69053550241096673,0.09890480316687067,2.00276395888607039,true
0.02465800000000000,6002.10531306553821196,0.99884631827135228,0.16818181818181815,7101.40116226523241494,0.10749046796519636,2.08788249281512295,true
0.02465800000000000,6002.10531306553821196,0.99884631827135228,0.17676767676767680,7162.63528600371955690,0.11621025751453283,2.17091744054018099,true
0.02465800000000000,6002.10531306553821196,0.99884631827135228,0.18535353535353541,7224.39742073952129431,0.12503247895310640,2.25181390598499043,true
0.02465800000000000,6002.10531306553821196,0.99884631827135228,0.19393939393939391,7286.69211941789581033,0.13392659710051980,2.33052890062051254,true
0.02465800000000000,6002.10531306553821196,0.99884631827135228,0.20252525252525255,7349.52397424333958043,0.14287215289206123,2.40710408767435347,true
0.02465800000000000,6002.10531306553821196,0.99884631827135228,0.21111111111111117,7412.89761701811949024,0.15185387539066889,2.48161277284801907,true
0.02465800000000000,6002.10531306553821196,0.99884631827135228,0.21969696969696967,7476.81771948370533210,0.16085653653636897,2.55411491171637905,true
0.02465800000000000,6002.10531306553821196,0.99884631827135228,0.22828282828282831,7541.28899366516998271,0.16986552790025419,2.62466392721194230,true
0.02465800000000000,6002.10531306553821196,0.99884631827135228,0.23686868686868692,7606.31619221854452917,0.17887465316477213,2.69336664969239648,true
0.02465800000000000,6002.10531306553821196,0.99884631827135228,0.24545454545454543,7671.90410878116745153,0.18788377848272170,2.76035995672842960,true
0.02465800000000000,6002.10531306553821196,0.99884631827135228,0.25404040404040407,7738.05757832506606064,0.19689290384721256,2.82576543145955128,true
0.02465800000000000,6002.10531306553821196,0.99884631827135228,0.26262626262626271,7804.78147751337019145,0.20590202925142420,2.88969089318644290,true
0.02465800000000000,6002.10531306553821196,0.99884631827135228,0.27121212121212118,7872.08072505981544964,0.21491115469015018,2.95223248476424338,true
0.02465800000000000,6002.10531306553821196,0.99884631827135228,0.27979797979797982,7939.96028209133419296,0.22392028015979826,3.01347636979019518,true
0.02465800000000000,6002.10531306553821196,0.99884631827135228,0.28838383838383846,8008.42515251377517416,0.23292940565684608,3.07350012519630811,true
0.02465800000000000,6002.10531306553821196,0.99884631827135228,0.29696969696969694,8077.48038338077913068,0.24193853117778177,3.13237389352681150,true
0.02465800000000000,6002.10531306553821196,0.99884631827135228,0.30555555555555558,8147.13106526584124367,0.25094765671957264,3.19016134371926219,true
0.02465800000000000,6002.10531306553821196,0.99884631827135228,0.31414141414141422,8217.38233263756410452,0.25995678227984992,3.24692047790252669,true
0.02465800000000000,6002.10531306553821196,0.99884631827135228,0.32272727272727270,8288.23936423816667229,0.26896590785629387,3.30270431333785819,true
0.02465800000000000,6002.10531306553821196,0.99884631827135228,0.33131313131313134,8359.70738346524376539,0.27797503344658664,3.35756146234433794,true
0.02465800000000000,6002.10531306553821196,0.99884631827135228,0.33989898989898998,8431.79165875682338083,0.28698415904861330,3.41153662826226611,true
0.02465800000000000,6002.10531306553821196,0.99884631827135228,0.34848484848484845,8504.49750397973366489,0.29599328466065300,3.46467103184939784,true
0.02465800000000000,6002.10531306553821196,0.99884631827135228,0.35707070707070709,8577.83027882134410902,0.30500241028103092,3.51700277967416808,true
0.02465800000000000,6002.10531306553821196,0.99884631827135228,0.36565656565656574,8651.79538918465550523,0.31401153590807157,3.56856718387162797,true
0.02465800000000000,6002.10531306553821196,0.99884631827135228,0.37424242424242421,8726.39828758680778265,0.32302066154019665,3.61939704088696779,true
0.02465800000000000,6002.10531306553821196,0.99884631827135228,0.38282828282828285,8801.64447356103664788,0.33202978717609449,3.66952287545808842,true
0.02465800000000000,6002.10531306553821196,0.99884631827135228,0.39141414141414149,8877.53949406207357242,0.34103891281449883,3.71897315499059644,true
0.02465800000000000,6002.10531306553821196,0.99884631827135228,0.40000000000000008,8954.08894387505824852,0.35004803845414367,3.76777447860425019,true
0.02739700000000000,6002.09628030749263417,0.99871899050161661,-0.45000000000000001,3827.10555706838749757,0.61778763045540708,4.74862745764692562,true
0.02739700000000000,6002.09628030749263417,0.99871899050161661,-0.44141414141414137,3860.10601006167007654,0.60243003053176558,4.68923288065404442,true
0.02739700000000000,6002.09628030749263417,0.99871899050161661,-0.43282828282828278,3893.39102011289742222,0.58707496105048740,4.62908626496843834,true
0.02739700000000000,6002.09628030749263417,0.99871899050161661,-0.42424242424242425,3926.96304090715148050,0.57172495245393629,4.56816801486977830,true
0.02739700000000000,6002.09628030749263417,0.99871899050161661,-0.41565656565656567,3960.82454728720631465,0.55638253518447600,4.50645708530662237,true
0.02739700000000000,6002.09628030749263417,0.99871899050161661,-0.40707070707070703,3994.97803543596728559,0.54104995764010499,4.44392968719341308,true
0.02739700000000000,6002.09628030749263417,0.99871899050161661,-0.39848484848484844,4029.42602306048138416,0.52572782117840478,4.38055336354502067,true
0.02739700000000000,6002.09628030749263417,0.99871899050161661,-0.38989898989898991,4064.17104957753872441,0.51041613099904359,4.31629074205386498,true
0.02739700000000000,6002.09628030749263417,0.99871899050161661,-0.38131313131313133,4099.21567630086883582,0.49511489147940208,4.25110164801052282,true
0.02739700000000000,6002.09628030749263417,0.99871899050161661,-0.37272727272727274,4134.56248662995676568,0.47982626372178278,4.18495221086007607,true
0.02739700000000000,6002.09628030749263417,0.99871899050161661,-0.36414141414141410,4170.21408624048308411,0.46457118032317218,4.11788892193353551,true
0.02739700000000000,6002.09628030749263417,0.99871899050161661,-0.35555555555555551,4206.17310327640734613,0.44938023920335241,4.05000426604721397,false
0.02739700000000000,6002.09628030749263417,0.99871899050161661,-0.34696969696969698,4242.44218854371047200,0.43428411816080609,3.98139685315568537,false
0.02739700000000000,6002.09628030749263417,0.99871899050161661,-0.33838383838383840,4279.02401570580241241,0.41931224671186595,3.91216594776933446,false
0.02739700000000000,6002.09628030749263417,0.99871899050161661,-0.32979797979797981,4315.92128148061874526,0.40447710769439688,3.84233713833325519,false
0.02739700000000000,6002.09628030749263417,0.99871899050161661,-0.32121212121212117,4353.13670583941529912,0.38977897075370843,3.77187852265319634,false
0.02739700000000000,6002.09628030749263417,0.99871899050161661,-0.31262626262626264,4390.67303220727990265,0.37521783590616614,3.70075412836298678,false
0.02739700000000000,6002.09628030749263417,0.99871899050161661,-0.30404040404040406,4428.53302766536762647,0.36079370316780296,3.62892480936570161,false
0.02739700000000000,6002.09628030749263417,0.99871899050161661,-0.29545454545454547,4466.71948315488316439,0.34650657254700823,3.55634785282054189,false
0.02739700000000000,6002.09628030749263417,0.99871899050161661,-0.28686868686868688,4505.23521368282490585,0.33235644404452835,3.48297652207376940,false
0.02739700000000000,6002.09628030749263417,0.99871899050161661,-0.27828282828282830,4544.08305852949524706,0.31834331766077739,3.40875952235009461,false
0.02739700000000000,6002.09628030749263417,0.99871899050161661,-0.26969696969696971,4583.26588145780897321,0.30446719339616674,3.33364037262005164,false
0.02739700000000000,6002.09628030749263417,0.99871899050161661,-0.26111111111111113,4622.78657092439971166,0.29072807125098854,3.25755666283450740,false
0.02739700000000000,6002.09628030749263417,0.99871899050161661,-0.25252525252525254,4662.64804029255265050,0.27712595122537009,3.18043916999877396,false
0.02739700000000000,6002.09628030749263417,0.99871899050161661,-0.24393939393939393,4702.85322804696716048,0.26366083331942686,3.10221079899828434,false
0.02739700000000000,6002.09628030749263417,0.99871899050161661,-0.23535353535353537,4743.40509801037478610,0.25033277326900794,3.02278564043707121,false
0.02739700000000000,6002.09628030749263417,0.99871899050161661,-0.22676767676767676,4784.30663956202624831,0.23714857083379348,2.94210894894828856,false
0.02739700000000000,6002.09628030749263417,0.99871899050161661,-0.21818181818181820,4825.56086785805928230,0.22412812367098625,2.86020178154552474,false
0.02739700000000000,6002.09628030749263417,0.99871899050161661,-0.20959595959595959,4867.17082405377004761,0.21129283430261050,2.77709591453583204,false
0.02739700000000000,6002.09628030749263417,0.99871899050161661,-0.20101010101010103,4909.13957552779538673,0.19866411526825187,2.69282548538288902,false
0.02739700000000000,6002.09628030749263417,0.99871899050161661,-0.19242424242424241,4951.47021610823594528,0.18627064183914457,2.60747828698293072,false
0.02739700000000000,6002.09628030749263417,0.99871899050161661,-0.18383838383838386,4994.16586630072379194,0.17416115446099759,2.52129778661316317,false
0.02739700000000000,6002.09628030749263417,0.99871899050161661,-0.17525252525252527,5037.22967351845818484,0.16238782960290671,2.43458663617069515,false
0.02739700000000000,6002.09628030749263417,0.99871899050161661,-0.16666666666666666,5080.66481231422494602,0.15100284373396800,2.34769166566296006,false
0.02739700000000000,6002.09628030749263417,0.99871899050161661,-0.15808080808080810,5124.47448461441490508,0.14004522677498923,2.26090675137892871,false
0.02739700000000000,6002.09628030749263417,0.99871899050161661,-0.14949494949494949,5168.66191995506324020,0.12950142245362678,2.17413128044334325,false
0.02739700000000000,6002.09628030749263417,0.99871899050161661,-0.14090909090909093,5213.23037571992153971,0.11934472794924914,2.08713295056284087,false
0.02739700000000000,6002.09628030749263417,0.99871899050161661,-0.13232323232323231,5258.18313738058623130,0.10954844044122464,1.99963898301350684,false
0.02739700000000000,6002.09628030749263417,0.99871899050161661,-0.12373737373737373,5303.52351873868974508,0.10008883857470431,1.91135483731074673,false
0.02739700000000000,6002.09628030749263417,0.99871899050161661,-0.11515151515151520,5349.25486217019260948,0.09095961171193150,1.82210245815939120,false
0.02739700000000000,6002.09628030749263417,0.99871899050161661,-0.10656565656565660,5395.38053887176738499,0.08216075114719719,1.73173205386509155,false
0.02739700000000000,6002.09628030749263417,0.99871899050161661,-0.09797979797979800,5441.90394910931991035,0.07369225686711263,1.64005881866548719,false
0.02739700000000000,6002.09628030749263417,0.99871899050161661,-0.08939393939393940,5488.82852246864695189,0.06556007012091841,1.54692123024535455,false
0.02739700000000000,6002.09628030749263417,0.99871899050161661,-0.08080808080808079,5536.15771810825390276,0.05782184314740608,1.45276196425804982,false
0.02739700000000000,6002.09628030749263417,0.99871899050161661,-0.07222222222222226,5583.89502501435708837,0.05056185384381726,1.35850108494204336,false
0.02739700000000000,6002.09628030749263417,0.99871899050161661,-0.06363636363636366,5632.04396225808704912,0.04386460015415736,1.26533517923961303,false
0.02739700000000000,6002.09628030749263417,0.99871899050161661,-0.05505050505050506,5680.60807925489370973,0.03781052033199723,1.17477534151869967,false
0.02739700000000000,6002.09628030749263417,0.99871899050161661,-0.04646464646464646,5729.59095602621346188,0.03242493827356509,1.08789773896230013,false
0.02739700000000000,6002.09628030749263417,0.99871899050161661,-0.03787878787878786,5778.99620346337087540,0.02769345786387539,1.00539584981697261,false
0.02739700000000000,6002.09628030749263417,0.99871899050161661,-0.02929292929292933,5828.82746359376415057,0.02360080609480871,0.92813663116901923,false
0.02739700000000000,6002.09628030749263417,0.99871899050161661,-0.02070707070707073,5879.08840984935341112,0.02013202814589385,0.85721992987342699,false
0.02739700000000000,6002.09628030749263417,0.99871899050161661,-0.01212121212121213,5929.78274733744910918,0.01727948751257177,0.79417081659305888,false
0.02739700000000000,6002.09628030749263417,0.99871899050161661,-0.00353535353535353,5980.91421311384237924,0.01504286600619552,0.74099245973861139,false
0.02739700000000000,6002.09628030749263417,0.99871899050161661,0.00505050505050500,6032.48657645829916873,0.01342216362576648,0.69993830193805551,false
0.02739700000000000,6002.09628030749263417,0.99871899050161661,0.01363636363636360,6084.50363915241359791,0.01241788195578936,0.67324363890629257,false
0.02739700000000000,6002.09628030749263417,0.99871899050161661,0.02222222222222220,6136.96923575987057120,0.01205324254634595,0.66328540798300795,false
0.02739700000000000,6002.09628030749263417,0.99871899050161661,0.03080808080808080,6189.88723390911764000,0.01238299252526481,0.67229719694166157,false
0.02739700000000000,6002.09628030749263417,0.99871899050161661,0.03939393939393940,6243.26153457847613026,0.01346420117548256,0.70103353105341848,false
0.02739700000000000,6002.09628030749263417,0.99871899050161661,0.04797979797979793,6297.09607238371154381,0.01535359900128453,0.74860649707166982,false
0.02739700000000000,6002.09628030749263417,0.99871899050161661,0.05656565656565653,6351.39481586808597058,0.01806692429015477,0.81206465343355627,false
0.02739700000000000,6002.09628030749263417,0.99871899050161661,0.06515151515151514,6406.16176779490797344,0.02154030234653340,0.88669527167977202,true
0.02739700000000000,6002.09628030749263417,0.99871899050161661,0.07373737373737374,6461.40096544259995426,0.02570071145127675,0.96854782007805851,true
0.02739700000000000,6002.09628030749263417,0.99871899050161661,0.08232323232323227,6517.11648090232392860,0.03047513065274151,1.05468139083659218,true
0.02739700000000000,6002.09628030749263417,0.99871899050161661,0.09090909090909087,6573.31242137816298055,0.03579109543708538,1.14297305048450748,true
0.02739700000000000,6002.09628030749263417,0.99871899050161661,0.09949494949494947,6629.99292948989022989,0.04157767859379682,1.23190896005776329,true
0.02739700000000000,6002.09628030749263417,0.99871899050161661,0.10808080808080807,6687.16218357835805364,0.04776421616500663,1.32038269165497613,true
0.02739700000000000,6002.09628030749263417,0.99871899050161661,0.11666666666666667,6744.82439801350938069,0.05428004419284563,1.40756542825653264,true
0.02739700000000000,6002.09628030749263417,0.99871899050161661,0.12525252525252520,6802.98382350505107752,0.06106120622800583,1.49290160442562914,true
0.02739700000000000,6002.09628030749263417,0.99871899050161661,0.13383838383838381,6861.64474741581398121,0.06807057585542436,1.57626127987063169,true
0.02739700000000000,6002.09628030749263417,0.99871899050161661,0.14242424242424240,6920.81149407778866589,0.07527773416859945,1.65760773404209827,true
0.02739700000000000,6002.09628030749263417,0.99871899050161661,0.15101010101010101,6980.48842511092061613,0.08265226226102938,1.73690420935403944,true
0.02739700000000000,6002.09628030749263417,0.99871899050161661,0.15959595959595954,7040.67993974462751794,0.09016474395362302,1.81412359535650780,true
0.02739700000000000,6002.09628030749263417,0.99871899050161661,0.16818181818181813,7101.39047514210687950,0.09779161864455949,1.88929298683193303,true
0.02739700000000000,6002.09628030749263417,0.99871899050161661,0.17676767676767674,7162.62450672742579627,0.10551144519957673,1.96244855632593462,true
0.02739700000000000,6002.09628030749263417,0.99871899050161661,0.18535353535353533,7224.38654851543833502,0.11330278540781627,2.03361524273874661,true
0.02739700000000000,6002.09628030749263417,0.99871899050161661,0.19393939393939386,7286.68115344455145532,0.12114570838983396,2.10282200005192932,true
0.02739700000000000,6002.09628030749263417,0.99871899050161661,0.20252525252525252,7349.51291371235129191,0.12903340263219998,2.17019905511746058,true
0.02739700000000000,6002.09628030749263417,0.99871899050161661,0.21111111111111105,7412.88646111413254403,0.13696581169930405,2.23591136236904342,true
0.02739700000000000,6002.09628030749263417,0.99871899050161661,0.21969696969696959,7476.80646738433370047,0.14494293498262562,2.30010160347450832,true
0.02739700000000000,6002.09628030749263417,0.99871899050161661,0.22828282828282825,7541.27764454094176472,0.15296433084159217,2.36289041569932357,true
0.02739700000000000,6002.09628030749263417,0.99871899050161661,0.23686868686868678,7606.30474523282737209,0.16102357018449381,2.42433829058310701,true
0.02739700000000000,6002.09628030749263417,0.99871899050161661,0.24545454545454545,7671.89256309012216661,0.16910990886202459,2.48446580030433717,true
0.02739700000000000,6002.09628030749263417,0.99871899050161661,0.25404040404040401,7738.04593307757204457,0.17721250746195488,2.54328881006111462,true
0.02739700000000000,6002.09628030749263417,0.99871899050161661,0.26262626262626254,7804.76973185097085661,0.18532075239075119,2.60082135542673987,true
0.02739700000000000,6002.09628030749263417,0.99871899050161661,0.27121212121212118,7872.06887811665274057,0.19342922388488115,2.65711003611418572,true
0.02739700000000000,6002.09628030749263417,0.99871899050161661,0.27979797979797971,7939.94833299407855520,0.20153769601081314,2.71223077710114246,true
0.02739700000000000,6002.09628030749263417,0.99871899050161661,0.28838383838383841,8008.41310038157189410,0.20964616865371183,2.76625339608649545,true
0.02739700000000000,6002.09628030749263417,0.99871899050161661,0.29696969696969694,8077.46822732517648546,0.21775464169939737,2.81924102005616595,true
0.02739700000000000,6002.09628030749263417,0.99871899050161661,0.30555555555555547,8147.11880439072319859,0.22586311506340970,2.87125095012498521,true
0.02739700000000000,6002.09628030749263417,0.99871899050161661,0.31414141414141411,8217.36996603909392434,0.23397158870252649,2.92233538767564083,true
0.02739700000000000,6002.09628030749263417,0.99871899050161661,0.32272727272727264,8288.22689100470961421,0.24208006257656253,2.97254204782769760,true
0.02739700000000000,6002.09628030749263417,0.99871899050161661,0.33131313131313134,8359.69480267730614287,0.25018853664537660,3.02191468133292762,true
0.02739700000000000,6002.09628030749263417,0.99871899050161661,0.33989898989898987,8431.77896948697889457,0.25829701087408341,3.07049352095773598,true
0.02739700000000000,6002.09628030749263417,0.99871899050161661,0.34848484848484840,8504.48470529256337613,0.26640548523800694,3.11831566525373471,true
0.02739700000000000,6002.09628030749263417,0.99871899050161661,0.35707070707070704,8577.81736977336368000,0.27451395971364417,3.16541541004776095,true
0.02739700000000000,6002.09628030749263417,0.99871899050161661,0.36565656565656557,8651.78236882424062060,0.28262243427749378,3.21182453620813657,true
0.02739700000000000,6002.09628030749263417,0.99871899050161661,0.37424242424242427,8726.38515495413412282,0.29073090890773351,3.25757256051690236,true
0.02739700000000000,6002.09628030749263417,0.99871899050161661,0.38282828282828280,8801.63122768799803453,0.29883938358717660,3.30268695526424771,true
0.02739700000000000,6002.09628030749263417,0.99871899050161661,0.39141414141414133,8877.52613397221830382,0.30694785829943083,3.34719334116065426,true
0.02739700000000000,6002.09628030749263417,0.99871899050161661,0.40000000000000002,8954.07546858351815899,0.31505633302810365,3.39111565747131438,true
0.03013700000000000,6004.64210017728601088,0.99859166231242147,-0.45000000000000001,3828.72884348632578622,0.57403375263664369,4.36434129649283342,true
0.03013700000000000,6004.64210017728601088,0.99859166231242147,-0.44141414141414143,3861.74329379071741641,0.56007202525066624,4.31093953370107030,true
0.03013700000000000,6004.64210017728601088,0.99859166231242147,-0.43282828282828284,3895.04242184938675564,0.54611029786338716,4.25686790658785608,true
0.03013700000000000,6004.64210017728601088,0.99859166231242147,-0.42424242424242425,3928.62868238815963196,0.53214857047350517,4.20210055626494672,true
0.03013700000000000,6004.64210017728601088,0.99859166231242147,-0.41565656565656561,3962.50455129952661082,0.51818684307971785,4.14660991602261664,true
0.03013700000000000,6004.64210017728601088,0.99859166231242147,-0.40707070707070708,3996.67252582516175607,0.50422511568091599,4.09036654912314912,true
0.03013700000000000,6004.64210017728601088,0.99859166231242147,-0.39848484848484844,4031.13512474001072405,0.49026338827709792,4.03333896623476207,true
0.03013700000000000,6004.64210017728601088,0.99859166231242147,-0.38989898989898991,4065.89488853796956391,0.47630166086866693,3.97549341928227928,true
0.03013700000000000,6004.64210017728601088,0.99859166231242147,-0.38131313131313127,4100.95437961916377390,0.46233993345602614,3.91679366789036143,true
0.03013700000000000,6004.64210017728601088,0.99859166231242147,-0.37272727272727268,4136.31618247883852746,0.44837876218173667,3.85720310595237192,true
0.03013700000000000,6004.64210017728601088,0.99859166231242147,-0.36414141414141415,4171.98290389788598986,0.43442354368491654,3.79670337111040324,true
0.03013700000000000,6004.64210017728601088,0.99859166231242147,-0.35555555555555551,4207.95717313500790624,0.42048216694546453,3.73528532649128531,false
0.03013700000000000,6004.64210017728601088,0.99859166231242147,-0.34696969696969698,4244.24164212053528900,0.40656254154113719,3.67293863288244582,false
0.03013700000000000,6004.64210017728601088,0.99859166231242147,-0.33838383838383834,4280.83898565192794194,0.39267360708844501,3.60965625962552217,false
0.03013700000000000,6004.64210017728601088,0.99859166231242147,-0.32979797979797981,4317.75190159094654518,0.37883828701002104,3.54549537385078439,false
0.03013700000000000,6004.64210017728601088,0.99859166231242147,-0.32121212121212117,4354.98311106254004699,0.36508958262766611,3.48056470192886547,false
0.03013700000000000,6004.64210017728601088,0.99859166231242147,-0.31262626262626259,4392.53535865543017280,0.35146071775155230,3.41498174717356706,false
0.03013700000000000,6004.64210017728601088,0.99859166231242147,-0.30404040404040400,4430.41141262444580207,0.33798422402899719,3.34886935731441548,false
0.03013700000000000,6004.64210017728601088,0.99859166231242147,-0.29545454545454541,4468.61406509458356595,0.32467671336166776,3.28227950876458685,false
0.03013700000000000,6004.64210017728601088,0.99859166231242147,-0.28686868686868688,4507.14613226684014080,0.31153887790558094,3.21518610727319976,false
0.03013700000000000,6004.64210017728601088,0.99859166231242147,-0.27828282828282824,4546.01045462581441825,0.29857071765389886,3.14755695172822225,false
0.03013700000000000,6004.64210017728601088,0.99859166231242147,-0.26969696969696971,4585.20989714910047041,0.28577197776796864,3.07935537045663121,false
0.03013700000000000,6004.64210017728601088,0.99859166231242147,-0.26111111111111107,4624.74734951848677156,0.27313086047170637,3.01047744261302830,false
0.03013700000000000,6004.64210017728601088,0.99859166231242147,-0.25252525252525249,4664.62572633297440916,0.26061955133750020,2.94071872784149013,false
0.03013700000000000,6004.64210017728601088,0.99859166231242147,-0.24393939393939390,4704.84796732363702176,0.24820905616081357,2.86984738774756565,false
0.03013700000000000,6004.64210017728601088,0.99859166231242147,-0.23535353535353531,4745.41703757032701105,0.23587052431815309,2.79760778073435468,false
0.03013700000000000,6004.64210017728601088,0.99859166231242147,-0.22676767676767673,4786.33592772025531303,0.22359247849224934,2.72382113872911047,false
0.03013700000000000,6004.64210017728601088,0.99859166231242147,-0.21818181818181814,4827.60765420845473272,0.21139718291097823,2.64849763055840848,false
0.03013700000000000,6004.64210017728601088,0.99859166231242147,-0.20959595959595959,4869.23525948014048481,0.19931077849038145,2.57167085907434867,false
0.03013700000000000,6004.64210017728601088,0.99859166231242147,-0.20101010101010100,4911.22181221499613457,0.18735942580040396,2.49337593950140324,false
0.03013700000000000,6004.64210017728601088,0.99859166231242147,-0.19242424242424239,4953.57040755338402960,0.17558353449095312,2.41374776414955150,false
0.03013700000000000,6004.64210017728601088,0.99859166231242147,-0.18383838383838380,4996.28416732451569260,0.16406288098043911,2.33321713789719976,false
0.03013700000000000,6004.64210017728601088,0.99859166231242147,-0.17525252525252522,5039.36624027658126579,0.15288398297613698,2.25232462583274762,false
0.03013700000000000,6004.64210017728601088,0.99859166231242147,-0.16666666666666663,5082.81980230886892969,0.14213335818532191,2.17169084013600644,false
0.03013700000000000,6004.64210017728601088,0.99859166231242147,-0.15808080808080804,5126.64805670588248177,0.13187376364047554,2.09184350730787605,false
0.03013700000000000,6004.64210017728601088,0.99859166231242147,-0.14949494949494943,5170.85423437348345033,0.12207291367490664,2.01261009271642077,false
0.03013700000000000,6004.64210017728601088,0.99859166231242147,-0.14090909090909085,5215.44159407705865306,0.11267476194713066,1.93358521021875718,false
0.03013700000000000,6004.64210017728601088,0.99859166231242147,-0.13232323232323229,5260.41342268175321806,0.10362326211566304,1.85429411906975861,false
0.03013700000000000,6004.64210017728601088,0.99859166231242147,-0.12373737373737370,5305.77303539476633887,0.09486974768315293,1.77424611812772670,false
0.03013700000000000,6004.64210017728601088,0.99859166231242147,-0.11515151515151512,5351.52377600974341476,0.08640864786012069,1.69327928569416497,false
0.03013700000000000,6004.64210017728601088,0.99859166231242147,-0.10656565656565649,5397.66901715326821432,0.07824999065299612,1.61135836559110124,false
0.03013700000000000,6004.64210017728601088,0.99859166231242147,-0.09797979797979793,5444.21216053348598507,0.07040382558378978,1.52843903311527374,false
0.03013700000000000,6004.64210017728601088,0.99859166231242147,-0.08939393939393937,5491.15663719087115169,0.06288380586507329,1.44450616625265682,false
0.03013700000000000,6004.64210017728601088,0.99859166231242147,-0.08080808080808075,5538.50590775114778808,0.05573495016430362,1.35992137349721642,false
0.03013700000000000,6004.64210017728601088,0.99859166231242147,-0.07222222222222219,5586.26346268040560972,0.04901842702145343,1.27535085120033220,false
0.03013700000000000,6004.64210017728601088,0.99859166231242147,-0.06363636363636356,5634.43282254240330076,0.04279553844651593,1.19165142984670513,false
0.03013700000000000,6004.64210017728601088,0.99859166231242147,-0.05505050505050501,5683.01753825809646514,0.03712509206431810,1.10989976795976863,false
0.03013700000000000,6004.64210017728601088,0.99859166231242147,-0.04646464646464638,5732.02119136740566319,0.03203203172666738,1.03096099325870560,false
0.03013700000000000,6004.64210017728601088,0.99859166231242147,-0.03787878787878782,5781.44739429323271906,0.02751689622090303,0.95554185272157799,false
0.03013700000000000,6004.64210017728601088,0.99859166231242147,-0.02929292929292927,5831.29979060776167898,0.02357968554716827,0.88454309276977994,false
0.03013700000000000,6004.64210017728601088,0.99859166231242147,-0.02070707070707064,5881.58205530105624348,0.02022039970561695,0.81911496239447801,false
0.03013700000000000,6004.64210017728601088,0.99859166231242147,-0.01212121212121209,5932.29789505196640675,0.01743903869664784,0.76069622601348319,false
0.03013700000000000,6004.64210017728601088,0.99859166231242147,-0.00353535353535346,5983.45104850137795438,0.01523560252090442,0.71101671073613115,false
0.03013700000000000,6004.64210017728601088,0.99859166231242147,0.00505050505050509,6035.04528652781209530,0.01361009117904092,0.67201738494240459,false
0.03013700000000000,6004.64210017728601088,0.99859166231242147,0.01363636363636372,6087.08441252541251743,0.01256306193090455,0.64565087107049124,false
0.03013700000000000,6004.64210017728601088,0.99859166231242147,0.02222222222222228,6139.57226268430895288,0.01212031381386535,0.63417179570835247,false
0.03013700000000000,6004.64210017728601088,0.99859166231242147,0.03080808080808083,6192.51270627342637454,0.01234267063753878,0.63996255110189637,false
0.03013700000000000,6004.64210017728601088,0.99859166231242147,0.03939393939393946,6245.90964592570526293,0.01329353611521192,0.66415623001429847,false
0.03013700000000000,6004.64210017728601088,0.99859166231242147,0.04797979797979801,6299.76701792579933681,0.01503592424073124,0.70634204006992085,false
0.03013700000000000,6004.64210017728601088,0.99859166231242147,0.05656565656565665,6354.08879250024983776,0.01758569295563277,0.76388808147296727,false
0.03013700000000000,6004.64210017728601088,0.99859166231242147,0.06515151515151520,6408.87897411015364924,0.02086711613291567,0.83211089331298782,false
0.03013700000000000,6004.64210017728601088,0.99859166231242147,0.07373737373737382,6464.14160174636981537,0.02479394522068345,0.90703241858523642,false
0.03013700000000000,6004.64210017728601088,0.99859166231242147,0.08232323232323238,6519.88074922725627403,0.02927993254296100,0.98567791717062259,false
0.03013700000000000,6004.64210017728601088,0.99859166231242147,0.09090909090909101,6576.10052549898591678,0.03423946546687943,1.06589267815440980,false
0.03013700000000000,6004.64210017728601088,0.99859166231242147,0.09949494949494957,6632.80507493845107092,0.03958868583038511,1.14613436305659744,false
0.03013700000000000,6004.64210017728601088,0.99859166231242147,0.10808080808080811,6689.99857765876276972,0.04524403591250784,1.22526678362758301,false
0.03013700000000000,6004.64210017728601088,0.99859166231242147,0.11666666666666675,6747.68524981741393276,0.05112195799227742,1.30242801879578818,false
0.03013700000000000,6004.64210017728601088,0.99859166231242147,0.12525252525252531,6805.86934392707371444,0.05715282056941513,1.37711061236820065,false
0.03013700000000000,6004.64210017728601088,0.99859166231242147,0.13383838383838392,6864.55514916907395673,0.06332269702640911,1.44953829354017549,false
0.03013700000000000,6004.64210017728601088,0.99859166231242147,0.14242424242424248,6923.74699170959502226,0.06963158696643895,1.52003342338378666,false
0.03013700000000000,6004.64210017728601088,0.99859166231242147,0.15101010101010112,6983.44923501858829695,0.07607948999268445,1.58885325213605610,false
0.03013700000000000,6004.64210017728601088,0.99859166231242147,0.15959595959595965,7043.66628019142626727,0.08266521005952047,1.65619465140646915,false
0.03013700000000000,6004.64210017728601088,0.99859166231242147,0.16818181818181829,7104.40256627335111261,0.08938056895060539,1.72215226963579093,false
0.03013700000000000,6004.64210017728601088,0.99859166231242147,0.17676767676767685,7165.66257058670271363,0.09621486120358155,1.78677994718773792,false
0.03013700000000000,6004.64210017728601088,0.99859166231242147,0.18535353535353541,7227.45080906097973639,0.10315737787023491,1.85012102326250139,true
0.03013700000000000,6004.64210017728601088,0.99859166231242147,0.19393939393939402,7289.77183656574015913,0.11019719247933239,1.91220855110829668,true
0.03013700000000000,6004.64210017728601088,0.99859166231242147,0.20252525252525258,7352.63024724637489271,0.11732148530373503,1.97305307192987689,true
0.03013700000000000,6004.64210017728601088,0.99859166231242147,0.21111111111111122,7416.03067486277723219,0.12451646179092270,2.03265361479840401,true
0.03013700000000000,6004.64210017728601088,0.99859166231242147,0.21969696969696978,7479.97779313092814846,0.13176831933196695,2.09100703652169839,true
0.03013700000000000,6004.64210017728601088,0.99859166231242147,0.22828282828282839,7544.47631606743652810,0.13906344835421625,2.14810985789429454,true
0.03013700000000000,6004.64210017728601088,0.99859166231242147,0.23686868686868703,7609.53099833704163757,0.14639085994551132,2.20397656299509048,true
0.03013700000000000,6004.64210017728601088,0.99859166231242147,0.24545454545454551,7675.14663560310782486,0.15374145386062377,2.25863203071791840,true
0.03013700000000000,6004.64210017728601088,0.99859166231242147,0.25404040404040412,7741.32806488116239052,0.16110617155016144,2.31209715679082928,true
0.03013700000000000,6004.64210017728601088,0.99859166231242147,0.26262626262626276,7808.08016489545843797,0.16847614049789678,2.36439043326415632,true
0.03013700000000000,6004.64210017728601088,0.99859166231242147,0.27121212121212124,7875.40785643861727294,0.17584676695040144,2.41555641552328160,true
0.03013700000000000,6004.64210017728601088,0.99859166231242147,0.27979797979797988,7943.31610273439309822,0.18321773591704604,2.46566316383180295,true
0.03013700000000000,6004.64210017728601088,0.99859166231242147,0.28838383838383852,8011.80990980353271880,0.19058891844036627,2.51477314375949002,true
0.03013700000000000,6004.64210017728601088,0.99859166231242147,0.29696969696969711,8080.89432683281393111,0.19796018669242929,2.56294282735787604,true
0.03013700000000000,6004.64210017728601088,0.99859166231242147,0.30555555555555564,8150.57444654725532018,0.20533146400889343,2.61022378519726761,true
0.03013700000000000,6004.64210017728601088,0.99859166231242147,0.31414141414141422,8220.85540558554384916,0.21270274471856149,2.65666343256095283,true
0.03013700000000000,6004.64210017728601088,0.99859166231242147,0.32272727272727286,8291.74238487869479286,0.22007402837954812,2.70230514134388722,true
0.03013700000000000,6004.64210017728601088,0.99859166231242147,0.33131313131313134,8363.24061003196038655,0.22744531455045566,2.74718867994980886,true
0.03013700000000000,6004.64210017728601088,0.99859166231242147,0.33989898989898998,8435.35535171007904864,0.23481660284891301,2.79135061935097584,true
0.03013700000000000,6004.64210017728601088,0.99859166231242147,0.34848484848484862,8508.09192602578332298,0.24218789300718582,2.83482468219285311,true
0.03013700000000000,6004.64210017728601088,0.99859166231242147,0.35707070707070726,8581.45569493170660280,0.24955918477071112,2.87764204352343267,true
0.03013700000000000,6004.64210017728601088,0.99859166231242147,0.36565656565656574,8655.45206661565316608,0.25693047788491946,2.91983159229359046,true
0.03013700000000000,6004.64210017728601088,0.99859166231242147,0.37424242424242432,8730.08649589926972112,0.26430177209078654,2.96142015936289171,true
0.03013700000000000,6004.64210017728601088,0.99859166231242147,0.38282828282828296,8805.36448464016757498,0.27167306711697836,3.00243271705229064,true
0.03013700000000000,6004.64210017728601088,0.99859166231242147,0.39141414141414144,8881.29158213749360584,0.27904436269005295,3.04289255457987240,true
0.03013700000000000,6004.64210017728601088,0.99859166231242147,0.40000000000000008,8957.87338554102279886,0.28641565853656858,3.08282143272725229,true
0.03835600000000000,6005.35327583768776094,0.99821152089875664,-0.55000000000000004,3464.78743376238844576,0.62532020016478773,4.03770489302131441,true
0.03835600000000000,6005.35327583768776094,0.99821152089875664,-0.54040404040404044,3498.19542851218102442,0.61305157511825514,3.99789930472504684,true
0.03835600000000000,6005.35327583768776094,0.99821152089875664,-0.53080808080808084,3531.92554810643696328,0.60073474963806150,3.95753461624339664,true
0.03835600000000000,6005.35327583768776094,0.99821152089875664,-0.52121212121212124,3565.98089852072371286,0.58832152329054588,3.91643311033273633,true
0.03835600000000000,6005.35327583768776094,0.99821152089875664,-0.51161616161616164,3600.36461567888545687,0.57576369564204666,3.87440916760341025,true
0.03835600000000000,6005.35327583768776094,0.99821152089875664,-0.50202020202020203,3635.07986574180949901,0.56301844801304435,3.83128675000086627,true
0.03835600000000000,6005.35327583768776094,0.99821152089875664,-0.49242424242424243,3670.12984539897615832,0.55007438928536467,3.78698912222922646,true
0.03835600000000000,6005.35327583768776094,0.99821152089875664,-0.48282828282828283,3705.51778216281991263,0.53693150376868282,3.74147448773732361,true
0.03835600000000000,6005.35327583768776094,0.99821152089875664,-0.47323232323232323,3741.24693466593043922,0.52358979146291873,3.69469787022571872,true
0.03835600000000000,6005.35327583768776094,0.99821152089875664,-0.46363636363636362,3777.32059296111583535,0.51004925236853937,3.64661070604996729,true
0.03835600000000000,6005.35327583768776094,0.99821152089875664,-0.45404040404040402,3813.74207882436030559,0.49630988649077695,3.59716043709604572,true
0.03835600000000000,6005.35327583768776094,0.99821152089875664,-0.44444444444444448,3850.51474606070905793,0.48237169383731698,3.54629004152835181,true
0.03835600000000000,6005.35327583768776094,0.99821152089875664,-0.43484848484848482,3887.64198081308904875,0.46823467441586480,3.49393749042274138,true
0.03835600000000000,6005.35327583768776094,0.99821152089875664,-0.42525252525252527,3925.12720187412242012,0.45390051148578331,3.44004149399226744,true
0.03835600000000000,6005.35327583768776094,0.99821152089875664,-0.41565656565656567,3962.97386100093763162,0.43939374013092519,3.38462281595626546,true
0.03835600000000000,6005.35327583768776094,0.99821152089875664,-0.40606060606060607,4001.18544323301557597,0.42475536436935285,3.32776600778971687,false
0.03835600000000000,6005.35327583768776094,0.99821152089875664,-0.39646464646464641,4039.76546721310796784,0.41002675180148640,3.26956097762027786,false
0.03835600000000000,6005.35327583768776094,0.99821152089875664,-0.38686868686868686,4078.71748551123846482,0.39525034336048526,3.21010673625050957,false
0.03835600000000000,6005.35327583768776094,0.99821152089875664,-0.37727272727272726,4118.04508495184200001,0.38049326663250166,3.14961037866585469,false
0.03835600000000000,6005.35327583768776094,0.99821152089875664,-0.36767676767676766,4157.75188694404641865,0.36584733585668172,3.08839821960351868,false
0.03835600000000000,6005.35327583768776094,0.99821152089875664,-0.35808080808080800,4197.84154781514098431,0.35140543860491064,3.02682689570230323,false
0.03835600000000000,6005.35327583768776094,0.99821152089875664,-0.34848484848484845,4238.31775914726949850,0.33725975752418819,2.96527930591478306,false
0.03835600000000000,6005.35327583768776094,0.99821152089875664,-0.33888888888888885,4279.18424811735440016,0.32347054477502996,2.90402743549376252,false
0.03835600000000000,6005.35327583768776094,0.99821152089875664,-0.32929292929292925,4320.44477784031641932,0.31005374668347718,2.84316351163119529,false
0.03835600000000000,6005.35327583768776094,0.99821152089875664,-0.31969696969696970,4362.10314771558478242,0.29702204603443427,2.78277240268332848,false
0.03835600000000000,6005.35327583768776094,0.99821152089875664,-0.31010101010101010,4404.16319377696345327,0.28438787105537588,2.72294506792347368,false
0.03835600000000000,6005.35327583768776094,0.99821152089875664,-0.30050505050505050,4446.62878904586523277,0.27213284852481823,2.66362957805041445,false
0.03835600000000000,6005.35327583768776094,0.99821152089875664,-0.29090909090909089,4489.50384388794736878,0.26017878422536567,2.60446955441106009,false
0.03835600000000000,6005.35327583768776094,0.99821152089875664,-0.28131313131313129,4532.79230637319506059,0.24844061088902858,2.54504015697001540,false
0.03835600000000000,6005.35327583768776094,0.99821152089875664,-0.27171717171717169,4576.49816263947013795,0.23683328893898420,2.48487598051043213,false
0.03835600000000000,6005.35327583768776094,0.99821152089875664,-0.26212121212121209,4620.62543725956675189,0.22529185489433631,2.42357291526924401,false
0.03835600000000000,6005.35327583768776094,0.99821152089875664,-0.25252525252525249,4665.17819361180772830,0.21380681068128057,2.36098980991085217,false
0.03835600000000000,6005.35327583768776094,0.99821152089875664,-0.24292929292929288,4710.16053425421432621,0.20237815629622341,2.29702204148167644,false
0.03835600000000000,6005.35327583768776094,0.99821152089875664,-0.23333333333333328,4755.57660130227850459,0.19100589173557142,2.23155053834374906,false
0.03835600000000000,6005.35327583768776094,0.99821152089875664,-0.22373737373737368,4801.43057681038590090,0.17970276047874095,2.16451559546911465,false
0.03835600000000000,6005.35327583768776094,0.99821152089875664,-0.21414141414141408,4847.72668315691316820,0.16853247993718920,2.09616348209148651,false
0.03835600000000000,6005.35327583768776094,0.99821152089875664,-0.20454545454545447,4894.46918343303150323,0.15757151100538333,2.02685273277288802,false
0.03835600000000000,6005.35327583768776094,0.99821152089875664,-0.19494949494949493,4941.66238183527548244,0.14689631457779057,1.95699084985240868,false
0.03835600000000000,6005.35327583768776094,0.99821152089875664,-0.18535353535353527,4989.31062406187811575,0.13657471772299501,1.88698522993100326,false
0.03835600000000000,6005.35327583768776094,0.99821152089875664,-0.17575757575757572,5037.41829771294032980,0.12662412898700387,1.81694416058197983,false
0.03835600000000000,6005.35327583768776094,0.99821152089875664,-0.16616161616161607,5085.98983269445398037,0.11704370757540081,1.74685710339630229,false
0.03835600000000000,6005.35327583768776094,0.99821152089875664,-0.15656565656565652,5135.02970162622477801,0.10783258752226575,1.67671155896053437,false
0.03835600000000000,6005.35327583768776094,0.99821152089875664,-0.14696969696969686,5184.54242025371968339,0.09898826378533644,1.60647953897952966,false
0.03835600000000000,6005.35327583768776094,0.99821152089875664,-0.13737373737373731,5234.53254786389334186,0.09049396528752450,1.53600685659207770,false
0.03835600000000000,6005.35327583768776094,0.99821152089875664,-0.12777777777777768,5285.00468770502629923,0.08232557546146876,1.46504421738998403,false
0.03835600000000000,6005.35327583768776094,0.99821152089875664,-0.11818181818181811,5335.96348741059682652,0.07445891703327721,1.39329058585026333,false
0.03835600000000000,6005.35327583768776094,0.99821152089875664,-0.10858585858585848,5387.41363942725820380,0.06687314556375704,1.32041126547553667,false
0.03835600000000000,6005.35327583768776094,0.99821152089875664,-0.09898989898989891,5439.35988144693237700,0.05959266317759592,1.24646400670553170,false
0.03835600000000000,6005.35327583768776094,0.99821152089875664,-0.08939393939393935,5491.80699684306546260,0.05267448045418127,1.17188089850908916,false
0.03835600000000000,6005.35327583768776094,0.99821152089875664,-0.07979797979797972,5544.75981511110512656,0.04617632786519550,1.09721829785520897,false
0.03835600000000000,6005.35327583768776094,0.99821152089875664,-0.07020202020202015,5598.22321231320620427,0.04015503070699072,1.02318302448297205,false
0.03835600000000000,6005.35327583768776094,0.99821152089875664,-0.06060606060606051,5652.20211152724368731,0.03464659524331580,0.95041575343246987,false
0.03835600000000000,6005.35327583768776094,0.99821152089875664,-0.05101010101010095,5706.70148330013762461,0.02966620870531702,0.87945651171886807,false
0.03835600000000000,6005.35327583768776094,0.99821152089875664,-0.04141414141414131,5761.72634610555815016,0.02522815314880991,0.81100974820300908,false
0.03835600000000000,6005.35327583768776094,0.99821152089875664,-0.03181818181818175,5817.28176680604610738,0.02134675424495861,0.74601793792947846,false
0.03835600000000000,6005.35327583768776094,0.99821152089875664,-0.02222222222222211,5873.37286111958110268,0.01803831327867556,0.68577446125391084,false
0.03835600000000000,6005.35327583768776094,0.99821152089875664,-0.01262626262626255,5930.00479409065701475,0.01532187284029521,0.63203229769401537,false
0.03835600000000000,6005.35327583768776094,0.99821152089875664,-0.00303030303030291,5987.18278056588951586,0.01321667744306161,0.58700863594680552,false
0.03835600000000000,6005.35327583768776094,0.99821152089875664,0.00656565656565665,6044.91208567422381748,0.01174196871688111,0.55329125303136450,false
0.03835600000000000,6005.35327583768776094,0.99821152089875664,0.01616161616161629,6103.19802531175810145,0.01091663940778599,0.53349189715751510,false
0.03835600000000000,6005.35327583768776094,0.99821152089875664,0.02575757575757585,6162.04596663124812039,0.01075890467742526,0.52962365595994099,false
0.03835600000000000,6005.35327583768776094,0.99821152089875664,0.03535353535353549,6221.46132853633662307,0.01128690183732725,0.54246374642784190,false
0.03835600000000000,6005.35327583768776094,0.99821152089875664,0.04494949494949505,6281.44958218053670862,0.01251874688022543,0.57129940825799619,false
0.03835600000000000,6005.35327583768776094,0.99821152089875664,0.05454545454545470,6342.01625147103823110,0.01445709967256934,0.61393717661495650,false
0.03835600000000000,6005.35327583768776094,0.99821152089875664,0.06414141414141425,6403.16691357736272039,0.01706191853467502,0.66695614307443618,false
0.03835600000000000,6005.35327583768776094,0.99821152089875664,0.07373737373737382,6464.90719944492684590,0.02028584944021662,0.72724366022279863,false
0.03835600000000000,6005.35327583768776094,0.99821152089875664,0.08333333333333345,6527.24279431356080750,0.02408153836286832,0.79236531856996817,false
0.03835600000000000,6005.35327583768776094,0.99821152089875664,0.09292929292929301,6590.17943824102258077,0.02839257622397401,0.86037096384733280,false
0.03835600000000000,6005.35327583768776094,0.99821152089875664,0.10252525252525266,6653.72292663155621995,0.03312633373555698,0.92933015941402697,false
0.03835600000000000,6005.35327583768776094,0.99821152089875664,0.11212121212121222,6717.87911076955151657,0.03818112655731023,0.99771778574422509,false
0.03835600000000000,6005.35327583768776094,0.99821152089875664,0.12171717171717186,6782.65389835835958365,0.04345527034892689,1.06439928242943882,false
0.03835600000000000,6005.35327583768776094,0.99821152089875664,0.13131313131313141,6848.05325406427527923,0.04885843419627723,1.12863396921485126,false
0.03835600000000000,6005.35327583768776094,0.99821152089875664,0.14090909090909107,6914.08320006579560868,0.05436658722206297,1.19055477408323007,false
0.03835600000000000,6005.35327583768776094,0.99821152089875664,0.15050505050505061,6980.74981660815592477,0.05997969631568695,1.25050512596795804,false
0.03835600000000000,6005.35327583768776094,0.99821152089875664,0.16010101010101019,7048.05924256321668508,0.06569776146692000,1.30875583518786387,false
0.03835600000000000,6005.35327583768776094,0.99821152089875664,0.16969696969696990,7116.01767599475624593,0.07152078266276118,1.36552442964300380,false
0.03835600000000000,6005.35327583768776094,0.99821152089875664,0.17929292929292945,7184.63137472920152504,0.07744875986608496,1.42098855186976092,false
0.03835600000000000,6005.35327583768776094,0.99821152089875664,0.18888888888888902,7253.90665693186838325,0.08348169302734429,1.47529533471292607,true
0.03835600000000000,6005.35327583768776094,0.99821152089875664,0.19848484848484857,7323.84990168876447569,0.08961958209688947,1.52856813616528697,true
0.03835600000000000,6005.35327583768776094,0.99821152089875664,0.20808080808080831,7394.46754959399095242,0.09586145469411225,1.58090346950943950,true
0.03835600000000000,6005.35327583768776094,0.99821152089875664,0.21767676767676786,7465.76610334281031101,0.10219313807331022,1.63227832134608120,true
0.03835600000000000,6005.35327583768776094,0.99821152089875664,0.22727272727272743,7537.75212833044224681,0.10859094620268231,1.68259716832496986,true
0.03835600000000000,6005.35327583768776094,0.99821152089875664,0.23686868686868698,7610.43225325661842362,0.11503098302694034,1.73177218781652886,true
0.03835600000000000,6005.35327583768776094,0.99821152089875664,0.24646464646464655,7683.81317073598074785,0.12148981851084549,1.77972658016538787,true
0.03835600000000000,6005.35327583768776094,0.99821152089875664,0.25606060606060627,7757.90163791435043095,0.12795474108029695,1.82646576466565524,true
0.03835600000000000,6005.35327583768776094,0.99821152089875664,0.26565656565656581,7832.70447709095333266,0.13442375762233122,1.87206688315760061,true
0.03835600000000000,6005.35327583768776094,0.99821152089875664,0.27525252525252536,7908.22857634664069337,0.14089534104403464,1.91660078342932128,true
0.03835600000000000,6005.35327583768776094,0.99821152089875664,0.28484848484848496,7984.48089017815618718,0.14736797763086348,1.96013014075733705,true
0.03835600000000000,6005.35327583768776094,0.99821152089875664,0.29444444444444468,8061.46844013854024524,0.15384075965888874,2.00271454936665494,true
0.03835600000000000,6005.35327583768776094,0.99821152089875664,0.30404040404040422,8139.19831548368256335,0.16031362025951459,2.04441263258988704,true
0.03835600000000000,6005.35327583768776094,0.99821152089875664,0.31363636363636377,8217.67767382513193297,0.16678655450104402,2.08527753027579665,true
0.03835600000000000,6005.35327583768776094,0.99821152089875664,0.32323232323232337,8296.91374178919795668,0.17325955742586538,2.12535727230326010,true
0.03835600000000000,6005.35327583768776094,0.99821152089875664,0.33282828282828308,8376.91381568238284672,0.17973262094070830,2.16469542228618650,true
0.03835600000000000,6005.35327583768776094,0.99821152089875664,0.34242424242424263,8457.68526216326790745,0.18620573086238612,2.20333161768691932,true
0.03835600000000000,6005.35327583768776094,0.99821152089875664,0.35202020202020218,8539.23551892084287829,0.19267887230802019,2.24130207370828005,true
0.03835600000000000,6005.35327583768776094,0.99821152089875664,0.36161616161616172,8621.57209535940455680,0.19915203039929069,2.27863998641658982,true
0.03835600000000000,6005.35327583768776094,0.99821152089875664,0.37121212121212133,8704.70257329003834457,0.20562519356324846,2.31537589216890005,true
0.03835600000000000,6005.35327583768776094,0.99821152089875664,0.38080808080808104,8788.63460762877730303,0.21209835935888513,2.35153799139822173,true
0.03835600000000000,6005.35327583768776094,0.99821152089875664,0.39040404040404059,8873.37592710149147024,0.21857152690897425,2.38715235661294045,true
0.03835600000000000,6005.35327583768776094,0.99821152089875664,0.40000000000000013,8958.93433495557292190,0.22504469533628949,2.42224314329649504,true
0.04109600000000000,6005.98752746788159129,0.99808482384269936,-0.59999999999999998,3296.15584130996421663,0.66004892038271101,4.00763615691999409,true
0.04109600000000000,6005.98752746788159129,0.99808482384269936,-0.58989898989898992,3329.61906642326357542,0.64799824900486291,3.97088344637278556,true
0.04109600000000000,6005.98752746788159129,0.99808482384269936,-0.57979797979797987,3363.42201680711832523,0.63591615562483239,3.93369019154892152,true
0.04109600000000000,6005.98752746788159129,0.99808482384269936,-0.56969696969696970,3397.56814141957374886,0.62377121824043691,3.89594564919361108,true
0.04109600000000000,6005.98752746788159129,0.99808482384269936,-0.55959595959595954,3432.06092423317795692,0.61153201484949415,3.85753453384549028,true
0.04109600000000000,6005.98752746788159129,0.99808482384269936,-0.54949494949494948,3466.90388459045561831,0.59917063183062835,3.81834778778279293,true
0.04109600000000000,6005.98752746788159129,0.99808482384269936,-0.53939393939393943,3502.10057756299238463,0.58667964327894273,3.77833736594536207,true
0.04109600000000000,6005.98752746788159129,0.99808482384269936,-0.52929292929292926,3537.65459431416411462,0.57405903896325683,3.73747678228936353,true
0.04109600000000000,6005.98752746788159129,0.99808482384269936,-0.51919191919191920,3573.56956246554318568,0.56130881888090511,3.69573783839712267,true
0.04109600000000000,6005.98752746788159129,0.99808482384269936,-0.50909090909090904,3609.84914646703737162,0.54842898302933885,3.65309042686619856,true
0.04109600000000000,6005.98752746788159129,0.99808482384269936,-0.49898989898989898,3646.49704797076810792,0.53541953140702447,3.60950234633784772,true
0.04109600000000000,6005.98752746788159129,0.99808482384269936,-0.48888888888888882,3683.51700620876636094,0.52228046401295181,3.56493909263630160,true
0.04109600000000000,6005.98752746788159129,0.99808482384269936,-0.47878787878787876,3720.91279837447928003,0.50901178084611476,3.51936362213416576,true
0.04109600000000000,6005.98752746788159129,0.99808482384269936,-0.46868686868686871,3758.68824000817176056,0.49561348190553423,3.47273608268450662,true
0.04109600000000000,6005.98752746788159129,0.99808482384269936,-0.45858585858585860,3796.84718538622701089,0.48208556719058848,3.42501350650245850,true
0.04109600000000000,6005.98752746788159129,0.99808482384269936,-0.44848484848484854,3835.39352791440069268,0.46842803670091515,3.37614945818879564,false
0.04109600000000000,6005.98752746788159129,0.99808482384269936,-0.43838383838383838,3874.33120052507547371,0.45464089043615724,3.32609362960259114,false
0.04109600000000000,6005.98752746788159129,0.99808482384269936,-0.42828282828282827,3913.66417607853827576,0.44072412839596797,3.27479137141271215,false
0.04109600000000000,6005.98752746788159129,0.99808482384269936,-0.41818181818181821,3953.39646776833933473,0.42667775058022939,3.22218314876952094,false
0.04109600000000000,6005.98752746788159129,0.99808482384269936,-0.40808080808080804,3993.53212953076308622,0.41250175698905273,3.16820390547877873,false
0.04109600000000000,6005.98752746788159129,0.99808482384269936,-0.39797979797979804,4034.07525645845407780,0.39819614762255984,3.11278231710993225,false
0.04109600000000000,6005.98752746788159129,0.99808482384269936,-0.38787878787878788,4075.02998521824792988,0.38376180742577010,3.05584343167035666,false
0.04109600000000000,6005.98752746788159129,0.99808482384269936,-0.37777777777777777,4116.40049447323690401,0.36923970607003798,2.99746707875397522,false
0.04109600000000000,6005.98752746788159129,0.99808482384269936,-0.36767676767676766,4158.19100530912965041,0.35472643365238260,2.93796758567299676,false
0.04109600000000000,6005.98752746788159129,0.99808482384269936,-0.35757575757575760,4200.40578166492741730,0.34032267723694676,2.87770100305739485,false
0.04109600000000000,6005.98752746788159129,0.99808482384269936,-0.34747474747474744,4243.04913076798311522,0.32612886168200261,2.81705185235303990,false
0.04109600000000000,6005.98752746788159129,0.99808482384269936,-0.33737373737373738,4286.12540357347188547,0.31221368493549151,2.75629813474858709,false
0.04109600000000000,6005.98752746788159129,0.99808482384269936,-0.32727272727272727,4329.63899520832819690,0.29858422656578737,2.69546473513451668,false
0.04109600000000000,6005.98752746788159129,0.99808482384269936,-0.31717171717171716,4373.59434541968130361,0.28524048658276058,2.63454613383247160,false
0.04109600000000000,6005.98752746788159129,0.99808482384269936,-0.30707070707070705,4417.99593902784818056,0.27218245967585852,2.57353625527384766,false
0.04109600000000000,6005.98752746788159129,0.99808482384269936,-0.29696969696969699,4462.84830638393032132,0.25940628322796744,2.51240974484788326,false
0.04109600000000000,6005.98752746788159129,0.99808482384269936,-0.28686868686868683,4508.15602383204623038,0.24689743781501816,2.45108580687031186,false
0.04109600000000000,6005.98752746788159129,0.99808482384269936,-0.27676767676767677,4553.92371417626691255,0.23463957910790667,2.38946602113626039,false
0.04109600000000000,6005.98752746788159129,0.99808482384269936,-0.26666666666666666,4600.15604715227891575,0.22261636277752886,2.32744145267500979,false
0.04109600000000000,6005.98752746788159129,0.99808482384269936,-0.25656565656565655,4646.85773990385223442,0.21081416855029675,2.26490568352485866,false
0.04109600000000000,6005.98752746788159129,0.99808482384269936,-0.24646464646464650,4694.03355746412853478,0.19923027237469021,2.20180010445716778,false
0.04109600000000000,6005.98752746788159129,0.99808482384269936,-0.23636363636363636,4741.68831324180973752,0.18786467425470538,2.13807426201719286,false
0.04109600000000000,6005.98752746788159129,0.99808482384269936,-0.22626262626262625,4789.82686951227060490,0.17671737419433850,2.07367097320157256,false
0.04109600000000000,6005.98752746788159129,0.99808482384269936,-0.21616161616161617,4838.45413791366991063,0.16579004342894021,2.00853519565906380,false
0.04109600000000000,6005.98752746788159129,0.99808482384269936,-0.20606060606060608,4887.57507994808293006,0.15509411260028147,1.94266483884441055,false
0.04109600000000000,6005.98752746788159129,0.99808482384269936,-0.19595959595959600,4937.19470748773619562,0.14464454483623207,1.87607956615638893,false
0.04109600000000000,6005.98752746788159129,0.99808482384269936,-0.18585858585858583,4987.31808328637271188,0.13445630813705622,1.80880110569713959,false
0.04109600000000000,6005.98752746788159129,0.99808482384269936,-0.17575757575757575,5037.95032149581129488,0.12454331806537199,1.74084634343990108,false
0.04109600000000000,6005.98752746788159129,0.99808482384269936,-0.16565656565656567,5089.09658818775005784,0.11491033007835563,1.67216742847605726,false
0.04109600000000000,6005.98752746788159129,0.99808482384269936,-0.15555555555555559,5140.76210188086770358,0.10555738315336058,1.60267156354072315,false
0.04109600000000000,6005.98752746788159129,0.99808482384269936,-0.14545454545454542,5192.95213407327446475,0.09648447728856804,1.53224759311324243,false
0.04109600000000000,6005.98752746788159129,0.99808482384269936,-0.13535353535353534,5245.67200978037089953,0.08769328170838989,1.46077519303954317,false
0.04109600000000000,6005.98752746788159129,0.99808482384269936,-0.12525252525252528,5298.92710807816547458,0.07920812705254165,1.38830566467362071,false
0.04109600000000000,6005.98752746788159129,0.99808482384269936,-0.11515151515151519,5352.72286265210914280,0.07106967567017741,1.31505037787695667,false
0.04109600000000000,6005.98752746788159129,0.99808482384269936,-0.10505050505050510,5407.06476235150057619,0.06331895046331693,1.24127233887464317,false
0.04109600000000000,6005.98752746788159129,0.99808482384269936,-0.09494949494949494,5461.95835174952117086,0.05599658026339002,1.16729594342207776,false
0.04109600000000000,6005.98752746788159129,0.99808482384269936,-0.08484848484848487,5517.40923170895257499,0.04913413027825778,1.09343220267817909,false
0.04109600000000000,6005.98752746788159129,0.99808482384269936,-0.07474747474747478,5573.42305995364404225,0.04275410209221255,1.01997404051200724,false
0.04109600000000000,6005.98752746788159129,0.99808482384269936,-0.06464646464646470,5630.00555164577144751,0.03687860321895674,0.94729982159261938,false
0.04109600000000000,6005.98752746788159129,0.99808482384269936,-0.05454545454545454,5687.16247996897072881,0.03152981461170391,0.87591291973324259,false
0.04109600000000000,6005.98752746788159129,0.99808482384269936,-0.04444444444444445,5744.89967671737304045,0.02673324376152649,0.80654026362272813,false
0.04109600000000000,6005.98752746788159129,0.99808482384269936,-0.03434343434343438,5803.22303289063893317,0.02251901396877428,0.74024402193484518,false
0.04109600000000000,6005.98752746788159129,0.99808482384269936,-0.02424242424242429,5862.13849929501975566,0.01891758853153410,0.67847384626279905,false
0.04109600000000000,6005.98752746788159129,0.99808482384269936,-0.01414141414141413,5921.65208715052813204,0.01595939594909068,0.62317274157585245,false
0.04109600000000000,6005.98752746788159129,0.99808482384269936,-0.00404040404040405,5981.76986870426753740,0.01367065406567685,0.57675965114908667,false
0.04109600000000000,6005.98752746788159129,0.99808482384269936,0.00606060606060603,6042.49797784999555006,0.01206940300703610,0.54192990629460824,false
0.04109600000000000,6005.98752746788159129,0.99808482384269936,0.01616161616161611,6103.84261075396989327,0.01117274333125573,0.52141093462091426,false
0.04109600000000000,6005.98752746788159129,0.99808482384269936,0.02626262626262628,6165.81002648715002579,0.01099777002983544,0.51731198558331759,false
0.04109600000000000,6005.98752746788159129,0.99808482384269936,0.03636363636363635,6228.40654766382340313,0.01155754231828824,0.53031385027258571,false
0.04109600000000000,6005.98752746788159129,0.99808482384269936,0.04646464646464644,6291.63856108670461253,0.01285396953722863,0.55926656553768694,false
0.04109600000000000,6005.98752746788159129,0.99808482384269936,0.05656565656565652,6355.51251839859105530,0.01488705168773533,0.60187259870055509,false
0.04109600000000000,6005.98752746788159129,0.99808482384269936,0.06666666666666660,6420.03493674063156504,0.01765678877088703,0.65547492784385097,false
0.04109600000000000,6005.98752746788159129,0.99808482384269936,0.07676767676767676,6485.21239941728072154,0.02114065897875604,0.71723171292559540,false
0.04109600000000000,6005.98752746788159129,0.99808482384269936,0.08686868686868685,6551.05155656799615826,0.02522605326738867,0.78347452157271091,false
0.04109600000000000,6005.98752746788159129,0.99808482384269936,0.09696969696969693,6617.55912584577163216,0.02977784078382485,0.85122981238552065,false
0.04109600000000000,6005.98752746788159129,0.99808482384269936,0.10707070707070701,6684.74189310253223084,0.03466089067510449,0.91837506353714571,false
0.04109600000000000,6005.98752746788159129,0.99808482384269936,0.11717171717171718,6752.60671308152086567,0.03975230131341668,0.98351584590726759,false
0.04109600000000000,6005.98752746788159129,0.99808482384269936,0.12727272727272726,6821.16051011668150750,0.04500058546737509,1.04642788874465231,false
0.04109600000000000,6005.98752746788159129,0.99808482384269936,0.13737373737373734,6890.41027883916649444,0.05038010485087957,1.10720938200704744,false
0.04109600000000000,6005.98752746788159129,0.99808482384269936,0.14747474747474751,6960.36308489100247243,0.05586525683154760,1.16592636611818157,false
0.04109600000000000,6005.98752746788159129,0.99808482384269936,0.15757575757575751,7031.02606564601319405,0.06143223895251149,1.22263942419069283,true
0.04109600000000000,6005.98752746788159129,0.99808482384269936,0.16767676767676765,7102.40643093805010722,0.06707291695120232,1.27753798125031892,true
0.04109600000000000,6005.98752746788159129,0.99808482384269936,0.17777777777777781,7174.51146379662077379,0.07278722401828507,1.33084599461223885,true
0.04109600000000000,6005.98752746788159129,0.99808482384269936,0.18787878787878781,7247.34852118998605874,0.07857516001759196,1.38274743239206188,true
0.04109600000000000,6005.98752746788159129,0.99808482384269936,0.19797979797979798,7320.92503477580430626,0.08443672480735363,1.43339509254135100,true
0.04109600000000000,6005.98752746788159129,0.99808482384269936,0.20808080808080798,7395.24851165938707709,0.09037191816974904,1.48291744364934486,true
0.04109600000000000,6005.98752746788159129,0.99808482384269936,0.21818181818181814,7470.32653515966558189,0.09638073983214857,1.53142365634938127,true
0.04109600000000000,6005.98752746788159129,0.99808482384269936,0.22828282828282831,7546.16676558291874244,0.10246318952071229,1.57900737689828685,true
0.04109600000000000,6005.98752746788159129,0.99808482384269936,0.23838383838383831,7622.77694100436929148,0.10861895833427736,1.62574729626799375,true
0.04109600000000000,6005.98752746788159129,0.99808482384269936,0.24848484848484848,7700.16487805770975683,0.11484063894325473,1.67166028120476984,true
0.04109600000000000,6005.98752746788159129,0.99808482384269936,0.25858585858585847,7778.33847273263836541,0.12111372558962824,1.71670987563424982,true
0.04109600000000000,6005.98752746788159129,0.99808482384269936,0.26868686868686864,7857.30570118050218298,0.12742340388805934,1.76085998674939015,true
0.04109600000000000,6005.98752746788159129,0.99808482384269936,0.27878787878787881,7937.07462052811479225,0.13375496299006084,1.80407744297106776,true
0.04109600000000000,6005.98752746788159129,0.99808482384269936,0.28888888888888881,8017.65336969982399751,0.14009838188306892,1.84636170210965167,true
0.04109600000000000,6005.98752746788159129,0.99808482384269936,0.29898989898989897,8099.05017024795597536,0.14645014703739864,1.88775282852780357,true
0.04109600000000000,6005.98752746788159129,0.99808482384269936,0.30909090909090914,8181.27332719165315211,0.15280722426064239,1.92828919205887672,true
0.04109600000000000,6005.98752746788159129,0.99808482384269936,0.31919191919191914,8264.33122986425223644,0.15916658726100885,1.96800490223875224,true
0.04109600000000000,6005.98752746788159129,0.99808482384269936,0.32929292929292930,8348.23235276926243387,0.16552616572127551,2.00693612880530825,true
0.04109600000000000,6005.98752746788159129,0.99808482384269936,0.33939393939393930,8432.98525644502478826,0.17188574596904252,2.04512640158696257,true
0.04109600000000000,6005.98752746788159129,0.99808482384269936,0.34949494949494947,8518.59858833815451362,0.17824532764854981,2.08261648093713125,true
0.04109600000000000,6005.98752746788159129,0.99808482384269936,0.35959595959595964,8605.08108368585817516,0.18460491040409227,2.11944352155402704,true
0.04109600000000000,6005.98752746788159129,0.99808482384269936,0.36969696969696964,8692.44156640718756535,0.19096449392017553,2.15564150404239374,true
0.04109600000000000,6005.98752746788159129,0.99808482384269936,0.37979797979797975,8780.68895000337033707,0.19732407799239671,2.19124160246551236,true
0.04109600000000000,6005.98752746788159129,0.99808482384269936,0.38989898989898975,8869.83223846725741168,0.20368366243537636,2.22627249810593986,true
0.04109600000000000,6005.98752746788159129,0.99808482384269936,0.39999999999999991,8959.88052720201267221,0.21004324706373531,2.26076064982142322,true
0.04383600000000000,6007.50000000000000000,0.99795814286754647,-0.59999999999999998,3296.98590383486362043,0.66470037841750629,3.89401395777971082,true
0.04383600000000000,6007.50000000000000000,0.99795814286754647,-0.58989898989898981,3330.45755590685894276,0.65339091060233201,3.86074471136147457,true
0.04383600000000000,6007.50000000000000000,0.99795814286754647,-0.57979797979797976,3364.26901880155764957,0.64197993035468692,3.82688372140112154,true
0.04383600000000000,6007.50000000000000000,0.99795814286754647,-0.56969696969696970,3398.42374234554927170,0.63036592524209945,3.79210981430364313,true
0.04383600000000000,6007.50000000000000000,0.99795814286754647,-0.55959595959595954,3432.92521138874053577,0.61844738283209977,3.75608938578967777,true
0.04383600000000000,6007.50000000000000000,0.99795814286754647,-0.54949494949494937,3467.77694615992413674,0.60613412492550656,3.71850961217904219,true
0.04383600000000000,6007.50000000000000000,0.99795814286754647,-0.53939393939393943,3502.98250262594910964,0.59340216128021261,3.67924834125215439,true
0.04383600000000000,6007.50000000000000000,0.99795814286754647,-0.52929292929292926,3538.54547285454600569,0.58025145885275586,3.63825103345836975,true
0.04383600000000000,6007.50000000000000000,0.99795814286754647,-0.51919191919191909,3574.46948538082187952,0.56668201764408543,3.59545830367313268,true
0.04383600000000000,6007.50000000000000000,0.99795814286754647,-0.50909090909090904,3610.75820557749193540,0.55269809397541569,3.55081891203401012,true
0.04383600000000000,6007.50000000000000000,0.99795814286754647,-0.49898989898989893,3647.41533602885738219,0.53834098991841783,3.50439672062762053,true
0.04383600000000000,6007.50000000000000000,0.99795814286754647,-0.48888888888888882,3684.44461690858906877,0.52367108216521074,3.45631914515298755,true
0.04383600000000000,6007.50000000000000000,0.99795814286754647,-0.47878787878787871,3721.84982636133599954,0.50874890504940540,3.40671878003998962,true
0.04383600000000000,6007.50000000000000000,0.99795814286754647,-0.46868686868686860,3759.63478088822103018,0.49363473803766261,3.35573299417948423,true
0.04383600000000000,6007.50000000000000000,0.99795814286754647,-0.45858585858585854,3797.80333573623784105,0.47838540052293749,3.30349382624733146,true
0.04383600000000000,6007.50000000000000000,0.99795814286754647,-0.44848484848484843,3836.35938529161057886,0.46305521827995133,3.25013149544098212,false
0.04383600000000000,6007.50000000000000000,0.99795814286754647,-0.43838383838383826,3875.30686347714208750,0.44769846203216485,3.19578344089215483,false
0.04383600000000000,6007.50000000000000000,0.99795814286754647,-0.42828282828282827,3914.64974415359347404,0.43237018495856627,3.14059843660090809,false
0.04383600000000000,6007.50000000000000000,0.99795814286754647,-0.41818181818181810,3954.39204152514957968,0.41714343671527832,3.08480167677845518,false
0.04383600000000000,6007.50000000000000000,0.99795814286754647,-0.40808080808080799,3994.53781054898445291,0.40210926343555958,3.02870224816624356,false
0.04383600000000000,6007.50000000000000000,0.99795814286754647,-0.39797979797979793,4035.09114734900140320,0.38735949370819617,2.97263538468954103,false
0.04383600000000000,6007.50000000000000000,0.99795814286754647,-0.38787878787878777,4076.05618963376127795,0.37298455949068943,2.91695660112007671,false
0.04383600000000000,6007.50000000000000000,0.99795814286754647,-0.37777777777777771,4117.43711711865853431,0.35901163051606605,2.86179684109260446,false
0.04383600000000000,6007.50000000000000000,0.99795814286754647,-0.36767676767676760,4159.23815195238694287,0.34538009565477279,2.80694041469046907,false
0.04383600000000000,6007.50000000000000000,0.99795814286754647,-0.35757575757575749,4201.46355914772448159,0.33202287789168106,2.75212747299334470,false
0.04383600000000000,6007.50000000000000000,0.99795814286754647,-0.34747474747474738,4244.11764701670381328,0.31887307489137051,2.69707774664749689,false
0.04383600000000000,6007.50000000000000000,0.99795814286754647,-0.33737373737373727,4287.20476761019017431,0.30588492056315059,2.64157882588865878,false
0.04383600000000000,6007.50000000000000000,0.99795814286754647,-0.32727272727272716,4330.72931716192852036,0.29305369854783087,2.58558097965788347,false
0.04383600000000000,6007.50000000000000000,0.99795814286754647,-0.31717171717171710,4374.69573653709994687,0.28037940883835077,2.52905106675527946,false
0.04383600000000000,6007.50000000000000000,0.99795814286754647,-0.30707070707070694,4419.10851168542285450,0.26786205142765179,2.47195258467561896,false
0.04383600000000000,6007.50000000000000000,0.99795814286754647,-0.29696969696969688,4463.97217409886434325,0.25550162631027440,2.41424519262842185,false
0.04383600000000000,6007.50000000000000000,0.99795814286754647,-0.28686868686868677,4509.29130127399457706,0.24329813348517665,2.35588414527692036,false
0.04383600000000000,6007.50000000000000000,0.99795814286754647,-0.27676767676767666,4555.07051717902959354,0.23125157295207316,2.29681961598883966,false
0.04383600000000000,6007.50000000000000000,0.99795814286754647,-0.26666666666666661,4601.31449272562713304,0.21936194471067860,2.23699588229276891,false
0.04383600000000000,6007.50000000000000000,0.99795814286754647,-0.25656565656565644,4648.02794624546186242,0.20763451481421194,2.17637793679455571,false
0.04383600000000000,6007.50000000000000000,0.99795814286754647,-0.24646464646464639,4695.21564397164183902,0.19609561352991225,2.11503948934074515,false
0.04383600000000000,6007.50000000000000000,0.99795814286754647,-0.23636363636363625,4742.88240052501714672,0.18477683717852311,2.05309150192308776,false
0.04383600000000000,6007.50000000000000000,0.99795814286754647,-0.22626262626262617,4791.03307940541708376,0.17370978208078819,1.99065811477519761,false
0.04383600000000000,6007.50000000000000000,0.99795814286754647,-0.21616161616161605,4839.67259348788593343,0.16292251671302127,1.92785823958573732,false
0.04383600000000000,6007.50000000000000000,0.99795814286754647,-0.20606060606060592,4888.80590552394096449,0.15242250817429454,1.86470052368489392,false
0.04383600000000000,6007.50000000000000000,0.99795814286754647,-0.19595959595959589,4938.43802864793633489,0.14220976674965216,1.80114738925557094,false
0.04383600000000000,6007.50000000000000000,0.99795814286754647,-0.18585858585858575,4988.57402688855563611,0.13228429243887713,1.73715543815399309,false
0.04383600000000000,6007.50000000000000000,0.99795814286754647,-0.17575757575757564,5039.21901568550038064,0.12264502422431801,1.67266707214401467,false
0.04383600000000000,6007.50000000000000000,0.99795814286754647,-0.16565656565656550,5090.37816241142809304,0.11328166630694754,1.60754950180157263,false
0.04383600000000000,6007.50000000000000000,0.99795814286754647,-0.15555555555555547,5142.05668689918365999,0.10417916795775346,1.54161164826930475,false
0.04383600000000000,6007.50000000000000000,0.99795814286754647,-0.14545454545454534,5194.25986197438578529,0.09532243915078134,1.47462677177690771,false
0.04383600000000000,6007.50000000000000000,0.99795814286754647,-0.13535353535353523,5246.99301399341857177,0.08669959848513105,1.40634891991312472,false
0.04383600000000000,6007.50000000000000000,0.99795814286754647,-0.12525252525252509,5300.26152338689189492,0.07834232485363651,1.33685027134601464,false
0.04383600000000000,6007.50000000000000000,0.99795814286754647,-0.11515151515151505,5354.07082520860512886,0.07031369033666114,1.26649793748592732,false
0.04383600000000000,6007.50000000000000000,0.99795814286754647,-0.10505050505050492,5408.42640969010153640,0.06267746007757968,1.19574957542146931,false
0.04383600000000000,6007.50000000000000000,0.99795814286754647,-0.09494949494949480,5463.33382280083787919,0.05549607077941456,1.12516356020639008,false
0.04383600000000000,6007.50000000000000000,0.99795814286754647,-0.08484848484848476,5518.79866681404655537,0.04880140501707629,1.05511720240897078,false
0.04383600000000000,6007.50000000000000000,0.99795814286754647,-0.07474747474747463,5574.82660087834665319,0.04259479123736384,0.98574092583046380,false
0.04383600000000000,6007.50000000000000000,0.99795814286754647,-0.06464646464646451,5631.42334159515121428,0.03687622944672356,0.91718679857304741,false
0.04383600000000000,6007.50000000000000000,0.99795814286754647,-0.05454545454545438,5688.59466360193891887,0.03164611699927167,0.84965918299016907,false
0.04383600000000000,6007.50000000000000000,0.99795814286754647,-0.04444444444444435,5746.34640016144930996,0.02692284962691134,0.78369135066539453,false
0.04383600000000000,6007.50000000000000000,0.99795814286754647,-0.03434343434343422,5804.68444375685703562,0.02274979709842595,0.72039933736421213,false
0.04383600000000000,6007.50000000000000000,0.99795814286754647,-0.02424242424242410,5863.61474669298968365,0.01917216875514467,0.66133295155738359,false
0.04383600000000000,6007.50000000000000000,0.99795814286754647,-0.01414141414141397,5923.14332170365014463,0.01623507335754485,0.60857158192319616,false
0.04383600000000000,6007.50000000000000000,0.99795814286754647,-0.00404040404040393,5983.27624256510171108,0.01397144938303860,0.56455371776536101,false
0.04383600000000000,6007.50000000000000000,0.99795814286754647,0.00606060606060620,6044.01964471578412486,0.01239059880887005,0.53165596213087363,false
0.04383600000000000,6007.50000000000000000,0.99795814286754647,0.01616161616161632,6105.37972588231878035,0.01149910792928534,0.51217292424254435,false
0.04383600000000000,6007.50000000000000000,0.99795814286754647,0.02626262626262645,6167.36274671187220520,0.01130356089455434,0.50779939605127333,false
0.04383600000000000,6007.50000000000000000,0.99795814286754647,0.03636363636363649,6229.97503141093966406,0.01180898747216245,0.51902810092009699,false
0.04383600000000000,6007.50000000000000000,0.99795814286754647,0.04646464646464661,6293.22296839060800266,0.01301612304515746,0.54491073475405327,false
0.04383600000000000,6007.50000000000000000,0.99795814286754647,0.05656565656565674,6357.11301091837322019,0.01492496761273188,0.58350050944969734,false
0.04383600000000000,6007.50000000000000000,0.99795814286754647,0.06666666666666678,6421.65167777658280102,0.01753552117407818,0.63247575175643178,false
0.04383600000000000,6007.50000000000000000,0.99795814286754647,0.07676767676767690,6486.84555392754464265,0.02082363985031040,0.68922792132054556,false
0.04383600000000000,6007.50000000000000000,0.99795814286754647,0.08686868686868703,6552.70129118540808122,0.02466860425022838,0.75016505544896162,false
0.04383600000000000,6007.50000000000000000,0.99795814286754647,0.09696969696969715,6619.22560889485248481,0.02892555110455343,0.81231666289198334,false
0.04383600000000000,6007.50000000000000000,0.99795814286754647,0.10707070707070719,6686.42529461666890711,0.03344961714400686,0.87353460967434282,false
0.04383600000000000,6007.50000000000000000,0.99795814286754647,0.11717171717171732,6754.30720482031210850,0.03811211360678663,0.93242961352919740,false
0.04383600000000000,6007.50000000000000000,0.99795814286754647,0.12727272727272745,6822.87826558346296224,0.04287880519603415,0.98902183221499917,false
0.04383600000000000,6007.50000000000000000,0.99795814286754647,0.13737373737373756,6892.14547329871402326,0.04774964471378447,1.04368541181711860,false
0.04383600000000000,6007.50000000000000000,0.99795814286754647,0.14747474747474762,6962.11589538741645811,0.05272463211807107,1.09670877900868446,false
0.04383600000000000,6007.50000000000000000,0.99795814286754647,0.15757575757575773,7032.79667102077837626,0.05780376735206857,1.14831916497381004,true
0.04383600000000000,6007.50000000000000000,0.99795814286754647,0.16767676767676787,7104.19501184828641271,0.06298705022962388,1.19869909095968552,true
0.04383600000000000,6007.50000000000000000,0.99795814286754647,0.17777777777777790,7176.31820273351331707,0.06827448049799369,1.24799757942607670,true
0.04383600000000000,6007.50000000000000000,0.99795814286754647,0.18787878787878812,7249.17360249740977451,0.07366605790388453,1.29633801210380772,true
0.04383600000000000,6007.50000000000000000,0.99795814286754647,0.19797979797979814,7322.76864466912593343,0.07916123654416146,1.34381914984010886,true
0.04383600000000000,6007.50000000000000000,0.99795814286754647,0.20808080808080820,7397.11083824446996005,0.08475206277344641,1.39046377689639633,true
0.04383600000000000,6007.50000000000000000,0.99795814286754647,0.21818181818181839,7472.20776845206273720,0.09042524430831525,1.43624783244914767,true
0.04383600000000000,6007.50000000000000000,0.99795814286754647,0.22828282828282845,7548.06709752725600993,0.09616737100497796,1.48114785059095322,true
0.04383600000000000,6007.50000000000000000,0.99795814286754647,0.23838383838383848,7624.69656549393312162,0.10196510764920810,1.52514217869490420,true
0.04383600000000000,6007.50000000000000000,0.99795814286754647,0.24848484848484870,7702.10399095422963001,0.10780684240673617,1.56822258411729520,true
0.04383600000000000,6007.50000000000000000,0.99795814286754647,0.25858585858585875,7780.29727188627111900,0.11368268682324907,1.61039237492725928,true
0.04383600000000000,6007.50000000000000000,0.99795814286754647,0.26868686868686892,7859.28438645002006524,0.11958282737399749,1.65165352898988615,true
0.04383600000000000,6007.50000000000000000,0.99795814286754647,0.27878787878787897,7939.07339380128996709,0.12549753379027867,1.69200692650049112,true
0.04383600000000000,6007.50000000000000000,0.99795814286754647,0.28888888888888903,8019.67243491404133238,0.13142084699396075,1.73147677993270666,true
0.04383600000000000,6007.50000000000000000,0.99795814286754647,0.29898989898989925,8101.08973341100681864,0.13735204070363985,1.77011751362351033,true
0.04383600000000000,6007.50000000000000000,0.99795814286754647,0.30909090909090925,8183.33359640276012215,0.14329077408257351,1.80798013867053231,true
0.04383600000000000,6007.50000000000000000,0.99795814286754647,0.31919191919191930,8266.41241533530774177,0.14923670281117152,1.84511042869946595,true
0.04383600000000000,6007.50000000000000000,0.99795814286754647,0.32929292929292953,8350.33466684626728238,0.15518906114523154,1.88154709759153804,true
0.04383600000000000,6007.50000000000000000,0.99795814286754647,0.33939393939393958,8435.10891362976144592,0.16114626487126243,1.91732026572294711,true
0.04383600000000000,6007.50000000000000000,0.99795814286754647,0.34949494949494975,8520.74380531006863748,0.16710663573887677,1.95245659927022985,true
0.04383600000000000,6007.50000000000000000,0.99795814286754647,0.35959595959595980,8607.24807932416297263,0.17306849604238034,1.98698025158146696,true
0.04383600000000000,6007.50000000000000000,0.99795814286754647,0.36969696969696986,8694.63056181320825999,0.17903056297913647,2.02091538222050682,true
0.04383600000000000,6007.50000000000000000,0.99795814286754647,0.37979797979798008,8782.90016852309599926,0.18499264476833358,2.05429009218136205,true
0.04383600000000000,6007.50000000000000000,0.99795814286754647,0.38989898989899008,8872.06590571412380086,0.19095473645915784,2.08713123915398668,true
0.04383600000000000,6007.50000000000000000,0.99795814286754647,0.40000000000000013,8962.13687107993246173,0.19691683310079577,2.11946359935948170,true
0.04931500000000000,6009.67425236858798598,0.99770487537105446,-0.65000000000000002,3137.32506315843784250,0.66422777757717200,3.67002479209546983,true
0.04931500000000000,6009.67425236858798598,0.99770487537105446,-0.63939393939393940,3170.77680494208334494,0.65367711075381019,3.64076057990620017,true
0.04931500000000000,6009.67425236858798598,0.99770487537105446,-0.62878787878787890,3204.58522606428368817,0.64306148802657215,3.61107685636693576,true
0.04931500000000000,6009.67425236858798598,0.99770487537105446,-0.61818181818181828,3238.75412961999882100,0.63231595349158143,3.58077927252599437,true
0.04931500000000000,6009.67425236858798598,0.99770487537105446,-0.60757575757575755,3273.28735925470346046,0.62137555124496180,3.54966658221219555,true
0.04931500000000000,6009.67425236858798598,0.99770487537105446,-0.59696969696969693,3308.18879959675950886,0.61018257794625941,3.51755083892410614,true
0.04931500000000000,6009.67425236858798598,0.99770487537105446,-0.58636363636363642,3343.46237669439324236,0.59872168268806336,3.48435963908080337,true
0.04931500000000000,6009.67425236858798598,0.99770487537105446,-0.57575757575757580,3379.11205845733957176,0.58699284432529897,3.45006188150548310,true
0.04931500000000000,6009.67425236858798598,0.99770487537105446,-0.56515151515151518,3415.14185510318702654,0.57499606285739191,3.41462422232514262,true
0.04931500000000000,6009.67425236858798598,0.99770487537105446,-0.55454545454545456,3451.55581960848439849,0.56273133828384703,3.37801078667054577,true
0.04931500000000000,6009.67425236858798598,0.99770487537105446,-0.54393939393939394,3488.35804816466225020,0.55019867060487360,3.34018290992279576,true
0.04931500000000000,6009.67425236858798598,0.99770487537105446,-0.53333333333333333,3525.55268063880885165,0.53739805982104227,3.30109884286042377,true
0.04931500000000000,6009.67425236858798598,0.99770487537105446,-0.52272727272727271,3563.14390103936193555,0.52432950593292693,3.26071341437062401,true
0.04931500000000000,6009.67425236858798598,0.99770487537105446,-0.51212121212121220,3601.13593798676856750,0.51099346660404643,3.21897908553607337,false
0.04931500000000000,6009.67425236858798598,0.99770487537105446,-0.50151515151515158,3639.53306518915815104,0.49739661273005692,3.17586397518035435,false
0.04931500000000000,6009.67425236858798598,0.99770487537105446,-0.49090909090909091,3678.33960192309177728,0.48355009298086732,3.13134714594383023,false
0.04931500000000000,6009.67425236858798598,0.99770487537105446,-0.48030303030303034,3717.55991351943430345,0.46946515488158241,3.08540488541401681,false
0.04931500000000000,6009.67425236858798598,0.99770487537105446,-0.46969696969696972,3757.19841185441009657,0.45515462956866320,3.03801534751255886,false
0.04931500000000000,6009.67425236858798598,0.99770487537105446,-0.45909090909090911,3797.25955584589246428,0.44066777123976597,2.98927676032647760,false
0.04931500000000000,6009.67425236858798598,0.99770487537105446,-0.44848484848484849,3837.74785195498543544,0.42609025715374294,2.93941755252356129,false
0.04931500000000000,6009.67425236858798598,0.99770487537105446,-0.43787878787878787,3878.66785469295336952,0.41150934818080270,2.88868598249812303,false
0.04931500000000000,6009.67425236858798598,0.99770487537105446,-0.42727272727272730,3920.02416713355614775,0.39701172503106574,2.83734501191506050,false
0.04931500000000000,6009.67425236858798598,0.99770487537105446,-0.41666666666666669,3961.82144143084860843,0.38265778931141298,2.78558080005245312,false
0.04931500000000000,6009.67425236858798598,0.99770487537105446,-0.40606060606060612,4004.06437934249515820,0.36847147849283213,2.73345809110316162,false
0.04931500000000000,6009.67425236858798598,0.99770487537105446,-0.39545454545454550,4046.75773275867368284,0.35447404411997779,2.68103634401459745,false
0.04931500000000000,6009.67425236858798598,0.99770487537105446,-0.38484848484848488,4089.90630423661013992,0.34068668239493982,2.62837943083242687,false
0.04931500000000000,6009.67425236858798598,0.99770487537105446,-0.37424242424242427,4133.51494754081795691,0.32712389306944845,2.57553000806758714,false
0.04931500000000000,6009.67425236858798598,0.99770487537105446,-0.36363636363636365,4177.58856818909498543,0.31378717039246862,2.52248198172327820,false
0.04931500000000000,6009.67425236858798598,0.99770487537105446,-0.35303030303030308,4222.13212400434167648,0.30067651436371146,2.46922255161478965,false
0.04931500000000000,6009.67425236858798598,0.99770487537105446,-0.34242424242424241,4267.15062567226959800,0.28779192284393440,2.41573772643696572,false
0.04931500000000000,6009.67425236858798598,0.99770487537105446,-0.33181818181818185,4312.64913730504395062,0.27513184295220700,2.36200552913912709,false
0.04931500000000000,6009.67425236858798598,0.99770487537105446,-0.32121212121212123,4358.63277701095103112,0.26269043748263410,2.30798304021792422,false
0.04931500000000000,6009.67425236858798598,0.99770487537105446,-0.31060606060606061,4405.10671747012656851,0.25046113556808092,2.25361982217753543,false
0.04931500000000000,6009.67425236858798598,0.99770487537105446,-0.30000000000000004,4452.07618651643042540,0.23843736634141280,2.19886030566950463,false
0.04931500000000000,6009.67425236858798598,0.99770487537105446,-0.28939393939393943,4499.54646772552314360,0.22661499271385671,2.14365455371492031,false
0.04931500000000000,6009.67425236858798598,0.99770487537105446,-0.27878787878787881,4547.52290100921254634,0.21499961271008883,2.08799435440106596,false
0.04931500000000000,6009.67425236858798598,0.99770487537105446,-0.26818181818181819,4596.01088321614042798,0.20359925813314714,2.03188243907869381,false
0.04931500000000000,6009.67425236858798598,0.99770487537105446,-0.25757575757575757,4645.01586873886844842,0.19242196078606977,1.97532153830282864,false
0.04931500000000000,6009.67425236858798598,0.99770487537105446,-0.24696969696969701,4694.54337012744326785,0.18147490210041314,1.91830989363716276,false
0.04931500000000000,6009.67425236858798598,0.99770487537105446,-0.23636363636363639,4744.59895870949821983,0.17076029763578654,1.86081814747000385,false
0.04931500000000000,6009.67425236858798598,0.99770487537105446,-0.22575757575757574,4795.18826521697246790,0.16027856551936731,1.80280272025733246,false
0.04931500000000000,6009.67425236858798598,0.99770487537105446,-0.21515151515151520,4846.31698041950858169,0.15003012139911581,1.74421377333614847,false
0.04931500000000000,6009.67425236858798598,0.99770487537105446,-0.20454545454545456,4897.99085576460311131,0.14001535169799809,1.68499380727303438,false
0.04931500000000000,6009.67425236858798598,0.99770487537105446,-0.19393939393939394,4950.21570402458746685,0.13023438847329130,1.62507466177955329,false
0.04931500000000000,6009.67425236858798598,0.99770487537105446,-0.18333333333333329,5002.99739995050185826,0.12068723281100321,1.56437600548772848,false
0.04931500000000000,6009.67425236858798598,0.99770487537105446,-0.17272727272727276,5056.34188093294324062,0.11137388471473453,1.50280338740133401,false
0.04931500000000000,6009.67425236858798598,0.99770487537105446,-0.16212121212121214,5110.25514766996366234,0.10229544812206735,1.44025249373418562,false
0.04931500000000000,6009.67425236858798598,0.99770487537105446,-0.15151515151515149,5164.74326484208268084,0.09346801397832187,1.37670848373219745,false
0.04931500000000000,6009.67425236858798598,0.99770487537105446,-0.14090909090909096,5219.81236179449933843,0.08491847411889671,1.31223486427641567,false
0.04931500000000000,6009.67425236858798598,0.99770487537105446,-0.13030303030303034,5275.46863322658555262,0.07667395882893033,1.24690803906772651,false
0.04931500000000000,6009.67425236858798598,0.99770487537105446,-0.11969696969696969,5331.71833988871730980,0.06876188077777971,1.18082177934576715,false
0.04931500000000000,6009.67425236858798598,0.99770487537105446,-0.10909090909090906,5388.56780928655189200,0.06121614747182268,1.11414952269144263,false
0.04931500000000000,6009.67425236858798598,0.99770487537105446,-0.09848484848484852,5446.02343639280024945,0.05407716125445794,1.04717056002331277,false
0.04931500000000000,6009.67425236858798598,0.99770487537105446,-0.08787878787878789,5504.09168436659729196,0.04738560685330234,0.98024289856474012,false
0.04931500000000000,6009.67425236858798598,0.99770487537105446,-0.07727272727272726,5562.77908528054103954,0.04118191235621437,0.91382647535237249,false
0.04931500000000000,6009.67425236858798598,0.99770487537105446,-0.06666666666666662,5622.09224085547975847,0.03549488102050439,0.84838570782797174,false
0.04931500000000000,6009.67425236858798598,0.99770487537105446,-0.05606060606060608,5682.03782320313712262,0.03033718581939501,0.78432873647074619,false
0.04931500000000000,6009.67425236858798598,0.99770487537105446,-0.04545454545454545,5742.62257557665907370,0.02572031157907800,0.72218521651499723,false
0.04931500000000000,6009.67425236858798598,0.99770487537105446,-0.03484848484848482,5803.85331312915604940,0.02165581959756004,0.66267073822617795,false
0.04931500000000000,6009.67425236858798598,0.99770487537105446,-0.02424242424242427,5865.73692368033516686,0.01816452426243855,0.60690748719350063,false
0.04931500000000000,6009.67425236858798598,0.99770487537105446,-0.01363636363636364,5928.28036849131422059,0.01528521083778874,0.55673201734947897,false
0.04931500000000000,6009.67425236858798598,0.99770487537105446,-0.00303030303030301,5991.49068304768388771,0.01305872932668550,0.51458952489120902,false
0.04931500000000000,6009.67425236858798598,0.99770487537105446,0.00757575757575762,6055.37497785093091807,0.01152591643467656,0.48344627080900243,false
0.04931500000000000,6009.67425236858798598,0.99770487537105446,0.01818181818181816,6119.94043921829415922,0.01071796816015196,0.46619403518023983,false
0.04931500000000000,6009.67425236858798598,0.99770487537105446,0.02878787878787879,6185.19433009115073219,0.01063944555469223,0.46448316684473029,false
0.04931500000000000,6009.67425236858798598,0.99770487537105446,0.03939393939393943,6251.14399085202330753,0.01129034861807781,0.47848040533349245,false
0.04931500000000000,6009.67425236858798598,0.99770487537105446,0.04999999999999997,6317.79684015028851718,0.01267067735008909,0.50688611783236170,false
0.04931500000000000,6009.67425236858798598,0.99770487537105446,0.06060606060606060,6385.16037573670837446,0.01476512168869767,0.54717846476677545,false
0.04931500000000000,6009.67425236858798598,0.99770487537105446,0.07121212121212123,6453.24217530684200028,0.01749713132463964,0.59565378663463875,false
0.04931500000000000,6009.67425236858798598,0.99770487537105446,0.08181818181818186,6522.04989735345952795,0.02077484588684226,0.64905184180912701,false
0.04931500000000000,6009.67425236858798598,0.99770487537105446,0.09242424242424241,6591.59128202804549801,0.02450640500423277,0.70493696526506244,false
0.04931500000000000,6009.67425236858798598,0.99770487537105446,0.10303030303030304,6661.87415201147905464,0.02860203569664290,0.76156846664330757,false
0.04931500000000000,6009.67425236858798598,0.99770487537105446,0.11363636363636367,6732.90641339400826837,0.03298415461650367,0.81783023082697304,false
0.04931500000000000,6009.67425236858798598,0.99770487537105446,0.12424242424242421,6804.69605656460225873,0.03757959053987786,0.87294423895504747,false
0.04931500000000000,6009.67425236858798598,0.99770487537105446,0.13484848484848486,6877.25115710978843708,0.04231517832851617,0.92631472757441624,false
0.04931500000000000,6009.67425236858798598,0.99770487537105446,0.14545454545454539,6950.57987672206581919,0.04712289726353450,0.97752184942657261,false
0.04931500000000000,6009.67425236858798598,0.99770487537105446,0.15606060606060601,7024.69046411801446084,0.05197950212793326,1.02665975721300695,true
0.04931500000000000,6009.67425236858798598,0.99770487537105446,0.16666666666666666,7099.59125596619651333,0.05688480232483167,1.07401069946145022,true
0.04931500000000000,6009.67425236858798598,0.99770487537105446,0.17727272727272728,7175.29067782493166305,0.06183879779139966,1.11980138473896362,true
0.04931500000000000,6009.67425236858798598,0.99770487537105446,0.18787878787878792,7251.79724509009065514,0.06684148846172343,1.16421593008383284,true
0.04931500000000000,6009.67425236858798598,0.99770487537105446,0.19848484848484854,7329.11956395299057476,0.07189287422802557,1.20740620843408553,true
0.04931500000000000,6009.67425236858798598,0.99770487537105446,0.20909090909090919,7407.26633236850193498,0.07699295495235817,1.24949917942296018,true
0.04931500000000000,6009.67425236858798598,0.99770487537105446,0.21969696969696964,7486.24634103347034397,0.08214173049610718,1.29060221241504336,true
0.04931500000000000,6009.67425236858798598,0.99770487537105446,0.23030303030303026,7566.06847437559190439,0.08733920071400682,1.33080703453031268,true
0.04931500000000000,6009.67425236858798598,0.99770487537105446,0.24090909090909091,7646.74171155280600942,0.09258536530779760,1.37019271298780554,true
0.04931500000000000,6009.67425236858798598,0.99770487537105446,0.25151515151515152,7728.27512746335742122,0.09788022382622621,1.40882794700017655,true
0.04931500000000000,6009.67425236858798598,0.99770487537105446,0.26212121212121214,7810.67789376664040901,0.10322377581138754,1.44677285516476317,true
0.04931500000000000,6009.67425236858798598,0.99770487537105446,0.27272727272727276,7893.95927991489952547,0.10861595111720995,1.48407990987515936,true
0.04931500000000000,6009.67425236858798598,0.99770487537105446,0.28333333333333344,7978.12865419595709682,0.11405352298178199,1.52077454146144042,true
0.04931500000000000,6009.67425236858798598,0.99770487537105446,0.29393939393939389,8063.19548478704291483,0.11952888461287337,1.55685051516563311,true
0.04931500000000000,6009.67425236858798598,0.99770487537105446,0.30454545454545451,8149.16934081986619276,0.12503410658785336,1.59229939064374970,true
0.04931500000000000,6009.67425236858798598,0.99770487537105446,0.31515151515151513,8236.05989345704620064,0.13056127004412074,1.62711281029221455,true
0.04931500000000000,6009.67425236858798598,0.99770487537105446,0.32575757575757575,8323.87691698000708129,0.13610373388267410,1.66129019246260068,true
0.04931500000000000,6009.67425236858798598,0.99770487537105446,0.33636363636363642,8412.63028988850055612,0.14165733861150284,1.69484513231706191,true
0.04931500000000000,6009.67425236858798598,0.99770487537105446,0.34696969696969704,8502.32999601181836624,0.14721820985939971,1.72779115941967554,true
0.04931500000000000,6009.67425236858798598,0.99770487537105446,0.35757575757575766,8592.98612563187089108,0.15278247451618224,1.76014015620506692,true
0.04931500000000000,6009.67425236858798598,0.99770487537105446,0.36818181818181811,8684.60887661824745010,0.15834717371475740,1.79190771524555714,true
0.04931500000000000,6009.67425236858798598,0.99770487537105446,0.37878787878787873,8777.20855557536378910,0.16391187442100857,1.82312182286315405,true
0.04931500000000000,6009.67425236858798598,0.99770487537105446,0.38939393939393940,8870.79557900185136532,0.16947657613237702,1.85381043324951644,true
0.04931500000000000,6009.67425236858798598,0.99770487537105446,0.40000000000000002,8965.38047446229575144,0.17504127834630409,1.88399922347129323,true
0.05753400000000000,6010.18042064885776199,0.99732507153725758,-0.65000000000000002,3137.58930617148325837,0.57911288696708441,3.17262929598722510,true
0.05753400000000000,6010.18042064885776199,0.99732507153725758,-0.63939393939393951,3171.04386544737508302,0.57008507809501119,3.14780305310926778,true
0.05753400000000000,6010.18042064885776199,0.99732507153725758,-0.62878787878787878,3204.85513410334579021,0.56109557936443055,3.12288605974831857,true
0.05753400000000000,6010.18042064885776199,0.99732507153725758,-0.61818181818181828,3239.02691555467117723,0.55218270091683541,3.09798359620805108,true
0.05753400000000000,6010.18042064885776199,0.99732507153725758,-0.60757575757575766,3273.56305377056014549,0.54338475289371813,3.07320435236157241,true
0.05753400000000000,6010.18042064885776199,0.99732507153725758,-0.59696969696969704,3308.46743370655894978,0.53471877096572218,3.04859989611943449,true
0.05753400000000000,6010.18042064885776199,0.99732507153725758,-0.58636363636363642,3343.74398174157022368,0.52607755533669154,3.02386641992872418,true
0.05753400000000000,6010.18042064885776199,0.99732507153725758,-0.57575757575757580,3379.39666611952588937,0.51730893830561375,2.99855974716751206,true
0.05753400000000000,6010.18042064885776199,0.99732507153725758,-0.56515151515151518,3415.42949739577761648,0.50826069014677944,2.97222016562510172,true
0.05753400000000000,6010.18042064885776199,0.99732507153725758,-0.55454545454545467,3451.84652888823893591,0.49879128478739865,2.94440226938237481,true
0.05753400000000000,6010.18042064885776199,0.99732507153725758,-0.54393939393939394,3488.65185713334449247,0.48885235757823103,2.91491954658305286,true
0.05753400000000000,6010.18042064885776199,0.99732507153725758,-0.53333333333333344,3525.84962234686463489,0.47844351209237590,2.88371974019069954,true
0.05753400000000000,6010.18042064885776199,0.99732507153725758,-0.52272727272727282,3563.44400888963900798,0.46756474833452166,2.85074647325332231,true
0.05753400000000000,6010.18042064885776199,0.99732507153725758,-0.51212121212121220,3601.43924573827098357,0.45621904412823661,2.81594663747124807,false
0.05753400000000000,6010.18042064885776199,0.99732507153725758,-0.50151515151515158,3639.83960696084704978,0.44444980416619706,2.77938734059385428,false
0.05753400000000000,6010.18042064885776199,0.99732507153725758,-0.49090909090909096,3678.64941219772026670,0.43232956812099699,2.74122816282557435,false
0.05753400000000000,6010.18042064885776199,0.99732507153725758,-0.48030303030303034,3717.87302714742918397,0.41993151887410785,2.70163672864415183,false
0.05753400000000000,6010.18042064885776199,0.99732507153725758,-0.46969696969696978,3757.51486405779087363,0.40732813275654145,2.66078582768008864,false
0.05753400000000000,6010.18042064885776199,0.99732507153725758,-0.45909090909090911,3797.57938222223310731,0.39457563543872320,2.61880310871760624,false
0.05753400000000000,6010.18042064885776199,0.99732507153725758,-0.44848484848484854,3838.07108848141933777,0.38171400193049365,2.57576810381226640,false
0.05753400000000000,6010.18042064885776199,0.99732507153725758,-0.43787878787878798,3878.99453773022014502,0.36878250069123292,2.53176194656879305,false
0.05753400000000000,6010.18042064885776199,0.99732507153725758,-0.42727272727272736,3920.35433343009253804,0.35582069830474350,2.48687135142064886,false
0.05753400000000000,6010.18042064885776199,0.99732507153725758,-0.41666666666666669,3962.15512812692122679,0.34288166528701780,2.44123645678783907,false
0.05753400000000000,6010.18042064885776199,0.99732507153725758,-0.40606060606060612,4004.40162397437870823,0.33003720982610413,2.39507528325096120,false
0.05753400000000000,6010.18042064885776199,0.99732507153725758,-0.39545454545454550,4047.09857326287465185,0.31736052031571188,2.34862762723752461,false
0.05753400000000000,6010.18042064885776199,0.99732507153725758,-0.38484848484848494,4090.25077895413141960,0.30492459455476784,2.30215172645197175,false
0.05753400000000000,6010.18042064885776199,0.99732507153725758,-0.37424242424242432,4133.86309522147530515,0.29277936837347251,2.25583821871017776,false
0.05753400000000000,6010.18042064885776199,0.99732507153725758,-0.36363636363636370,4177.94042799587259651,0.28092998782805428,2.20971755374484236,false
0.05753400000000000,6010.18042064885776199,0.99732507153725758,-0.35303030303030308,4222.48773551780050184,0.26937645291560403,2.16380206270328124,false
0.05753400000000000,6010.18042064885776199,0.99732507153725758,-0.34242424242424246,4267.51002889499704906,0.25811874358698778,2.11810500641767696,false
0.05753400000000000,6010.18042064885776199,0.99732507153725758,-0.33181818181818190,4313.01237266615771659,0.24714230627975703,2.07257980942256159,false
0.05753400000000000,6010.18042064885776199,0.99732507153725758,-0.32121212121212128,4358.99988537064200500,0.23639243484226619,2.02700351803111367,false
0.05753400000000000,6010.18042064885776199,0.99732507153725758,-0.31060606060606066,4405.47774012425907131,0.22580754726760510,1.98110248264649313,false
0.05753400000000000,6010.18042064885776199,0.99732507153725758,-0.30000000000000004,4452.45116520118517656,0.21532606154886366,1.93457697231770620,false
0.05753400000000000,6010.18042064885776199,0.99732507153725758,-0.28939393939393943,4499.92544462209389167,0.20490303122028700,1.88717383714458053,false
0.05753400000000000,6010.18042064885776199,0.99732507153725758,-0.27878787878787886,4547.90591874854908383,0.19456005198074180,1.83892726650989946,false
0.05753400000000000,6010.18042064885776199,0.99732507153725758,-0.26818181818181824,4596.39798488374526642,0.18433535507025006,1.78995468092457388,false
0.05753400000000000,6010.18042064885776199,0.99732507153725758,-0.25757575757575762,4645.40709787964533461,0.17426717172883380,1.74038570281527027,false
0.05753400000000000,6010.18042064885776199,0.99732507153725758,-0.24696969696969703,4694.93877075059208437,0.16438946454726519,1.69034248027327916,false
0.05753400000000000,6010.18042064885776199,0.99732507153725758,-0.23636363636363641,4744.99857529346718366,0.15471126869810187,1.63982947848203375,false
0.05753400000000000,6010.18042064885776199,0.99732507153725758,-0.22575757575757585,4795.59214271446126077,0.14523259669878161,1.58880195926881918,false
0.05753400000000000,6010.18042064885776199,0.99732507153725758,-0.21515151515151520,4846.72516426252695965,0.13595344862170053,1.53720868580296455,false
0.05753400000000000,6010.18042064885776199,0.99732507153725758,-0.20454545454545464,4898.40339186957771744,0.12687382453417095,1.48499069137268780,false
0.05753400000000000,6010.18042064885776199,0.99732507153725758,-0.19393939393939399,4950.63263879752958019,0.11799372445925548,1.43207964004927435,false
0.05753400000000000,6010.18042064885776199,0.99732507153725758,-0.18333333333333343,5003.41878029222698387,0.10931314839723311,1.37839572316998371,false
0.05753400000000000,6010.18042064885776199,0.99732507153725758,-0.17272727272727278,5056.76775424434890738,0.10083209634819434,1.32384492146702648,false
0.05753400000000000,6010.18042064885776199,0.99732507153725758,-0.16212121212121222,5110.68556185735724284,0.09255214789102931,1.26832620783022443,false
0.05753400000000000,6010.18042064885776199,0.99732507153725758,-0.15151515151515155,5165.17826832257378555,0.08449632696640839,1.21187166379516165,false
0.05753400000000000,6010.18042064885776199,0.99732507153725758,-0.14090909090909098,5220.25200350144496042,0.07670311211397557,1.15463364438574878,false
0.05753400000000000,6010.18042064885776199,0.99732507153725758,-0.13030303030303034,5275.91296261509523902,0.06921132306239516,1.09679709423832228,false
0.05753400000000000,6010.18042064885776199,0.99732507153725758,-0.11969696969696979,5332.16740694121472188,0.06205949121348996,1.03858446184527953,false
0.05753400000000000,6010.18042064885776199,0.99732507153725758,-0.10909090909090913,5389.02166451840002992,0.05527951645172201,0.98021158984527446,false
0.05753400000000000,6010.18042064885776199,0.99732507153725758,-0.09848484848484856,5446.48213085798215616,0.04889666714419288,0.92188626496919990,false
0.05753400000000000,6010.18042064885776199,0.99732507153725758,-0.08787878787878792,5504.55526966345860274,0.04293592333116218,0.86386945608293486,false
0.05753400000000000,6010.18042064885776199,0.99732507153725758,-0.07727272727272735,5563.24761355759437720,0.03742206681659471,0.80649485361663509,false
0.05753400000000000,6010.18042064885776199,0.99732507153725758,-0.06666666666666669,5622.56576481727279315,0.03237090003449834,0.75009298312959627,false
0.05753400000000000,6010.18042064885776199,0.99732507153725758,-0.05606060606060614,5682.51639611617974879,0.02778576590063386,0.69494254708724612,false
0.05753400000000000,6010.18042064885776199,0.99732507153725758,-0.04545454545454548,5743.10625127541607071,0.02366908957013671,0.64139931542857964,false
0.05753400000000000,6010.18042064885776199,0.99732507153725758,-0.03484848484848493,5804.34214602210067824,0.02002342196880490,0.58993867078749984,false
0.05753400000000000,6010.18042064885776199,0.99732507153725758,-0.02424242424242427,5866.23096875607370748,0.01686653227259246,0.54144034819327735,false
0.05753400000000000,6010.18042064885776199,0.99732507153725758,-0.01363636363636371,5928.77968132476689789,0.01424574576312855,0.49759992956926147,false
0.05753400000000000,6010.18042064885776199,0.99732507153725758,-0.00303030303030306,5991.99531980633946660,0.01221178352992835,0.46070960232813113,false
0.05753400000000000,6010.18042064885776199,0.99732507153725758,0.00757575757575750,6055.88499530116405367,0.01081534263049149,0.43356863456709466,false
0.05753400000000000,6010.18042064885776199,0.99732507153725758,0.01818181818181816,6120.45589473175277817,0.01008969691100542,0.41877117036767519,false
0.05753400000000000,6010.18042064885776199,0.99732507153725758,0.02878787878787872,6185.71528165120616904,0.01001998409040501,0.41732195332021382,false
0.05753400000000000,6010.18042064885776199,0.99732507153725758,0.03939393939393928,6251.67049706029501976,0.01058309890627327,0.42888824473177312,false
0.05753400000000000,6010.18042064885776199,0.99732507153725758,0.04999999999999993,6318.32896023323701229,0.01175593609619328,0.45202902692469671,false
0.05753400000000000,6010.18042064885776199,0.99732507153725758,0.06060606060606050,6385.69816955229634914,0.01351264055465880,0.48462724704622384,false
0.05753400000000000,6010.18042064885776199,0.99732507153725758,0.07121212121212114,6453.78570335126823920,0.01581635780380685,0.52431339863709925,false
0.05753400000000000,6010.18042064885776199,0.99732507153725758,0.08181818181818171,6522.59922076796374313,0.01862748352268513,0.56900333184275653,false
0.05753400000000000,6010.18042064885776199,0.99732507153725758,0.09242424242424237,6592.14646260578683723,0.02190641339034141,0.61705426000169372,false
0.05753400000000000,6010.18042064885776199,0.99732507153725758,0.10303030303030292,6662.43525220448191249,0.02560688492273807,0.66713863246438110,false
0.05753400000000000,6010.18042064885776199,0.99732507153725758,0.11363636363636358,6733.47349632019904675,0.02964375429280553,0.71780142791901491,false
0.05753400000000000,6010.18042064885776199,0.99732507153725758,0.12424242424242414,6805.26918601489705907,0.03391780429669024,0.76780613952245991,false
0.05753400000000000,6010.18042064885776199,0.99732507153725758,0.13484848484848480,6877.83039755527533998,0.03832979831898458,0.81621765145386960,false
0.05753400000000000,6010.18042064885776199,0.99732507153725758,0.14545454545454536,6951.16529332125719520,0.04278747731842751,0.86237479845875686,false
0.05753400000000000,6010.18042064885776199,0.99732507153725758,0.15606060606060601,7025.28212272417749773,0.04725931299170227,0.90631969470875373,false
0.05753400000000000,6010.18042064885776199,0.99732507153725758,0.16666666666666657,7100.18922313475559349,0.05174504690481618,0.94835755424695189,false
0.05753400000000000,6010.18042064885776199,0.99732507153725758,0.17727272727272722,7175.89502082095896185,0.05624467905244887,0.98873165113957162,false
0.05753400000000000,6010.18042064885776199,0.99732507153725758,0.18787878787878778,7252.40803189587404631,0.06075820942923128,1.02763810299512448,true
0.05753400000000000,6010.18042064885776199,0.99732507153725758,0.19848484848484835,7329.73686327567975241,0.06528563802913492,1.06523773350326989,true
0.05753400000000000,6010.18042064885776199,0.99732507153725758,0.20909090909090908,7407.89021364783639001,0.06982696484565626,1.10166435555818909,true
0.05753400000000000,6010.18042064885776199,0.99732507153725758,0.21969696969696964,7486.87687444959101413,0.07438218987228096,1.13703071238157993,true
0.05753400000000000,6010.18042064885776199,0.99732507153725758,0.23030303030303020,7566.70573085693467874,0.07895131310244750,1.17143283825395095,true
0.05753400000000000,6010.18042064885776199,0.99732507153725758,0.24090909090909077,7647.38576278407981590,0.08353433452850545,1.20495332403238686,true
0.05753400000000000,6010.18042064885776199,0.99732507153725758,0.25151515151515152,7728.92604589361599210,0.08813125414171524,1.23766380589319791,true
0.05753400000000000,6010.18042064885776199,0.99732507153725758,0.26212121212121209,7811.33575261741953000,0.09274207193328983,1.26962689178789434,true
0.05753400000000000,6010.18042064885776199,0.99732507153725758,0.27272727272727265,7894.62415318846524315,0.09736678789440241,1.30089767343251950,true
0.05753400000000000,6010.18042064885776199,0.99732507153725758,0.28333333333333321,7978.80061668361940974,0.10200540201441467,1.33152492782019993,true
0.05753400000000000,6010.18042064885776199,0.99732507153725758,0.29393939393939394,8063.87461207757860393,0.10665791428017525,1.36155208277749873,true
0.05753400000000000,6010.18042064885776199,0.99732507153725758,0.30454545454545451,8149.85570930801623035,0.11132432467834728,1.39101800083169369,true
0.05753400000000000,6010.18042064885776199,0.99732507153725758,0.31515151515151507,8236.75358035210774688,0.11600463319555875,1.41995762145929572,true
0.05753400000000000,6010.18042064885776199,0.99732507153725758,0.32575757575757563,8324.57800031452825351,0.12069883981414178,1.44840249175299163,true
0.05753400000000000,6010.18042064885776199,0.99732507153725758,0.33636363636363636,8413.33884852704977675,0.12540694450808573,1.47638120833120667,true
0.05753400000000000,6010.18042064885776199,0.99732507153725758,0.34696969696969693,8503.04610965985193616,0.13012894725042123,1.50391978804167015,true
0.05753400000000000,6010.18042064885776199,0.99732507153725758,0.35757575757575749,8593.70987484471152129,0.13486484691743927,1.53104197468078018,true
0.05753400000000000,6010.18042064885776199,0.99732507153725758,0.36818181818181805,8685.34034281013737200,0.13961384724908552,1.55776507555198274,true
0.05753400000000000,6010.18042064885776199,0.99732507153725758,0.37878787878787862,8777.94782102862700413,0.14437295521551302,1.58409286787620585,true
0.05753400000000000,6010.18042064885776199,0.99732507153725758,0.38939393939393935,8871.54272687614320603,0.14913880160512810,1.61002655823360352,true
0.05753400000000000,6010.18042064885776199,0.99732507153725758,0.39999999999999991,8966.13558880396340101,0.15390801720633687,1.63556699121010229,true
0.06027400000000000,6011.03080839024278248,0.99719848699294966,-0.65000000000000002,3138.03324750048250280,0.55277688091831512,3.02837692670600589,true
0.06027400000000000,6011.03080839024278248,0.99719848699294966,-0.63939393939393940,3171.49254030267638882,0.54417119958432980,3.00471143347011216,true
0.06027400000000000,6011.03080839024278248,0.99719848699294966,-0.62878787878787890,3205.30859295619302429,0.53567258288314046,2.98115599817065657,true
0.06027400000000000,6011.03080839024278248,0.99719848699294966,-0.61818181818181817,3239.48520941445940480,0.52738809544754206,2.95801351754789188,true
0.06027400000000000,6011.03080839024278248,0.99719848699294966,-0.60757575757575755,3274.02623419057090359,0.51942480191033080,2.93559631947406752,true
0.06027400000000000,6011.03080839024278248,0.99719848699294966,-0.59696969696969693,3308.93555278976236877,0.51185355637828123,2.91412284601725124,true
0.06027400000000000,6011.03080839024278248,0.99719848699294966,-0.58636363636363642,3344.21709214648171837,0.50453375615460128,2.89321099762978573,true
0.06027400000000000,6011.03080839024278248,0.99719848699294966,-0.57575757575757580,3379.87482106613470023,0.49724826025863522,2.87224597339016663,true
0.06027400000000000,6011.03080839024278248,0.99719848699294966,-0.56515151515151518,3415.91275067153173950,0.48977982213967997,2.85059446608864908,true
0.06027400000000000,6011.03080839024278248,0.99719848699294966,-0.55454545454545456,3452.33493485409371715,0.48192380165801046,2.82764042051182463,true
0.06027400000000000,6011.03080839024278248,0.99719848699294966,-0.54393939393939394,3489.14547072988034415,0.47358528113982340,2.80307095427957531,true
0.06027400000000000,6011.03080839024278248,0.99719848699294966,-0.53333333333333333,3526.34849910046659716,0.46472583830866199,2.77672840424298384,true
0.06027400000000000,6011.03080839024278248,0.99719848699294966,-0.52272727272727282,3563.94820491873997526,0.45530751779217998,2.74844723479974196,true
0.06027400000000000,6011.03080839024278248,0.99719848699294966,-0.51212121212121220,3601.94881775966905479,0.44529716438444839,2.71806574876585127,false
0.06027400000000000,6011.03080839024278248,0.99719848699294966,-0.50151515151515147,3640.35461229608335998,0.43472678993881964,2.68561154541090286,false
0.06027400000000000,6011.03080839024278248,0.99719848699294966,-0.49090909090909096,3679.16990877952639494,0.42367537113687365,2.65125562168531026,false
0.06027400000000000,6011.03080839024278248,0.99719848699294966,-0.48030303030303034,3718.39907352624504711,0.41222292149613621,2.61517684048839172,false
0.06027400000000000,6011.03080839024278248,0.99719848699294966,-0.46969696969696972,3758.04651940835037749,0.40044930782032351,2.57755990069067664,false
0.06027400000000000,6011.03080839024278248,0.99719848699294966,-0.45909090909090905,3798.11670635022119313,0.38843102249552330,2.53858638872697906,false
0.06027400000000000,6011.03080839024278248,0.99719848699294966,-0.44848484848484854,3838.61414183019996926,0.37624118349019581,2.49843559736630816,false
0.06027400000000000,6011.03080839024278248,0.99719848699294966,-0.43787878787878792,3879.54338138763387178,0.36395276205899069,2.45729616530489547,false
0.06027400000000000,6011.03080839024278248,0.99719848699294966,-0.42727272727272725,3920.90902913533045648,0.35163846395324017,2.41536728811527368,false
0.06027400000000000,6011.03080839024278248,0.99719848699294966,-0.41666666666666669,3962.71573827746669849,0.33935896860731030,2.37281925947476191,false
0.06027400000000000,6011.03080839024278248,0.99719848699294966,-0.40606060606060607,4004.96821163303047797,0.32715826808034987,2.32977479960092371,false
0.06027400000000000,6011.03080839024278248,0.99719848699294966,-0.39545454545454545,4047.67120216483817785,0.31507912524947929,2.28636102734128821,false
0.06027400000000000,6011.03080839024278248,0.99719848699294966,-0.38484848484848488,4090.82951351418932973,0.30316419163015590,2.24271426104553395,false
0.06027400000000000,6011.03080839024278248,0.99719848699294966,-0.37424242424242421,4134.44800054123334121,0.29144264397658709,2.19893069776376215,false
0.06027400000000000,6011.03080839024278248,0.99719848699294966,-0.36363636363636365,4178.53156987108104659,0.27991748905212360,2.15501357370951974,false
0.06027400000000000,6011.03080839024278248,0.99719848699294966,-0.35303030303030308,4223.08518044575885142,0.26858872685520896,2.11095455294152323,false
0.06027400000000000,6011.03080839024278248,0.99719848699294966,-0.34242424242424241,4268.11384408203321073,0.25745635289086910,2.06674454254244067,false
0.06027400000000000,6011.03080839024278248,0.99719848699294966,-0.33181818181818185,4313.62262603518411197,0.24651710493615608,2.02236025927275431,false
0.06027400000000000,6011.03080839024278248,0.99719848699294966,-0.32121212121212123,4359.61664556880259624,0.23575872045207980,1.97773853693500512,false
0.06027400000000000,6011.03080839024278248,0.99719848699294966,-0.31060606060606061,4406.10107653064642363,0.22516739565731242,1.93280368727092799,false
0.06027400000000000,6011.03080839024278248,0.99719848699294966,-0.30000000000000004,4453.08114793464756076,0.21472932677052592,1.88747268066575735,false
0.06027400000000000,6011.03080839024278248,0.99719848699294966,-0.28939393939393937,4500.56214454912151268,0.20443301064076508,1.84166445180094085,false
0.06027400000000000,6011.03080839024278248,0.99719848699294966,-0.27878787878787881,4548.54940749124853028,0.19427614663856646,1.79533184183710337,false
0.06027400000000000,6011.03080839024278248,0.99719848699294966,-0.26818181818181819,4597.04833482789126720,0.18425873476483923,1.74843316375991398,false
0.06027400000000000,6011.03080839024278248,0.99719848699294966,-0.25757575757575757,4646.06438218282710295,0.17438077502049276,1.70092159446173019,false
0.06027400000000000,6011.03080839024278248,0.99719848699294966,-0.24696969696969701,4695.60306335044151638,0.16464332270076953,1.65274957501911879,false
0.06027400000000000,6011.03080839024278248,0.99719848699294966,-0.23636363636363636,4745.66995091597891587,0.15505359565061855,1.60389492808892586,false
0.06027400000000000,6011.03080839024278248,0.99719848699294966,-0.22575757575757577,4796.27067688239458221,0.14562104229339023,1.55434371238743352,false
0.06027400000000000,6011.03080839024278248,0.99719848699294966,-0.21515151515151515,4847.41093330390049232,0.13635511412909462,1.50407921144431267,false
0.06027400000000000,6011.03080839024278248,0.99719848699294966,-0.20454545454545450,4899.09647292626232229,0.12726459809933366,1.45307756772107988,false
0.06027400000000000,6011.03080839024278248,0.99719848699294966,-0.19393939393939397,4951.33310983391857008,0.11835249702623135,1.40127607069783777,false
0.06027400000000000,6011.03080839024278248,0.99719848699294966,-0.18333333333333335,5004.12672010401001899,0.10961883552571196,1.34858270350312903,false
0.06027400000000000,6011.03080839024278248,0.99719848699294966,-0.17272727272727270,5057.48324246737593057,0.10106361360042568,1.29488859115002164,false
0.06027400000000000,6011.03080839024278248,0.99719848699294966,-0.16212121212121217,5111.40867897659518349,0.09268911201731421,1.24007900240194302,false
0.06027400000000000,6011.03080839024278248,0.99719848699294966,-0.15151515151515152,5165.90909568116057926,0.08452857519934127,1.18423193220728651,false
0.06027400000000000,6011.03080839024278248,0.99719848699294966,-0.14090909090909090,5220.99062330984088476,0.07663756256729956,1.12760199341550771,false
0.06027400000000000,6011.03080839024278248,0.99719848699294966,-0.13030303030303036,5276.65945796032701764,0.06907212618706868,1.07049934394679935,false
0.06027400000000000,6011.03080839024278248,0.99719848699294966,-0.11969696969696972,5332.92186179623058706,0.06188742711345787,1.01329571715112809,false
0.06027400000000000,6011.03080839024278248,0.99719848699294966,-0.10909090909090909,5389.78416375150482054,0.05511813314666187,0.95627376866327962,false
0.06027400000000000,6011.03080839024278248,0.99719848699294966,-0.09848484848484845,5447.25276024239155959,0.04877841883226074,0.89959876866896316,false
0.06027400000000000,6011.03080839024278248,0.99719848699294966,-0.08787878787878792,5505.33411588694616512,0.04288156770476440,0.84347132024855054,false
0.06027400000000000,6011.03080839024278248,0.99719848699294966,-0.07727272727272727,5564.03476423224128666,0.03744072430173029,0.78814679523256115,false
0.06027400000000000,6011.03080839024278248,0.99719848699294966,-0.06666666666666664,5623.36130848932407389,0.03246273711358012,0.73388423847473105,false
0.06027400000000000,6011.03080839024278248,0.99719848699294966,-0.05606060606060610,5683.32042227600595652,0.02794571841488158,0.68091457830910795,false
0.06027400000000000,6011.03080839024278248,0.99719848699294966,-0.04545454545454547,5743.91885036757958005,0.02388713697579341,0.62953088714292993,false
0.06027400000000000,6011.03080839024278248,0.99719848699294966,-0.03484848484848483,5805.16340945552929043,0.02028461116761314,0.58012066577013743,false
0.06027400000000000,6011.03080839024278248,0.99719848699294966,-0.02424242424242429,5867.06098891434157849,0.01715386109941734,0.53347729164021440,false
0.06027400000000000,6011.03080839024278248,0.99719848699294966,-0.01363636363636366,5929.61855157649006287,0.01454576314786996,0.49125077541920253,false
0.06027400000000000,6011.03080839024278248,0.99719848699294966,-0.00303030303030302,5992.84313451567686570,0.01251523292037910,0.45567422272079411,false
0.06027400000000000,6011.03080839024278248,0.99719848699294966,0.00757575757575761,6056.74184983843406371,0.01111715608932471,0.42946902355049255,false
0.06027400000000000,6011.03080839024278248,0.99719848699294966,0.01818181818181815,6121.32188548415797413,0.01038471543168603,0.41508046370265733,false
0.06027400000000000,6011.03080839024278248,0.99719848699294966,0.02878787878787878,6186.59050603367995791,0.01029113386308009,0.41320598828673305,false
0.06027400000000000,6011.03080839024278248,0.99719848699294966,0.03939393939393942,6252.55505352645650419,0.01079936658447232,0.42328622444028868,false
0.06027400000000000,6011.03080839024278248,0.99719848699294966,0.04999999999999995,6319.22294828646772658,0.01187236879682810,0.44381674356495571,false
0.06027400000000000,6011.03080839024278248,0.99719848699294966,0.06060606060606059,6386.60168975693522952,0.01347489432060772,0.47282200145967712,false
0.06027400000000000,6011.03080839024278248,0.99719848699294966,0.07121212121212123,6454.69885734391846199,0.01557889145425099,0.50839733906584361,false
0.06027400000000000,6011.03080839024278248,0.99719848699294966,0.08181818181818186,6523.52211126893143955,0.01815810711569256,0.54887099347967794,true
0.06027400000000000,6011.03080839024278248,0.99719848699294966,0.09242424242424239,6593.07919343063076667,0.02118628822286708,0.59287403561534902,true
0.06027400000000000,6011.03080839024278248,0.99719848699294966,0.10303030303030304,6663.37792827570046938,0.02462963372344650,0.63924003966285436,true
0.06027400000000000,6011.03080839024278248,0.99719848699294966,0.11363636363636367,6734.42622367902185943,0.02841026505945720,0.68655073417717416,true
0.06027400000000000,6011.03080839024278248,0.99719848699294966,0.12424242424242421,6806.23207183322119818,0.03243434950837595,0.73356328937486026,true
0.06027400000000000,6011.03080839024278248,0.99719848699294966,0.13484848484848486,6878.80355014771976130,0.03660803234193542,0.77933321532529631,true
0.06027400000000000,6011.03080839024278248,0.99719848699294966,0.14545454545454548,6952.14882215734269266,0.04084405797712575,0.82318876619172099,true
0.06027400000000000,6011.03080839024278248,0.99719848699294966,0.15606060606060601,7026.27613844064671866,0.04511260783595742,0.86513515432656019,true
0.06027400000000000,6011.03080839024278248,0.99719848699294966,0.16666666666666666,7101.19383754801401665,0.04941343728770664,0.90543551579733739,true
0.06027400000000000,6011.03080839024278248,0.99719848699294966,0.17727272727272728,7176.91034693965775659,0.05374654611443684,0.94430061697275813,true
0.06027400000000000,6011.03080839024278248,0.99719848699294966,0.18787878787878792,7253.43418393361753260,0.05811177281549655,0.98189953745485370,true
0.06027400000000000,6011.03080839024278248,0.99719848699294966,0.19848484848484846,7330.77395666387383244,0.06250676631609588,1.01835337979190110,true
0.06027400000000000,6011.03080839024278248,0.99719848699294966,0.20909090909090911,7408.93836504867795156,0.06692759755136181,1.05375005666677812,true
0.06027400000000000,6011.03080839024278248,0.99719848699294966,0.21969696969696972,7487.93620176918739162,0.07137030261935483,1.08816251742199599,true
0.06027400000000000,6011.03080839024278248,0.99719848699294966,0.23030303030303026,7567.77635325856499549,0.07583096128263804,1.12165235837626365,true
0.06027400000000000,6011.03080839024278248,0.99719848699294966,0.24090909090909099,7648.46780070160730247,0.08030665758733838,1.15427893067844822,true
0.06027400000000000,6011.03080839024278248,0.99719848699294966,0.25151515151515152,7730.01962104502399598,0.08479547986314560,1.18610010465377980,true
0.06027400000000000,6011.03080839024278248,0.99719848699294966,0.26212121212121209,7812.44098801851487224,0.08929556010425260,1.21716631834156908,true
0.06027400000000000,6011.03080839024278248,0.99719848699294966,0.27272727272727282,7895.74117316670890432,0.09380503842290019,1.24752160595713280,true
0.06027400000000000,6011.03080839024278248,0.99719848699294966,0.28333333333333333,7979.92954689211637742,0.09832242264883254,1.27720696611159257,true
0.06027400000000000,6011.03080839024278248,0.99719848699294966,0.29393939393939389,8065.01557950920778239,0.10284673084613910,1.30626183675612895,true
0.06027400000000000,6011.03080839024278248,0.99719848699294966,0.30454545454545462,8151.00884230972224032,0.10737701866246442,1.33472152350872708,true
0.06027400000000000,6011.03080839024278248,0.99719848699294966,0.31515151515151513,8237.91900863933187793,0.11191234263111073,1.36261757612940149,true
0.06027400000000000,6011.03080839024278248,0.99719848699294966,0.32575757575757569,8325.75585498580585408,0.11645186644999050,1.38997893924254079,true
0.06027400000000000,6011.03080839024278248,0.99719848699294966,0.33636363636363642,8414.52926207875134423,0.12099496194663029,1.41683291239756137,true
0.06027400000000000,6011.03080839024278248,0.99719848699294966,0.34696969696969698,8504.24921600109337305,0.12554102486132071,1.44320434585987445,true
0.06027400000000000,6011.03080839024278248,0.99719848699294966,0.35757575757575749,8594.92580931241536746,0.13008945098628913,1.46911581366268185,true
0.06027400000000000,6011.03080839024278248,0.99719848699294966,0.36818181818181822,8686.56924218425956497,0.13463967376777561,1.49458809447623664,true
0.06027400000000000,6011.03080839024278248,0.99719848699294966,0.37878787878787878,8779.18982354753279651,0.13919123068096806,1.51964074859627285,true
0.06027400000000000,6011.03080839024278248,0.99719848699294966,0.38939393939393929,8872.79797225217043888,0.14374367701529789,1.54429180977459679,true
0.06027400000000000,6011.03080839024278248,0.99719848699294966,0.40000000000000002,8967.40421823913493427,0.14829656806019650,1.56855786021071708,true
0.06301400000000000,6011.69945389866461483,0.99707191851526566,-0.65000000000000002,3138.38231106430430373,0.52884436599950080,2.89697946456016409,true
0.06301400000000000,6011.69945389866461483,0.99707191851526566,-0.63939393939393940,3171.84532575822731815,0.52061195962420626,2.87434269582352142,true
0.06301400000000000,6011.69945389866461483,0.99707191851526566,-0.62878787878787878,3205.66513998815935338,0.51247653909896107,2.85179609437566439,true
0.06301400000000000,6011.69945389866461483,0.99707191851526566,-0.61818181818181828,3239.84555813066481278,0.50453509027381505,2.82961379459841389,true
0.06301400000000000,6011.69945389866461483,0.99707191851526566,-0.60757575757575766,3274.39042512649029959,0.49688459899881687,2.80807849551994693,true
0.06301400000000000,6011.69945389866461483,0.99707191851526566,-0.59696969696969704,3309.30362691307891509,0.48959852187412112,2.78741430610659746,true
0.06301400000000000,6011.69945389866461483,0.99707191851526566,-0.58636363636363642,3344.58909086169887814,0.48261291291229430,2.76745740113113214,true
0.06301400000000000,6011.69945389866461483,0.99707191851526566,-0.57575757575757580,3380.25078621922966704,0.47581409228866040,2.74789494992098549,true
0.06301400000000000,6011.69945389866461483,0.99707191851526566,-0.56515151515151518,3416.29272455466480096,0.46908831158014663,2.72840465303076973,true
0.06301400000000000,6011.69945389866461483,0.99707191851526566,-0.55454545454545456,3452.71896021036673119,0.46231707034293168,2.70864095261515869,true
0.06301400000000000,6011.69945389866461483,0.99707191851526566,-0.54393939393939394,3489.53359075814205426,0.45534050795259978,2.68812598808936576,true
0.06301400000000000,6011.69945389866461483,0.99707191851526566,-0.53333333333333344,3526.74075746017388155,0.44797746769174873,2.66630336590950323,true
0.06301400000000000,6011.69945389866461483,0.99707191851526566,-0.52272727272727271,3564.34464573487093730,0.44004661684220764,2.64259627756612892,true
0.06301400000000000,6011.69945389866461483,0.99707191851526566,-0.51212121212121209,3602.34948562768340707,0.43137918881737924,2.61644174973109589,false
0.06301400000000000,6011.69945389866461483,0.99707191851526566,-0.50151515151515158,3640.75955228693737808,0.42197701483290434,2.58777118967386244,false
0.06301400000000000,6011.69945389866461483,0.99707191851526566,-0.49090909090909096,3679.57916644474971690,0.41196487313573654,2.55688720016629034,false
0.06301400000000000,6011.69945389866461483,0.99707191851526566,-0.48030303030303034,3718.81269490305840009,0.40147025625724941,2.52410933675728755,false
0.06301400000000000,6011.69945389866461483,0.99707191851526566,-0.46969696969696972,3758.46455102484696909,0.39061865933981893,2.48976276832171495,false
0.06301400000000000,6011.69945389866461483,0.99707191851526566,-0.45909090909090905,3798.53919523060085339,0.37948963757887777,2.45403886492157186,false
0.06301400000000000,6011.69945389866461483,0.99707191851526566,-0.44848484848484854,3839.04113550005695288,0.36811680622291598,2.41698691035054081,false
0.06301400000000000,6011.69945389866461483,0.99707191851526566,-0.43787878787878792,3879.97492787930559643,0.35653178313142553,2.37865031574324037,false
0.06301400000000000,6011.69945389866461483,0.99707191851526566,-0.42727272727272725,3921.34517699329899187,0.34476666050664101,2.33907478220446530,false
0.06301400000000000,6011.69945389866461483,0.99707191851526566,-0.41666666666666669,3963.15653656381937253,0.33287501652018603,2.29838128244783491,false
0.06301400000000000,6011.69945389866461483,0.99707191851526566,-0.40606060606060612,4005.41370993298005487,0.32094024266343368,2.25680255078998737,false
0.06301400000000000,6011.69945389866461483,0.99707191851526566,-0.39545454545454545,4048.12145059229897015,0.30904792645897039,2.21459539606163203,false
0.06301400000000000,6011.69945389866461483,0.99707191851526566,-0.38484848484848483,4091.28456271741697492,0.29728343254520617,2.17203504984142626,false
0.06301400000000000,6011.69945389866461483,0.99707191851526566,-0.37424242424242427,4134.90790170851778385,0.28570515657521856,2.12931794969465349,false
0.06301400000000000,6011.69945389866461483,0.99707191851526566,-0.36363636363636370,4178.99637473651182518,0.27431911642065371,2.08645735356938866,false
0.06301400000000000,6011.69945389866461483,0.99707191851526566,-0.35303030303030303,4223.55494129503767908,0.26312531208039780,2.04344423213303727,false
0.06301400000000000,6011.69945389866461483,0.99707191851526566,-0.34242424242424241,4268.58861375835749641,0.25212374176550961,2.00026873875093614,false
0.06301400000000000,6011.69945389866461483,0.99707191851526566,-0.33181818181818185,4314.10245794519596529,0.24131310751207444,1.95691486334964093,false
0.06301400000000000,6011.69945389866461483,0.99707191851526566,-0.32121212121212123,4360.10159368858876405,0.23068853033759751,1.91335024718440749,false
0.06301400000000000,6011.69945389866461483,0.99707191851526566,-0.31060606060606061,4406.59119541181462409,0.22024451803473455,1.86953684818035559,false
0.06301400000000000,6011.69945389866461483,0.99707191851526566,-0.29999999999999999,4453.57649271046375361,0.20997557839614145,1.82543287983520996,false
0.06301400000000000,6011.69945389866461483,0.99707191851526566,-0.28939393939393943,4501.06277094070901512,0.19987672083849248,1.78099452178546458,false
0.06301400000000000,6011.69945389866461483,0.99707191851526566,-0.27878787878787881,4549.05537181385807344,0.18994496127453608,1.73618245996855802,false
0.06301400000000000,6011.69945389866461483,0.99707191851526566,-0.26818181818181819,4597.55969399723562674,0.18017781724103921,1.69095533541770937,false
0.06301400000000000,6011.69945389866461483,0.99707191851526566,-0.25757575757575757,4646.58119372148212278,0.17057280627476890,1.64526694716435173,false
0.06301400000000000,6011.69945389866461483,0.99707191851526566,-0.24696969696969698,4696.12538539431807294,0.16112772308858292,1.59906681557819419,false
0.06301400000000000,6011.69945389866461483,0.99707191851526566,-0.23636363636363639,4746.19784222086127556,0.15184198100673663,1.55230625067632722,false
0.06301400000000000,6011.69945389866461483,0.99707191851526566,-0.22575757575757577,4796.80419683055333735,0.14271557922131575,1.50493300855106127,false
0.06301400000000000,6011.69945389866461483,0.99707191851526566,-0.21515151515151512,4847.95014191076734278,0.13374851773249963,1.45688732361136597,false
0.06301400000000000,6011.69945389866461483,0.99707191851526566,-0.20454545454545453,4899.64143084718580212,0.12494079654047122,1.40810036443093134,false
0.06301400000000000,6011.69945389866461483,0.99707191851526566,-0.19393939393939397,4951.88387837098343880,0.11629241564544622,1.35849227015212293,false
0.06301400000000000,6011.69945389866461483,0.99707191851526566,-0.18333333333333332,5004.68336121293668839,0.10780337504765714,1.30796961316416693,false
0.06301400000000000,6011.69945389866461483,0.99707191851526566,-0.17272727272727270,5058.04581876448537514,0.09947367474733675,1.25642207040765985,false
0.06301400000000000,6011.69945389866461483,0.99707191851526566,-0.16212121212121217,5111.97725374585752434,0.09130580412695205,1.20373439073222976,false
0.06301400000000000,6011.69945389866461483,0.99707191851526566,-0.15151515151515152,5166.48373288130915171,0.08333604842218159,1.15000023060560896,false
0.06301400000000000,6011.69945389866461483,0.99707191851526566,-0.14090909090909090,5221.57138758157179836,0.07562504898448391,1.09550486405637049,false
0.06301400000000000,6011.69945389866461483,0.99707191851526566,-0.13030303030303028,5277.24641463356783788,0.06823398487188001,1.04059525953849774,false
0.06301400000000000,6011.69945389866461483,0.99707191851526566,-0.11969696969696964,5333.51507689748723351,0.06122290317315732,0.98568565376373019,false
0.06301400000000000,6011.69945389866461483,0.99707191851526566,-0.10909090909090910,5390.38370401129304810,0.05462581568473204,0.93106594750106653,false
0.06301400000000000,6011.69945389866461483,0.99707191851526566,-0.09848484848484847,5447.85869310274028976,0.04845069891064872,0.87686250284809053,false
0.06301400000000000,6011.69945389866461483,0.99707191851526566,-0.08787878787878783,5505.94650950898630981,0.04270439738571861,0.82322352871051685,false
0.06301400000000000,6011.69945389866461483,0.99707191851526566,-0.07727272727272731,5564.65368750387278851,0.03739369548771706,0.77033684266782865,false
0.06301400000000000,6011.69945389866461483,0.99707191851526566,-0.06666666666666668,5623.98683103296298214,0.03252265270349484,0.71841345319444816,false
0.06301400000000000,6011.69945389866461483,0.99707191851526566,-0.05606060606060604,5683.95261445641790488,0.02809154753879239,0.66768144623350600,false
0.06301400000000000,6011.69945389866461483,0.99707191851526566,-0.04545454545454541,5744.55778329979511909,0.02410037999455402,0.61843408939636280,false
0.06301400000000000,6011.69945389866461483,0.99707191851526566,-0.03484848484848478,5805.80915501284198399,0.02054928314685293,0.57105746596049412,false
0.06301400000000000,6011.69945389866461483,0.99707191851526566,-0.02424242424242425,5867.71361973639614007,0.01745449216235870,0.52630207766421777,false
0.06301400000000000,6011.69945389866461483,0.99707191851526566,-0.01363636363636361,5930.27814107745052752,0.01486351486303141,0.48567107220223260,false
0.06301400000000000,6011.69945389866461483,0.99707191851526566,-0.00303030303030298,5993.50975689248753042,0.01282745209931137,0.45118190798246777,false
0.06301400000000000,6011.69945389866461483,0.99707191851526566,0.00757575757575755,6057.41558007916228235,0.01139738120547387,0.42528886573050645,false
0.06301400000000000,6011.69945389866461483,0.99707191851526566,0.01818181818181818,6122.00279937643426820,0.01060733029615002,0.41028394417366737,false
0.06301400000000000,6011.69945389866461483,0.99707191851526566,0.02878787878787882,6187.27868017321998195,0.01044422460742320,0.40711731830204262,false
0.06301400000000000,6011.69945389866461483,0.99707191851526566,0.03939393939393945,6253.25056532567487011,0.01088692333077274,0.41565600383435591,false
0.06301400000000000,6011.69945389866461483,0.99707191851526566,0.05000000000000008,6319.92587598319460085,0.01191428565767794,0.43482597553270408,false
0.06301400000000000,6011.69945389866461483,0.99707191851526566,0.06060606060606061,6387.31211242320659949,0.01349732183310809,0.46281271015051739,false
0.06301400000000000,6011.69945389866461483,0.99707191851526566,0.07121212121212124,6455.41685489488008898,0.01557564631599241,0.49716954136506436,false
0.06301400000000000,6011.69945389866461483,0.99707191851526566,0.08181818181818187,6524.24776447182284755,0.01808102461875008,0.53566465916551220,false
0.06301400000000000,6011.69945389866461483,0.99707191851526566,0.09242424242424241,6593.81258391387473239,0.02094522225380024,0.57653272314607240,false
0.06301400000000000,6011.69945389866461483,0.99707191851526566,0.10303030303030304,6664.11913853808073327,0.02410469110274865,0.61848940008132713,false
0.06301400000000000,6011.69945389866461483,0.99707191851526566,0.11363636363636367,6735.17533709896542859,0.02752324980370420,0.66089327338610315,false
0.06301400000000000,6011.69945389866461483,0.99707191851526566,0.12424242424242431,6806.98917267818160326,0.03117462258562193,0.70336714464948757,true
0.06301400000000000,6011.69945389866461483,0.99707191851526566,0.13484848484848494,6879.56872358364762476,0.03503254734034081,0.74561963216113514,true
0.06301400000000000,6011.69945389866461483,0.99707191851526566,0.14545454545454548,6952.92215425827453146,0.03906964731014693,0.78741053505655212,true
0.06301400000000000,6011.69945389866461483,0.99707191851526566,0.15606060606060609,7027.05771619838287734,0.04324884415788568,0.82845462788176782,true
0.06301400000000000,6011.69945389866461483,0.99707191851526566,0.16666666666666674,7101.98374888190573984,0.04752806426507297,0.86847343554477519,true
0.06301400000000000,6011.69945389866461483,0.99707191851526566,0.17727272727272728,7177.70868070649339643,0.05186519272990801,0.90723432590394804,true
0.06301400000000000,6011.69945389866461483,0.99707191851526566,0.18787878787878790,7254.24102993762608094,0.05621982830870381,0.94455278566518386,true
0.06301400000000000,6011.69945389866461483,0.99707191851526566,0.19848484848484854,7331.58940566682122153,0.06057483438032434,0.98045483692480784,true
0.06301400000000000,6011.69945389866461483,0.99707191851526566,0.20909090909090916,7409.76250878007431311,0.06492984075461777,1.01508788505917513,true
0.06301400000000000,6011.69945389866461483,0.99707191851526566,0.21969696969696981,7488.76913293661345961,0.06928484739158480,1.04857767747890862,true
0.06301400000000000,6011.69945389866461483,0.99707191851526566,0.23030303030303034,7568.61816555809491547,0.07363985425165442,1.08103047161527277,true
0.06301400000000000,6011.69945389866461483,0.99707191851526566,0.24090909090909096,7649.31858882834785618,0.07799486130510938,1.11253701892716506,true
0.06301400000000000,6011.69945389866461483,0.99707191851526566,0.25151515151515158,7730.87948070377296972,0.08234986853208545,1.14317555920323910,true
0.06301400000000000,6011.69945389866461483,0.99707191851526566,0.26212121212121214,7813.31001593451946974,0.08670487591314686,1.17301411000941913,true
0.06301400000000000,6011.69945389866461483,0.99707191851526566,0.27272727272727287,7896.61946709655148879,0.09105988342891680,1.20211224415214057,true
0.06301400000000000,6011.69945389866461483,0.99707191851526566,0.28333333333333338,7980.81720563470753405,0.09541489106267585,1.23052248848699608,true
0.06301400000000000,6011.69945389866461483,0.99707191851526566,0.29393939393939394,8065.91270291690398153,0.09976989880139292,1.25829143820880884,true
0.06301400000000000,6011.69945389866461483,0.99707191851526566,0.30454545454545467,8151.91553129955627810,0.10412490663230851,1.28546065429094325,true
0.06301400000000000,6011.69945389866461483,0.99707191851526566,0.31515151515151518,8238.83536520436246064,0.10847991454267150,1.31206739356307334,true
0.06301400000000000,6011.69945389866461483,0.99707191851526566,0.32575757575757575,8326.68198220659542130,0.11283492252077236,1.33814520805765258,true
0.06301400000000000,6011.69945389866461483,0.99707191851526566,0.33636363636363648,8415.46526413495666930,0.11718993055692364,1.36372444114093350,true
0.06301400000000000,6011.69945389866461483,0.99707191851526566,0.34696969696969698,8505.19519818319167825,0.12154493864167014,1.38883264134085826,true
0.06301400000000000,6011.69945389866461483,0.99707191851526566,0.35757575757575771,8595.88187803354230709,0.12589994676555755,1.41349490998858762,true
0.06301400000000000,6011.69945389866461483,0.99707191851526566,0.36818181818181822,8687.53550499217453762,0.13025495491959668,1.43773419516681100,true
0.06301400000000000,6011.69945389866461483,0.99707191851526566,0.37878787878787878,8780.16638913673341449,0.13460996309608453,1.46157154176472681,true
0.06301400000000000,6011.69945389866461483,0.99707191851526566,0.38939393939393951,8873.78495047610704205,0.13896497128753829,1.48502630538269731,true
0.06301400000000000,6011.69945389866461483,0.99707191851526566,0.40000000000000002,8968.40172012256516609,0.14331997948647490,1.50811633628821773,true
0.06575300000000001,6012.17610121489815356,0.99694541228624833,-0.75000000000000000,2839.95089940279513030,0.59043271917247242,2.99659066224344084,true
0.06575300000000001,6012.17610121489815356,0.99694541228624833,-0.73838383838383836,2873.13257678190757360,0.58021769112267041,2.97055567901400241,true
0.06575300000000001,6012.17610121489815356,0.99694541228624833,-0.72676767676767673,2906.70194527001831375,0.57004787892538566,2.94440726622495097,true
0.06575300000000001,6012.17610121489815356,0.99694541228624833,-0.71515151515151509,2940.66353460787240692,0.55996849843313479,2.91826019762984723,true
0.06575300000000001,6012.17610121489815356,0.99694541228624833,-0.70353535353535357,2975.02192746121227174,0.55002476549843538,2.89223339295732673,true
0.06575300000000001,6012.17610121489815356,0.99694541228624833,-0.69191919191919193,3009.78176003914904868,0.54025904857828722,2.86644252724125037,true
0.06575300000000001,6012.17610121489815356,0.99694541228624833,-0.68030303030303030,3044.94772271975625699,0.53069708833604234,2.84096292550723284,true
0.06575300000000001,6012.17610121489815356,0.99694541228624833,-0.66868686868686866,3080.52456068297442471,0.52135860688767710,2.81585629750110256,true
0.06575300000000001,6012.17610121489815356,0.99694541228624833,-0.65707070707070714,3116.51707455091036536,0.51226331804772340,2.79118641627287101,true
0.06575300000000001,6012.17610121489815356,0.99694541228624833,-0.64545454545454539,3152.93012103561886761,0.50342954950344154,2.76701533174512715,true
0.06575300000000001,6012.17610121489815356,0.99694541228624833,-0.63383838383838387,3189.76861359444728805,0.49486356450103242,2.74337358912470730,true
0.06575300000000001,6012.17610121489815356,0.99694541228624833,-0.62222222222222223,3227.03752309304627488,0.48656541438300133,2.72027513340256100,true
0.06575300000000001,6012.17610121489815356,0.99694541228624833,-0.61060606060606060,3264.74187847611983671,0.47853509915380654,2.69773391977126309,true
0.06575300000000001,6012.17610121489815356,0.99694541228624833,-0.59898989898989896,3302.88676744601389146,0.47077186280996602,2.67576188277433946,true
0.06575300000000001,6012.17610121489815356,0.99694541228624833,-0.58737373737373744,3341.47733714923606385,0.46326468578419389,2.65434158791675756,true
0.06575300000000001,6012.17610121489815356,0.99694541228624833,-0.57575757575757580,3380.51879487099313337,0.45599515172751309,2.63343332063119684,true
0.06575300000000001,6012.17610121489815356,0.99694541228624833,-0.56414141414141417,3420.01640873784663199,0.44894468099323126,2.61299530283191439,false
0.06575300000000001,6012.17610121489815356,0.99694541228624833,-0.55252525252525253,3459.97550842857481257,0.44208915867675846,2.59296793476154308,false
0.06575300000000001,6012.17610121489815356,0.99694541228624833,-0.54090909090909101,3500.40148589334239659,0.43527715894186003,2.57291330576534971,false
0.06575300000000001,6012.17610121489815356,0.99694541228624833,-0.52929292929292926,3541.29979608127723623,0.42822994502065692,2.55200035431309624,false
0.06575300000000001,6012.17610121489815356,0.99694541228624833,-0.51767676767676774,3582.67595767653347139,0.42066324488737283,2.52935331010597286,false
0.06575300000000001,6012.17610121489815356,0.99694541228624833,-0.50606060606060610,3624.53555384297533237,0.41229651450660110,2.50407334577354312,false
0.06575300000000001,6012.17610121489815356,0.99694541228624833,-0.49444444444444441,3666.88423297754388841,0.40301807399932482,2.47573681832833836,false
0.06575300000000001,6012.17610121489815356,0.99694541228624833,-0.48282828282828283,3709.72770947243634510,0.39295055458496830,2.44461890970559015,false
0.06575300000000001,6012.17610121489815356,0.99694541228624833,-0.47121212121212130,3753.07176448618702125,0.38223384669763150,2.41105315065771819,false
0.06575300000000001,6012.17610121489815356,0.99694541228624833,-0.45959595959595961,3796.92224672375823502,0.37100763283548022,2.37538295652686759,false
0.06575300000000001,6012.17610121489815356,0.99694541228624833,-0.44797979797979798,3841.28507322574296268,0.35938643524862079,2.33788451427306132,false
0.06575300000000001,6012.17610121489815356,0.99694541228624833,-0.43636363636363640,3886.16623016679341163,0.34743591124258111,2.29868555389641660,false
0.06575300000000001,6012.17610121489815356,0.99694541228624833,-0.42474747474747476,3931.57177366337691637,0.33521610385266115,2.25789972571721398,false
0.06575300000000001,6012.17610121489815356,0.99694541228624833,-0.41313131313131318,3977.50783059096511352,0.32278707620554736,2.21564553914526829,false
0.06575300000000001,6012.17610121489815356,0.99694541228624833,-0.40151515151515155,4023.98059941077599433,0.31022345768310045,2.17209857574637333,false
0.06575300000000001,6012.17610121489815356,0.99694541228624833,-0.38989898989898991,4070.99635100617615535,0.29764012071423690,2.12759004597733403,false
0.06575300000000001,6012.17610121489815356,0.99694541228624833,-0.37828282828282833,4118.56142952884874830,0.28515882907342449,2.08250294936438518,false
0.06575300000000001,6012.17610121489815356,0.99694541228624833,-0.36666666666666670,4166.68225325485764188,0.27290134653513132,2.03725340836573876,false
0.06575300000000001,6012.17610121489815356,0.99694541228624833,-0.35505050505050512,4215.36531545070283755,0.26096163841638770,1.99218905131861179,false
0.06575300000000001,6012.17610121489815356,0.99694541228624833,-0.34343434343434348,4264.61718524950720166,0.24932247620447501,1.94725545687839618,false
0.06575300000000001,6012.17610121489815356,0.99694541228624833,-0.33181818181818185,4314.44450853742910112,0.23793883292923704,1.90228190727634172,false
0.06575300000000001,6012.17610121489815356,0.99694541228624833,-0.32020202020202027,4364.85400885043600283,0.22676568162051763,1.85708113657554064,false
0.06575300000000001,6012.17610121489815356,0.99694541228624833,-0.30858585858585863,4415.85248828156090894,0.21576229244639469,1.81146516850394756,false
0.06575300000000001,6012.17610121489815356,0.99694541228624833,-0.29696969696969705,4467.44682839875076752,0.20491302935885863,1.76533446735171995,false
0.06575300000000001,6012.17610121489815356,0.99694541228624833,-0.28535353535353536,4519.64399117344510159,0.19421133918226047,1.71861859033708164,false
0.06575300000000001,6012.17610121489815356,0.99694541228624833,-0.27373737373737378,4572.45101991999672464,0.18365068126905099,1.67123870707004940,false
0.06575300000000001,6012.17610121489815356,0.99694541228624833,-0.26212121212121214,4625.87504024608097097,0.17322533592411091,1.62310987456151778,false
0.06575300000000001,6012.17610121489815356,0.99694541228624833,-0.25050505050505056,4679.92326101419803308,0.16293672877902815,1.57417028537018511,false
0.06575300000000001,6012.17610121489815356,0.99694541228624833,-0.23888888888888890,4734.60297531440937746,0.15278996454850349,1.52436731729702735,false
0.06575300000000001,6012.17610121489815356,0.99694541228624833,-0.22727272727272735,4789.92156144845284871,0.14279017835288363,1.47363993367717860,false
0.06575300000000001,6012.17610121489815356,0.99694541228624833,-0.21565656565656569,4845.88648392533741571,0.13294307762989041,1.42191972233759567,false
0.06575300000000001,6012.17610121489815356,0.99694541228624833,-0.20404040404040411,4902.50529446858308802,0.12326213959793511,1.36916902292256237,false
0.06575300000000001,6012.17610121489815356,0.99694541228624833,-0.19242424242424244,4959.78563303523060313,0.11376644102863069,1.31537414129126518,false
0.06575300000000001,6012.17610121489815356,0.99694541228624833,-0.18080808080808089,5017.73522884674184752,0.10447518231414341,1.26051721898740077,false
0.06575300000000001,6012.17610121489815356,0.99694541228624833,-0.16919191919191923,5076.36190143196563440,0.09540850352371498,1.20458029850785886,false
0.06575300000000001,6012.17610121489815356,0.99694541228624833,-0.15757575757575765,5135.67356168227161106,0.08660815729933100,1.14768211293207956,false
0.06575300000000001,6012.17610121489815356,0.99694541228624833,-0.14595959595959598,5195.67821291902782832,0.07813750885572023,1.09011419368236262,false
0.06575300000000001,6012.17610121489815356,0.99694541228624833,-0.13434343434343443,5256.38395197353474941,0.07006086308468761,1.03223826748935710,false
0.06575300000000001,6012.17610121489815356,0.99694541228624833,-0.12272727272727277,5317.79897027959304978,0.06244191632564851,0.97449659340992867,false
0.06575300000000001,6012.17610121489815356,0.99694541228624833,-0.11111111111111120,5379.93155497881980409,0.05531679974868467,0.91721413137243879,false
0.06575300000000001,6012.17610121489815356,0.99694541228624833,-0.09949494949494954,5442.79009003889950691,0.04868339587926631,0.86046388307017230,false
0.06575300000000001,6012.17610121489815356,0.99694541228624833,-0.08787878787878797,5506.38305738487542840,0.04253676987069156,0.80431185066861022,false
0.06575300000000001,6012.17610121489815356,0.99694541228624833,-0.07626262626262631,5570.71903804368685087,0.03687204734018668,0.74884311323922115,false
0.06575300000000001,6012.17610121489815356,0.99694541228624833,-0.06464646464646476,5635.80671330205586855,0.03169167004029726,0.69424822265108799,false
0.06575300000000001,6012.17610121489815356,0.99694541228624833,-0.05303030303030309,5701.65486587791474449,0.02701228874670998,0.64094816056642290,false
0.06575300000000001,6012.17610121489815356,0.99694541228624833,-0.04141414141414153,5768.27238110551570571,0.02285218676117461,0.58953025217279487,false
0.06575300000000001,6012.17610121489815356,0.99694541228624833,-0.02979797979797986,5835.66824813439234276,0.01922965935690382,0.54078919936046577,false
0.06575300000000001,6012.17610121489815356,0.99694541228624833,-0.01818181818181830,5903.85156114231813262,0.01617168111781025,0.49592933508784282,false
0.06575300000000001,6012.17610121489815356,0.99694541228624833,-0.00656565656565663,5972.83152056245671702,0.01372920546826445,0.45694603801885914,false
0.06575300000000001,6012.17610121489815356,0.99694541228624833,0.00505050505050503,6042.61743432482944627,0.01195729204445782,0.42644068477896385,false
0.06575300000000001,6012.17610121489815356,0.99694541228624833,0.01666666666666659,6113.21871911229754915,0.01091100048258173,0.40735635999693981,false
0.06575300000000001,6012.17610121489815356,0.99694541228624833,0.02828282828282826,6184.64490163122445665,0.01062702613641269,0.40202039702361370,false
0.06575300000000001,6012.17610121489815356,0.99694541228624833,0.03989898989898982,6256.90561989696925593,0.01106860723006811,0.41028789338904836,false
0.06575300000000001,6012.17610121489815356,0.99694541228624833,0.05151515151515149,6330.01062453442136757,0.01218061770525053,0.43040456626442825,false
0.06575300000000001,6012.17610121489815356,0.99694541228624833,0.06313131313131305,6403.96978009370286600,0.01390793150366251,0.45991066995394092,false
0.06575300000000001,6012.17610121489815356,0.99694541228624833,0.07474747474747472,6478.79306638127036422,0.01619527643212926,0.49629099641590968,false
0.06575300000000001,6012.17610121489815356,0.99694541228624833,0.08636363636363628,6554.49057980655561551,0.01898652692091810,0.53735955852071438,false
0.06575300000000001,6012.17610121489815356,0.99694541228624833,0.09797979797979794,6631.07253474433491647,0.02222524851462264,0.58138728126384409,true
0.06575300000000001,6012.17610121489815356,0.99694541228624833,0.10959595959595950,6708.54926491302921931,0.02585500633178722,0.62706785449180480,true
0.06575300000000001,6012.17610121489815356,0.99694541228624833,0.12121212121212117,6786.93122476910866681,0.02981788858951306,0.67341170001117290,true
0.06575300000000001,6012.17610121489815356,0.99694541228624833,0.13282828282828274,6866.22899091776525893,0.03404312899234037,0.71954332543596689,true
0.06575300000000001,6012.17610121489815356,0.99694541228624833,0.14444444444444440,6946.45326354010285286,0.03845334253834178,0.76473199752222820,true
0.06575300000000001,6012.17610121489815356,0.99694541228624833,0.15606060606060596,7027.61486783697091596,0.04297108952553635,0.80840761616243184,true
0.06575300000000001,6012.17610121489815356,0.99694541228624833,0.16767676767676762,7109.72475548969578085,0.04752208128072698,0.85013900068349169,true
0.06575300000000001,6012.17610121489815356,0.99694541228624833,0.17929292929292928,7192.79400613785219321,0.05207480749748477,0.88993041612075152,true
0.06575300000000001,6012.17610121489815356,0.99694541228624833,0.19090909090909075,7276.83382887431525887,0.05662858753500075,0.92802586038938251,true
0.06575300000000001,6012.17610121489815356,0.99694541228624833,0.20252525252525241,7361.85556375779378868,0.06118342137468352,0.96462628838539288,true
0.06575300000000001,6012.17610121489815356,0.99694541228624833,0.21414141414141408,7447.87068334299601702,0.06573930899803654,0.99989588524692241,true
0.06575300000000001,6012.17610121489815356,0.99694541228624833,0.22575757575757574,7534.89079422871691349,0.07029625038875099,1.03397084706101117,true
0.06575300000000001,6012.17610121489815356,0.99694541228624833,0.23737373737373721,7622.92763862398805941,0.07485424553270542,1.06696563662773536,true
0.06575300000000001,6012.17610121489815356,0.99694541228624833,0.24898989898989887,7711.99309593253747153,0.07941329441587378,1.09897754874133047,true
0.06575300000000001,6012.17610121489815356,0.99694541228624833,0.26060606060606051,7802.09918435575218609,0.08397339702419283,1.13009011191028930,true
0.06575300000000001,6012.17610121489815356,0.99694541228624833,0.27222222222222220,7893.25806251437370520,0.08853455334192606,1.16037566964531802,true
0.06575300000000001,6012.17610121489815356,0.99694541228624833,0.28383838383838367,7985.48203108914731274,0.09309676335101494,1.18989737093796988,true
0.06575300000000001,6012.17610121489815356,0.99694541228624833,0.29545454545454530,8078.78353448063808173,0.09766002703323017,1.21871072726098029,true
0.06575300000000001,6012.17610121489815356,0.99694541228624833,0.30707070707070699,8173.17516248842912319,0.10222434437029569,1.24686484614594661,true
0.06575300000000001,6012.17610121489815356,0.99694541228624833,0.31868686868686863,8268.66965200995218765,0.10678971533831667,1.27440341981744254,true
0.06575300000000001,6012.17610121489815356,0.99694541228624833,0.33030303030303010,8365.27988875916526013,0.11135613990248464,1.30136552585164100,true
0.06575300000000001,6012.17610121489815356,0.99694541228624833,0.34191919191919179,8463.01890900530997897,0.11592361802673765,1.32778628186326908,true
0.06575300000000001,6012.17610121489815356,0.99694541228624833,0.35353535353535342,8561.89990133196988609,0.12049214959188975,1.35369738491187985,true
0.06575300000000001,6012.17610121489815356,0.99694541228624833,0.36515151515151512,8661.93620841671327071,0.12506167421406200,1.37912722849270164,true
0.06575300000000001,6012.17610121489815356,0.99694541228624833,0.37676767676767675,8763.14132883149613917,0.12963196501257496,1.40410073255557211,true
0.06575300000000001,6012.17610121489815356,0.99694541228624833,0.38838383838383822,8865.52891886412544409,0.13420276659531497,1.42864046918151688,true
0.06575300000000001,6012.17610121489815356,0.99694541228624833,0.39999999999999991,8969.11279436098629958,0.13877382357016857,1.45276708295471590,true
0.06849300000000000,6014.23733792820348754,0.99681887592983287,-0.75000000000000000,2840.92455868344268310,0.67803003954868435,3.14630900513340794,true
0.06849300000000000,6014.23733792820348754,0.99681887592983287,-0.73838383838383836,2874.11761219167510717,0.66535438248046197,3.11676039429477614,true
0.06849300000000000,6014.23733792820348754,0.99681887592983287,-0.72676767676767684,2907.69848972636145845,0.65267869668748824,3.08692888413762878,true
0.06849300000000000,6014.23733792820348754,0.99681887592983287,-0.71515151515151520,2941.67172258123946449,0.64000295344501135,3.05680612359326043,true
0.06849300000000000,6014.23733792820348754,0.99681887592983287,-0.70353535353535346,2976.04189499319045353,0.62732712402827928,3.02638334660439723,true
0.06849300000000000,6014.23733792820348754,0.99681887592983287,-0.69191919191919182,3010.81364476081853354,0.61465118291965259,2.99565135041886288,true
0.06849300000000000,6014.23733792820348754,0.99681887592983287,-0.68030303030303019,3045.99166387026525626,0.60197512332988112,2.96460050193947122,true
0.06849300000000000,6014.23733792820348754,0.99681887592983287,-0.66868686868686866,3081.58069912832615955,0.58929894524859416,2.93322067512030848,true
0.06849300000000000,6014.23733792820348754,0.99681887592983287,-0.65707070707070703,3117.58555280297105128,0.57662264867476976,2.90150119624511982,true
0.06849300000000000,6014.23733792820348754,0.99681887592983287,-0.64545454545454539,3154.01108327134761566,0.56394623360744933,2.86943080151127461,true
0.06849300000000000,6014.23733792820348754,0.99681887592983287,-0.63383838383838387,3190.86220567535110604,0.55126970004622655,2.83699759032266829,true
0.06849300000000000,6014.23733792820348754,0.99681887592983287,-0.62222222222222223,3228.14389258486289691,0.53859304799097796,2.80418897371682840,true
0.06849300000000000,6014.23733792820348754,0.99681887592983287,-0.61060606060606060,3265.86117466872838122,0.52591627744158331,2.77099161729426946,true
0.06849300000000000,6014.23733792820348754,0.99681887592983287,-0.59898989898989896,3304.01914137357971413,0.51323938839794947,2.73739137791721054,true
0.06849300000000000,6014.23733792820348754,0.99681887592983287,-0.58737373737373733,3342.62294161059253383,0.50056238086035509,2.70337323332540036,true
0.06849300000000000,6014.23733792820348754,0.99681887592983287,-0.57575757575757580,3381.67778445025714973,0.48788525482934786,2.66892120367337560,true
0.06849300000000000,6014.23733792820348754,0.99681887592983287,-0.56414141414141417,3421.18893982527970365,0.47520801030548077,2.63401826382713056,false
0.06849300000000000,6014.23733792820348754,0.99681887592983287,-0.55252525252525253,3461.16173924168560916,0.46253064728936311,2.59864624505563979,false
0.06849300000000000,6014.23733792820348754,0.99681887592983287,-0.54090909090909101,3501.60157649823577231,0.44985316578289025,2.56278572450871733,false
0.06849300000000000,6014.23733792820348754,0.99681887592983287,-0.52929292929292926,3542.51390841425245526,0.43717556578924344,2.52641590056606091,false
0.06849300000000000,6014.23733792820348754,0.99681887592983287,-0.51767676767676762,3583.90425556593572765,0.42449784731165996,2.48951445178594755,false
0.06849300000000000,6014.23733792820348754,0.99681887592983287,-0.50606060606060599,3625.77820303130329194,0.41182031965272103,2.45205829755890914,false
0.06849300000000000,6014.23733792820348754,0.99681887592983287,-0.49444444444444441,3668.14140114381370950,0.39915730222972029,2.41406491907626020,false
0.06849300000000000,6014.23733792820348754,0.99681887592983287,-0.48282828282828283,3710.99956625480581351,0.38654255449647457,2.37561228137562352,false
0.06849300000000000,6014.23733792820348754,0.99681887592983287,-0.47121212121212119,3754.35848150485026054,0.37401126784820604,2.33678765056908011,false
0.06849300000000000,6014.23733792820348754,0.99681887592983287,-0.45959595959595956,3798.22399760409780356,0.36159854203587960,2.29768368760683961,false
0.06849300000000000,6014.23733792820348754,0.99681887592983287,-0.44797979797979798,3842.60203362176434894,0.34932838785528886,2.25836349668066516,false
0.06849300000000000,6014.23733792820348754,0.99681887592983287,-0.43636363636363640,3887.49857778482282811,0.33720327970168829,2.21882372320061094,false
0.06849300000000000,6014.23733792820348754,0.99681887592983287,-0.42474747474747476,3932.91968828604285591,0.32522321757537664,2.17905241396191052,false
0.06849300000000000,6014.23733792820348754,0.99681887592983287,-0.41313131313131313,3978.87149410145593720,0.31338820147665236,2.13903665410630639,false
0.06849300000000000,6014.23733792820348754,0.99681887592983287,-0.40151515151515149,4025.36019581738537454,0.30169823140534563,2.09876246132966626,false
0.06849300000000000,6014.23733792820348754,0.99681887592983287,-0.38989898989898991,4072.39206646712727888,0.29015330735999384,2.05821466499504035,false
0.06849300000000000,6014.23733792820348754,0.99681887592983287,-0.37828282828282828,4119.97345237742047175,0.27875342933891284,2.01737676747006667,false
0.06849300000000000,6014.23733792820348754,0.99681887592983287,-0.36666666666666664,4168.11077402479168086,0.26749859734041864,1.97623078440853184,false
0.06849300000000000,6014.23733792820348754,0.99681887592983287,-0.35505050505050506,4216.81052690191881993,0.25638671695876664,1.93474915758024268,false
0.06849300000000000,6014.23733792820348754,0.99681887592983287,-0.34343434343434348,4266.07928239410921378,0.24540731617197020,1.89286943517272266,false
0.06849300000000000,6014.23733792820348754,0.99681887592983287,-0.33181818181818185,4315.92368866602191702,0.23454782855398229,1.85051501765885940,false
0.06849300000000000,6014.23733792820348754,0.99681887592983287,-0.32020202020202021,4366.35047155874599412,0.22379568767875585,1.80760178923432635,false
0.06849300000000000,6014.23733792820348754,0.99681887592983287,-0.30858585858585857,4417.36643549737073045,0.21313973020778026,1.76404277360181583,false
0.06849300000000000,6014.23733792820348754,0.99681887592983287,-0.29696969696969699,4468.97846440914327104,0.20257698634287935,1.71977629574115110,false
0.06849300000000000,6014.23733792820348754,0.99681887592983287,-0.28535353535353536,4521.19352265237102984,0.19210745199568416,1.67474624037252928,false
0.06849300000000000,6014.23733792820348754,0.99681887592983287,-0.27373737373737372,4574.01865595616436622,0.18173112716845993,1.62888928226450114,false
0.06849300000000000,6014.23733792820348754,0.99681887592983287,-0.26212121212121209,4627.46099237116868608,0.17144994422934923,1.58214243756142969,false
0.06849300000000000,6014.23733792820348754,0.99681887592983287,-0.25050505050505056,4681.52774323139419721,0.16128265428653918,1.53451358188636600,false
0.06849300000000000,6014.23733792820348754,0.99681887592983287,-0.23888888888888890,4736.22620412729611417,0.15125666831011164,1.48605256155443710,false
0.06849300000000000,6014.23733792820348754,0.99681887592983287,-0.22727272727272727,4791.56375589021536143,0.14139946883925547,1.43681480602548795,false
0.06849300000000000,6014.23733792820348754,0.99681887592983287,-0.21565656565656574,4847.54786558831892762,0.13173724292307099,1.38685542796875128,false
0.06849300000000000,6014.23733792820348754,0.99681887592983287,-0.20404040404040408,4904.18608753419084678,0.12227859003721721,1.33614046497377070,false
0.06849300000000000,6014.23733792820348754,0.99681887592983287,-0.19242424242424244,4961.48606430418021773,0.11301943458232823,1.28455726812556592,false
0.06849300000000000,6014.23733792820348754,0.99681887592983287,-0.18080808080808081,5019.45552776966542297,0.10395542113317879,1.23197097676848011,false
0.06849300000000000,6014.23733792820348754,0.99681887592983287,-0.16919191919191917,5078.10230014037006185,0.09508395404477288,1.17823120954972449,false
0.06849300000000000,6014.23733792820348754,0.99681887592983287,-0.15757575757575762,5137.43429501986429386,0.08644291261738585,1.12341857771994102,false
0.06849300000000000,6014.23733792820348754,0.99681887592983287,-0.14595959595959598,5197.45951847340529639,0.07811065109656412,1.06790356068770054,false
0.06849300000000000,6014.23733792820348754,0.99681887592983287,-0.13434343434343435,5258.18607010824052850,0.07016728350808363,1.01214850343026530,false
0.06849300000000000,6014.23733792820348754,0.99681887592983287,-0.12272727272727281,5319.62214416654842353,0.06269203671950817,0.95671612810565121,false
0.06849300000000000,6014.23733792820348754,0.99681887592983287,-0.11111111111111117,5381.77603063114656834,0.05572395261717118,0.90198198322804379,false
0.06849300000000000,6014.23733792820348754,0.99681887592983287,-0.09949494949494953,5444.65611634410561237,0.04924631355089931,0.84793735596339970,false
0.06849300000000000,6014.23733792820348754,0.99681887592983287,-0.08787878787878789,5508.27088613844625797,0.04323829465657494,0.79453161724570398,false
0.06849300000000000,6014.23733792820348754,0.99681887592983287,-0.07626262626262624,5572.62892398305757524,0.03767920957447832,0.74169917759578075,false
0.06849300000000000,6014.23733792820348754,0.99681887592983287,-0.06464646464646472,5637.73891414098397945,0.03256513097702847,0.68953024462957668,false
0.06849300000000000,6014.23733792820348754,0.99681887592983287,-0.05303030303030307,5703.60964234126095107,0.02792468007013724,0.63851485962873311,false
0.06849300000000000,6014.23733792820348754,0.99681887592983287,-0.04141414141414142,5770.24999696441955166,0.02379021767845826,0.58935383450772905,false
0.06849300000000000,6014.23733792820348754,0.99681887592983287,-0.02979797979797989,5837.66897024186528142,0.02019410464030468,0.54298671842367963,false
0.06849300000000000,6014.23733792820348754,0.99681887592983287,-0.01818181818181825,5905.87565946925769822,0.01716871169708738,0.50066330226781020,false
0.06849300000000000,6014.23733792820348754,0.99681887592983287,-0.00656565656565661,5974.87926823406723997,0.01474643695008681,0.46400264344922043,false
0.06849300000000000,6014.23733792820348754,0.99681887592983287,0.00505050505050503,6044.68910765748114500,0.01295968318577314,0.43498481672148920,false
0.06849300000000000,6014.23733792820348754,0.99681887592983287,0.01666666666666668,6115.31459765081126534,0.01184085319061652,0.41578460398629763,false
0.06849300000000000,6014.23733792820348754,0.99681887592983287,0.02828282828282821,6186.76526818659294804,0.01141244439868882,0.40819364863919350,false
0.06849300000000000,6014.23733792820348754,0.99681887592983287,0.03989898989898985,6259.05076058451868448,0.01165733283446870,0.41254991675868441,false
0.06849300000000000,6014.23733792820348754,0.99681887592983287,0.05151515151515149,6332.18082881241389259,0.01254848917003652,0.42802843940664975,false
0.06849300000000000,6014.23733792820348754,0.99681887592983287,0.06313131313131302,6406.16534080240398907,0.01405888407747261,0.45305646348269896,false
0.06849300000000000,6014.23733792820348754,0.99681887592983287,0.07474747474747467,6481.01427978246101702,0.01615642557344714,0.48567924839121895,false
0.06849300000000000,6014.23733792820348754,0.99681887592983287,0.08636363636363631,6556.73774562350172346,0.01877945753822595,0.52362265349734638,false
0.06849300000000000,6014.23733792820348754,0.99681887592983287,0.09797979797979796,6633.34595620223990409,0.02185562290405035,0.56488299355113114,false
0.06849300000000000,6014.23733792820348754,0.99681887592983287,0.10959595959595959,6710.84924877994762937,0.02531254984323338,0.60791779111331901,false
0.06849300000000000,6014.23733792820348754,0.99681887592983287,0.12121212121212113,6789.25808139733453572,0.02907813293568820,0.65156862635698809,false
0.06849300000000000,6014.23733792820348754,0.99681887592983287,0.13282828282828277,6868.58303428571980476,0.03308258549414501,0.69498691414263403,false
0.06849300000000000,6014.23733792820348754,0.99681887592983287,0.14444444444444440,6948.83481129469601001,0.03725731473206075,0.73753507834927334,false
0.06849300000000000,6014.23733792820348754,0.99681887592983287,0.15606060606060596,7030.02424133646400151,0.04153373772984055,0.77871297980851895,false
0.06849300000000000,6014.23733792820348754,0.99681887592983287,0.16767676767676759,7112.16227984706620191,0.04584606221325840,0.81814056304056371,false
0.06849300000000000,6014.23733792820348754,0.99681887592983287,0.17929292929292923,7195.26001026465928589,0.05016638170961459,0.85582170123694490,false
0.06849300000000000,6014.23733792820348754,0.99681887592983287,0.19090909090909086,7279.32864552509090572,0.05449409342049735,0.89197282149928359,false
0.06849300000000000,6014.23733792820348754,0.99681887592983287,0.20252525252525252,7364.37952957492962014,0.05882919732689458,0.92677298761381488,false
0.06849300000000000,6014.23733792820348754,0.99681887592983287,0.21414141414141405,7450.42413890218267625,0.06317169340786008,0.96036907115650771,false
0.06849300000000000,6014.23733792820348754,0.99681887592983287,0.22575757575757580,7537.47408408489263820,0.06752158159796393,0.99288330640022626,false
0.06849300000000000,6014.23733792820348754,0.99681887592983287,0.23737373737373732,7625.54111135783477948,0.07187886178729205,1.02441870875564556,false
0.06849300000000000,6014.23733792820348754,0.99681887592983287,0.24898989898989887,7714.63710419751168956,0.07624353386399658,1.05506305184194815,false
0.06849300000000000,6014.23733792820348754,0.99681887592983287,0.26060606060606062,7804.77408492568065412,0.08061558197592392,1.08489173940383510,true
0.06849300000000000,6014.23733792820348754,0.99681887592983287,0.27222222222222214,7895.96421633158479381,0.08499427729336728,1.11396551944185185,true
0.06849300000000000,6014.23733792820348754,0.99681887592983287,0.28383838383838367,7988.21980331318354729,0.08937790167925556,1.14233105330357221,true
0.06849300000000000,6014.23733792820348754,0.99681887592983287,0.29545454545454541,8081.55329453752528934,0.09376466412473174,1.17002867825909340,true
0.06849300000000000,6014.23733792820348754,0.99681887592983287,0.30707070707070699,8175.97728412052674685,0.09815277828339845,1.19709386249023586,true
0.06849300000000000,6014.23733792820348754,0.99681887592983287,0.31868686868686852,8271.50451332638476742,0.10254102196651982,1.22356128344111181,true
0.06849300000000000,6014.23733792820348754,0.99681887592983287,0.33030303030303027,8368.14787228684690490,0.10692926866346147,1.24946818969600137,true
0.06849300000000000,6014.23733792820348754,0.99681887592983287,0.34191919191919179,8465.92040174054636736,0.11131751775000916,1.27484874972549989,true
0.06849300000000000,6014.23733792820348754,0.99681887592983287,0.35353535353535354,8564.83529479270328011,0.11570576860205589,1.29973379507785358,true
0.06849300000000000,6014.23733792820348754,0.99681887592983287,0.36515151515151506,8664.90589869532777811,0.12009402067305650,1.32415125996052851,true
0.06849300000000000,6014.23733792820348754,0.99681887592983287,0.37676767676767658,8766.14571664828326902,0.12448227363075139,1.34812654947093002,true
0.06849300000000000,6014.23733792820348754,0.99681887592983287,0.38838383838383833,8868.56840962134810979,0.12887052717957589,1.37168284823870557,true
0.06849300000000000,6014.23733792820348754,0.99681887592983287,0.39999999999999991,8972.18779819757946825,0.13325878102396507,1.39484138282148540,true
0.07671200000000000,6014.33741422522871289,0.99643940937612041,-0.80000000000000004,2702.41600018527105931,0.66737530737698514,2.94953405014330272,true
0.07671200000000000,6014.33741422522871289,0.99643940937612041,-0.78787878787878785,2735.37188691078699776,0.65556565299658387,2.92332057305761861,true
0.07671200000000000,6014.33741422522871289,0.99643940937612041,-0.77575757575757576,2768.72966974326482159,0.64375599861536392,2.89686990262911515,true
0.07671200000000000,6014.33741422522871289,0.99643940937612041,-0.76363636363636367,2802.49424979436662397,0.63194634423250751,2.87017548115678522,true
0.07671200000000000,6014.33741422522871289,0.99643940937612041,-0.75151515151515158,2836.67058794467402549,0.62013668984719550,2.84323044308348960,true
0.07671200000000000,6014.33741422522871289,0.99643940937612041,-0.73939393939393938,2871.26370557256677785,0.60832703545778455,2.81602759437233807,true
0.07671200000000000,6014.33741422522871289,0.99643940937612041,-0.72727272727272718,2906.27868529199122349,0.59651738105779406,2.78855939006474562,true
0.07671200000000000,6014.33741422522871289,0.99643940937612041,-0.71515151515151520,2941.72067169922729590,0.58470772663899762,2.76081790984572617,true
0.07671200000000000,6014.33741422522871289,0.99643940937612041,-0.70303030303030301,2977.59487212876229023,0.57289807219316546,2.73279483137303059,true
0.07671200000000000,6014.33741422522871289,0.99643940937612041,-0.69090909090909092,3013.90655741837917958,0.56108736035629414,2.70447885285258405,true
0.07671200000000000,6014.33741422522871289,0.99643940937612041,-0.67878787878787872,3050.66106268357953013,0.54926533085301554,2.67583568370267288,true
0.07671200000000000,6014.33741422522871289,0.99643940937612041,-0.66666666666666674,3087.86378810144606177,0.53741698488764245,2.64681776695622917,true
0.07671200000000000,6014.33741422522871289,0.99643940937612041,-0.65454545454545454,3125.52019970407036453,0.52552728450316200,2.61737519092534043,true
0.07671200000000000,6014.33741422522871289,0.99643940937612041,-0.64242424242424245,3163.63583018164899840,0.51358180363857475,2.58745711986692672,true
0.07671200000000000,6014.33741422522871289,0.99643940937612041,-0.63030303030303025,3202.21627969538212710,0.50157442333315350,2.55703126639963285,false
0.07671200000000000,6014.33741422522871289,0.99643940937612041,-0.61818181818181817,3241.26721670027291111,0.48950501141676234,2.52607894130760036,false
0.07671200000000000,6014.33741422522871289,0.99643940937612041,-0.60606060606060608,3280.79437877797636247,0.47737356788880414,2.49458054755895153,false
0.07671200000000000,6014.33741422522871289,0.99643940937612041,-0.59393939393939399,3320.80357347979270344,0.46518009274878630,2.46251513070767958,false
0.07671200000000000,6014.33741422522871289,0.99643940937612041,-0.58181818181818179,3361.30067917994711024,0.45292458599861957,2.42986024286518631,false
0.07671200000000000,6014.33741422522871289,0.99643940937612041,-0.56969696969696970,3402.29164593926861926,0.44060704764261904,2.39659178856007404,false
0.07671200000000000,6014.33741422522871289,0.99643940937612041,-0.55757575757575761,3443.78249637941416950,0.42822747768520408,2.36268384944579646,false
0.07671200000000000,6014.33741422522871289,0.99643940937612041,-0.54545454545454541,3485.77932656774009956,0.41578640182227766,2.32810995595635939,false
0.07671200000000000,6014.33741422522871289,0.99643940937612041,-0.53333333333333333,3528.28830691297071098,0.40330815762694622,2.29290916605434303,false
0.07671200000000000,6014.33741422522871289,0.99643940937612041,-0.52121212121212113,3571.31568307179122712,0.39085012335556496,2.25721783894518113,false
0.07671200000000000,6014.33741422522871289,0.99643940937612041,-0.50909090909090915,3614.86777686649293173,0.37847211102135814,2.22118784633558475,false
0.07671200000000000,6014.33741422522871289,0.99643940937612041,-0.49696969696969695,3658.95098721381327778,0.36623377687709552,2.18498039756539120,false
0.07671200000000000,6014.33741422522871289,0.99643940937612041,-0.48484848484848481,3703.57179106509556732,0.35417593016061172,2.14871031537645862,false
0.07671200000000000,6014.33741422522871289,0.99643940937612041,-0.47272727272727272,3748.73674435792327131,0.34230277640304807,2.11238734990219124,false
0.07671200000000000,6014.33741422522871289,0.99643940937612041,-0.46060606060606057,3794.45248297935268056,0.33061431560328736,2.07600872531770841,false
0.07671200000000000,6014.33741422522871289,0.99643940937612041,-0.44848484848484849,3840.72572374089622826,0.31911054215140133,2.03957144542201041,false
0.07671200000000000,6014.33741422522871289,0.99643940937612041,-0.43636363636363634,3887.56326536539154404,0.30778738404908856,2.00305905917663729,false
0.07671200000000000,6014.33741422522871289,0.99643940937612041,-0.42424242424242425,3934.97198948591039880,0.29662953484851717,1.96641664887321288,false
0.07671200000000000,6014.33741422522871289,0.99643940937612041,-0.41212121212121211,3982.95886165684441949,0.28561976427949409,1.92957860642871926,false
0.07671200000000000,6014.33741422522871289,0.99643940937612041,-0.39999999999999997,4031.53093237732309717,0.27474084207182620,1.89247416599873342,false
0.07671200000000000,6014.33741422522871289,0.99643940937612041,-0.38787878787878788,4080.69533812711597420,0.26397658877827068,1.85503049494230732,false
0.07671200000000000,6014.33741422522871289,0.99643940937612041,-0.37575757575757573,4130.45930241515998205,0.25331502824338531,1.81718366836091594,false
0.07671200000000000,6014.33741422522871289,0.99643940937612041,-0.36363636363636359,4180.83013684088018636,0.24274523513467805,1.77886792399677218,false
0.07671200000000000,6014.33741422522871289,0.99643940937612041,-0.35151515151515145,4231.81524216844809416,0.23225628411965688,1.74001136100990461,false
0.07671200000000000,6014.33741422522871289,0.99643940937612041,-0.33939393939393936,4283.42210941414759873,0.22183846971893928,1.70053970915590202,false
0.07671200000000000,6014.33741422522871289,0.99643940937612041,-0.32727272727272722,4335.65832094699362642,0.21148920996853066,1.66039896743310100,false
0.07671200000000000,6014.33741422522871289,0.99643940937612041,-0.31515151515151513,4388.53155160277401592,0.20120850131115489,1.61953937154436267,false
0.07671200000000000,6014.33741422522871289,0.99643940937612041,-0.30303030303030298,4442.04956981168743368,0.19099634374595870,1.57790507863848428,false
0.07671200000000000,6014.33741422522871289,0.99643940937612041,-0.29090909090909089,4496.22023873971556895,0.18085469259605338,1.53544137101616429,false
0.07671200000000000,6014.33741422522871289,0.99643940937612041,-0.27878787878787875,4551.05151744392696855,0.17080252174498214,1.49216031815342309,false
0.07671200000000000,6014.33741422522871289,0.99643940937612041,-0.26666666666666661,4606.55146204186712566,0.16086756782442546,1.44811347596785889,false
0.07671200000000000,6014.33741422522871289,0.99643940937612041,-0.25454545454545457,4662.72822689520762651,0.15107763988547002,1.40335789763342800,false
0.07671200000000000,6014.33741422522871289,0.99643940937612041,-0.24242424242424240,4719.59006580782897800,0.14145941542594578,1.35795155492119912,false
0.07671200000000000,6014.33741422522871289,0.99643940937612041,-0.23030303030303026,4777.14533323851719615,0.13202420997667483,1.31188309537360714,false
0.07671200000000000,6014.33741422522871289,0.99643940937612041,-0.21818181818181812,4835.40248552844605001,0.12277226795141891,1.26508144647454901,false
0.07671200000000000,6014.33741422522871289,0.99643940937612041,-0.20606060606060597,4894.37008214363413572,0.11370358934843641,1.21746205540521957,false
0.07671200000000000,6014.33741422522871289,0.99643940937612041,-0.19393939393939394,4954.05678693254230893,0.10481896045689217,1.16892937178597611,false
0.07671200000000000,6014.33741422522871289,0.99643940937612041,-0.18181818181818177,5014.47136939902065933,0.09613725225679885,1.11947448545713391,false
0.07671200000000000,6014.33741422522871289,0.99643940937612041,-0.16969696969696962,5075.62270599076964572,0.08769542041901712,1.06919471756989926,false
0.07671200000000000,6014.33741422522871289,0.99643940937612041,-0.15757575757575748,5137.51978140351911861,0.07953120690531409,1.01820947414187457,false
0.07671200000000000,6014.33741422522871289,0.99643940937612041,-0.14545454545454545,5200.17168990110985760,0.07168243769368408,0.96666218597975628,false
0.07671200000000000,6014.33741422522871289,0.99643940937612041,-0.13333333333333330,5263.58763665167225554,0.06419074438604061,0.91475449700217371,false
0.07671200000000000,6014.33741422522871289,0.99643940937612041,-0.12121212121212115,5327.77693908010132873,0.05710303915976063,0.86277580723010905,false
0.07671200000000000,6014.33741422522871289,0.99643940937612041,-0.10909090909090900,5392.74902823702723254,0.05046662315623562,0.81109265801012409,false
0.07671200000000000,6014.33741422522871289,0.99643940937612041,-0.09696969696969697,5458.51345018447409529,0.04432859293939690,0.76016928955148166,false
0.07671200000000000,6014.33741422522871289,0.99643940937612041,-0.08484848484848481,5525.07986739842363022,0.03871129120048080,0.71037419324392548,false
0.07671200000000000,6014.33741422522871289,0.99643940937612041,-0.07272727272727267,5592.45806018847906671,0.03358898492755647,0.66170861200252351,false
0.07671200000000000,6014.33741422522871289,0.99643940937612041,-0.06060606060606052,5660.65792813484040380,0.02893041751726525,0.61410933325759909,false
0.07671200000000000,6014.33741422522871289,0.99643940937612041,-0.04848484848484848,5729.68949154281108349,0.02470436988027630,0.56748611220135214,false
0.07671200000000000,6014.33741422522871289,0.99643940937612041,-0.03636363636363633,5799.56289291503526329,0.02090682059743562,0.52205029254322100,false
0.07671200000000000,6014.33741422522871289,0.99643940937612041,-0.02424242424242419,5870.28839844168669515,0.01760888884733302,0.47910899351697894,false
0.07671200000000000,6014.33741422522871289,0.99643940937612041,-0.01212121212121204,5941.87639950884022255,0.01489456112010404,0.44063825900160403,false
0.07671200000000000,6014.33741422522871289,0.99643940937612041,0.00000000000000011,6014.33741422522962239,0.01284782390588424,0.40924476711033025,false
0.07671200000000000,6014.33741422522871289,0.99643940937612041,0.01212121212121215,6087.68208896762644144,0.01153063964000703,0.38769932688575692,false
0.07671200000000000,6014.33741422522871289,0.99643940937612041,0.02424242424242430,6161.92119994506902003,0.01091687453859733,0.37723980076017288,false
0.07671200000000000,6014.33741422522871289,0.99643940937612041,0.03636363636363645,6237.06565478215725307,0.01095837076297798,0.37795608543960618,false
0.07671200000000000,6014.33741422522871289,0.99643940937612041,0.04848484848484860,6313.12649412166592811,0.01160697047447180,0.38898046131054120,false
0.07671200000000000,6014.33741422522871289,0.99643940937612041,0.06060606060606063,6390.11489324669400958,0.01281753712119182,0.40876211644825344,false
0.07671200000000000,6014.33741422522871289,0.99643940937612041,0.07272727272727278,6468.04216372260543721,0.01456257740909615,0.43569991042531325,false
0.07671200000000000,6014.33741422522871289,0.99643940937612041,0.08484848484848492,6546.91975505898517440,0.01682098414595894,0.46826753365894913,false
0.07671200000000000,6014.33741422522871289,0.99643940937612041,0.09696969696969708,6626.75925639185697946,0.01957165894797066,0.50510558061115862,false
0.07671200000000000,6014.33741422522871289,0.99643940937612041,0.10909090909090911,6707.57239818643665785,0.02278706257754053,0.54502010075748319,false
0.07671200000000000,6014.33741422522871289,0.99643940937612041,0.12121212121212126,6789.37105396063179796,0.02638359651416705,0.58645588067313814,false
0.07671200000000000,6014.33741422522871289,0.99643940937612041,0.13333333333333341,6872.16724202956083900,0.03024879767040318,0.62794615521163299,true
0.07671200000000000,6014.33741422522871289,0.99643940937612041,0.14545454545454556,6955.97312727135977184,0.03426996440866181,0.66838265925524232,true
0.07671200000000000,6014.33741422522871289,0.99643940937612041,0.15757575757575759,7040.80102291450748453,0.03833898093269712,0.70694988743928389,true
0.07671200000000000,6014.33741422522871289,0.99643940937612041,0.16969696969696973,7126.66339234695533378,0.04240998882831321,0.74353672846063190,true
0.07671200000000000,6014.33741422522871289,0.99643940937612041,0.18181818181818188,7213.57285094732196740,0.04648199755299747,0.77841418047666533,true
0.07671200000000000,6014.33741422522871289,0.99643940937612041,0.19393939393939405,7301.54216793840623723,0.05055500710596711,0.81180259468165572,true
0.07671200000000000,6014.33741422522871289,0.99643940937612041,0.20606060606060619,7390.58426826332470227,0.05462901748644085,0.84387873278918779,true
0.07671200000000000,6014.33741422522871289,0.99643940937612041,0.21818181818181823,7480.71223448450018623,0.05870402869367415,0.87478695984994137,true
0.07671200000000000,6014.33741422522871289,0.99643940937612041,0.23030303030303048,7571.93930870584699733,0.06278004072695910,0.90464699255095804,true
0.07671200000000000,6014.33741422522871289,0.99643940937612041,0.24242424242424251,7664.27889451835017098,0.06685705358558919,0.93355941624978866,true
0.07671200000000000,6014.33741422522871289,0.99643940937612041,0.25454545454545457,7757.74455896941708488,0.07093506726885278,0.96160970914695187,true
0.07671200000000000,6014.33741422522871289,0.99643940937612041,0.26666666666666683,7852.35003455620972090,0.07501408177579844,0.98887123948985789,true
0.07671200000000000,6014.33741422522871289,0.99643940937612041,0.27878787878787886,7948.10922124330500083,0.07909409710514159,1.01540753904305281,true
0.07671200000000000,6014.33741422522871289,0.99643940937612041,0.29090909090909089,8045.03618850495786319,0.08317511325557343,1.04127405560419395,true
0.07671200000000000,6014.33741422522871289,0.99643940937612041,0.30303030303030315,8143.14517739226084814,0.08725713022578060,1.06651952343119305,true
0.07671200000000000,6014.33741422522871289,0.99643940937612041,0.31515151515151518,8242.45060262552397035,0.09134014801390823,1.09118704871244199,true
0.07671200000000000,6014.33741422522871289,0.99643940937612041,0.32727272727272744,8342.96705471216409933,0.09542416661705019,1.11531497931756118,true
0.07671200000000000,6014.33741422522871289,0.99643940937612041,0.33939393939393947,8444.70930209041762282,0.09950918603217931,1.13893760902760843,true
0.07671200000000000,6014.33741422522871289,0.99643940937612041,0.35151515151515150,8547.69229329921836325,0.10359520617729188,1.16208575273555836,true
0.07671200000000000,6014.33741422522871289,0.99643940937612041,0.36363636363636376,8651.93115917450450070,0.10768216971221459,1.18478690656891672,true
0.07671200000000000,6014.33741422522871289,0.99643940937612041,0.37575757575757585,8757.44121507232739532,0.11176986110627285,1.20706512643175623,true
0.07671200000000000,6014.33741422522871289,0.99643940937612041,0.38787878787878810,8864.23796311907608469,0.11585803773975496,1.22894212654131074,true
0.07671200000000000,6014.33741422522871289,0.99643940937612041,0.40000000000000013,8972.33709448913214146,0.11994645699294887,1.25043770099227403,true
0.07945199999999999,6015.59491197038551036,0.99631293724364722,-0.80000000000000004,2702.98103034448195103,0.64436139683291760,2.84781871786862428,true
0.07945199999999999,6015.59491197038551036,0.99631293724364722,-0.78787878787878796,2735.94380759681644122,0.63295899689328539,2.82250923578841961,true
0.07945199999999999,6015.59491197038551036,0.99631293724364722,-0.77575757575757576,2769.30856498589218972,0.62155659695497534,2.79697074035385684,true
0.07945199999999999,6015.59491197038551036,0.99631293724364722,-0.76363636363636367,2803.08020464811261263,0.61015419701930895,2.77119690002597086,true
0.07945199999999999,6015.59491197038551036,0.99631293724364722,-0.75151515151515147,2837.26368850129665589,0.59875179708760795,2.74518108602718724,true
0.07945199999999999,6015.59491197038551036,0.99631293724364722,-0.73939393939393938,2871.86403897371064886,0.58734939782270190,2.71891635396194031,true
0.07945199999999999,6015.59491197038551036,0.99631293724364722,-0.72727272727272729,2906.88633974199046861,0.57594700375039254,2.69239542971628021,true
0.07945199999999999,6015.59491197038551036,0.99631293724364722,-0.71515151515151509,2942.33573647806633744,0.56454462079471279,2.66561068049871697,true
0.07945199999999999,6015.59491197038551036,0.99631293724364722,-0.70303030303030301,2978.21743760519120769,0.55314225488162405,2.63855408595735996,true
0.07945199999999999,6015.59491197038551036,0.99631293724364722,-0.69090909090909081,3014.53671506319415130,0.54174019833473497,2.61121790029200840,true
0.07945199999999999,6015.59491197038551036,0.99631293724364722,-0.67878787878787883,3051.29890508305788899,0.53034123619792362,2.58360003251293735,true
0.07945199999999999,6015.59491197038551036,0.99631293724364722,-0.66666666666666674,3088.50940897095415494,0.51894943700082197,2.55570136899827327,true
0.07945199999999999,6015.59491197038551036,0.99631293724364722,-0.65454545454545454,3126.17369390183102951,0.50756887988038280,2.52752276788931152,true
0.07945199999999999,6015.59491197038551036,0.99631293724364722,-0.64242424242424245,3164.29729372267729559,0.49620347799306941,2.49906461379638678,true
0.07945199999999999,6015.59491197038551036,0.99631293724364722,-0.63030303030303036,3202.88580976559342162,0.48485489114421654,2.47032147368691968,false
0.07945199999999999,6015.59491197038551036,0.99631293724364722,-0.61818181818181817,3241.94491167076284910,0.47352315518604787,2.44128337391031991,false
0.07945199999999999,6015.59491197038551036,0.99631293724364722,-0.60606060606060608,3281.48033821947319666,0.46220827011900184,2.41193966115479919,false
0.07945199999999999,6015.59491197038551036,0.99631293724364722,-0.59393939393939388,3321.49789817728742491,0.45091010365206374,2.38227869282273419,false
0.07945199999999999,6015.59491197038551036,0.99631293724364722,-0.58181818181818179,3362.00347114749865796,0.43962548079081154,2.35227997360937335,false
0.07945199999999999,6015.59491197038551036,0.99631293724364722,-0.56969696969696959,3403.00300843499735493,0.42834818383741524,2.32191356076530164,false
0.07945199999999999,6015.59491197038551036,0.99631293724364722,-0.55757575757575750,3444.50253392066815650,0.41707186280259290,2.29114739294735159,false
0.07945199999999999,6015.59491197038551036,0.99631293724364722,-0.54545454545454541,3486.50814494645373998,0.40579022350750066,2.25994761708824576,false
0.07945199999999999,6015.59491197038551036,0.99631293724364722,-0.53333333333333333,3529.02601321120937428,0.39449949977946680,2.22828538323187875,false
0.07945199999999999,6015.59491197038551036,0.99631293724364722,-0.52121212121212124,3572.06238567748141577,0.38319943323524952,2.19613994899420328,false
0.07945199999999999,6015.59491197038551036,0.99631293724364722,-0.50909090909090904,3615.62358548935162617,0.37189002387326819,2.16348977610092064,false
0.07945199999999999,6015.59491197038551036,0.99631293724364722,-0.49696969696969695,3659.71601290146054453,0.36057133999885560,2.13031185886135743,false
0.07945199999999999,6015.59491197038551036,0.99631293724364722,-0.48484848484848486,3704.34614621937635093,0.34925171505388047,2.09660615667332229,false
0.07945199999999999,6015.59491197038551036,0.99631293724364722,-0.47272727272727272,3749.52054275141972539,0.33795553460488836,2.06242120185866895,false
0.07945199999999999,6015.59491197038551036,0.99631293724364722,-0.46060606060606057,3795.24583977210022567,0.32670902850508987,2.02781415904402262,false
0.07945199999999999,6015.59491197038551036,0.99631293724364722,-0.44848484848484843,3841.52875549730333660,0.31553841806933208,1.99284584264604625,false
0.07945199999999999,6015.59491197038551036,0.99631293724364722,-0.43636363636363634,3888.37609007136643413,0.30446373429879842,1.95756128771793714,false
0.07945199999999999,6015.59491197038551036,0.99631293724364722,-0.42424242424242420,3935.79472656619645932,0.29348790585223394,1.92195266648545937,false
0.07945199999999999,6015.59491197038551036,0.99631293724364722,-0.41212121212121211,3983.79163199256572625,0.28261093272964366,1.88600162345308431,false
0.07945199999999999,6015.59491197038551036,0.99631293724364722,-0.39999999999999997,4032.37385832374638994,0.27183281493103262,1.84968819251874983,false
0.07945199999999999,6015.59491197038551036,0.99631293724364722,-0.38787878787878782,4081.54854353162681946,0.26115279853907691,1.81298798144704509,false
0.07945199999999999,6015.59491197038551036,0.99631293724364722,-0.37575757575757573,4131.32291263545903348,0.25056711396713732,1.77586365265525048,false
0.07945199999999999,6015.59491197038551036,0.99631293724364722,-0.36363636363636359,4181.70427876340090734,0.24007123771124567,1.73827165644470671,false
0.07945199999999999,6015.59491197038551036,0.99631293724364722,-0.35151515151515145,4232.70004422700276336,0.22966064626743388,1.70016422836332382,false
0.07945199999999999,6015.59491197038551036,0.99631293724364722,-0.33939393939393936,4284.31770160879295872,0.21933132119731089,1.66149068348633011,false
0.07945199999999999,6015.59491197038551036,0.99631293724364722,-0.32727272727272727,4336.56483486313391040,0.20908219346875503,1.62220638645245474,false
0.07945199999999999,6015.59491197038551036,0.99631293724364722,-0.31515151515151513,4389.44912043049498607,0.19891326160808001,1.58226584102163370,false
0.07945199999999999,6015.59491197038551036,0.99631293724364722,-0.30303030303030298,4442.97832836532325018,0.18882452561409391,1.54161804139260505,false
0.07945199999999999,6015.59491197038551036,0.99631293724364722,-0.29090909090909084,4497.16032347765758459,0.17881746616682526,1.50021171107780393,false
0.07945199999999999,6015.59491197038551036,0.99631293724364722,-0.27878787878787870,4552.00306648867262993,0.16890645135692439,1.45804424112360520,false
0.07945199999999999,6015.59491197038551036,0.99631293724364722,-0.26666666666666666,4607.51461520031261898,0.15911248492051094,1.41514099514996805,false
0.07945199999999999,6015.59491197038551036,0.99631293724364722,-0.25454545454545446,4663.70312567919154390,0.14945662543374966,1.37152955020128409,false
0.07945199999999999,6015.59491197038551036,0.99631293724364722,-0.24242424242424238,4720.57685345492336637,0.13995907459701742,1.32723588136907811,false
0.07945199999999999,6015.59491197038551036,0.99631293724364722,-0.23030303030303029,4778.14415473307144566,0.13062840116499383,1.28223134320695564,false
0.07945199999999999,6015.59491197038551036,0.99631293724364722,-0.21818181818181809,4836.41348762289180740,0.12146479021964909,1.23643925636611596,false
0.07945199999999999,6015.59491197038551036,0.99631293724364722,-0.20606060606060603,4895.39341338004032878,0.11246824175778344,1.18976869024862153,false
0.07945199999999999,6015.59491197038551036,0.99631293724364722,-0.19393939393939383,4955.09259766444665729,0.10363986712384332,1.14211808056841324,false
0.07945199999999999,6015.59491197038551036,0.99631293724364722,-0.18181818181818174,5015.51981181351766281,0.09500633865814541,1.09351280719725596,false
0.07945199999999999,6015.59491197038551036,0.99631293724364722,-0.16969696969696968,5076.68393413087233057,0.08661988969687592,1.04413438069766196,false
0.07945199999999999,6015.59491197038551036,0.99631293724364722,-0.15757575757575748,5138.59395119078999414,0.07853386492386762,0.99420528765605931,false
0.07945199999999999,6015.59491197038551036,0.99631293724364722,-0.14545454545454539,5201.25895915856926877,0.07080137604453268,0.94399225739595960,false
0.07945199999999999,6015.59491197038551036,0.99631293724364722,-0.13333333333333333,5264.68816512698958832,0.06346498170470398,0.89374713499219172,false
0.07945199999999999,6015.59491197038551036,0.99631293724364722,-0.12121212121212113,5328.89088846906452090,0.05655259742502585,0.84367243798391756,false
0.07945199999999999,6015.59491197038551036,0.99631293724364722,-0.10909090909090904,5393.87656220729695633,0.05009106012234284,0.79401314923952471,false
0.07945199999999999,6015.59491197038551036,0.99631293724364722,-0.09696969696969686,5459.65473439963716373,0.04410707403734855,0.74507794376934422,false
0.07945199999999999,6015.59491197038551036,0.99631293724364722,-0.08484848484848477,5526.23506954232652788,0.03861128959650671,0.69711549585132793,false
0.07945199999999999,6015.59491197038551036,0.99631293724364722,-0.07272727272727270,5593.62734998986798018,0.03358317833087535,0.65014238611489605,false
0.07945199999999999,6015.59491197038551036,0.99631293724364722,-0.06060606060606050,5661.84147739230229490,0.02899862951544461,0.60413823129334643,false
0.07945199999999999,6015.59491197038551036,0.99631293724364722,-0.04848484848484843,5730.88747415001034824,0.02483356595923088,0.55907120718302827,false
0.07945199999999999,6015.59491197038551036,0.99631293724364722,-0.03636363636363624,5800.77548488626234757,0.02108822264018168,0.51519017486631147,false
0.07945199999999999,6015.59491197038551036,0.99631293724364722,-0.02424242424242416,5871.51577793772230507,0.01783000319054705,0.47372171566171750,false
0.07945199999999999,6015.59491197038551036,0.99631293724364722,-0.01212121212121208,5943.11874686313149141,0.01513781341353343,0.43649488311158774,false
0.07945199999999999,6015.59491197038551036,0.99631293724364722,0.00000000000000011,6015.59491197038641985,0.01309055911234724,0.40590713101341558,false
0.07945199999999999,6015.59491197038551036,0.99631293724364722,0.01212121212121219,6088.95492186223600584,0.01174756594397234,0.38452229775702185,false
0.07945199999999999,6015.59491197038551036,0.99631293724364722,0.02424242424242438,6163.20955500084619416,0.01108983898050207,0.37360286952791788,false
0.07945199999999999,6015.59491197038551036,0.99631293724364722,0.03636363636363647,6238.36972129141759069,0.01107880314780719,0.37341693152577887,false
0.07945199999999999,6015.59491197038551036,0.99631293724364722,0.04848484848484854,6314.44646368513986090,0.01167588337175842,0.38334734271331916,false
0.07945199999999999,6015.59491197038551036,0.99631293724364722,0.06060606060606073,6391.45095980168025562,0.01284271835761665,0.40204629315516749,false
0.07945199999999999,6015.59491197038551036,0.99631293724364722,0.07272727272727281,6469.39452357146092254,0.01454219520748958,0.42782146257512982,false
0.07945199999999999,6015.59491197038551036,0.99631293724364722,0.08484848484848501,6548.28860689796510997,0.01673765288954280,0.45898116248465798,false
0.07945199999999999,6015.59491197038551036,0.99631293724364722,0.09696969696969708,6628.14480134031691705,0.01939243099520539,0.49404181711869466,false
0.07945199999999999,6015.59491197038551036,0.99631293724364722,0.10909090909090915,6708.97483981637378747,0.02246561917389799,0.53174911940381620,false
0.07945199999999999,6015.59491197038551036,0.99631293724364722,0.12121212121212135,6790.79059832659913809,0.02587931683904135,0.57072117598167593,false
0.07945199999999999,6015.59491197038551036,0.99631293724364722,0.13333333333333344,6873.60409769894067722,0.02953657736764771,0.60971610618967909,false
0.07945199999999999,6015.59491197038551036,0.99631293724364722,0.14545454545454550,6957.42750535500726983,0.03334029673146983,0.64778712711309638,false
0.07945199999999999,6015.59491197038551036,0.99631293724364722,0.15757575757575770,7042.27313709777081385,0.03719732207512867,0.68423206188655472,true
0.07945199999999999,6015.59491197038551036,0.99631293724364722,0.16969696969696979,7128.15345892106870451,0.04106814166610431,0.71895235192887486,true
0.07945199999999999,6015.59491197038551036,0.99631293724364722,0.18181818181818196,7215.08108884118155402,0.04495190204721970,0.75217971904926229,true
0.07945199999999999,6015.59491197038551036,0.99631293724364722,0.19393939393939405,7303.06879875074355368,0.04884860321463720,0.78410397950789912,true
0.07945199999999999,6015.59491197038551036,0.99631293724364722,0.20606060606060614,7392.12951629525923636,0.05275824438095743,0.81487829596018369,true
0.07945199999999999,6015.59491197038551036,0.99631293724364722,0.21818181818181831,7482.27632677250403503,0.05668080673685915,0.84462823339703808,true
0.07945199999999999,6015.59491197038551036,0.99631293724364722,0.23030303030303040,7573.52247505508330505,0.06061625345109897,0.87345820357212356,true
0.07945199999999999,6015.59491197038551036,0.99631293724364722,0.24242424242424260,7665.88136753646267607,0.06456454690887187,0.90145621413746257,true
0.07945199999999999,6015.59491197038551036,0.99631293724364722,0.25454545454545457,7759.36657410068255558,0.06852562263912315,0.92869707604989549,true
0.07945199999999999,6015.59491197038551036,0.99631293724364722,0.26666666666666677,7853.99183011614604766,0.07249819968216345,0.95523712769258584,true
0.07945199999999999,6015.59491197038551036,0.99631293724364722,0.27878787878787892,7949.77103845368219481,0.07647930911328818,0.98111419909047914,true
0.07945199999999999,6015.59491197038551036,0.99631293724364722,0.29090909090909112,8046.71827152923742688,0.08046585767330439,1.00636009024618067,true
0.07945199999999999,6015.59491197038551036,0.99631293724364722,0.30303030303030309,8144.84777337146806531,0.08445476014896765,1.03100233642481753,true
0.07945199999999999,6015.59491197038551036,0.99631293724364722,0.31515151515151529,8244.17396171456675802,0.08844390488682069,1.05507063903357245,true
0.07945199999999999,6015.59491197038551036,0.99631293724364722,0.32727272727272749,8344.71143011657659372,0.09243307103133890,1.07860213165786578,true
0.07945199999999999,6015.59491197038551036,0.99631293724364722,0.33939393939393947,8446.47495010357488354,0.09642225496761134,1.10163119391833098,true
0.07945199999999999,6015.59491197038551036,0.99631293724364722,0.35151515151515167,8549.47947333998308750,0.10041145308103486,1.12418868293878593,true
0.07945199999999999,6015.59491197038551036,0.99631293724364722,0.36363636363636381,8653.74013382534212724,0.10440066198000478,1.14630241997065041,true
0.07945199999999999,6015.59491197038551036,0.99631293724364722,0.37575757575757579,8759.27225011789050768,0.10838987888900836,1.16799759504440193,true
0.07945199999999999,6015.59491197038551036,0.99631293724364722,0.38787878787878799,8866.09132758525811369,0.11237910113803448,1.18929710049218529,true
0.07945199999999999,6015.59491197038551036,0.99631293724364722,0.40000000000000019,8974.21306068258672894,0.11636832605707179,1.21022181357553937,true
0.08219200000000000,6016.08336202952341409,0.99618648116353015,-0.80000000000000004,2703.20050510357759777,0.62942735888911872,2.76731141093982380,true
0.08219200000000000,6016.08336202952341409,0.99618648116353015,-0.78787878787878785,2736.16595884439448128,0.61840506117005334,2.74297433099190746,true
0.08219200000000000,6016.08336202952341409,0.99618648116353015,-0.77575757575757576,2769.53342536165428101,0.60738276345089826,2.71841937821266866,true
0.08219200000000000,6016.08336202952341409,0.99618648116353015,-0.76363636363636367,2803.30780718980076927,0.59636046573156332,2.69364059428900360,true
0.08219200000000000,6016.08336202952341409,0.99618648116353015,-0.75151515151515158,2837.49406664954585722,0.58533816801195926,2.66863174427604477,true
0.08219200000000000,6016.08336202952341409,0.99618648116353015,-0.73939393939393938,2872.09722657696511305,0.57431587029201203,2.64338629827534310,true
0.08219200000000000,6016.08336202952341409,0.99618648116353015,-0.72727272727272729,2907.12237106147449595,0.56329357257173263,2.61789741152280353,true
0.08219200000000000,6016.08336202952341409,0.99618648116353015,-0.71515151515151520,2942.57464619281881824,0.55227127485116623,2.59215790271392921,true
0.08219200000000000,6016.08336202952341409,0.99618648116353015,-0.70303030303030301,2978.45926081716152112,0.54124897713035725,2.56616023037218088,true
0.08219200000000000,6016.08336202952341409,0.99618648116353015,-0.69090909090909092,3014.78148730239718134,0.53022667940935964,2.53989646704015071,true
0.08219200000000000,6016.08336202952341409,0.99618648116353015,-0.67878787878787883,3051.54666231279907151,0.51920438168831207,2.51335827104328002,true
0.08219200000000000,6016.08336202952341409,0.99618648116353015,-0.66666666666666663,3088.76018759310818496,0.50818208396739617,2.48653685554063220,true
0.08219200000000000,6016.08336202952341409,0.99618648116353015,-0.65454545454545443,3126.42753076219241848,0.49715978624679408,2.45942295453749527,true
0.08219200000000000,6016.08336202952341409,0.99618648116353015,-0.64242424242424245,3164.55422611637504815,0.48613748852669442,2.43200678548726579,true
0.08219200000000000,6016.08336202952341409,0.99618648116353015,-0.63030303030303025,3203.14587544256892215,0.47511519080736903,2.40427800805474279,false
0.08219200000000000,6016.08336202952341409,0.99618648116353015,-0.61818181818181805,3242.20814884131777944,0.46409289308915125,2.37622567854754463,false
0.08219200000000000,6016.08336202952341409,0.99618648116353015,-0.60606060606060608,3281.74678555988066364,0.45307059537237587,2.34783819944632111,false
0.08219200000000000,6016.08336202952341409,0.99618648116353015,-0.59393939393939399,3321.76759483547812124,0.44204829765738096,2.31910326337392991,false
0.08219200000000000,6016.08336202952341409,0.99618648116353015,-0.58181818181818179,3362.27645674881250670,0.43102599994459456,2.29000779073581961,false
0.08219200000000000,6016.08336202952341409,0.99618648116353015,-0.56969696969696970,3403.27932308800109240,0.42000370223453476,2.26053786013485292,false
0.08219200000000000,6016.08336202952341409,0.99618648116353015,-0.55757575757575761,3444.78221822305386013,0.40898140452772330,2.23067863051020687,false
0.08219200000000000,6016.08336202952341409,0.99618648116353015,-0.54545454545454541,3486.79123999100102083,0.39795910682468660,2.20041425376510658,false
0.08219200000000000,6016.08336202952341409,0.99618648116353015,-0.53333333333333321,3529.31256059182214813,0.38693680912616552,2.16972777642388825,false
0.08219200000000000,6016.08336202952341409,0.99618648116353015,-0.52121212121212113,3572.35242749530061701,0.37591451143319810,2.13860102858518664,false
0.08219200000000000,6016.08336202952341409,0.99618648116353015,-0.50909090909090904,3615.91716435893931703,0.36489221374684416,2.10701449810539998,false
0.08219200000000000,6016.08336202952341409,0.99618648116353015,-0.49696969696969695,3660.01317195706315033,0.35386995065121779,2.07494728893044700,false
0.08219200000000000,6016.08336202952341409,0.99618648116353015,-0.48484848484848481,3704.64692912126156443,0.34285194127999635,2.04238932673528018,false
0.08219200000000000,6016.08336202952341409,0.99618648116353015,-0.47272727272727266,3749.82499369229026343,0.33185053178460366,2.00935413421873310,false
0.08219200000000000,6016.08336202952341409,0.99618648116353015,-0.46060606060606057,3795.55400348358762130,0.32087900205892811,1.97585866085366324,false
0.08219200000000000,6016.08336202952341409,0.99618648116353015,-0.44848484848484843,3841.84067725654085734,0.30995063143937635,1.94192068831260967,false
0.08219200000000000,6016.08336202952341409,0.99618648116353015,-0.43636363636363629,3888.69181570764067146,0.29907829508801309,1.90755765841234060,false
0.08219200000000000,6016.08336202952341409,0.99618648116353015,-0.42424242424242414,3936.11430246767895369,0.28827375153075735,1.87278436846515750,false
0.08219200000000000,6016.08336202952341409,0.99618648116353015,-0.41212121212121205,3984.11510511313235838,0.27754856807725320,1.83761582130800560,false
0.08219200000000000,6016.08336202952341409,0.99618648116353015,-0.39999999999999997,4032.70127618987407914,0.26691431203714477,1.80206792415133976,false
0.08219200000000000,6016.08336202952341409,0.99618648116353015,-0.38787878787878782,4081.87995424937571443,0.25638062283511759,1.76615097308315394,false
0.08219200000000000,6016.08336202952341409,0.99618648116353015,-0.37575757575757568,4131.65836489754110517,0.24594942835602365,1.72984875986129749,false
0.08219200000000000,6016.08336202952341409,0.99618648116353015,-0.36363636363636359,4182.04382185633676272,0.23562072859975669,1.69313650367214041,false
0.08219200000000000,6016.08336202952341409,0.99618648116353015,-0.35151515151515145,4233.04372803835758532,0.22539452356621009,1.65598693350570425,false
0.08219200000000000,6016.08336202952341409,0.99618648116353015,-0.33939393939393930,4284.66557663451203553,0.21527081325528696,1.61836993410530483,false
0.08219200000000000,6016.08336202952341409,0.99618648116353015,-0.32727272727272716,4336.91695221495774604,0.20524959766694517,1.58025212516539759,false
0.08219200000000000,6016.08336202952341409,0.99618648116353015,-0.31515151515151507,4389.80553184347081697,0.19533087680116240,1.54159635779363291,false
0.08219200000000000,6016.08336202952341409,0.99618648116353015,-0.30303030303030298,4443.33908620540387346,0.18551465065791656,1.50236110753515528,false
0.08219200000000000,6016.08336202952341409,0.99618648116353015,-0.29090909090909084,4497.52548074939841172,0.17580154111102028,1.46250232355916499,false
0.08219200000000000,6016.08336202952341409,0.99618648116353015,-0.27878787878787870,4552.37267684301968984,0.16619758263988610,1.42199338838527067,false
0.08219200000000000,6016.08336202952341409,0.99618648116353015,-0.26666666666666655,4607.88873294248242019,0.15671159664000150,1.38081594527036278,false
0.08219200000000000,6016.08336202952341409,0.99618648116353015,-0.25454545454545446,4664.08180577665098099,0.14735242753921821,1.33894850074187732,false
0.08219200000000000,6016.08336202952341409,0.99618648116353015,-0.24242424242424229,4720.96015154546694248,0.13812855988473310,1.29636401669122869,false
0.08219200000000000,6016.08336202952341409,0.99618648116353015,-0.23030303030303026,4778.53212713299308234,0.12904359248397448,1.25300685891386365,false
0.08219200000000000,6016.08336202952341409,0.99618648116353015,-0.21818181818181809,4836.80619133526124642,0.12009760307204444,1.20879427842523612,false
0.08219200000000000,6016.08336202952341409,0.99618648116353015,-0.20606060606060592,4895.79090610308048781,0.11129059164982394,1.16362877284284072,false
0.08219200000000000,6016.08336202952341409,0.99618648116353015,-0.19393939393939386,4955.49493780000830156,0.10262391903196838,1.11740220391844036,false
0.08219200000000000,6016.08336202952341409,0.99618648116353015,-0.18181818181818168,5015.92705847565866861,0.09413024474994723,1.07016272460266793,false
0.08219200000000000,6016.08336202952341409,0.99618648116353015,-0.16969696969696965,5077.09614715454426914,0.08587352705204436,1.02215057257811015,false
0.08219200000000000,6016.08336202952341409,0.99618648116353015,-0.15757575757575748,5139.01119114063294546,0.07791908500031794,0.97365959458932660,false
0.08219200000000000,6016.08336202952341409,0.99618648116353015,-0.14545454545454531,5201.68128733780577022,0.07033180811610125,0.92504128747975845,false
0.08219200000000000,6016.08336202952341409,0.99618648116353015,-0.13333333333333325,5265.11564358643227024,0.06315712931677357,0.87658980767987260,false
0.08219200000000000,6016.08336202952341409,0.99618648116353015,-0.12121212121212109,5329.32358001623470045,0.05641348408969769,0.82846981002652442,false
0.08219200000000000,6016.08336202952341409,0.99618648116353015,-0.10909090909090892,5394.31453041565418971,0.05011731930776870,0.78087072695822912,false
0.08219200000000000,6016.08336202952341409,0.99618648116353015,-0.09696969696969687,5460.09804361791248084,0.04428497072634130,0.73402931846966768,false
0.08219200000000000,6016.08336202952341409,0.99618648116353015,-0.08484848484848470,5526.68378490398663416,0.03891932887838096,0.68812588865773583,false
0.08219200000000000,6016.08336202952341409,0.99618648116353015,-0.07272727272727253,5594.08153742268041242,0.03399717167485836,0.64314162698509647,false
0.08219200000000000,6016.08336202952341409,0.99618648116353015,-0.06060606060606048,5662.30120362801699230,0.02949227685315318,0.59901731598959418,false
0.08219200000000000,6016.08336202952341409,0.99618648116353015,-0.04848484848484832,5731.35280673417310027,0.02537846003512740,0.55567116208498324,false
0.08219200000000000,6016.08336202952341409,0.99618648116353015,-0.03636363636363626,5801.24649218813374318,0.02165700309241200,0.51331553159512533,false
0.08219200000000000,6016.08336202952341409,0.99618648116353015,-0.02424242424242410,5871.99252916032492067,0.01840507051496434,0.47321005990085496,false
0.08219200000000000,6016.08336202952341409,0.99618648116353015,-0.01212121212121193,5943.60131205341713212,0.01571282117021874,0.43723237274771931,false
0.08219200000000000,6016.08336202952341409,0.99618648116353015,0.00000000000000012,6016.08336202952432359,0.01367041392560947,0.40782707842962818,false
0.08219200000000000,6016.08336202952341409,0.99618648116353015,0.01212121212121229,6089.44932855603838107,0.01234226225725005,0.38750972937433198,false
0.08219200000000000,6016.08336202952341409,0.99618648116353015,0.02424242424242434,6163.70999097030107805,0.01168979807597139,0.37712795881900929,false
0.08219200000000000,6016.08336202952341409,0.99618648116353015,0.03636363636363651,6238.87626006337268336,0.01164870790128362,0.37646456433167191,false
0.08219200000000000,6016.08336202952341409,0.99618648116353015,0.04848484848484867,6314.95917968310004653,0.01215467825269693,0.38455366906377880,false
0.08219200000000000,6016.08336202952341409,0.99618648116353015,0.06060606060606073,6391.96992835674063826,0.01315022852652208,0.39999252545761932,false
0.08219200000000000,6016.08336202952341409,0.99618648116353015,0.07272727272727289,6469.91982093337901460,0.01461777972907463,0.42172168441512514,false
0.08219200000000000,6016.08336202952341409,0.99618648116353015,0.08484848484848506,6548.82031024636125949,0.01655419553629238,0.44878596450272984,false
0.08219200000000000,6016.08336202952341409,0.99618648116353015,0.09696969696969711,6628.68298879601570661,0.01895635954503674,0.48024482586596706,false
0.08219200000000000,6016.08336202952341409,0.99618648116353015,0.10909090909090928,6709.51959045288094785,0.02181371449234533,0.51516937531091733,false
0.08219200000000000,6016.08336202952341409,0.99618648116353015,0.12121212121212145,6791.34199218171943357,0.02505094007604795,0.55207393058380361,false
0.08219200000000000,6016.08336202952341409,0.99618648116353015,0.13333333333333350,6874.16221578653585311,0.02855936991846745,0.58946705371683050,false
0.08219200000000000,6016.08336202952341409,0.99618648116353015,0.14545454545454567,6957.99242967690406658,0.03223006205452589,0.62620394120424461,false
0.08219200000000000,6016.08336202952341409,0.99618648116353015,0.15757575757575770,7042.84495065580085793,0.03595850737873779,0.66143329705820875,true
0.08219200000000000,6016.08336202952341409,0.99618648116353015,0.16969696969696987,7128.73224572927392728,0.03970037728744707,0.69499638052584289,true
0.08219200000000000,6016.08336202952341409,0.99618648116353015,0.18181818181818205,7215.66693393815148738,0.04345471427525155,0.72711595624214131,true
0.08219200000000000,6016.08336202952341409,0.99618648116353015,0.19393939393939411,7303.66178821210996830,0.04722151833442108,0.75797555435313813,true
0.08219200000000000,6016.08336202952341409,0.99618648116353015,0.20606060606060628,7392.72973724634357495,0.05100078945499644,0.78772327015768828,true
0.08219200000000000,6016.08336202952341409,0.99618648116353015,0.21818181818181831,7482.88386740111673134,0.05479252757574893,0.81648064345084281,true
0.08219200000000000,6016.08336202952341409,0.99618648116353015,0.23030303030303048,7574.13742462448863080,0.05859673258418037,0.84434886864030478,true
0.08219200000000000,6016.08336202952341409,0.99618648116353015,0.24242424242424265,7666.50381639848001214,0.06241340436556340,0.87141325528411462,true
0.08219200000000000,6016.08336202952341409,0.99618648116353015,0.25454545454545469,7759.99661370897592860,0.06624251631469594,0.89774632606668159,true
0.08219200000000000,6016.08336202952341409,0.99618648116353015,0.26666666666666689,7854.62955303965372877,0.07008284190598318,0.92340256807634447,true
0.08219200000000000,6016.08336202952341409,0.99618648116353015,0.27878787878787903,7950.41653839021273598,0.07393148963843645,0.94841836335093432,true
0.08219200000000000,6016.08336202952341409,0.99618648116353015,0.29090909090909106,8047.37164331924486760,0.07778544536998031,0.97282427068609334,true
0.08219200000000000,6016.08336202952341409,0.99618648116353015,0.30303030303030315,8145.50911301198448200,0.08164170279133133,0.99664674541613330,true
0.08219200000000000,6016.08336202952341409,0.99618648116353015,0.31515151515151540,8244.84336637330306985,0.08549820336103893,1.01991439197529132,true
0.08219200000000000,6016.08336202952341409,0.99618648116353015,0.32727272727272749,8345.38899814620344841,0.08935472924377344,1.04266308400289387,true
0.08219200000000000,6016.08336202952341409,0.99618648116353015,0.33939393939393953,8447.16078105616725225,0.09321127408958968,1.06492604308628014,true
0.08219200000000000,6016.08336202952341409,0.99618648116353015,0.35151515151515184,8550.17366798165494401,0.09706783155005251,1.08673308646703548,true
0.08219200000000000,6016.08336202952341409,0.99618648116353015,0.36363636363636387,8654.44279415104210784,0.10092439637158362,1.10811110217358677,true
0.08219200000000000,6016.08336202952341409,0.99618648116353015,0.37575757575757590,8759.98347936639947875,0.10478096632543056,1.12908444801155738,true
0.08219200000000000,6016.08336202952341409,0.99618648116353015,0.38787878787878821,8866.81123025434862939,0.10863753970082146,1.14967526212902338,true
0.08219200000000000,6016.08336202952341409,0.99618648116353015,0.40000000000000024,8974.94174254437348281,0.11249411478698418,1.16990373397799252,true
0.08493199999999999,6016.86042526865276159,0.99606004113373181,-0.80000000000000004,2703.54966212386898405,0.61178764498420224,2.68388977365878745,true
0.08493199999999999,6016.86042526865276159,0.99606004113373181,-0.78787878787878796,2736.51937382467758653,0.60112226356452236,2.66039259907176273,true
0.08493199999999999,6016.86042526865276159,0.99606004113373181,-0.77575757575757587,2769.89115022763098750,0.59046491678624391,2.63670397392560085,true
0.08493199999999999,6016.86042526865276159,0.99606004113373181,-0.76363636363636367,2803.66989450040546217,0.57982363929076752,2.61283679413422387,true
0.08493199999999999,6016.86042526865276159,0.99606004113373181,-0.75151515151515158,2837.86056960466748933,0.56920646571949496,2.58880439239219573,true
0.08493199999999999,6016.86042526865276159,0.99606004113373181,-0.73939393939393949,2872.46819902526294754,0.55862053361690656,2.56461850814498638,true
0.08493199999999999,6016.86042526865276159,0.99606004113373181,-0.72727272727272740,2907.49786750829207449,0.54806774179531148,2.54027915796423898,true
0.08493199999999999,6016.86042526865276159,0.99606004113373181,-0.71515151515151520,2942.95472180819024288,0.53754809287090388,2.51578189378085559,true
0.08493199999999999,6016.86042526865276159,0.99606004113373181,-0.70303030303030312,2978.84397144391778056,0.52706158684443460,2.49112205690385835,true
0.08493199999999999,6016.86042526865276159,0.99606004113373181,-0.69090909090909092,3015.17088946437115737,0.51660822371659954,2.46629477077409831,true
0.08493199999999999,6016.86042526865276159,0.99606004113373181,-0.67878787878787894,3051.94081322312922566,0.50618800348762272,2.44129492666135706,true
0.08493199999999999,6016.86042526865276159,0.99606004113373181,-0.66666666666666674,3089.15914516264820122,0.49580092615748383,2.41611716813922905,true
0.08493199999999999,6016.86042526865276159,0.99606004113373181,-0.65454545454545454,3126.83135360801452407,0.48544699172616079,2.39075587420617763,true
0.08493199999999999,6016.86042526865276159,0.99606004113373181,-0.64242424242424245,3164.96297357038565679,0.47512620019359791,2.36520514090521861,true
0.08493199999999999,6016.86042526865276159,0.99606004113373181,-0.63030303030303048,3203.55960756022568603,0.46483855155928039,2.33945876127587571,true
0.08493199999999999,6016.86042526865276159,0.99606004113373181,-0.61818181818181828,3242.62692641045305209,0.45458404582236273,2.31351020345260938,true
0.08493199999999999,6016.86042526865276159,0.99606004113373181,-0.60606060606060608,3282.17067010963364737,0.44436268298199255,2.28735258669516694,true
0.08493199999999999,6016.86042526865276159,0.99606004113373181,-0.59393939393939399,3322.19664864533206128,0.43417361304139135,2.26097644191335956,true
0.08493199999999999,6016.86042526865276159,0.99606004113373181,-0.58181818181818190,3362.71074285774739110,0.42399643609748705,2.23432028043099162,true
0.08493199999999999,6016.86042526865276159,0.99606004113373181,-0.56969696969696981,3403.71890530375821982,0.41379120234091393,2.20726740921408737,false
0.08493199999999999,6016.86042526865276159,0.99606004113373181,-0.55757575757575761,3445.22716113150545425,0.40351711196638052,2.17969286588101818,false
0.08493199999999999,6016.86042526865276159,0.99606004113373181,-0.54545454545454553,3487.24160896564262657,0.39313372376063316,2.15146593675560061,false
0.08493199999999999,6016.86042526865276159,0.99606004113373181,-0.53333333333333333,3529.76842180337735044,0.38261683940160646,2.12249347797504617,false
0.08493199999999999,6016.86042526865276159,0.99606004113373181,-0.52121212121212135,3572.81384792144353924,0.37196479874086247,2.09273985575320332,false
0.08493199999999999,6016.86042526865276159,0.99606004113373181,-0.50909090909090915,3616.38421179413444406,0.36117760177828573,2.06217125778929633,false
0.08493199999999999,6016.86042526865276159,0.99606004113373181,-0.49696969696969701,3660.48591502252793362,0.35025542009230054,2.03075137868117706,false
0.08493199999999999,6016.86042526865276159,0.99606004113373181,-0.48484848484848486,3705.12543727504544222,0.33921918626463127,1.99850172964278272,false
0.08493199999999999,6016.86042526865276159,0.99606004113373181,-0.47272727272727277,3750.30933723948146508,0.32813015383382421,1.96556493339499760,false
0.08493199999999999,6016.86042526865276159,0.99606004113373181,-0.46060606060606063,3796.04425358664548185,0.31705420895899655,1.93210660832196379,false
0.08493199999999999,6016.86042526865276159,0.99606004113373181,-0.44848484848484854,3842.33690594574591159,0.30605721635194766,1.89830344738005308,false
0.08493199999999999,6016.86042526865276159,0.99606004113373181,-0.43636363636363640,3889.19409589168162711,0.29518949141886308,1.86429558400053375,false
0.08493199999999999,6016.86042526865276159,0.99606004113373181,-0.42424242424242431,3936.62270794436471988,0.28445839058779882,1.83009527074218781,false
0.08493199999999999,6016.86042526865276159,0.99606004113373181,-0.41212121212121217,3984.62971058023367732,0.27386391385670666,1.79569151156816753,false
0.08493199999999999,6016.86042526865276159,0.99606004113373181,-0.40000000000000002,4033.22215725609976289,0.26340606122353838,1.76107238314469083,false
0.08493199999999999,6016.86042526865276159,0.99606004113373181,-0.38787878787878793,4082.40718744547893948,0.25308118021050818,1.72621247160744873,false
0.08493199999999999,6016.86042526865276159,0.99606004113373181,-0.37575757575757579,4132.19202768756622390,0.24287100843687942,1.69103331029745685,false
0.08493199999999999,6016.86042526865276159,0.99606004113373181,-0.36363636363636370,4182.58399264899981063,0.23275363104617763,1.65543661570561729,false
0.08493199999999999,6016.86042526865276159,0.99606004113373181,-0.35151515151515156,4233.59048619856639561,0.22270713318192853,1.61931518399584284,false
0.08493199999999999,6016.86042526865276159,0.99606004113373181,-0.33939393939393947,4285.21900249502687075,0.21271408772666253,1.58256825981528726,false
0.08493199999999999,6016.86042526865276159,0.99606004113373181,-0.32727272727272733,4337.47712708819653926,0.20278327438864477,1.54518466778858987,false
0.08493199999999999,6016.86042526865276159,0.99606004113373181,-0.31515151515151524,4390.37253803345265624,0.19293295862185025,1.50718837795530836,false
0.08493199999999999,6016.86042526865276159,0.99606004113373181,-0.30303030303030304,4443.91300701984346233,0.18318141896404122,1.46860510621147133,false
0.08493199999999999,6016.86042526865276159,0.99606004113373181,-0.29090909090909089,4498.10640051194604894,0.17354600787910879,1.42945878628646539,false
0.08493199999999999,6016.86042526865276159,0.99606004113373181,-0.27878787878787881,4552.96068090564858721,0.16403601755836125,1.38974120078910368,false
0.08493199999999999,6016.86042526865276159,0.99606004113373181,-0.26666666666666666,4608.48390769803245348,0.15465659001020240,1.34942434062771310,false
0.08493199999999999,6016.86042526865276159,0.99606004113373181,-0.25454545454545457,4664.68423867151977902,0.14541283294400387,1.30847579199024833,false
0.08493199999999999,6016.86042526865276159,0.99606004113373181,-0.24242424242424251,4721.56993109245649975,0.13630964623590902,1.26685707100830380,false
0.08493199999999999,6016.86042526865276159,0.99606004113373181,-0.23030303030303031,4779.14934292432099028,0.12734910821815559,1.22450983746157327,false
0.08493199999999999,6016.86042526865276159,0.99606004113373181,-0.21818181818181814,4837.43093405571653420,0.11853126378267674,1.18135597421650984,false
0.08493199999999999,6016.86042526865276159,0.99606004113373181,-0.20606060606060608,4896.42326754334953876,0.10985611292942851,1.13730366467968080,false
0.08493199999999999,6016.86042526865276159,0.99606004113373181,-0.19393939393939391,4956.13501087016447855,0.10132507136530561,1.09225183651974111,false
0.08493199999999999,6016.86042526865276159,0.99606004113373181,-0.18181818181818185,5016.57493721881019155,0.09297211605680263,1.04626255449318939,false
0.08493199999999999,6016.86042526865276159,0.99606004113373181,-0.16969696969696965,5077.75192676065489650,0.08486378523001263,0.99959833471193493,false
0.08493199999999999,6016.86042526865276159,0.99606004113373181,-0.15757575757575762,5139.67496796049999830,0.07706803281796827,0.95258000502199036,false
0.08493199999999999,6016.86042526865276159,0.99606004113373181,-0.14545454545454542,5202.35315889722733118,0.06965223797277030,0.90559050852612399,false
0.08493199999999999,6016.86042526865276159,0.99606004113373181,-0.13333333333333336,5265.79570860052717762,0.06265774439914211,0.85891799737141450,false
0.08493199999999999,6016.86042526865276159,0.99606004113373181,-0.12121212121212119,5330.01193840395171719,0.05608976975585388,0.81265489019814963,false
0.08493199999999999,6016.86042526865276159,0.99606004113373181,-0.10909090909090913,5395.01128331444760988,0.04995087067884519,0.76689491088905992,false
0.08493199999999999,6016.86042526865276159,0.99606004113373181,-0.09696969696969696,5460.80329339861145854,0.04424355440247285,0.72175421581963584,false
0.08493199999999999,6016.86042526865276159,0.99606004113373181,-0.08484848484848490,5527.39763518582367396,0.03896435056961042,0.67732646579132505,false
0.08493199999999999,6016.86042526865276159,0.99606004113373181,-0.07272727272727271,5594.80409308852267714,0.03409817945124161,0.63362152216779355,false
0.08493199999999999,6016.86042526865276159,0.99606004113373181,-0.06060606060606066,5663.03257083977860020,0.02962862747562265,0.59063624074688192,false
0.08493199999999999,6016.86042526865276159,0.99606004113373181,-0.04848484848484848,5732.09309294840659277,0.02553931525639722,0.54836401678458613,false
0.08493199999999999,6016.86042526865276159,0.99606004113373181,-0.03636363636363642,5801.99580617182164133,0.02183864781328339,0.50708083494656486,false
0.08493199999999999,6016.86042526865276159,0.99606004113373181,-0.02424242424242424,5872.75098100686136604,0.01860350349753867,0.46801707128381248,false
0.08493199999999999,6016.86042526865276159,0.99606004113373181,-0.01212121212121206,5944.36901319878052163,0.01592248624839787,0.43298192376270678,false
0.08493199999999999,6016.86042526865276159,0.99606004113373181,0.00000000000000000,6016.86042526865276159,0.01388420000509574,0.40431956286933446,false
0.08493199999999999,6016.86042526865276159,0.99606004113373181,0.01212121212121218,6090.23586805939976330,0.01255160226207582,0.38442702334073442,false
0.08493199999999999,6016.86042526865276159,0.99606004113373181,0.02424242424242424,6164.50612230067235942,0.01188506473461678,0.37408052607357356,false
0.08493199999999999,6016.86042526865276159,0.99606004113373181,0.03636363636363642,6239.68210019281104906,0.01181931269320608,0.37304432339992399,false
0.08493199999999999,6016.86042526865276159,0.99606004113373181,0.04848484848484848,6315.77484701013509039,0.01228907140833116,0.38038541656898422,false
0.08493199999999999,6016.86042526865276159,0.99606004113373181,0.06060606060606066,6392.79554272377117741,0.01323635431195676,0.39477397663585750,false
0.08493199999999999,6016.86042526865276159,0.99606004113373181,0.07272727272727271,6470.75550364427454042,0.01464573514928066,0.41525982112089216,false
0.08493199999999999,6016.86042526865276159,0.99606004113373181,0.08484848484848490,6549.66618408429167175,0.01651719267153863,0.44099375752741660,false
0.08493199999999999,6016.86042526865276159,0.99606004113373181,0.09696969696969696,6629.53917804148659343,0.01885072687825056,0.47111656524221218,false
0.08493199999999999,6016.86042526865276159,0.99606004113373181,0.10909090909090913,6710.38622090199714876,0.02163854343945132,0.50475233453946611,false
0.08493199999999999,6016.86042526865276159,0.99606004113373181,0.12121212121212119,6792.21919116466051491,0.02480500849076772,0.54042323703117012,false
0.08493199999999999,6016.86042526865276159,0.99606004113373181,0.13333333333333336,6875.05011218627805647,0.02823955802457850,0.57662474043335121,false
0.08493199999999999,6016.86042526865276159,0.99606004113373181,0.14545454545454542,6958.89115394813961757,0.03183133935439240,0.61219782283606761,false
0.08493199999999999,6016.86042526865276159,0.99606004113373181,0.15757575757575762,7043.75463484411920945,0.03547401038421917,0.64627814367272540,false
0.08493199999999999,6016.86042526865276159,0.99606004113373181,0.16969696969696965,7129.65302349055036757,0.03912246479470705,0.67869934281741318,false
0.08493199999999999,6016.86042526865276159,0.99606004113373181,0.18181818181818185,7216.59894055819768255,0.04277572788396433,0.70968075560656607,false
0.08493199999999999,6016.86042526865276159,0.99606004113373181,0.19393939393939402,7304.60516062653914560,0.04643379923764730,0.73940338444118792,false
0.08493199999999999,6016.86042526865276159,0.99606004113373181,0.20606060606060608,7393.68461406069764053,0.05009667843831560,0.76801338735735813,false
0.08493199999999999,6016.86042526865276159,0.99606004113373181,0.21818181818181825,7483.85038891122712812,0.05376436499730591,0.79563079618365962,false
0.08493199999999999,6016.86042526865276159,0.99606004113373181,0.23030303030303031,7575.11573283709185489,0.05743685835473165,0.82235561672434065,false
0.08493199999999999,6016.86042526865276159,0.99606004113373181,0.24242424242424251,7667.49405505208051181,0.06111415794760975,0.84827221226335703,true
0.08493199999999999,6016.86042526865276159,0.99606004113373181,0.25454545454545457,7760.99892829496366176,0.06479626321045602,0.87345252555480080,true
0.08493199999999999,6016.86042526865276159,0.99606004113373181,0.26666666666666672,7855.64409082368092641,0.06848317346450079,0.89795849417766638,true
0.08493199999999999,6016.86042526865276159,0.99606004113373181,0.27878787878787881,7951.44344843383623811,0.07217488787378257,0.92184389397486421,true
0.08493199999999999,6016.86042526865276159,0.99606004113373181,0.29090909090909095,8048.41107650181947974,0.07587140559076128,0.94515576874807961,true
0.08493199999999999,6016.86042526865276159,0.99606004113373181,0.30303030303030304,8146.56122205283645599,0.07957272576581995,0.96793555275102017,true
0.08493199999999999,6016.86042526865276159,0.99606004113373181,0.31515151515151507,8245.90830585416188114,0.08327884729804483,0.99021996199904672,true
0.08493199999999999,6016.86042526865276159,0.99606004113373181,0.32727272727272738,8346.46692453392824973,0.08698976859846655,1.01204171113396346,true
0.08493199999999999,6016.86042526865276159,0.99606004113373181,0.33939393939393947,8448.25185272571980022,0.09070548802204104,1.03343009957672982,true
0.08493199999999999,6016.86042526865276159,0.99606004113373181,0.35151515151515150,8551.27804523936902115,0.09442600354586364,1.05441148809754881,true
0.08493199999999999,6016.86042526865276159,0.99606004113373181,0.36363636363636381,8655.56063925819762517,0.09815103919790187,1.07500819639129119,true
0.08493199999999999,6016.86042526865276159,0.99606004113373181,0.37575757575757585,8761.11495656303668511,0.10187956215080946,1.09523637553808983,true
0.08493199999999999,6016.86042526865276159,0.99606004113373181,0.38787878787878793,8867.95650578340791981,0.10561040997096333,1.11510994416387321,true
0.08493199999999999,6016.86042526865276159,0.99606004113373181,0.39999999999999997,8976.10098467613352113,0.10934242022474026,1.13464150438960054,true
0.08767100000000000,6018.54136574012500205,0.99593366328942712,-0.80000000000000004,2704.30495736465809387,0.61353668121131033,2.64540570781859108,true
0.08767100000000000,6018.54136574012500205,0.99593366328942712,-0.78787878787878796,2737.28387986957659450,0.60233288731766499,2.62114054285686926,true
0.08767100000000000,6018.54136574012500205,0.99593366328942712,-0.77575757575757576,2770.66497940213503171,0.59112909358352228,2.59664863500554421,true
0.08767100000000000,6018.54136574012500205,0.99593366328942712,-0.76363636363636367,2804.45316049981647666,0.57992530016838484,2.57192350694630356,true
0.08767100000000000,6018.54136574012500205,0.99593366328942712,-0.75151515151515158,2838.65338751079843860,0.56872150723175441,2.54695836694433941,true
0.08767100000000000,6018.54136574012500205,0.99593366328942712,-0.73939393939393938,2873.27068532334669726,0.55751771493351066,2.52174608705836922,true
0.08767100000000000,6018.54136574012500205,0.99593366328942712,-0.72727272727272729,2908.31014010409489856,0.54631392343571994,2.49627917937293331,true
0.08767100000000000,6018.54136574012500205,0.99593366328942712,-0.71515151515151520,2943.77690004533587853,0.53511013290124443,2.47054977001785181,true
0.08767100000000000,6018.54136574012500205,0.99593366328942712,-0.70303030303030301,2979.67617612142248618,0.52390634349294651,2.44454957072774715,true
0.08767100000000000,6018.54136574012500205,0.99593366328942712,-0.69090909090909092,3016.01324285439204687,0.51270354178249256,2.41827217395263894,true
0.08767100000000000,6018.54136574012500205,0.99593366328942712,-0.67878787878787883,3052.79343908892860782,0.50151129975151121,2.39173126783632473,true
0.08767100000000000,6018.54136574012500205,0.99593366328942712,-0.66666666666666663,3090.02216877677665252,0.49034360995441872,2.36495172412460875,true
0.08767100000000000,6018.54136574012500205,0.99593366328942712,-0.65454545454545454,3127.70490177071997095,0.47921450147929118,2.33795956481427725,true
0.08767100000000000,6018.54136574012500205,0.99593366328942712,-0.64242424242424245,3165.84717462824028189,0.46813745372720378,2.31078060732140411,true
0.08767100000000000,6018.54136574012500205,0.99593366328942712,-0.63030303030303025,3204.45459142498521032,0.45711848354850443,2.28342320928904430,false
0.08767100000000000,6018.54136574012500205,0.99593366328942712,-0.61818181818181817,3243.53282457814157169,0.44615822965592289,2.25588249354539583,false
0.08767100000000000,6018.54136574012500205,0.99593366328942712,-0.60606060606060608,3283.08761567986766750,0.43525721202979645,2.22815299342488959,false
0.08767100000000000,6018.54136574012500205,0.99593366328942712,-0.59393939393939388,3323.12477634087417755,0.42441593981753695,2.20022889092682439,false
0.08767100000000000,6018.54136574012500205,0.99593366328942712,-0.58181818181818179,3363.65018904429825852,0.41363467300925905,2.17210336339849919,false
0.08767100000000000,6018.54136574012500205,0.99593366328942712,-0.56969696969696970,3404.66980800999544954,0.40291342243778150,2.14376851178583117,false
0.08767100000000000,6018.54136574012500205,0.99593366328942712,-0.55757575757575750,3446.18966006936398117,0.39225218810299700,2.11521592396141633,false
0.08767100000000000,6018.54136574012500205,0.99593366328942712,-0.54545454545454541,3488.21584555083836676,0.38165089495042076,2.08643645572088188,false
0.08767100000000000,6018.54136574012500205,0.99593366328942712,-0.53333333333333333,3530.75453917618824562,0.37110606824026904,2.05741095423641696,false
0.08767100000000000,6018.54136574012500205,0.99593366328942712,-0.52121212121212113,3573.81199096773889323,0.36060951592617113,2.02810581991066163,false
0.08767100000000000,6018.54136574012500205,0.99593366328942712,-0.50909090909090915,3617.39452716666119159,0.35015269848778918,1.99848438223294811,false
0.08767100000000000,6018.54136574012500205,0.99593366328942712,-0.49696969696969695,3661.50855116246111720,0.33972709864311940,1.96850768652972952,false
0.08767100000000000,6018.54136574012500205,0.99593366328942712,-0.48484848484848486,3706.16054443379562144,0.32932688994862996,1.93814210428448508,false
0.08767100000000000,6018.54136574012500205,0.99593366328942712,-0.47272727272727272,3751.35706750077088145,0.31895147196939055,1.90736726686836144,false
0.08767100000000000,6018.54136574012500205,0.99593366328942712,-0.46060606060606057,3797.10476088885161516,0.30860084470550159,1.87616303526360628,false
0.08767100000000000,6018.54136574012500205,0.99593366328942712,-0.44848484848484849,3843.41034610452197740,0.29827501208804852,1.84450762908298915,false
0.08767100000000000,6018.54136574012500205,0.99593366328942712,-0.43636363636363634,3890.28062662284810358,0.28797682801212071,1.81238638805736363,false
0.08767100000000000,6018.54136574012500205,0.99593366328942712,-0.42424242424242420,3937.72248888708281811,0.27771702013542909,1.77980846586680252,false
0.08767100000000000,6018.54136574012500205,0.99593366328942712,-0.41212121212121211,3985.74290332045757168,0.26750766444348251,1.74678773824626732,false
0.08767100000000000,6018.54136574012500205,0.99593366328942712,-0.39999999999999997,4034.34892535032031446,0.25736083692178946,1.71333880001601213,false
0.08767100000000000,6018.54136574012500205,0.99593366328942712,-0.38787878787878782,4083.54769644475481982,0.24728660089560053,1.67947023901528913,false
0.08767100000000000,6018.54136574012500205,0.99593366328942712,-0.37575757575757573,4133.34644516184653185,0.23728696904913207,1.64516311653924618,false
0.08767100000000000,6018.54136574012500205,0.99593366328942712,-0.36363636363636359,4183.75248821174318437,0.22736194140634211,1.61038940407677145,false
0.08767100000000000,6018.54136574012500205,0.99593366328942712,-0.35151515151515145,4234.77323153166526026,0.21751151799118862,1.57511819944923048,false
0.08767100000000000,6018.54136574012500205,0.99593366328942712,-0.33939393939393936,4286.41617137402772642,0.20773731373388932,1.53932128835671889,false
0.08767100000000000,6018.54136574012500205,0.99593366328942712,-0.32727272727272722,4338.68889540783220582,0.19805037405223683,1.50300302047271339,false
0.08767100000000000,6018.54136574012500205,0.99593366328942712,-0.31515151515151507,4391.59908383349011274,0.18846515779562220,1.46618089477760516,false
0.08767100000000000,6018.54136574012500205,0.99593366328942712,-0.30303030303030298,4445.15451051123818615,0.17899612852161798,1.42887368726638786,false
0.08767100000000000,6018.54136574012500205,0.99593366328942712,-0.29090909090909084,4499.36304410332104453,0.16965673281889285,1.39109749800783478,false
0.08767100000000000,6018.54136574012500205,0.99593366328942712,-0.27878787878787870,4554.23264923009537597,0.16045156588010029,1.35283241189385062,false
0.08767100000000000,6018.54136574012500205,0.99593366328942712,-0.26666666666666661,4609.77138764023766271,0.15138066537058356,1.31403588265478155,false
0.08767100000000000,6018.54136574012500205,0.99593366328942712,-0.25454545454545446,4665.98741939522278699,0.14244403129017116,1.27465938495862274,false
0.08767100000000000,6018.54136574012500205,0.99593366328942712,-0.24242424242424232,4722.88900406824541278,0.13364147657855635,1.23464656533136385,false
0.08767100000000000,6018.54136574012500205,0.99593366328942712,-0.23030303030303026,4780.48450195775876637,0.12497027464704019,1.19392042512626895,false
0.08767100000000000,6018.54136574012500205,0.99593366328942712,-0.21818181818181814,4838.78237531582180964,0.11642586871056264,1.15238278902581381,false
0.08767100000000000,6018.54136574012500205,0.99593366328942712,-0.20606060606060603,4897.79118959141851519,0.10800366157907469,1.10991893270360942,false
0.08767100000000000,6018.54136574012500205,0.99593366328942712,-0.19393939393939388,4957.51961468893750862,0.09970069306252513,1.06640238698591161,false
0.08767100000000000,6018.54136574012500205,0.99593366328942712,-0.18181818181818177,5017.97642624201216677,0.09155165397081695,1.02189227755689660,false
0.08767100000000000,6018.54136574012500205,0.99593366328942712,-0.16969696969696965,5079.17050690287396719,0.08362888611380656,0.97667523569399173,false
0.08767100000000000,6018.54136574012500205,0.99593366328942712,-0.15757575757575751,5141.11084764745100983,0.07600636830134846,0.93110146669041260,false
0.08767100000000000,6018.54136574012500205,0.99593366328942712,-0.14545454545454539,5203.80654909636723460,0.06875742913893221,0.88558822785979996,false
0.08767100000000000,6018.54136574012500205,0.99593366328942712,-0.13333333333333325,5267.26682285205970402,0.06192594538248056,0.84044315140704406,false
0.08767100000000000,6018.54136574012500205,0.99593366328942712,-0.12121212121212113,5331.50099285219312151,0.05551492723949822,0.79575047647677810,false
0.08767100000000000,6018.54136574012500205,0.99593366328942712,-0.10909090909090900,5396.51849673959077336,0.04952437471209679,0.75159091236256537,false
0.08767100000000000,6018.54136574012500205,0.99593366328942712,-0.09696969696969689,5462.32888724886470300,0.04395423472267816,0.70806378351668597,false
0.08767100000000000,6018.54136574012500205,0.99593366328942712,-0.08484848484848476,5528.94183360995339171,0.03879803154877203,0.66523771905485352,false
0.08767100000000000,6018.54136574012500205,0.99593366328942712,-0.07272727272727263,5596.36712296878067718,0.03403681573613140,0.62308383122608701,false
0.08767100000000000,6018.54136574012500205,0.99593366328942712,-0.06060606060606050,5664.61466182523963653,0.02965020467834771,0.58154840336148284,false
0.08767100000000000,6018.54136574012500205,0.99593366328942712,-0.04848484848484838,5733.69447748870970827,0.02561785466542523,0.54055936856697462,false
0.08767100000000000,6018.54136574012500205,0.99593366328942712,-0.03636363636363625,5803.61671955132351286,0.02194762188670831,0.50034061109690375,false
0.08767100000000000,6018.54136574012500205,0.99593366328942712,-0.02424242424242413,5874.39166137920346955,0.01872527204654501,0.46215333128510921,false
0.08767100000000000,6018.54136574012500205,0.99593366328942712,-0.01212121212121200,5946.02970162188103131,0.01604991231890216,0.42786656642770127,false
0.08767100000000000,6018.54136574012500205,0.99593366328942712,0.00000000000000012,6018.54136574012591154,0.01402064987774663,0.39990431663679837,false
0.08767100000000000,6018.54136574012500205,0.99593366328942712,0.01212121212121225,6091.93730755240358121,0.01270591414842814,0.38069307613671133,false
0.08767100000000000,6018.54136574012500205,0.99593366328942712,0.02424242424242438,6166.22831080019204819,0.01205142356182780,0.37075856717722705,false
0.08767100000000000,6018.54136574012500205,0.99593366328942712,0.03636363636363650,6241.42529073239711579,0.01197221880020957,0.36953820292814371,false
0.08767100000000000,6018.54136574012500205,0.99593366328942712,0.04848484848484863,6317.53929570907257585,0.01238334054583741,0.37582955350872593,false
0.08767100000000000,6018.54136574012500205,0.99593366328942712,0.06060606060606075,6394.58150882470999932,0.01321227382340222,0.38820471223667025,false
0.08767100000000000,6018.54136574012500205,0.99593366328942712,0.07272727272727288,6472.56324955132640753,0.01445917426366220,0.40611007686091244,false
0.08767100000000000,6018.54136574012500205,0.99593366328942712,0.08484848484848501,6551.49597540157628828,0.01615050113661614,0.42920524567660367,false
0.08767100000000000,6018.54136574012500205,0.99593366328942712,0.09696969696969714,6631.39128361215716723,0.01831274999314451,0.45703430883004770,false
0.08767100000000000,6018.54136574012500205,0.99593366328942712,0.10909090909090925,6712.26091284774247470,0.02096365700449263,0.48899626569427834,false
0.08767100000000000,6018.54136574012500205,0.99593366328942712,0.12121212121212138,6794.11674492568818096,0.02404471929693247,0.52369915790070476,false
0.08767100000000000,6018.54136574012500205,0.99593366328942712,0.13333333333333350,6876.97080656177786295,0.02745817899911165,0.55963888904780246,true
0.08767100000000000,6018.54136574012500205,0.99593366328942712,0.14545454545454564,6960.83527113725085655,0.03110595381820975,0.59565361426338193,true
0.08767100000000000,6018.54136574012500205,0.99593366328942712,0.15757575757575776,7045.72246048739179969,0.03489297141985304,0.63087162913113759,true
0.08767100000000000,6018.54136574012500205,0.99593366328942712,0.16969696969696987,7131.64484671191348752,0.03876502266553979,0.66495467084519044,true
0.08767100000000000,6018.54136574012500205,0.99593366328942712,0.18181818181818202,7218.61505400743499195,0.04269734785021052,0.69786669039137206,true
0.08767100000000000,6018.54136574012500205,0.99593366328942712,0.19393939393939413,7306.64586052229606139,0.04666583741983021,0.72957770110407649,true
0.08767100000000000,6018.54136574012500205,0.99593366328942712,0.20606060606060628,7395.75020023399338243,0.05064688410260489,0.76006088985764142,true
0.08767100000000000,6018.54136574012500205,0.99593366328942712,0.21818181818181839,7485.94116484951246093,0.05462843311828351,0.78937140839023012,true
0.08767100000000000,6018.54136574012500205,0.99593366328942712,0.23030303030303051,7577.23200572883888526,0.05860998217815808,0.81763187620155353,true
0.08767100000000000,6018.54136574012500205,0.99593366328942712,0.24242424242424265,7669.63613583191545331,0.06259153127576154,0.84494766110577291,true
0.08767100000000000,6018.54136574012500205,0.99593366328942712,0.25454545454545474,7763.16713168935257272,0.06657308040465623,0.87140760576912346,true
0.08767100000000000,6018.54136574012500205,0.99593366328942712,0.26666666666666689,7857.83873539716933010,0.07055462955973094,0.89708744338278013,true
0.08767100000000000,6018.54136574012500205,0.99593366328942712,0.27878787878787903,7953.66485663585626753,0.07453617873771536,0.92205235589913426,true
0.08767100000000000,6018.54136574012500205,0.99593366328942712,0.29090909090909117,8050.65957471406454715,0.07851772793547469,0.94635892408155231,true
0.08767100000000000,6018.54136574012500205,0.99593366328942712,0.30303030303030326,8148.83714063721527054,0.08249927714987709,0.97005663728891534,true
0.08767100000000000,6018.54136574012500205,0.99593366328942712,0.31515151515151540,8248.21197920134000015,0.08648082637814339,0.99318907870853002,true
0.08767100000000000,6018.54136574012500205,0.99593366328942712,0.32727272727272755,8348.79869111244806845,0.09046237561817938,1.01579486744015757,true
0.08767100000000000,6018.54136574012500205,0.99593366328942712,0.33939393939393953,8450.61205513174536463,0.09444392486796951,1.03790841574817883,true
0.08767100000000000,6018.54136574012500205,0.99593366328942712,0.35151515151515178,8553.66703024701746472,0.09842547412549872,1.05956054396730726,true
0.08767100000000000,6018.54136574012500205,0.99593366328942712,0.36363636363636376,8657.97875787047451013,0.10240702338888516,1.08077898446005438,true
0.08767100000000000,6018.54136574012500205,0.99593366328942712,0.37575757575757601,8763.56256406343163690,0.10638857265661725,1.10158879815395938,true
0.08767100000000000,6018.54136574012500205,0.99593366328942712,0.38787878787878804,8870.43396178807597607,0.11037012192724632,1.12201272150502240,true
0.08767100000000000,6018.54136574012500205,0.99593366328942712,0.40000000000000030,8978.60865318674223090,0.11435167119932395,1.14207145758768158,true
0.09589000000000000,6018.97880129270561156,0.99555453371628155,-0.80000000000000004,2704.50150982836748881,0.56095525379920841,2.41867463786478165,true
0.09589000000000000,6018.97880129270561156,0.99555453371628155,-0.78787878787878796,2737.48282928502385403,0.55071119249071476,2.39648818501724703,true
0.09589000000000000,6018.97880129270561156,0.99555453371628155,-0.77575757575757587,2770.86635500007923838,0.54046713198208529,2.37409440552511697,true
0.09589000000000000,6018.97880129270561156,0.99555453371628155,-0.76363636363636378,2804.65699186748452121,0.53022307307318362,2.35148737790510109,true
0.09589000000000000,6018.97880129270561156,0.99555453371628155,-0.75151515151515158,2838.85970459623331408,0.51997901656387369,2.32866089321154224,true
0.09589000000000000,6018.97880129270561156,0.99555453371628155,-0.73939393939393949,2873.47951843980581543,0.50973496321465617,2.30560843502402602,true
0.09589000000000000,6018.97880129270561156,0.99555453371628155,-0.72727272727272740,2908.52151993450570444,0.49949091355614533,2.28232315727288348,true
0.09589000000000000,6018.97880129270561156,0.99555453371628155,-0.71515151515151520,2943.99085764680285138,0.48924686803575235,2.25879786079875444,true
0.09589000000000000,6018.97880129270561156,0.99555453371628155,-0.70303030303030301,2979.89274292979143866,0.47900282710077213,2.23502496753246671,true
0.09589000000000000,6018.97880129270561156,0.99555453371628155,-0.69090909090909103,3016.23245068886626541,0.46875970800205191,2.21099865411864593,true
0.09589000000000000,6018.97880129270561156,0.99555453371628155,-0.67878787878787883,3053.01532015674774811,0.45852640757690877,2.18673178206953223,true
0.09589000000000000,6018.97880129270561156,0.99555453371628155,-0.66666666666666674,3090.24675567794520248,0.44831593130079950,2.16224761514497210,true
0.09589000000000000,6018.97880129270561156,0.99555453371628155,-0.65454545454545465,3127.93222750279846878,0.43814131860486827,2.13757049455631032,true
0.09589000000000000,6018.97880129270561156,0.99555453371628155,-0.64242424242424245,3166.07727259119565133,0.42801507834842767,2.11272453168832675,true
0.09589000000000000,6018.97880129270561156,0.99555453371628155,-0.63030303030303036,3204.68749542609384662,0.41794251634760848,2.08771695024005144,true
0.09589000000000000,6018.97880129270561156,0.99555453371628155,-0.61818181818181817,3243.76856883695973011,0.40792374730374414,2.06254216149386016,true
0.09589000000000000,6018.97880129270561156,0.99555453371628155,-0.60606060606060619,3283.32623483325733105,0.39795877131465218,2.03719396687654575,true
0.09589000000000000,6018.97880129270561156,0.99555453371628155,-0.59393939393939399,3323.36630544809304411,0.38804758847626702,2.01166581159380797,true
0.09589000000000000,6018.97880129270561156,0.99555453371628155,-0.58181818181818179,3363.89466359215293778,0.37819019884120320,1.98595075595040815,true
0.09589000000000000,6018.97880129270561156,0.99555453371628155,-0.56969696969696981,3404.91726391804968443,0.36838660241875587,1.96004144378352430,true
0.09589000000000000,6018.97880129270561156,0.99555453371628155,-0.55757575757575761,3446.44013369522099310,0.35863679921633634,1.93393006762904385,true
0.09589000000000000,6018.97880129270561156,0.99555453371628155,-0.54545454545454553,3488.46937369548231800,0.34894078924130956,1.90760832995896479,true
0.09589000000000000,6018.97880129270561156,0.99555453371628155,-0.53333333333333333,3531.01115908938891153,0.33929857249892231,1.88106740005539841,true
0.09589000000000000,6018.97880129270561156,0.99555453371628155,-0.52121212121212124,3574.07174035352591090,0.32971014899148193,1.85429786592412871,true
0.09589000000000000,6018.97880129270561156,0.99555453371628155,-0.50909090909090915,3617.65744418886561107,0.32017551872107930,1.82728968054040108,true
0.09589000000000000,6018.97880129270561156,0.99555453371628155,-0.49696969696969701,3661.77467445031879834,0.31069468168980063,1.80003210157178062,true
0.09589000000000000,6018.97880129270561156,0.99555453371628155,-0.48484848484848486,3706.42991308762520930,0.30126763789917543,1.77251362359367182,true
0.09589000000000000,6018.97880129270561156,0.99555453371628155,-0.47272727272727277,3751.62972109771862961,0.29189438734965112,1.74472190162869523,true
0.09589000000000000,6018.97880129270561156,0.99555453371628155,-0.46060606060606069,3797.38073948870669483,0.28257493004155088,1.71664366462155904,true
0.09589000000000000,6018.97880129270561156,0.99555453371628155,-0.44848484848484849,3843.68969025560045338,0.27330926597519711,1.68826461717823983,true
0.09589000000000000,6018.97880129270561156,0.99555453371628155,-0.43636363636363640,3890.56337736795194360,0.26409739515047798,1.65956932757075282,true
0.09589000000000000,6018.97880129270561156,0.99555453371628155,-0.42424242424242425,3938.00868776952984263,0.25493931756608024,1.63054109959381188,true
0.09589000000000000,6018.97880129270561156,0.99555453371628155,-0.41212121212121217,3986.03259239018461813,0.24583503322048539,1.60116182534840079,true
0.09589000000000000,6018.97880129270561156,0.99555453371628155,-0.40000000000000002,4034.64214717006370847,0.23678454211217459,1.57141181536320329,false
0.09589000000000000,6018.97880129270561156,0.99555453371628155,-0.38787878787878788,4083.84449409630042283,0.22778722715851799,1.54126751398869777,false
0.09589000000000000,6018.97880129270561156,0.99555453371628155,-0.37575757575757579,4133.64686225236255268,0.21884000295244024,1.51069466904087490,false
0.09589000000000000,6018.97880129270561156,0.99555453371628155,-0.36363636363636365,4184.05656888018529571,0.20993916700575455,1.47965366954903810,false
0.09589000000000000,6018.97880129270561156,0.99555453371628155,-0.35151515151515150,4235.08102045526266011,0.20108101683027427,1.44810107867964422,false
0.09589000000000000,6018.97880129270561156,0.99555453371628155,-0.33939393939393941,4286.72771377484696131,0.19226337816187924,1.41599469112433685,false
0.09589000000000000,6018.97880129270561156,0.99555453371628155,-0.32727272727272727,4339.00423705942193919,0.18349300103034244,1.38332139032718060,false
0.09589000000000000,6018.97880129270561156,0.99555453371628155,-0.31515151515151518,4391.91827106760592869,0.17477986567665635,1.35007856256905412,false
0.09589000000000000,6018.97880129270561156,0.99555453371628155,-0.30303030303030304,4445.47759022465106682,0.16613395679727705,1.31626261071799333,false
0.09589000000000000,6018.97880129270561156,0.99555453371628155,-0.29090909090909089,4499.69006376470588293,0.15756531342292313,1.28186901356230765,false
0.09589000000000000,6018.97880129270561156,0.99555453371628155,-0.27878787878787881,4554.56365688700589089,0.14908444749363403,1.24689393003858462,false
0.09589000000000000,6018.97880129270561156,0.99555453371628155,-0.26666666666666666,4610.10643192616680608,0.14070211444743971,1.21133328989844169,false
0.09589000000000000,6018.97880129270561156,0.99555453371628155,-0.25454545454545457,4666.32654953674773424,0.13242907173475055,1.17518166791323719,false
0.09589000000000000,6018.97880129270561156,0.99555453371628155,-0.24242424242424240,4723.23226989225895522,0.12427563908421775,1.13843003008754495,false
0.09589000000000000,6018.97880129270561156,0.99555453371628155,-0.23030303030303029,4780.83195389879165305,0.11624619371389731,1.10103902290533884,false
0.09589000000000000,6018.97880129270561156,0.99555453371628155,-0.21818181818181814,4839.13406442345421965,0.10834083017215776,1.06294163916633888,false
0.09589000000000000,6018.97880129270561156,0.99555453371628155,-0.20606060606060611,4898.14716753777520353,0.10055954845946805,1.02405904534350944,false
0.09589000000000000,6018.97880129270561156,0.99555453371628155,-0.19393939393939394,4957.87993377628754388,0.09290367443857407,0.98430521541982097,false
0.09589000000000000,6018.97880129270561156,0.99555453371628155,-0.18181818181818177,5018.34113941044597595,0.08540502880460180,0.94374586639955604,false
0.09589000000000000,6018.97880129270561156,0.99555453371628155,-0.16969696969696962,5079.53966773808679136,0.07812592708505599,0.90263242950575018,false
0.09589000000000000,6018.97880129270561156,0.99555453371628155,-0.15757575757575759,5141.48451038861276174,0.07113001066971908,0.86127090748139457,false
0.09589000000000000,6018.97880129270561156,0.99555453371628155,-0.14545454545454542,5204.18476864409421978,0.06448029576011401,0.82002454350864062,false
0.09589000000000000,6018.97880129270561156,0.99555453371628155,-0.13333333333333328,5267.64965477647911030,0.05821147984513657,0.77914387454163758,false
0.09589000000000000,6018.97880129270561156,0.99555453371628155,-0.12121212121212123,5331.88849340110755293,0.05231896617383849,0.73865716957217464,false
0.09589000000000000,6018.97880129270561156,0.99555453371628155,-0.10909090909090907,5396.91072284674555704,0.04679526360518278,0.69857701114209492,false
0.09589000000000000,6018.97880129270561156,0.99555453371628155,-0.09696969696969691,5462.72589654230796441,0.04163287373372602,0.65891824853421110,false
0.09589000000000000,6018.97880129270561156,0.99555453371628155,-0.08484848484848487,5529.34368442050617887,0.03682341916083926,0.61969129633348763,false
0.09589000000000000,6018.97880129270561156,0.99555453371628155,-0.07272727272727271,5596.77387433860712918,0.03235681535236737,0.58089311087410977,false
0.09589000000000000,6018.97880129270561156,0.99555453371628155,-0.06060606060606055,5665.02637351652356301,0.02822278163518007,0.54251687124586434,false
0.09589000000000000,6018.97880129270561156,0.99555453371628155,-0.04848484848484839,5734.11120999242939433,0.02441107173360282,0.50455296674579642,false
0.09589000000000000,6018.97880129270561156,0.99555453371628155,-0.03636363636363635,5804.03853409614475822,0.02093637752743582,0.46726592453581073,false
0.09589000000000000,6018.97880129270561156,0.99555453371628155,-0.02424242424242419,5874.81861994047449116,0.01788228900050028,0.43184201669167693,false
0.09589000000000000,6018.97880129270561156,0.99555453371628155,-0.01212121212121203,5946.46186693073741480,0.01534419446396625,0.40002339153585748,false
0.09589000000000000,6018.97880129270561156,0.99555453371628155,0.00000000000000000,6018.97880129270561156,0.01341748222900372,0.37406653351861208,false
0.09589000000000000,6018.97880129270561156,0.99555453371628155,0.01212121212121216,6092.38007761918015603,0.01216628672050321,0.35619872802426894,false
0.09589000000000000,6018.97880129270561156,0.99555453371628155,0.02424242424242432,6166.67648043541703373,0.01152972681823740,0.34675509367031854,false
0.09589000000000000,6018.97880129270561156,0.99555453371628155,0.03636363636363649,6241.87892578365426743,0.01141566751569950,0.34503567106159833,false
0.09589000000000000,6018.97880129270561156,0.99555453371628155,0.04848484848484852,6317.99846282695489208,0.01173197380638270,0.34978314880456862,false
0.09589000000000000,6018.97880129270561156,0.99555453371628155,0.06060606060606068,6395.04627547261588916,0.01240174173469783,0.35962898076113620,false
0.09589000000000000,6018.97880129270561156,0.99555453371628155,0.07272727272727283,6473.03368401536408783,0.01343701135376680,0.37433866116659154,true
0.09589000000000000,6018.97880129270561156,0.99555453371628155,0.08484848484848487,6551.97214680060187675,0.01488201662900087,0.39395283798267383,true
0.09589000000000000,6018.97880129270561156,0.99555453371628155,0.09696969696969704,6631.87326190793373826,0.01678103593120763,0.41833357726436671,true
0.09589000000000000,6018.97880129270561156,0.99555453371628155,0.10909090909090920,6712.74876885521098302,0.01916784621484660,0.44709519128754160,true
0.09589000000000000,6018.97880129270561156,0.99555453371628155,0.12121212121212123,6794.61055032337571902,0.02198482321801439,0.47882280842164010,true
0.09589000000000000,6018.97880129270561156,0.99555453371628155,0.13333333333333339,6877.47063390232960955,0.02512728077591468,0.51190112855689152,true
0.09589000000000000,6018.97880129270561156,0.99555453371628155,0.14545454545454556,6961.34119385809117375,0.02849014378240478,0.54508051954324432,true
0.09589000000000000,6018.97880129270561156,0.99555453371628155,0.15757575757575770,7046.23455292151083995,0.03197186954140319,0.57742735834946102,true
0.09589000000000000,6018.97880129270561156,0.99555453371628155,0.16969696969696973,7132.16318409878931561,0.03551887135581851,0.60861537482985395,true
0.09589000000000000,6018.97880129270561156,0.99555453371628155,0.18181818181818191,7219.13971250409122149,0.03911212362859780,0.63865900374449003,true
0.09589000000000000,6018.97880129270561156,0.99555453371628155,0.19393939393939408,7307.17691721448773023,0.04273336376326115,0.66757010591862753,true
0.09589000000000000,6018.97880129270561156,0.99555453371628155,0.20606060606060611,7396.28773314753198065,0.04636470963196580,0.69535585018712898,true
0.09589000000000000,6018.97880129270561156,0.99555453371628155,0.21818181818181825,7486.48525296173647803,0.04999702988552153,0.72208021157506452,true
0.09589000000000000,6018.97880129270561156,0.99555453371628155,0.23030303030303043,7577.78272898020986759,0.05362994395339062,0.74785432951119379,true
0.09589000000000000,6018.97880129270561156,0.99555453371628155,0.24242424242424246,7670.19357513776776614,0.05726345173367241,0.77277328886797303,true
0.09589000000000000,6018.97880129270561156,0.99555453371628155,0.25454545454545463,7763.73136895178140549,0.06089755312469922,0.79691731336795302,true
0.09589000000000000,6018.97880129270561156,0.99555453371628155,0.26666666666666677,7858.40985351706240181,0.06453224803535142,0.82035482706674134,true
0.09589000000000000,6018.97880129270561156,0.99555453371628155,0.27878787878787892,7954.24293952507650829,0.06816753638914590,0.84314474974854203,true
0.09589000000000000,6018.97880129270561156,0.99555453371628155,0.29090909090909095,8051.24470730777557037,0.07180341811067759,0.86533824818374405,true
0.09589000000000000,6018.97880129270561156,0.99555453371628155,0.30303030303030315,8149.42940890636600670,0.07543989312448304,0.88698009319728366,true
0.09589000000000000,6018.97880129270561156,0.99555453371628155,0.31515151515151529,8248.81147016529030225,0.07907696134801538,0.90810972577290172,true
0.09589000000000000,6018.97880129270561156,0.99555453371628155,0.32727272727272733,8349.40549285175438854,0.08271462268497111,0.92876210501431289,true
0.09589000000000000,6018.97880129270561156,0.99555453371628155,0.33939393939393947,8451.22625680111013935,0.08635287703746633,0.94896839025824042,true
0.09589000000000000,6018.97880129270561156,0.99555453371628155,0.35151515151515167,8554.28872208837492508,0.08999172426086606,0.96875649496201488,true
0.09589000000000000,6018.97880129270561156,0.99555453371628155,0.36363636363636381,8658.60803122626384720,0.09363113031608516,0.98815136249229640,true
0.09589000000000000,6018.97880129270561156,0.99555453371628155,0.37575757575757596,8764.19951139000295370,0.09727096752185474,1.00717504941457792,true
0.09589000000000000,6018.97880129270561156,0.99555453371628155,0.38787878787878788,8871.07867666928905237,0.10091109216132454,1.02584747534263254,true
0.09589000000000000,6018.97880129270561156,0.99555453371628155,0.40000000000000002,8979.26123034770716913,0.10455136051764458,1.04418676678950018,true
0.09863000000000000,6019.81559344739252992,0.99542817389581717,-0.80000000000000004,2704.87750478041425595,0.54784580280058393,2.35681043732829387,true
0.09863000000000000,6019.81559344739252992,0.99542817389581717,-0.78787878787878796,2737.86340948488168578,0.53748788748102616,2.33442445564123480,true
0.09863000000000000,6019.81559344739252992,0.99542817389581717,-0.77575757575757587,2771.25157636471567457,0.52714047387345231,2.31184474317178079,true
0.09863000000000000,6019.81559344739252992,0.99542817389581717,-0.76363636363636367,2805.04691099577257773,0.51681406368984595,2.28908882432372618,true
0.09863000000000000,6019.81559344739252992,0.99542817389581717,-0.75151515151515158,2839.25437877726790248,0.50651915864219066,2.26617488342648610,true
0.09863000000000000,6019.81559344739252992,0.99542817389581717,-0.73939393939393949,2873.87900566132066160,0.49626557916588832,2.24312027204527586,true
0.09863000000000000,6019.81559344739252992,0.99542817389581717,-0.72727272727272729,2908.92587889139349500,0.48605916727944010,2.21993394835629942,true
0.09863000000000000,6019.81559344739252992,0.99542817389581717,-0.71515151515151520,2944.40014774973860767,0.47590432498524787,2.19662190063771057,true
0.09863000000000000,6019.81559344739252992,0.99542817389581717,-0.70303030303030312,2980.30702431396139218,0.46580545229948367,2.17319034695233881,true
0.09863000000000000,6019.81559344739252992,0.99542817389581717,-0.69090909090909092,3016.65178422280496306,0.45576663986912042,2.14964502625766807,true
0.09863000000000000,6019.81559344739252992,0.99542817389581717,-0.67878787878787894,3053.43976745127747563,0.44578928568328197,2.12598549217058919,true
0.09863000000000000,6019.81559344739252992,0.99542817389581717,-0.66666666666666674,3090.67637909523364215,0.43587340129875313,2.10220791628145554,true
0.09863000000000000,6019.81559344739252992,0.99542817389581717,-0.65454545454545454,3128.36709016551594686,0.42601898681420070,2.07830824734554120,true
0.09863000000000000,6019.81559344739252992,0.99542817389581717,-0.64242424242424256,3166.51743839179107454,0.41622604232447624,2.05428222428315355,true
0.09863000000000000,6019.81559344739252992,0.99542817389581717,-0.63030303030303036,3205.13302903618387063,0.40649456787264110,2.03012536109885433,true
0.09863000000000000,6019.81559344739252992,0.99542817389581717,-0.61818181818181839,3244.21953571682934125,0.39682456346443246,2.00583293056916823,true
0.09863000000000000,6019.81559344739252992,0.99542817389581717,-0.60606060606060619,3283.78270124147866227,0.38721602910476316,1.98139994645008199,true
0.09863000000000000,6019.81559344739252992,0.99542817389581717,-0.59393939393939399,3323.82833845125878725,0.37766896479846829,1.95682114388000317,true
0.09863000000000000,6019.81559344739252992,0.99542817389581717,-0.58181818181818190,3364.36233107472935444,0.36818337054858769,1.93209095785288754,true
0.09863000000000000,6019.81559344739252992,0.99542817389581717,-0.56969696969696981,3405.39063459235649134,0.35875924635636608,1.90720349953751400,true
0.09863000000000000,6019.81559344739252992,0.99542817389581717,-0.55757575757575761,3446.91927711151856784,0.34939659222297015,1.88215253017427608,true
0.09863000000000000,6019.81559344739252992,0.99542817389581717,-0.54545454545454553,3488.95436025219623843,0.34009540814955891,1.85693143223127799,true
0.09863000000000000,6019.81559344739252992,0.99542817389581717,-0.53333333333333344,3531.50206004345091060,0.33085569413693805,1.83153317746568245,true
0.09863000000000000,6019.81559344739252992,0.99542817389581717,-0.52121212121212124,3574.56862783084534385,0.32167745018542282,1.80595029147862340,true
0.09863000000000000,6019.81559344739252992,0.99542817389581717,-0.50909090909090915,3618.16039119492461396,0.31256067629529261,1.78017481428479285,true
0.09863000000000000,6019.81559344739252992,0.99542817389581717,-0.49696969696969706,3662.28375488089750434,0.30350537246682513,1.75419825633446269,true
0.09863000000000000,6019.81559344739252992,0.99542817389581717,-0.48484848484848497,3706.94520173966338916,0.29451153870010860,1.72801154933395584,true
0.09863000000000000,6019.81559344739252992,0.99542817389581717,-0.47272727272727277,3752.15129368030193291,0.28557917499486313,1.70160499109666019,true
0.09863000000000000,6019.81559344739252992,0.99542817389581717,-0.46060606060606069,3797.90867263418977018,0.27670828135076664,1.67496818351996879,true
0.09863000000000000,6019.81559344739252992,0.99542817389581717,-0.44848484848484860,3844.22406153086785707,0.26789885193069951,1.64808994465924274,true
0.09863000000000000,6019.81559344739252992,0.99542817389581717,-0.43636363636363645,3891.10426528581501771,0.25914664921945535,1.62094501190438778,true
0.09863000000000000,6019.81559344739252992,0.99542817389581717,-0.42424242424242431,3938.55617180025956259,0.25043574459671342,1.59346908186532632,true
0.09863000000000000,6019.81559344739252992,0.99542817389581717,-0.41212121212121222,3986.58675297319268793,0.24174820742065839,1.56558666907276889,true
0.09863000000000000,6019.81559344739252992,0.99542817389581717,-0.40000000000000008,4035.20306572571507786,0.23306610704947445,1.53721652513010265,false
0.09863000000000000,6019.81559344739252992,0.99542817389581717,-0.38787878787878793,4084.41225303788178280,0.22437450128137648,1.50828090805087034,false
0.09863000000000000,6019.81559344739252992,0.99542817389581717,-0.37575757575757585,4134.22154499818498152,0.21567040167470047,1.47873637820653303,false
0.09863000000000000,6019.81559344739252992,0.99542817389581717,-0.36363636363636376,4184.63825986584743077,0.20695380822781256,1.44854567792608857,false
0.09863000000000000,6019.81559344739252992,0.99542817389581717,-0.35151515151515161,4235.66980514605074859,0.19822472093907911,1.41766752519591988,false
0.09863000000000000,6019.81559344739252992,0.99542817389581717,-0.33939393939393947,4287.32367867829452734,0.18948650080973942,1.38606826886959067,false
0.09863000000000000,6019.81559344739252992,0.99542817389581717,-0.32727272727272738,4339.60746973801906279,0.18076213592195203,1.35378349705146661,false
0.09863000000000000,6019.81559344739252992,0.99542817389581717,-0.31515151515151524,4392.52886015166586731,0.17208171851846740,1.32087843766555757,false
0.09863000000000000,6019.81559344739252992,0.99542817389581717,-0.30303030303030309,4446.09562542532967200,0.16347535064087820,1.28742406309995250,false
0.09863000000000000,6019.81559344739252992,0.99542817389581717,-0.29090909090909101,4500.31563588718472602,0.15497153944872027,1.25349168393346777,false
0.09863000000000000,6019.81559344739252992,0.99542817389581717,-0.27878787878787886,4555.19685784383273131,0.14658491072066340,1.21910220521715029,false
0.09863000000000000,6019.81559344739252992,0.99542817389581717,-0.26666666666666677,4610.74735475076249713,0.13832294280097399,1.18424781852472227,false
0.09863000000000000,6019.81559344739252992,0.99542817389581717,-0.25454545454545463,4666.97528839707047155,0.13019305496421268,1.14891894916089643,false
0.09863000000000000,6019.81559344739252992,0.99542817389581717,-0.24242424242424251,4723.88892010464314808,0.12220236459614461,1.11310283326844539,false
0.09863000000000000,6019.81559344739252992,0.99542817389581717,-0.23030303030303040,4781.49661194195323333,0.11435389064024704,1.07676506329066046,false
0.09863000000000000,6019.81559344739252992,0.99542817389581717,-0.21818181818181823,4839.80682795266238827,0.10664769836002172,1.03985127096166474,false
0.09863000000000000,6019.81559344739252992,0.99542817389581717,-0.20606060606060619,4898.82813539920243784,0.09908378781099085,1.00229781531485052,false
0.09863000000000000,6019.81559344739252992,0.99542817389581717,-0.19393939393939402,4958.56920602153422806,0.09166314418655658,0.96403512638111377,false
0.09863000000000000,6019.81559344739252992,0.99542817389581717,-0.18181818181818188,5019.03881731123783538,0.08440941085136931,0.92510476511358675,false
0.09863000000000000,6019.81559344739252992,0.99542817389581717,-0.16969696969696982,5080.24585380115513544,0.07736888934132714,0.88568372570711196,false
0.09863000000000000,6019.81559344739252992,0.99542817389581717,-0.15757575757575765,5142.19930837075753516,0.07058886633020832,0.84598680044879748,false
0.09863000000000000,6019.81559344739252992,0.99542817389581717,-0.14545454545454550,5204.90828356742440519,0.06411621288626090,0.80626798355289575,false
0.09863000000000000,6019.81559344739252992,0.99542817389581717,-0.13333333333333344,5268.38199294384412497,0.05797897468648654,0.76670933128981522,false
0.09863000000000000,6019.81559344739252992,0.99542817389581717,-0.12121212121212128,5332.62976241172145819,0.05217907583066227,0.72735038801653751,false
0.09863000000000000,6019.81559344739252992,0.99542817389581717,-0.10909090909090911,5397.66103161198861926,0.04671651631888765,0.68822541807627124,false
0.09863000000000000,6019.81559344739252992,0.99542817389581717,-0.09696969696969708,5463.48535530173194275,0.04159129615126878,0.64937671355177418,false
0.09863000000000000,6019.81559344739252992,0.99542817389581717,-0.08484848484848491,5530.11240475803151639,0.03680341532869555,0.61085698572412561,false
0.09863000000000000,6019.81559344739252992,0.99542817389581717,-0.07272727272727288,5597.55196919891750440,0.03235287385358092,0.57273261547139753,false
0.09863000000000000,6019.81559344739252992,0.99542817389581717,-0.06060606060606071,5665.81395722165780171,0.02823967172851257,0.53508811571531711,false
0.09863000000000000,6019.81559344739252992,0.99542817389581717,-0.04848484848484854,5734.90839825858347467,0.02446383415732733,0.49803257003172313,false
0.09863000000000000,6019.81559344739252992,0.99542817389581717,-0.03636363636363650,5804.84544405066753825,0.02104365724938192,0.46190864789492836,false
0.09863000000000000,6019.81559344739252992,0.99542817389581717,-0.02424242424242434,5875.63537013908171502,0.01804791521576569,0.42776870058016475,false
0.09863000000000000,6019.81559344739252992,0.99542817389581717,-0.01212121212121217,5947.28857737492671731,0.01555402629597268,0.39711555423901629,false
0.09863000000000000,6019.81559344739252992,0.99542817389581717,-0.00000000000000013,6019.81559344739162043,0.01363940872949693,0.37187180813563747,false
0.09863000000000000,6019.81559344739252992,0.99542817389581717,0.01212121212121204,6093.22707443053786847,0.01235853536087028,0.35398021255970080,false
0.09863000000000000,6019.81559344739252992,0.99542817389581717,0.02424242424242420,6167.53380634894347168,0.01167409745477616,0.34403857540173399,false
0.09863000000000000,6019.81559344739252992,0.99542817389581717,0.03636363636363624,6242.74670676245932555,0.01152584088093583,0.34184701599914447,false
0.09863000000000000,6019.81559344739252992,0.99542817389581717,0.04848484848484841,6318.87682637026591692,0.01185351150907059,0.34667218384595766,false
0.09863000000000000,6019.81559344739252992,0.99542817389581717,0.06060606060606045,6395.93535063450508460,0.01260491251472835,0.35749123757230034,false
0.09863000000000000,6019.81559344739252992,0.99542817389581717,0.07272727272727261,6473.93360142371875554,0.01377489892060231,0.37371428068401030,false
0.09863000000000000,6019.81559344739252992,0.99542817389581717,0.08484848484848478,6552.88303867631293542,0.01537535649785305,0.39482812421562863,false
0.09863000000000000,6019.81559344739252992,0.99542817389581717,0.09696969696969682,6632.79526208431616396,0.01741819450832870,0.42023967452478761,false
0.09863000000000000,6019.81559344739252992,0.99542817389581717,0.10909090909090899,6713.68201279767981760,0.01990686747841790,0.44925916553169404,true
0.09863000000000000,6019.81559344739252992,0.99542817389581717,0.12121212121212116,6795.55517514934126666,0.02277124242217574,0.48049497129594904,true
0.09863000000000000,6019.81559344739252992,0.99542817389581717,0.13333333333333319,6878.42677840134274447,0.02590329661326440,0.51247537597733683,true
0.09863000000000000,6019.81559344739252992,0.99542817389581717,0.14545454545454536,6962.30899851223966834,0.02919469418699583,0.54406081610530299,true
0.09863000000000000,6019.81559344739252992,0.99542817389581717,0.15757575757575754,7047.21415992605670908,0.03254150747624260,0.57439984925301457,true
0.09863000000000000,6019.81559344739252992,0.99542817389581717,0.16969696969696957,7133.15473738306263840,0.03589965450396222,0.60331013061051353,true
0.09863000000000000,6019.81559344739252992,0.99542817389581717,0.18181818181818174,7220.14335775263589312,0.03926818309804686,0.63098042621520578,true
0.09863000000000000,6019.81559344739252992,0.99542817389581717,0.19393939393939391,7308.19280188846551027,0.04264709325706167,0.65756728972454337,true
0.09863000000000000,6019.81559344739252992,0.99542817389581717,0.20606060606060594,7397.31600650638938532,0.04603638497956401,0.68319721927824373,true
0.09863000000000000,6019.81559344739252992,0.99542817389581717,0.21818181818181812,7487.52606608513724495,0.04943605826393154,0.70797415065227010,true
0.09863000000000000,6019.81559344739252992,0.99542817389581717,0.23030303030303015,7578.83623479022571701,0.05284611310836201,0.73198470829945916,true
0.09863000000000000,6019.81559344739252992,0.99542817389581717,0.24242424242424232,7671.25992842135383398,0.05626654951104554,0.75530198330766862,true
0.09863000000000000,6019.81559344739252992,0.99542817389581717,0.25454545454545446,7764.81072638351542992,0.05969736747016194,0.77798831378505240,true
0.09863000000000000,6019.81559344739252992,0.99542817389581717,0.26666666666666650,7859.50237368216403411,0.06313856698343188,0.80009737179543861,true
0.09863000000000000,6019.81559344739252992,0.99542817389581717,0.27878787878787870,7955.34878294270583865,0.06659014804793904,0.82167575713447139,true
0.09863000000000000,6019.81559344739252992,0.99542817389581717,0.29090909090909084,8052.36403645462087297,0.07005211066072012,0.84276423327148864,true
0.09863000000000000,6019.81559344739252992,0.99542817389581717,0.30303030303030287,8150.56238824051433767,0.07352445481880274,0.86339869896899424,true
0.09863000000000000,6019.81559344739252992,0.99542817389581717,0.31515151515151507,8249.95826615038822638,0.07700718051813270,0.88361096152119833,true
0.09863000000000000,6019.81559344739252992,0.99542817389581717,0.32727272727272722,8350.56627398147247732,0.08050028775255405,0.90342935896309018,true
0.09863000000000000,6019.81559344739252992,0.99542817389581717,0.33939393939393925,8452.40119362388759328,0.08400377651566941,0.92287926581141666,true
0.09863000000000000,6019.81559344739252992,0.99542817389581717,0.35151515151515145,8555.47798723249252362,0.08751764598183519,0.94198350348282356,true
0.09863000000000000,6019.81559344739252992,0.99542817389581717,0.36363636363636359,8659.81179942519338510,0.09104130137177151,0.96075955417290437,true
0.09863000000000000,6019.81559344739252992,0.99542817389581717,0.37575757575757562,8765.41795950808773341,0.09457250695567071,0.97921472196820092,true
0.09863000000000000,6019.81559344739252992,0.99542817389581717,0.38787878787878766,8872.31198372772996663,0.09810874600221187,0.99735402756159630,true
0.09863000000000000,6019.81559344739252992,0.99542817389581717,0.39999999999999997,8980.50957755086164980,0.10164750178007403,1.01518183482668811,true
0.10410999999999999,6022.37134089513983781,0.99518020962010389,-0.80000000000000004,2706.02587613365585639,0.54771439142938083,2.29366957041669517,true
0.10410999999999999,6022.37134089513983781,0.99518020962010389,-0.78787878787878796,2739.02578519431199311,0.53703863215408587,2.27120607294478027,true
0.10410999999999999,6022.37134089513983781,0.99518020962010389,-0.77575757575757576,2772.42812721306245294,0.52636887787489361,2.24853099437102255,true
0.10410999999999999,6022.37134089513983781,0.99518020962010389,-0.76363636363636367,2806.23780984845416242,0.51571113358790788,2.22565082575711637,true
0.10410999999999999,6022.37134089513983781,0.99518020962010389,-0.75151515151515147,2840.45980060779129417,0.50507140428923025,2.20257226936143180,true
0.10410999999999999,6022.37134089513983781,0.99518020962010389,-0.73939393939393949,2875.09912757699021313,0.49445565114109796,2.17930215932831128,true
0.10410999999999999,6022.37134089513983781,0.99518020962010389,-0.72727272727272729,2910.16088015933200950,0.48386957933128727,2.15584700233717674,true
0.10410999999999999,6022.37134089513983781,0.99518020962010389,-0.71515151515151520,2945.65020982322630516,0.47331880139581572,2.13221333335387664,true
0.10410999999999999,6022.37134089513983781,0.99518020962010389,-0.70303030303030312,2981.57233085909638248,0.46280892974290400,2.10840793359248480,true
0.10410999999999999,6022.37134089513983781,0.99518020962010389,-0.69090909090909092,3017.93252114548795362,0.45234586367193702,2.08443851146935977,true
0.10410999999999999,6022.37134089513983781,0.99518020962010389,-0.67878787878787883,3054.73612292452708061,0.44193799949799178,2.06031891424900016,true
0.10410999999999999,6022.37134089513983781,0.99518020962010389,-0.66666666666666663,3091.98854358683092869,0.43159501923358490,2.03606664264544301,true
0.10410999999999999,6022.37134089513983781,0.99518020962010389,-0.65454545454545454,3129.69525646599367974,0.42132661551683237,2.01170003795616292,true
0.10410999999999999,6022.37134089513983781,0.99518020962010389,-0.64242424242424256,3167.86180164275583593,0.41114208659182438,1.98723736589241984,true
0.10410999999999999,6022.37134089513983781,0.99518020962010389,-0.63030303030303036,3206.49378675898969959,0.40104537640936166,1.96268468503932714,false
0.10410999999999999,6022.37134089513983781,0.99518020962010389,-0.61818181818181828,3245.59688784159698116,0.39103657016909976,1.93803878561326748,false
0.10410999999999999,6022.37134089513983781,0.99518020962010389,-0.60606060606060608,3285.17685013646996595,0.38111566788158469,1.91329606529167773,false
0.10410999999999999,6022.37134089513983781,0.99518020962010389,-0.59393939393939399,3325.23948895261173675,0.37128266955715056,1.88845271842982254,false
0.10410999999999999,6022.37134089513983781,0.99518020962010389,-0.58181818181818179,3365.79069051655460498,0.36153757520125135,1.86350472053248306,false
0.10410999999999999,6022.37134089513983781,0.99518020962010389,-0.56969696969696970,3406.83641283719407511,0.35188038481446182,1.83844781121785461,false
0.10410999999999999,6022.37134089513983781,0.99518020962010389,-0.55757575757575761,3448.38268658118022358,0.34231109839714441,1.81327747549101970,false
0.10410999999999999,6022.37134089513983781,0.99518020962010389,-0.54545454545454541,3490.43561595897017469,0.33282971594965138,1.78798892309329638,false
0.10410999999999999,6022.37134089513983781,0.99518020962010389,-0.53333333333333333,3533.00137962169492312,0.32343623747188210,1.76257706569513606,false
0.10410999999999999,6022.37134089513983781,0.99518020962010389,-0.52121212121212113,3576.08623156896101136,0.31413066296310593,1.73703649165655638,false
0.10410999999999999,6022.37134089513983781,0.99518020962010389,-0.50909090909090915,3619.69650206772303136,0.30491299242254655,1.71136143803493290,false
0.10410999999999999,6022.37134089513983781,0.99518020962010389,-0.49696969696969695,3663.83859858236519358,0.29578322577773669,1.68554575925954619,false
0.10410999999999999,6022.37134089513983781,0.99518020962010389,-0.48484848484848481,3708.51900671611520011,0.28674135428166891,1.65958286753752660,false
0.10410999999999999,6022.37134089513983781,0.99518020962010389,-0.47272727272727272,3753.74429116395003803,0.27778735234008711,1.63346566806686133,false
0.10410999999999999,6022.37134089513983781,0.99518020962010389,-0.46060606060606057,3799.52109667711692964,0.26892119242309392,1.60718655597727356,false
0.10410999999999999,6022.37134089513983781,0.99518020962010389,-0.44848484848484849,3845.85614903941586817,0.26014284268043913,1.58073735932892068,false
0.10410999999999999,6022.37134089513983781,0.99518020962010389,-0.43636363636363634,3892.75625605539062235,0.25144913900597482,1.55409961623864734,false
0.10410999999999999,6022.37134089513983781,0.99518020962010389,-0.42424242424242425,3940.22830855056963628,0.24282826362657017,1.52722629868206883,false
0.10410999999999999,6022.37134089513983781,0.99518020962010389,-0.41212121212121211,3988.27928138390188906,0.23426691688802814,1.50006216657277891,false
0.10410999999999999,6022.37134089513983781,0.99518020962010389,-0.39999999999999997,4036.91623447254505663,0.22575179913615190,1.47254775121541170,false
0.10410999999999999,6022.37134089513983781,0.99518020962010389,-0.38787878787878782,4086.14631382914785718,0.21727182732572137,1.44462619397547232,false
0.10410999999999999,6022.37134089513983781,0.99518020962010389,-0.37575757575757568,4135.97675261178028450,0.20882478484742395,1.41626589829833072,false
0.10410999999999999,6022.37134089513983781,0.99518020962010389,-0.36363636363636365,4186.41487218667043635,0.20041067170092391,1.38743996003232350,false
0.10410999999999999,6022.37134089513983781,0.99518020962010389,-0.35151515151515150,4237.46808320390118752,0.19202948788588542,1.35811872984359794,false
0.10410999999999999,6022.37134089513983781,0.99518020962010389,-0.33939393939393936,4289.14388668622359546,0.18368294894538861,1.32827561064447464,false
0.10410999999999999,6022.37134089513983781,0.99518020962010389,-0.32727272727272722,4341.44987513114847388,0.17538278859587189,1.29791802057245165,false
0.10410999999999999,6022.37134089513983781,0.99518020962010389,-0.31515151515151507,4394.39373362647984322,0.16714436670239319,1.26706720034765397,false
0.10410999999999999,6022.37134089513983781,0.99518020962010389,-0.30303030303030293,4447.98324097944987443,0.15898304813159467,1.23574592333871891,false
0.10410999999999999,6022.37134089513983781,0.99518020962010389,-0.29090909090909089,4502.22627085962449200,0.15091311740815472,1.20397445353213106,false
0.10410999999999999,6022.37134089513983781,0.99518020962010389,-0.27878787878787875,4557.13079295574880234,0.14293945608039954,1.17173617836833865,false
0.10410999999999999,6022.37134089513983781,0.99518020962010389,-0.26666666666666661,4612.70487414669605641,0.13506210416415057,1.13899162956844280,false
0.10410999999999999,6022.37134089513983781,0.99518020962010389,-0.25454545454545446,4668.95667968669840775,0.12728106166256400,1.10569582904952846,false
0.10410999999999999,6022.37134089513983781,0.99518020962010389,-0.24242424242424235,4725.89447440503499820,0.11959673195980461,1.07179921102072173,false
0.10410999999999999,6022.37134089513983781,0.99518020962010389,-0.23030303030303020,4783.52662392034199002,0.11201499474061301,1.03727009743104914,false
0.10410999999999999,6022.37134089513983781,0.99518020962010389,-0.21818181818181814,4841.86159586973826663,0.10454567636951967,1.00209020036226537,false
0.10410999999999999,6022.37134089513983781,0.99518020962010389,-0.20606060606060600,4900.90796115294051560,0.09719869034135295,0.96623771092201149,false
0.10410999999999999,6022.37134089513983781,0.99518020962010389,-0.19393939393939388,4960.67439519154231675,0.08998496066108390,0.92969124745266185,false
0.10410999999999999,6022.37134089513983781,0.99518020962010389,-0.18181818181818174,5021.16967920366096223,0.08293865306696717,0.89254940704726926,false
0.10410999999999999,6022.37134089513983781,0.99518020962010389,-0.16969696969696960,5082.40270149411753664,0.07611717503054038,0.85505708054700547,false
0.10410999999999999,6022.37134089513983781,0.99518020962010389,-0.15757575757575754,5144.38245876036216941,0.06957894453348408,0.81750928703088799,false
0.10410999999999999,6022.37134089513983781,0.99518020962010389,-0.14545454545454534,5207.11805741431271599,0.06338164567010274,0.78025315308794874,false
0.10410999999999999,6022.37134089513983781,0.99518020962010389,-0.13333333333333328,5270.61871492032605602,0.05754972015468106,0.74349043351639132,false
0.10410999999999999,6022.37134089513983781,0.99518020962010389,-0.12121212121212108,5334.89376114947481256,0.05206148352088633,0.70715081537001556,false
0.10410999999999999,6022.37134089513983781,0.99518020962010389,-0.10909090909090900,5399.95263975034504256,0.04689185367564659,0.67112354793617146,false
0.10410999999999999,6022.37134089513983781,0.99518020962010389,-0.09696969696969694,5465.80490953655225894,0.04201583633655384,0.63527283254201705,false
0.10410999999999999,6022.37134089513983781,0.99518020962010389,-0.08484848484848473,5532.46024589117314463,0.03741906231156858,0.59951523906148874,false
0.10410999999999999,6022.37134089513983781,0.99518020962010389,-0.07272727272727267,5599.92844218830487080,0.03310779791473879,0.56392185296838360,false
0.10410999999999999,6022.37134089513983781,0.99518020962010389,-0.06060606060606047,5668.21941123196847911,0.02909068034804570,0.52860432953341985,false
0.10410999999999999,6022.37134089513983781,0.99518020962010389,-0.04848484848484840,5737.34318671254732180,0.02537636895598206,0.49370612682019932,false
0.10410999999999999,6022.37134089513983781,0.99518020962010389,-0.03636363636363620,5807.30992468099793768,0.02198957640378374,0.45958115099099550,false
0.10410999999999999,6022.37134089513983781,0.99518020962010389,-0.02424242424242413,5878.12990504102799605,0.01899936680696030,0.42719222563892534,false
0.10410999999999999,6022.37134089513983781,0.99518020962010389,-0.01212121212121207,5949.81353305948232446,0.01648239916242112,0.39789088515870108,false
0.10410999999999999,6022.37134089513983781,0.99518020962010389,0.00000000000000014,6022.37134089514074731,0.01451533246707560,0.37339394453646124,false
0.10410999999999999,6022.37134089513983781,0.99518020962010389,0.01212121212121220,6095.81398914615965623,0.01315327030297896,0.35544355942402334,false
0.10410999999999999,6022.37134089513983781,0.99518020962010389,0.02424242424242441,6170.15226841639196209,0.01236509459276947,0.34462953835787846,false
0.10410999999999999,6022.37134089513983781,0.99518020962010389,0.03636363636363647,6245.39710090079734073,0.01209813184423121,0.34088895754730614,false
0.10410999999999999,6022.37134089513983781,0.99518020962010389,0.04848484848484868,6321.55954199019470252,0.01229970856514826,0.34371713833579548,false
0.10410999999999999,6022.37134089513983781,0.99518020962010389,0.06060606060606074,6398.65078189557880251,0.01292284826936293,0.35231643220590070,false
0.10410999999999999,6022.37134089513983781,0.99518020962010389,0.07272727272727281,6476.68214729225746851,0.01395384299297611,0.36610081254548116,false
0.10410999999999999,6022.37134089513983781,0.99518020962010389,0.08484848484848501,6555.66510298401681212,0.01539102654874242,0.38449223232005603,false
0.10410999999999999,6022.37134089513983781,0.99518020962010389,0.09696969696969708,6635.61125358760546078,0.01723274935876358,0.40684694805174831,false
0.10410999999999999,6022.37134089513983781,0.99518020962010389,0.10909090909090928,6716.53234523774335685,0.01947136276665265,0.43246598149767634,false
0.10410999999999999,6022.37134089513983781,0.99518020962010389,0.12121212121212134,6798.44026731293342891,0.02204700391436134,0.46018087587428486,false
0.10410999999999999,6022.37134089513983781,0.99518020962010389,0.13333333333333341,6881.34705418230896612,0.02487292518468833,0.48878425592440755,false
0.10410999999999999,6022.37134089513983781,0.99518020962010389,0.14545454545454561,6965.26488697379954829,0.02786215677234011,0.51732223182564208,false
0.10410999999999999,6022.37134089513983781,0.99518020962010389,0.15757575757575767,7050.20609536384199600,0.03093126768196406,0.54507044785267300,true
0.10410999999999999,6022.37134089513983781,0.99518020962010389,0.16969696969696987,7136.18315938893101702,0.03404486980196677,0.57184669519073428,true
0.10410999999999999,6022.37134089513983781,0.99518020962010389,0.18181818181818196,7223.20871127925147448,0.03720219873721749,0.59777545816837541,true
0.10410999999999999,6022.37134089513983781,0.99518020962010389,0.19393939393939416,7311.29553731468149635,0.04040325447553288,0.62296256690818097,true
0.10410999999999999,6022.37134089513983781,0.99518020962010389,0.20606060606060622,7400.45657970341653709,0.04364786230362004,0.64749328087733038,true
0.10410999999999999,6022.37134089513983781,0.99518020962010389,0.21818181818181828,7490.70493848351543420,0.04693182938267026,0.67140955628038723,true
0.10410999999999999,6022.37134089513983781,0.99518020962010389,0.23030303030303048,7582.05387344763857982,0.05024694474835887,0.69471808818904679,true
0.10410999999999999,6022.37134089513983781,0.99518020962010389,0.24242424242424254,7674.51680609123104659,0.05358482273525171,0.71742197621291126,true
0.10410999999999999,6022.37134089513983781,0.99518020962010389,0.25454545454545474,7768.10732158450718998,0.05693714015046138,0.73952285685487118,true
0.10410999999999999,6022.37134089513983781,0.99518020962010389,0.26666666666666683,7862.83917076843590621,0.06029840357607999,0.76103859830716969,true
0.10410999999999999,6022.37134089513983781,0.99518020962010389,0.27878787878787903,7958.72627217511580966,0.06366704610944170,0.78200787618019174,true
0.10410999999999999,6022.37134089513983781,0.99518020962010389,0.29090909090909112,8055.78271407273950899,0.06704179007263313,0.80246588358021975,true
0.10410999999999999,6022.37134089513983781,0.99518020962010389,0.30303030303030315,8154.02275653553806478,0.07042135962021237,0.82244332390595953,true
0.10410999999999999,6022.37134089513983781,0.99518020962010389,0.31515151515151535,8253.46083353894755419,0.07380470063577454,0.84196839225962317,true
0.10410999999999999,6022.37134089513983781,0.99518020962010389,0.32727272727272744,8354.11155508031879435,0.07719118963368903,0.86106838472364056,true
0.10410999999999999,6022.37134089513983781,0.99518020962010389,0.33939393939393964,8455.98970932551128499,0.08058025260505267,0.87976785368166965,true
0.10410999999999999,6022.37134089513983781,0.99518020962010389,0.35151515151515172,8559.11026478164967557,0.08397131560962375,0.89808874858901000,true
0.10410999999999999,6022.37134089513983781,0.99518020962010389,0.36363636363636376,8663.48837249637836067,0.08736385448683059,0.91605103591546277,true
0.10410999999999999,6022.37134089513983781,0.99518020962010389,0.37575757575757596,8769.13936828394071199,0.09075748260531419,0.93367342409924958,true
0.10410999999999999,6022.37134089513983781,0.99518020962010389,0.38787878787878804,8876.07877497840127035,0.09415183688464890,0.95097297557563598,true
0.10410999999999999,6022.37134089513983781,0.99518020962010389,0.40000000000000024,8984.32230471434741048,0.09754655424440917,0.96796519831572969,true
0.10684900000000000,6024.42042279493216483,0.99505708004448945,-0.94999999999999996,2329.89052003191090989,0.68603026694303049,2.53388212239965327,true
0.10684900000000000,6024.42042279493216483,0.99505708004448945,-0.93383838383838380,2367.85124336716398830,0.67086827250555159,2.50572493993631884,true
0.10684900000000000,6024.42042279493216483,0.99505708004448945,-0.91767676767676765,2406.43045778761916154,0.65570627825840111,2.47724773504840456,true
0.10684900000000000,6024.42042279493216483,0.99505708004448945,-0.90151515151515149,2445.63824031997228303,0.64054428439190736,2.44843934181523082,true
0.10684900000000000,6024.42042279493216483,0.99505708004448945,-0.88535353535353534,2485.48483217512512056,0.62538229109639998,2.41928792946160343,true
0.10684900000000000,6024.42042279493216483,0.99505708004448945,-0.86919191919191918,2525.98064142322482439,0.61022029856222715,2.38978094557931264,true
0.10684900000000000,6024.42042279493216483,0.99505708004448945,-0.85303030303030303,2567.13624571228774585,0.59505830697985795,2.35990505295811204,true
0.10684900000000000,6024.42042279493216483,0.99505708004448945,-0.83686868686868687,2608.96239503111883096,0.57989631653980511,2.32964605912388434,true
0.10684900000000000,6024.42042279493216483,0.99505708004448945,-0.82070707070707072,2651.47001451724781873,0.56473432743258134,2.29898883752827521,true
0.10684900000000000,6024.42042279493216483,0.99505708004448945,-0.80454545454545456,2694.67020731061165861,0.54957233984875709,2.26791723914812993,true
0.10684900000000000,6024.42042279493216483,0.99505708004448945,-0.78838383838383841,2738.57425745373438986,0.53441035397941172,2.23641399302918664,true
0.10684900000000000,6024.42042279493216483,0.99505708004448945,-0.77222222222222214,2783.19363283915981810,0.51924837001588520,2.20446059403310501,true
0.10684900000000000,6024.42042279493216483,0.99505708004448945,-0.75606060606060599,2828.53998820490414801,0.50408638814952056,2.17203717571780341,true
0.10684900000000000,6024.42042279493216483,0.99505708004448945,-0.73989898989898983,2874.62516817871482999,0.48892814941541268,2.13913054925071444,true
0.10684900000000000,6024.42042279493216483,0.99505708004448945,-0.72373737373737368,2921.46121037193051961,0.47382818054344222,2.10583923140606322,false
0.10684900000000000,6024.42042279493216483,0.99505708004448945,-0.70757575757575752,2969.06034852374523325,0.45887760867876526,2.07235046196428341,false
0.10684900000000000,6024.42042279493216483,0.99505708004448945,-0.69141414141414137,3017.43501569670570461,0.44416836898878842,2.03886552626046225,false
0.10684900000000000,6024.42042279493216483,0.99505708004448945,-0.67525252525252522,3066.59784752427140120,0.42979048132494718,2.00559466378524798,false
0.10684900000000000,6024.42042279493216483,0.99505708004448945,-0.65909090909090906,3116.56168551128439503,0.41578991327133380,1.97265775328731130,false
0.10684900000000000,6024.42042279493216483,0.99505708004448945,-0.64292929292929291,3167.33958038821810987,0.40216858014469786,1.94007642329589736,false
0.10684900000000000,6024.42042279493216483,0.99505708004448945,-0.62676767676767675,3218.94479552007123857,0.38892648194581764,1.90786889100989376,false
0.10684900000000000,6024.42042279493216483,0.99505708004448945,-0.61060606060606049,3271.39081037081132308,0.37606288064540927,1.87605256737416393,false
0.10684900000000000,6024.42042279493216483,0.99505708004448945,-0.59444444444444433,3324.69132402424884276,0.36354360818582065,1.84456101555730911,false
0.10684900000000000,6024.42042279493216483,0.99505708004448945,-0.57828282828282818,3378.86025876229496134,0.35128810995327481,1.81320327271469361,false
0.10684900000000000,6024.42042279493216483,0.99505708004448945,-0.56212121212121202,3433.91176370150606090,0.33921241452815143,1.78176587998510816,false
0.10684900000000000,6024.42042279493216483,0.99505708004448945,-0.54595959595959587,3489.86021848888321983,0.32723280468548305,1.75002070248585340,false
0.10684900000000000,6024.42042279493216483,0.99505708004448945,-0.52979797979797971,3546.72023705788797088,0.31529632075322894,1.71780641594417638,false
0.10684900000000000,6024.42042279493216483,0.99505708004448945,-0.51363636363636356,3604.50667144565204580,0.30340973880263772,1.68511493344901120,false
0.10684900000000000,6024.42042279493216483,0.99505708004448945,-0.49747474747474735,3663.23461567238246062,0.29158669816056970,1.65195656069931562,false
0.10684900000000000,6024.42042279493216483,0.99505708004448945,-0.48131313131313119,3722.91940968397284450,0.27984083371400192,1.61834202506973290,false
0.10684900000000000,6024.42042279493216483,0.99505708004448945,-0.46515151515151504,3783.57664335885010587,0.26818256143429142,1.58427305633752646,false
0.10684900000000000,6024.42042279493216483,0.99505708004448945,-0.44898989898989888,3845.22216058010781126,0.25661340420591905,1.54972428254418038,false
0.10684900000000000,6024.42042279493216483,0.99505708004448945,-0.43282828282828273,3907.87206337398038158,0.24513336203328645,1.51466287165100977,false
0.10684900000000000,6024.42042279493216483,0.99505708004448945,-0.41666666666666657,3971.54271611575495626,0.23374243492079505,1.47905236744047208,false
0.10684900000000000,6024.42042279493216483,0.99505708004448945,-0.40050505050505042,4036.25074980419867643,0.22244062287224625,1.44285211458492779,false
0.10684900000000000,6024.42042279493216483,0.99505708004448945,-0.38434343434343426,4102.01306640563598194,0.21122792588904099,1.40601656162507282,false
0.10684900000000000,6024.42042279493216483,0.99505708004448945,-0.36818181818181811,4168.84684326880142180,0.20010434397197996,1.36849440870035788,false
0.10684900000000000,6024.42042279493216483,0.99505708004448945,-0.35202020202020190,4236.76953761162531009,0.18906987712186391,1.33022755564983797,false
0.10684900000000000,6024.42042279493216483,0.99505708004448945,-0.33585858585858575,4305.79889108111819951,0.17812763643129703,1.29116106577907641,false
0.10684900000000000,6024.42042279493216483,0.99505708004448945,-0.31969696969696965,4375.95293438755288662,0.16729890068058578,1.25129961987986982,false
0.10684900000000000,6024.42042279493216483,0.99505708004448945,-0.30353535353535349,4447.24999201414811978,0.15661152457294455,1.21067236063901662,false
0.10684900000000000,6024.42042279493216483,0.99505708004448945,-0.28737373737373717,4519.70868700349274150,0.14609337188182614,1.16931097369572079,false
0.10684900000000000,6024.42042279493216483,0.99505708004448945,-0.27121212121212102,4593.34794582194081158,0.13576859644742950,1.12723491771641449,false
0.10684900000000000,6024.42042279493216483,0.99505708004448945,-0.25505050505050486,4668.18700330328283599,0.12562906195014828,1.08432589036960136,false
0.10684900000000000,6024.42042279493216483,0.99505708004448945,-0.23888888888888871,4744.24540767294092802,0.11565000607320003,1.04036946949346953,false
0.10684900000000000,6024.42042279493216483,0.99505708004448945,-0.22272727272727255,4821.54302565404304914,0.10580652909486706,0.99510979934867239,false
0.10684900000000000,6024.42042279493216483,0.99505708004448945,-0.20656565656565640,4900.10004765667599713,0.09608120116276023,0.94827430083289732,false
0.10684900000000000,6024.42042279493216483,0.99505708004448945,-0.19040404040404024,4979.93699305169229774,0.08655800337049707,0.90005362221072993,false
0.10684900000000000,6024.42042279493216483,0.99505708004448945,-0.17424242424242409,5061.07471553044615575,0.07739400201320699,0.85107615183760321,false
0.10684900000000000,6024.42042279493216483,0.99505708004448945,-0.15808080808080793,5143.53440855184362590,0.06874787687779446,0.80212936249228828,false
0.10684900000000000,6024.42042279493216483,0.99505708004448945,-0.14191919191919178,5227.33761087815582869,0.06077261222412687,0.75416907698389601,false
0.10684900000000000,6024.42042279493216483,0.99505708004448945,-0.12575757575757562,5312.50621220101584186,0.05349019519021598,0.70754140614788985,false
0.10684900000000000,6024.42042279493216483,0.99505708004448945,-0.10959595959595947,5399.06245885908356286,0.04679161579221855,0.66175737527075851,false
0.10684900000000000,6024.42042279493216483,0.99505708004448945,-0.09343434343434331,5487.02895964886920410,0.04056216851925409,0.61613425039724479,false
0.10684900000000000,6024.42042279493216483,0.99505708004448945,-0.07727272727272716,5576.42869173022882023,0.03468976005912264,0.56979077936343347,false
0.10684900000000000,6024.42042279493216483,0.99505708004448945,-0.06111111111111101,5667.28500662808073685,0.02918062002504316,0.52259112113830275,false
0.10684900000000000,6024.42042279493216483,0.99505708004448945,-0.04494949494949471,5759.62163633190539258,0.02420515955471215,0.47595812380776037,false
0.10684900000000000,6024.42042279493216483,0.99505708004448945,-0.02878787878787856,5853.46269949462384830,0.01994588329823618,0.43205735823263858,false
0.10684900000000000,6024.42042279493216483,0.99505708004448945,-0.01262626262626240,5948.83270773247659235,0.01658463729236950,0.39397417790936201,false
0.10684900000000000,6024.42042279493216483,0.99505708004448945,0.00353535353535375,6045.75657202754427999,0.01422357535825493,0.36485403876025285,false
0.10684900000000000,6024.42042279493216483,0.99505708004448945,0.01969696969696991,6144.25960923458205798,0.01281007717927746,0.34625068574339468,false
0.10684900000000000,6024.42042279493216483,0.99505708004448945,0.03585858585858606,6244.36754869387004874,0.01227373987831370,0.33892470480765874,false
0.10684900000000000,6024.42042279493216483,0.99505708004448945,0.05202020202020222,6346.10653895181258122,0.01254416929368750,0.34263815455434971,false
0.10684900000000000,6024.42042279493216483,0.99505708004448945,0.06818181818181837,6449.50315459102876048,0.01355728996295405,0.35620598434300899,false
0.10684900000000000,6024.42042279493216483,0.99505708004448945,0.08434343434343453,6554.58440317172062350,0.01526648346444147,0.37799345047954053,false
0.10684900000000000,6024.42042279493216483,0.99505708004448945,0.10050505050505068,6661.37773228615424159,0.01762812077487284,0.40617929146276377,false
0.10684900000000000,6024.42042279493216483,0.99505708004448945,0.11666666666666684,6769.91103672805820679,0.02059857287097122,0.43906956600392510,false
0.10684900000000000,6024.42042279493216483,0.99505708004448945,0.13282828282828299,6880.21266577884853177,0.02411864644572352,0.47510678721983807,false
0.10684900000000000,6024.42042279493216483,0.99505708004448945,0.14898989898989914,6992.31143061255352222,0.02806689105717178,0.51252130521939387,false
0.10684900000000000,6024.42042279493216483,0.99505708004448945,0.16515151515151530,7106.23661182140040182,0.03230629197962182,0.54986784760467899,false
0.10684900000000000,6024.42042279493216483,0.99505708004448945,0.18131313131313145,7222.01796706400727999,0.03669983448737947,0.58606639790506110,false
0.10684900000000000,6024.42042279493216483,0.99505708004448945,0.19747474747474761,7339.68573883818862669,0.04112580204833476,0.62040024324118825,false
0.10684900000000000,6024.42042279493216483,0.99505708004448945,0.21363636363636376,7459.27066238040060853,0.04555181422877149,0.65293148068373286,false
0.10684900000000000,6024.42042279493216483,0.99505708004448945,0.22979797979798006,7580.80397369389447704,0.04997782642689339,0.68391708217260772,false
0.10684900000000000,6024.42042279493216483,0.99505708004448945,0.24595959595959621,7704.31741770766711852,0.05440383864205159,0.71355842946921866,false
0.10684900000000000,6024.42042279493216483,0.99505708004448945,0.26212121212121237,7829.84325656835517293,0.05882985087359704,0.74201663687482833,false
0.10684900000000000,6024.42042279493216483,0.99505708004448945,0.27828282828282852,7957.41427806721912930,0.06325586312087920,0.76942299593836128,false
0.10684900000000000,6024.42042279493216483,0.99505708004448945,0.29444444444444468,8087.06380420442292234,0.06768187538324660,0.79588617534147366,false
0.10684900000000000,6024.42042279493216483,0.99505708004448945,0.31060606060606072,8218.82569989286821510,0.07210788766004773,0.82149732906180517,false
0.10684900000000000,6024.42042279493216483,0.99505708004448945,0.32676767676767687,8352.73438180382254359,0.07653389995063113,0.84633381082210635,false
0.10684900000000000,6024.42042279493216483,0.99505708004448945,0.34292929292929303,8488.82482735667508678,0.08095991225434426,0.87046193319899934,false
0.10684900000000000,6024.42042279493216483,0.99505708004448945,0.35909090909090946,8627.13258385516928684,0.08538592457053396,0.89393905556988484,false
0.10684900000000000,6024.42042279493216483,0.99505708004448945,0.37525252525252561,8767.69377777246336336,0.08981193689854683,0.91681519026926539,false
0.10684900000000000,6024.42042279493216483,0.99505708004448945,0.39141414141414177,8910.54512418752347003,0.09423794923772964,0.93913425624257807,false
0.10684900000000000,6024.42042279493216483,0.99505708004448945,0.40757575757575792,9055.72393637520326592,0.09866396158742850,0.96093507038017456,false
0.10684900000000000,6024.42042279493216483,0.99505708004448945,0.42373737373737408,9203.26813555262197042,0.10308997394698874,0.98225214065284405,true
0.10684900000000000,6024.42042279493216483,0.99505708004448945,0.43989898989899023,9353.21626078430927009,0.10751598631575572,1.00311630743090019,true
0.10684900000000000,6024.42042279493216483,0.99505708004448945,0.45606060606060639,9505.60747904874551750,0.11194199869307478,1.02355526706209288,true
0.10684900000000000,6024.42042279493216483,0.99505708004448945,0.47222222222222254,9660.48159546891838545,0.11636801107829058,1.04359400309756767,true
0.10684900000000000,6024.42042279493216483,0.99505708004448945,0.48838383838383870,9817.87906370956443425,0.12079402347074696,1.06325514432784418,true
0.10684900000000000,6024.42042279493216483,0.99505708004448945,0.50454545454545485,9977.84099654379315325,0.12522003586978767,1.08255926426208449,true
0.10684900000000000,6024.42042279493216483,0.99505708004448945,0.52070707070707101,10140.40917659190927225,0.12964604827475645,1.10152513334702817,true
0.10684900000000000,6024.42042279493216483,0.99505708004448945,0.53686868686868716,10305.62606723516182683,0.13407206068499655,1.12016993273344223,true
0.10684900000000000,6024.42042279493216483,0.99505708004448945,0.55303030303030332,10473.53482370734673168,0.13849807309985007,1.13850943652131309,true
0.10684900000000000,6024.42042279493216483,0.99505708004448945,0.56919191919191947,10644.17930436708593334,0.14292408551865904,1.15655816798513444,true
0.10684900000000000,6024.42042279493216483,0.99505708004448945,0.58535353535353563,10817.60408215379902686,0.14735009794076545,1.17432953418069297,true
0.10684900000000000,6024.42042279493216483,0.99505708004448945,0.60151515151515178,10993.85445623031228024,0.15177611036551095,1.19183594248103453,true
0.10684900000000000,6024.42042279493216483,0.99505708004448945,0.61767676767676793,11172.97646381515005487,0.15620212279223589,1.20908890192110929,true
0.10684900000000000,6024.42042279493216483,0.99505708004448945,0.63383838383838409,11355.01689220762636978,0.16062813522028041,1.22609911170356933,true
0.10684900000000000,6024.42042279493216483,0.99505708004448945,0.65000000000000024,11540.02329100885253865,0.16505414764898477,1.24287653879938742,true
0.12602700000000000,6029.64390990504034562,0.99419537490804910,-1.00000000000000000,2218.18203203865687101,0.65975869339274584,2.28802497977682906,true
0.12602700000000000,6029.64390990504034562,0.99419537490804910,-0.98333333333333339,2255.46153212596573212,0.64611813278418317,2.26424890058863149,true
0.12602700000000000,6029.64390990504034562,0.99419537490804910,-0.96666666666666667,2293.36756380837732650,0.63247757217894574,2.24022049351783181,true
0.12602700000000000,6029.64390990504034562,0.99419537490804910,-0.95000000000000007,2331.91065678287532137,0.61883701158035898,2.21593155024935351,true
0.12602700000000000,6029.64390990504034562,0.99419537490804910,-0.93333333333333335,2371.10151771201117299,0.60519645099174812,2.19137340754214804,true
0.12602700000000000,6029.64390990504034562,0.99419537490804910,-0.91666666666666674,2410.95103319804411512,0.59155589041664935,2.16653691112855995,true
0.12602700000000000,6029.64390990504034562,0.99419537490804910,-0.90000000000000002,2451.47027280706788588,0.57791532985982252,2.14141237584615229,true
0.12602700000000000,6029.64390990504034562,0.99419537490804910,-0.88333333333333330,2492.67049214396092793,0.56427476932647314,2.11598954150485685,true
0.12602700000000000,6029.64390990504034562,0.99419537490804910,-0.86666666666666670,2534.56313597901589674,0.55063420882180680,2.09025752392292530,true
0.12602700000000000,6029.64390990504034562,0.99419537490804910,-0.84999999999999998,2577.15984142711704408,0.53699364835142294,2.06420476046997070,true
0.12602700000000000,6029.64390990504034562,0.99419537490804910,-0.83333333333333337,2620.47244118034495841,0.52335308792435298,2.03781894934782315,true
0.12602700000000000,6029.64390990504034562,0.99419537490804910,-0.81666666666666665,2664.51296679491360919,0.50971252755139340,2.01108698169039890,true
0.12602700000000000,6029.64390990504034562,0.99419537490804910,-0.80000000000000004,2709.29365203334555190,0.49607196724335628,1.98399486542764980,true
0.12602700000000000,6029.64390990504034562,0.99419537490804910,-0.78333333333333333,2754.82693626281752586,0.48243213427034348,1.95652911438226540,true
0.12602700000000000,6029.64390990504034562,0.99419537490804910,-0.76666666666666672,2801.12546791062140983,0.46880362917457835,1.92869557196939101,false
0.12602700000000000,6029.64390990504034562,0.99419537490804910,-0.75000000000000000,2848.20210797769732380,0.45520416800317898,1.90051506208070053,false
0.12602700000000000,6029.64390990504034562,0.99419537490804910,-0.73333333333333339,2896.06993361121521957,0.44165162389126961,1.87200979455184968,false
0.12602700000000000,6029.64390990504034562,0.99419537490804910,-0.71666666666666667,2944.74224173720222097,0.42816404227353394,1.84320354423876087,false
0.12602700000000000,6029.64390990504034562,0.99419537490804910,-0.70000000000000007,2994.23255275421661281,0.41476343147451233,1.81413010470740588,false
0.12602700000000000,6029.64390990504034562,0.99419537490804910,-0.68333333333333335,3044.55461428910166433,0.40147576270860214,1.78483414955622499,false
0.12602700000000000,6029.64390990504034562,0.99419537490804910,-0.66666666666666674,3095.72240501585974926,0.38832717948975964,1.75536362702924609,false
0.12602700000000000,6029.64390990504034562,0.99419537490804910,-0.65000000000000013,3147.75013853870586900,0.37534359555496455,1.72576916832724114,false
0.12602700000000000,6029.64390990504034562,0.99419537490804910,-0.63333333333333341,3200.65226734038651557,0.36254051659517100,1.69608055641579769,false
0.12602700000000000,6029.64390990504034562,0.99419537490804910,-0.61666666666666681,3254.44348679684435410,0.34991900639282614,1.66629529151192513,false
0.12602700000000000,6029.64390990504034562,0.99419537490804910,-0.60000000000000009,3309.13873925936741216,0.33747906494807672,1.63640809590374792,false
0.12602700000000000,6029.64390990504034562,0.99419537490804910,-0.58333333333333337,3364.75321820533599748,0.32522066345744910,1.60641320922583786,false
0.12602700000000000,6029.64390990504034562,0.99419537490804910,-0.56666666666666676,3421.30237245872922358,0.31314028787940656,1.57629563933261685,false
0.12602700000000000,6029.64390990504034562,0.99419537490804910,-0.55000000000000004,3478.80191048156893885,0.30122765532162782,1.54602182875219496,false
0.12602700000000000,6029.64390990504034562,0.99419537490804910,-0.53333333333333344,3537.26780473747794531,0.28947170519404186,1.51555346072602970,false
0.12602700000000000,6029.64390990504034562,0.99419537490804910,-0.51666666666666672,3596.71629612858077962,0.27786137950259815,1.48484901304632810,false
0.12602700000000000,6029.64390990504034562,0.99419537490804910,-0.50000000000000011,3657.16389850696577923,0.26638750236788128,1.45386848917582578,false
0.12602700000000000,6029.64390990504034562,0.99419537490804910,-0.48333333333333345,3718.62740326198036200,0.25504609773891040,1.42258276382790960,false
0.12602700000000000,6029.64390990504034562,0.99419537490804910,-0.46666666666666673,3781.12388398460507233,0.24383407999962864,1.39096244239031108,false
0.12602700000000000,6029.64390990504034562,0.99419537490804910,-0.45000000000000007,3844.67070121023243701,0.23274836353397912,1.35897516115972183,false
0.12602700000000000,6029.64390990504034562,0.99419537490804910,-0.43333333333333340,3909.28550724114984405,0.22178637699559783,1.32658668556847337,false
0.12602700000000000,6029.64390990504034562,0.99419537490804910,-0.41666666666666674,3974.98625105006613012,0.21094760611689162,1.29376530814571189,false
0.12602700000000000,6029.64390990504034562,0.99419537490804910,-0.40000000000000008,4041.79118326605839684,0.20023205089996010,1.26047721255372780,false
0.12602700000000000,6029.64390990504034562,0.99419537490804910,-0.38333333333333341,4109.71886124430420750,0.18963971134690305,1.22668440389602651,false
0.12602700000000000,6029.64390990504034562,0.99419537490804910,-0.36666666666666675,4178.78815422102525190,0.17917174862933369,1.19234783365355956,false
0.12602700000000000,6029.64390990504034562,0.99419537490804910,-0.35000000000000009,4249.01824855505674350,0.16883610474258554,1.15744633160335808,false
0.12602700000000000,6029.64390990504034562,0.99419537490804910,-0.33333333333333343,4320.42865305752457061,0.15864317604903982,1.12196393982534093,false
0.12602700000000000,6029.64390990504034562,0.99419537490804910,-0.31666666666666682,4393.03920441107766237,0.14860336229641180,1.08588171160341029,false
0.12602700000000000,6029.64390990504034562,0.99419537490804910,-0.30000000000000016,4466.87007268020806805,0.13872557633461818,1.04917146371342107,false
0.12602700000000000,6029.64390990504034562,0.99419537490804910,-0.28333333333333349,4541.94176691417305847,0.12900578949570152,1.01174904081527228,false
0.12602700000000000,6029.64390990504034562,0.99419537490804910,-0.26666666666666683,4618.27514084408994677,0.11943330960675608,0.97348874426974352,false
0.12602700000000000,6029.64390990504034562,0.99419537490804910,-0.25000000000000017,4695.89139867577250698,0.10999738942458742,0.93424200497041365,false
0.12602700000000000,6029.64390990504034562,0.99419537490804910,-0.23333333333333348,4774.81210097991788643,0.10069239778877370,0.89385390602142845,false
0.12602700000000000,6029.64390990504034562,0.99419537490804910,-0.21666666666666681,4855.05917068130383996,0.09158215947861643,0.85245927582550518,false
0.12602700000000000,6029.64390990504034562,0.99419537490804910,-0.20000000000000015,4936.65489914861973375,0.08278055502726567,0.81046146044519263,false
0.12602700000000000,6029.64390990504034562,0.99419537490804910,-0.18333333333333349,5019.62195238666481600,0.07440257004175042,0.76835543842593179,false
0.12602700000000000,6029.64390990504034562,0.99419537490804910,-0.16666666666666682,5103.98337733260359528,0.06655923119786253,0.72672876297100053,false
0.12602700000000000,6029.64390990504034562,0.99419537490804910,-0.15000000000000016,5189.76260825804001797,0.05927050975293760,0.68578429003865204,false
0.12602700000000000,6029.64390990504034562,0.99419537490804910,-0.13333333333333350,5276.98347327868759749,0.05246532154585522,0.64521487368063424,false
0.12602700000000000,6029.64390990504034562,0.99419537490804910,-0.11666666666666682,5365.67020097344902752,0.04606862348425769,0.60460372533829487,false
0.12602700000000000,6029.64390990504034562,0.99419537490804910,-0.10000000000000016,5455.84742711472335941,0.04000695788944130,0.56342480806025186,false
0.12602700000000000,6029.64390990504034562,0.99419537490804910,-0.08333333333333348,5547.54020151184522547,0.03427868044932726,0.52153114466258421,false
0.12602700000000000,6029.64390990504034562,0.99419537490804910,-0.06666666666666682,5640.77399496951875335,0.02898179303594312,0.47954661112340430,false
0.12602700000000000,6029.64390990504034562,0.99419537490804910,-0.05000000000000015,5735.57470636320613266,0.02422163739934436,0.43839939897252017,false
0.12602700000000000,6029.64390990504034562,0.99419537490804910,-0.03333333333333349,5831.96866983342806634,0.02010343110624809,0.39939561632778109,false
0.12602700000000000,6029.64390990504034562,0.99419537490804910,-0.01666666666666682,5929.98266210097153817,0.01671736553943075,0.36421021330881298,false
0.12602700000000000,6029.64390990504034562,0.99419537490804910,-0.00000000000000015,6029.64390990503943613,0.01412444899715568,0.33477572423826507,false
0.12602700000000000,6029.64390990504034562,0.99419537490804910,0.01666666666666652,6130.98009756641022250,0.01238233682755071,0.31345089028419132,false
0.12602700000000000,6029.64390990504034562,0.99419537490804910,0.03333333333333319,6234.01937467770130752,0.01154861783854686,0.30271448731861916,false
0.12602700000000000,6029.64390990504034562,0.99419537490804910,0.04999999999999985,6338.79036392288708157,0.01163263919538367,0.30381368325849878,false
0.12602700000000000,6029.64390990504034562,0.99419537490804910,0.06666666666666651,6445.32216902822256088,0.01251046804907848,0.31506849606548432,false
0.12602700000000000,6029.64390990504034562,0.99419537490804910,0.08333333333333319,6553.64438284680363722,0.01403534826314081,0.33371812710129134,false
0.12602700000000000,6029.64390990504034562,0.99419537490804910,0.09999999999999985,6663.78709557899037463,0.01606052370108016,0.35698342518103687,false
0.12602700000000000,6029.64390990504034562,0.99419537490804910,0.11666666666666652,6775.78090313099346531,0.01846362598661402,0.38276013400339176,false
0.12602700000000000,6029.64390990504034562,0.99419537490804910,0.13333333333333319,6889.65691561393032316,0.02121983778429167,0.41033563159743391,false
0.12602700000000000,6029.64390990504034562,0.99419537490804910,0.14999999999999986,7005.44676598572641524,0.02432872951887037,0.43936748671879094,true
0.12602700000000000,6029.64390990504034562,0.99419537490804910,0.16666666666666652,7123.18261883824561664,0.02778987161510735,0.46958203230825424,true
0.12602700000000000,6029.64390990504034562,0.99419537490804910,0.18333333333333318,7242.89717933211250056,0.03159336098786934,0.50068676987371297,true
0.12602700000000000,6029.64390990504034562,0.99419537490804910,0.19999999999999984,7364.62370228168583708,0.03567397256860983,0.53203957502623500,true
0.12602700000000000,6029.64390990504034562,0.99419537490804910,0.21666666666666654,7488.39600139271988155,0.03994645710606907,0.56299862545194368,true
0.12602700000000000,6029.64390990504034562,0.99419537490804910,0.23333333333333320,7614.24845865528186550,0.04432553772942496,0.59305532167088515,true
0.12602700000000000,6029.64390990504034562,0.99419537490804910,0.24999999999999986,7742.21603389452138799,0.04873193359778058,0.62183479966765942,true
0.12602700000000000,6029.64390990504034562,0.99419537490804910,0.26666666666666655,7872.33427448196016485,0.05313855153810574,0.64934134605123939,true
0.12602700000000000,6029.64390990504034562,0.99419537490804910,0.28333333333333321,8004.63932520998969267,0.05754516947444228,0.67572912418653663,true
0.12602700000000000,6029.64390990504034562,0.99419537490804910,0.29999999999999988,8139.16793833232623001,0.06195178740601440,0.70112446456985611,true
0.12602700000000000,6029.64390990504034562,0.99419537490804910,0.31666666666666654,8275.95748377320160216,0.06635840533207596,0.72563157340285700,true
0.12602700000000000,6029.64390990504034562,0.99419537490804910,0.33333333333333320,8415.04595950814291427,0.07076502325228370,0.74933760467054855,true
0.12602700000000000,6029.64390990504034562,0.99419537490804910,0.34999999999999987,8556.47200211920790025,0.07517164116658466,0.77231632844373788,true
0.12602700000000000,6029.64390990504034562,0.99419537490804910,0.36666666666666636,8700.27489752761357522,0.07957825907493221,0.79463084293336916,true
0.12602700000000000,6029.64390990504034562,0.99419537490804910,0.38333333333333319,8846.49459190675588616,0.08398487697728695,0.81633561839088353,true
0.12602700000000000,6029.64390990504034562,0.99419537490804910,0.39999999999999969,8995.17170277861077921,0.08839149487376988,0.83747806366475286,true
0.12602700000000000,6029.64390990504034562,0.99419537490804910,0.41666666666666652,9146.34753029665625945,0.09279811276466331,0.85809974498385089,true
0.12602700000000000,6029.64390990504034562,0.99419537490804910,0.43333333333333307,9300.06406871838225925,0.09720473065025616,0.87823734691766375,true
0.12602700000000000,6029.64390990504034562,0.99419537490804910,0.44999999999999984,9456.36401807065885805,0.10161134853083854,0.89792343919782314,true
0.12602700000000000,6029.64390990504034562,0.99419537490804910,0.46666666666666640,9615.29079601110424846,0.10601796640673952,0.91718709528839903,true
0.12602700000000000,6029.64390990504034562,0.99419537490804910,0.48333333333333317,9776.88854988884122577,0.11042458427834306,0.93605439629980647,true
0.12602700000000000,6029.64390990504034562,0.99419537490804910,0.49999999999999972,9941.20216900792547676,0.11483120214603677,0.95454884519850314,true
0.12602700000000000,6029.64390990504034562,0.99419537490804910,0.51666666666666650,10108.27729709688719595,0.11923782001020868,0.97269171009084465,true
0.12602700000000000,6029.64390990504034562,0.99419537490804910,0.53333333333333310,10278.16034498783847084,0.12364443787124742,0.99050231088284024,true
0.12602700000000000,6029.64390990504034562,0.99419537490804910,0.54999999999999982,10450.89850350866981898,0.12805105572954417,1.00799826032949302,true
0.12602700000000000,6029.64390990504034562,0.99419537490804910,0.56666666666666643,10626.53975659191746672,0.13245767358549004,1.02519566804179796,true
0.12602700000000000,6029.64390990504034562,0.99419537490804910,0.58333333333333315,10805.13289460393934860,0.13686429143947640,1.04210931417990116,true
0.12602700000000000,6029.64390990504034562,0.99419537490804910,0.59999999999999976,10986.72752789810692775,0.14127090929189456,1.05875279816248713,true
0.12602700000000000,6029.64390990504034562,0.99419537490804910,0.61666666666666659,11171.37410059579269728,0.14567752714313661,1.07513866664907742,true
0.12602700000000000,6029.64390990504034562,0.99419537490804910,0.63333333333333308,11359.12390459892412764,0.15008414499359449,1.09127852422046390,true
0.12602700000000000,6029.64390990504034562,0.99419537490804910,0.64999999999999991,11550.02909383808946586,0.15449076284366028,1.10718312953301479,true
0.13698600000000000,6032.04994086775786855,0.99370330064097367,-1.10000000000000009,2007.89500073758722465,0.69042754025841446,2.24502386004628374,true
0.13698600000000000,6032.04994086775786855,0.99370330064097367,-1.08232323232323235,2043.70365237591454388,0.67711749030846247,2.22327878453931049,true
0.13698600000000000,6032.04994086775786855,0.99370330064097367,-1.06464646464646462,2080.15091287161931177,0.66380642525876898,2.20131723409954194,true
0.13698600000000000,6032.04994086775786855,0.99370330064097367,-1.04696969696969711,2117.24817112805476427,0.65049333000959253,2.17913096348427127,true
0.13698600000000000,6032.04994086775786855,0.99370330064097367,-1.02929292929292937,2155.00701915743866266,0.63717718946119095,2.15671131961485996,true
0.13698600000000000,6032.04994086775786855,0.99370330064097367,-1.01161616161616164,2193.43925570308056194,0.62385710185329957,2.13404940493330297,true
0.13698600000000000,6032.04994086775786855,0.99370330064097367,-0.99393939393939401,2232.55688992621026046,0.61053282728853642,2.11113700275114624,true
0.13698600000000000,6032.04994086775786855,0.99370330064097367,-0.97626262626262639,2272.37214515855430363,0.59720436543546862,2.08796586629238989,true
0.13698600000000000,6032.04994086775786855,0.99370330064097367,-0.95858585858585865,2312.89746272183856490,0.58387171629309842,2.06452728389333995,true
0.13698600000000000,6032.04994086775786855,0.99370330064097367,-0.94090909090909103,2354.14550581540288476,0.57053487986049989,2.04081204077984069,true
0.13698600000000000,6032.04994086775786855,0.99370330064097367,-0.92323232323232329,2396.12916347315467647,0.55719385613737005,2.01681037739193947,true
0.13698600000000000,6032.04994086775786855,0.99370330064097367,-0.90555555555555567,2438.86155459108067589,0.54384864512372699,1.99251194315910274,true
0.13698600000000000,6032.04994086775786855,0.99370330064097367,-0.88787878787878804,2482.35603202659376620,0.53049924681959115,1.96790574510560923,true
0.13698600000000000,6032.04994086775786855,0.99370330064097367,-0.87020202020202020,2526.62618677098453190,0.51714566122502703,1.94298009056199250,true
0.13698600000000000,6032.04994086775786855,0.99370330064097367,-0.85252525252525269,2571.68585219627857441,0.50378788834068977,1.91772252313475278,true
0.13698600000000000,6032.04994086775786855,0.99370330064097367,-0.83484848484848484,2617.54910837784382238,0.49042592816765984,1.89211975093587870,false
0.13698600000000000,6032.04994086775786855,0.99370330064097367,-0.81717171717171733,2664.23028649407251578,0.47705978070702848,1.86615756589797144,false
0.13698600000000000,6032.04994086775786855,0.99370330064097367,-0.79949494949494948,2711.74397330453939503,0.46369000985834263,1.83982187149839116,false
0.13698600000000000,6032.04994086775786855,0.99370330064097367,-0.78181818181818197,2760.10501570801352500,0.45033014918566405,1.81312363653818553,false
0.13698600000000000,6032.04994086775786855,0.99370330064097367,-0.76414141414141412,2809.32852538176757662,0.43700670191756696,1.78610076489018721,false
0.13698600000000000,6032.04994086775786855,0.99370330064097367,-0.74646464646464661,2859.42988350360974437,0.42374673518108386,1.75879446559552588,false
0.13698600000000000,6032.04994086775786855,0.99370330064097367,-0.72878787878787876,2910.42474555814533232,0.41057707820863776,1.73124789236129861,false
0.13698600000000000,6032.04994086775786855,0.99370330064097367,-0.71111111111111125,2962.32904622873502376,0.39751378448798891,1.70348378649394339,false
0.13698600000000000,6032.04994086775786855,0.99370330064097367,-0.69343434343434351,3015.15900437671416512,0.38455795539022070,1.67549373331056106,false
0.13698600000000000,6032.04994086775786855,0.99370330064097367,-0.67575757575757578,3068.93112810939464907,0.37170959092248990,1.64726621509801507,false
0.13698600000000000,6032.04994086775786855,0.99370330064097367,-0.65808080808080816,3123.66221993845829275,0.35896873305049287,1.61878890418705734,false
0.13698600000000000,6032.04994086775786855,0.99370330064097367,-0.64040404040404042,3179.36938203034651451,0.34634050072324379,1.59006013015871783,false
0.13698600000000000,6032.04994086775786855,0.99370330064097367,-0.62272727272727280,3236.07002155027521439,0.33383987314661351,1.56110103306942838,false
0.13698600000000000,6032.04994086775786855,0.99370330064097367,-0.60505050505050506,3293.78185610156469920,0.32148296240704777,1.53193694015099191,false
0.13698600000000000,6032.04994086775786855,0.99370330064097367,-0.58737373737373744,3352.52291926196721761,0.30928587534617330,1.50259504097715935,false
0.13698600000000000,6032.04994086775786855,0.99370330064097367,-0.56969696969696981,3412.31156621873560653,0.29726091631153595,1.47309519824586754,false
0.13698600000000000,6032.04994086775786855,0.99370330064097367,-0.55202020202020208,3473.16647950417927859,0.28540988427738190,1.44343227721902956,false
0.13698600000000000,6032.04994086775786855,0.99370330064097367,-0.53434343434343445,3535.10667483351380724,0.27373277924489564,1.41359601182439842,false
0.13698600000000000,6032.04994086775786855,0.99370330064097367,-0.51666666666666672,3598.15150704682082505,0.26222960121526184,1.38357518779720534,false
0.13698600000000000,6032.04994086775786855,0.99370330064097367,-0.49898989898989909,3662.32067615697360452,0.25089696037466969,1.35334838092382448,false
0.13698600000000000,6032.04994086775786855,0.99370330064097367,-0.48131313131313141,3727.63423350542780099,0.23971790764932702,1.32285470695694829,false
0.13698600000000000,6032.04994086775786855,0.99370330064097367,-0.46363636363636374,3794.11258802778365862,0.22867210415044648,1.29201781442065711,false
0.13698600000000000,6032.04994086775786855,0.99370330064097367,-0.44595959595959606,3861.77651263109783031,0.21773921098924059,1.26075363855151257,false
0.13698600000000000,6032.04994086775786855,0.99370330064097367,-0.42828282828282838,3930.64715068492205319,0.20690116018823765,1.22897591197471301,false
0.13698600000000000,6032.04994086775786855,0.99370330064097367,-0.41060606060606075,4000.74602262810367392,0.19615314509756146,1.19662906092014976,false
0.13698600000000000,6032.04994086775786855,0.99370330064097367,-0.39292929292929307,4072.09503269341485066,0.18549515909854261,1.16366560509373573,false
0.13698600000000000,6032.04994086775786855,0.99370330064097367,-0.37525252525252539,4144.71647575209863135,0.17492720219324437,1.13003158599560027,false
0.13698600000000000,6032.04994086775786855,0.99370330064097367,-0.35757575757575771,4218.63304428049377748,0.16445169161072051,1.09567330434680099,false
0.13698600000000000,6032.04994086775786855,0.99370330064097367,-0.33989898989899003,4293.86783545089110703,0.15409208340753522,1.06060109541679770,false
0.13698600000000000,6032.04994086775786855,0.99370330064097367,-0.32222222222222235,4370.44435834885007353,0.14388266639824757,1.02486378386003740,false
0.13698600000000000,6032.04994086775786855,0.99370330064097367,-0.30454545454545467,4448.38654131923340174,0.13385781892434209,0.98851617483428100,false
0.13698600000000000,6032.04994086775786855,0.99370330064097367,-0.28686868686868705,4527.71873944324306649,0.12405057933757135,0.95161505947570946,false
0.13698600000000000,6032.04994086775786855,0.99370330064097367,-0.26919191919191937,4608.46574214880911313,0.11447579428908718,0.91415268790046078,false
0.13698600000000000,6032.04994086775786855,0.99370330064097367,-0.25151515151515152,4690.65278095669145841,0.10513519997050377,0.87606429459241386,false
0.13698600000000000,6032.04994086775786855,0.99370330064097367,-0.23383838383838387,4774.30553736473484605,0.09603024313565353,0.83727075497676884,false
0.13698600000000000,6032.04994086775786855,0.99370330064097367,-0.21616161616161619,4859.45015087272622623,0.08716399648948972,0.79768325432475906,false
0.13698600000000000,6032.04994086775786855,0.99370330064097367,-0.19848484848484851,4946.11322715036840236,0.07857692961275120,0.75737233123566750,false
0.13698600000000000,6032.04994086775786855,0.99370330064097367,-0.18080808080808086,5034.32184635091834934,0.07034690896196230,0.71661256282329311,false
0.13698600000000000,6032.04994086775786855,0.99370330064097367,-0.16313131313131318,5124.10357157309408649,0.06255342694476851,0.67575218927285541,false
0.13698600000000000,6032.04994086775786855,0.99370330064097367,-0.14545454545454550,5215.48645747388309246,0.05527470868641278,0.63522142684625160,false
0.13698600000000000,6032.04994086775786855,0.99370330064097367,-0.12777777777777785,5308.49905903496619430,0.04853157611294326,0.59521532661996612,false
0.13698600000000000,6032.04994086775786855,0.99370330064097367,-0.11010101010101017,5403.17044048546176782,0.04226520010459184,0.55546074527740252,false
0.13698600000000000,6032.04994086775786855,0.99370330064097367,-0.09242424242424249,5499.53018438381241140,0.03641088449343065,0.51555799049392603,false
0.13698600000000000,6032.04994086775786855,0.99370330064097367,-0.07474747474747483,5597.60840086162806983,0.03090461383496237,0.47497808088838733,false
0.13698600000000000,6032.04994086775786855,0.99370330064097367,-0.05707070707070715,5697.43573703239235329,0.02576474021978575,0.43368538987043848,false
0.13698600000000000,6032.04994086775786855,0.99370330064097367,-0.03939393939393949,5799.04338656795334828,0.02116958574467805,0.39311361706311421,false
0.13698600000000000,6032.04994086775786855,0.99370330064097367,-0.02171717171717182,5902.46309944580571027,0.01731585203904128,0.35553621190843115,false
0.13698600000000000,6032.04994086775786855,0.99370330064097367,-0.00404040404040414,6007.72719187020811660,0.01440013346382119,0.32422400520712047,false
0.13698600000000000,6032.04994086775786855,0.99370330064097367,0.01363636363636353,6114.86855637022472365,0.01254125474921429,0.30257455458491334,false
0.13698600000000000,6032.04994086775786855,0.99370330064097367,0.03131313131313120,6223.92067207786203653,0.01164318190763636,0.29153973128144689,false
0.13698600000000000,6032.04994086775786855,0.99370330064097367,0.04898989898989887,6334.91761518950352183,0.01157308787102456,0.29066084587140284,false
0.13698600000000000,6032.04994086775786855,0.99370330064097367,0.06666666666666654,6447.89406961390977813,0.01219814557131604,0.29840686750350759,false
0.13698600000000000,6032.04994086775786855,0.99370330064097367,0.08434343434343421,6562.88533781011756219,0.01340539203838605,0.31282515431353658,false
0.13698600000000000,6032.04994086775786855,0.99370330064097367,0.10202020202020189,6679.92735181862008176,0.01516132069386226,0.33268285882585019,false
0.13698600000000000,6032.04994086775786855,0.99370330064097367,0.11969696969696955,6799.05668448927099234,0.01745228905731043,0.35693415415555990,false
0.13698600000000000,6032.04994086775786855,0.99370330064097367,0.13737373737373723,6920.31056090944275638,0.02026465464829630,0.38461968798234009,false
0.13698600000000000,6032.04994086775786855,0.99370330064097367,0.15505050505050488,7043.72687003597275179,0.02357281117862774,0.41482755475518124,false
0.13698600000000000,6032.04994086775786855,0.99370330064097367,0.17272727272727256,7169.34417653456330299,0.02728128790839533,0.44626655696986040,false
0.13698600000000000,6032.04994086775786855,0.99370330064097367,0.19040404040404024,7297.20173283033273037,0.03126932616583988,0.47777252243836094,false
0.13698600000000000,6032.04994086775786855,0.99370330064097367,0.20808080808080789,7427.33949137324998446,0.03541613239929616,0.50846665111804490,true
0.13698600000000000,6032.04994086775786855,0.99370330064097367,0.22575757575757557,7559.79811712234277365,0.03960940635367034,0.53772604782571121,true
0.13698600000000000,6032.04994086775786855,0.99370330064097367,0.24343434343434325,7694.61900025252452906,0.04381077091069289,0.56552571228069448,true
0.13698600000000000,6032.04994086775786855,0.99370330064097367,0.26111111111111091,7831.84426908803561673,0.04801991150339545,0.59206935841695285,true
0.13698600000000000,6032.04994086775786855,0.99370330064097367,0.27878787878787858,7971.51680326655696263,0.05223682813134931,0.61751897483733675,true
0.13698600000000000,6032.04994086775786855,0.99370330064097367,0.29646464646464643,8113.68024713806971704,0.05646152079407817,0.64200467955521123,true
0.13698600000000000,6032.04994086775786855,0.99370330064097367,0.31414141414141394,8258.37902340267100953,0.06069398949045914,0.66563285527982119,true
0.13698600000000000,6032.04994086775786855,0.99370330064097367,0.33181818181818173,8405.65834699163679034,0.06493423421890362,0.68849179562583918,true
0.13698600000000000,6032.04994086775786855,0.99370330064097367,0.34949494949494925,8555.56423919598637440,0.06918225497781247,0.71065573409879013,true
0.13698600000000000,6032.04994086775786855,0.99370330064097367,0.36717171717171709,8708.14354204706251039,0.07343805176545348,0.73218778827942532,true
0.13698600000000000,6032.04994086775786855,0.99370330064097367,0.38484848484848461,8863.44393295353984286,0.07770162457702991,0.75314215610544233,true
0.13698600000000000,6032.04994086775786855,0.99370330064097367,0.40252525252525245,9021.51393959950110002,0.08197297340468063,0.77356578410825394,true
0.13698600000000000,6032.04994086775786855,0.99370330064097367,0.42020202020201997,9182.40295510815849411,0.08625209824041102,0.79349965492541052,true
0.13698600000000000,6032.04994086775786855,0.99370330064097367,0.43787878787878776,9346.16125347606794094,0.09053899907387090,0.81297979513563667,true
0.13698600000000000,6032.04994086775786855,0.99370330064097367,0.45555555555555527,9512.84000528251817741,0.09483367578799196,0.83203807381905615,true
0.13698600000000000,6032.04994086775786855,0.99370330064097367,0.47323232323232312,9682.49129367916066258,0.09913612811762818,0.85070284317639722,true
0.13698600000000000,6032.04994086775786855,0.99370330064097367,0.49090909090909063,9855.16813066472241189,0.10344635578672579,0.86899945834000791,true
0.13698600000000000,6032.04994086775786855,0.99370330064097367,0.50858585858585847,10030.92447365003135928,0.10776435682708120,0.88695069509926594,true
0.13698600000000000,6032.04994086775786855,0.99370330064097367,0.52626262626262599,10209.81524231839102868,0.11208992452032399,0.90457628156309366,true
0.13698600000000000,6032.04994086775786855,0.99370330064097367,0.54393939393939383,10391.89633578670691350,0.11642245449280167,0.92189250324871652,true
0.13698600000000000,6032.04994086775786855,0.99370330064097367,0.56161616161616135,10577.22465007261234859,0.12076129668280781,0.93891394984587828,true
0.13698600000000000,6032.04994086775786855,0.99370330064097367,0.57929292929292919,10765.85809587313815427,0.12510580083830738,0.95565388887568792,true
0.13698600000000000,6032.04994086775786855,0.99370330064097367,0.59696969696969693,10957.85561666041758144,0.12945517871884304,0.97212390347233946,true
0.13698600000000000,6032.04994086775786855,0.99370330064097367,0.61464646464646444,11153.27720710012363270,0.13380826085525441,0.98833316913313918,true
0.13698600000000000,6032.04994086775786855,0.99370330064097367,0.63232323232323229,11352.18393179839586082,0.13816381249558310,1.00428982377273290,true
0.13698600000000000,6032.04994086775786855,0.99370330064097367,0.64999999999999980,11554.63794438304648793,0.14252059888787033,1.02000130429686564,true
0.14520500000000000,6038.05369067168430774,0.99333441599587791,-1.10000000000000009,2009.89347544107226895,0.66603715254213691,2.14169904066209904,true
0.14520500000000000,6038.05369067168430774,0.99333441599587791,-1.08232323232323258,2045.73776773014947139,0.65348079036862183,2.12141496058554990,true
0.14520500000000000,6038.05369067168430774,0.99333441599587791,-1.06464646464646484,2082.22130448934694869,0.64092535906506276,2.10093657685061519,true
0.14520500000000000,6038.05369067168430774,0.99333441599587791,-1.04696969696969711,2119.35548595748787193,0.62837178950141592,2.08025969204810668,true
0.14520500000000000,6038.05369067168430774,0.99333441599587791,-1.02929292929292937,2157.15191568441696290,0.61582101254763666,2.05937988359589630,true
0.14520500000000000,6038.05369067168430774,0.99333441599587791,-1.01161616161616186,2195.62240415683072570,0.60327385513955489,2.03829231237845532,true
0.14520500000000000,6038.05369067168430774,0.99333441599587791,-0.99393939393939401,2234.77897248877934544,0.59073053727404856,2.01699083752577213,true
0.14520500000000000,6038.05369067168430774,0.99333441599587791,-0.97626262626262639,2274.63385617797257510,0.57819105926215930,1.99546860937147907,true
0.14520500000000000,6038.05369067168430774,0.99333441599587791,-0.95858585858585876,2315.19950892908809692,0.56565542111191291,1.97371840639146723,true
0.14520500000000000,6038.05369067168430774,0.99333441599587791,-0.94090909090909114,2356.48860654525515201,0.55312362283103889,1.95173260692665873,true
0.14520500000000000,6038.05369067168430774,0.99333441599587791,-0.92323232323232329,2398.51405088894307482,0.54059566442469476,1.92950315746288403,true
0.14520500000000000,6038.05369067168430774,0.99333441599587791,-0.90555555555555567,2441.28897391348664314,0.52807154589671257,1.90702153761051840,true
0.14520500000000000,6038.05369067168430774,0.99333441599587791,-0.88787878787878804,2484.82674176650880327,0.51555126725091338,1.88427872134684127,true
0.14520500000000000,6038.05369067168430774,0.99333441599587791,-0.87020202020202042,2529.14095896652679585,0.50303482849106063,1.86126513401918703,true
0.14520500000000000,6038.05369067168430774,0.99333441599587791,-0.85252525252525257,2574.24547265404044083,0.49052222962013292,1.83797060452984984,true
0.14520500000000000,6038.05369067168430774,0.99333441599587791,-0.83484848484848495,2620.15437691843044377,0.47801347064054367,1.81438431202934192,false
0.14520500000000000,6038.05369067168430774,0.99333441599587791,-0.81717171717171733,2666.88201720203323930,0.46550855155469351,1.79049472632540696,false
0.14520500000000000,6038.05369067168430774,0.99333441599587791,-0.79949494949494959,2714.44299478274706416,0.45300747236497002,1.76628954107614611,false
0.14520500000000000,6038.05369067168430774,0.99333441599587791,-0.78181818181818197,2762.85217133658397870,0.44051023307346349,1.74175559867056196,false
0.14520500000000000,6038.05369067168430774,0.99333441599587791,-0.76414141414141434,2812.12467358159437936,0.42801683368196580,1.71687880549770644,false
0.14520500000000000,6038.05369067168430774,0.99333441599587791,-0.74646464646464661,2862.27589800460327751,0.41552727419225594,1.69164403605728575,false
0.14520500000000000,6038.05369067168430774,0.99333441599587791,-0.72878787878787898,2913.32151567224855171,0.40304158992042133,1.66603509704882069,false
0.14520500000000000,6038.05369067168430774,0.99333441599587791,-0.71111111111111125,2965.27747712781729206,0.39056141578992987,1.64003789340181916,false
0.14520500000000000,6038.05369067168430774,0.99333441599587791,-0.69343434343434363,3018.16001737541091643,0.37809060629393365,1.61364188452592927,false
0.14520500000000000,6038.05369067168430774,0.99333441599587791,-0.67575757575757589,3071.98566095299975132,0.36563317941775358,1.58683588780578400,false
0.14520500000000000,6038.05369067168430774,0.99333441599587791,-0.65808080808080827,3126.77122709594732441,0.35319323354867743,1.55960781179937968,false
0.14520500000000000,6038.05369067168430774,0.99333441599587791,-0.64040404040404053,3182.53383499262236001,0.34078459571200043,1.53196623039024460,false
0.14520500000000000,6038.05369067168430774,0.99333441599587791,-0.62272727272727291,3239.29090913373875082,0.32843998739526137,1.50396326250251455,false
0.14520500000000000,6038.05369067168430774,0.99333441599587791,-0.60505050505050517,3297.06018475709561244,0.31619430093910800,1.47565975598396437,false
0.14520500000000000,6038.05369067168430774,0.99333441599587791,-0.58737373737373755,3355.85971338941817521,0.30408241732600461,1.44712107695119618,false
0.14520500000000000,6038.05369067168430774,0.99333441599587791,-0.56969696969696981,3415.70786848702800853,0.29213098285516015,1.41839771956691663,false
0.14520500000000000,6038.05369067168430774,0.99333441599587791,-0.55202020202020219,3476.62335117711563726,0.28034389338363219,1.38948788552723368,false
0.14520500000000000,6038.05369067168430774,0.99333441599587791,-0.53434343434343445,3538.62519610139906945,0.26872114891143450,1.36037968627123518,false
0.14520500000000000,6038.05369067168430774,0.99333441599587791,-0.51666666666666672,3601.73277736399313653,0.25726274943858102,1.33106010805303998,false
0.14520500000000000,6038.05369067168430774,0.99333441599587791,-0.49898989898989909,3665.96581458535820275,0.24596693228230104,1.30151020205325207,false
0.14520500000000000,6038.05369067168430774,0.99333441599587791,-0.48131313131313141,3731.34437906421908338,0.23482488402868346,1.27169004826733789,false
0.14520500000000000,6038.05369067168430774,0.99333441599587791,-0.46363636363636379,3797.88890004935956313,0.22382602858103254,1.24155084232069735,false
0.14520500000000000,6038.05369067168430774,0.99333441599587791,-0.44595959595959606,3865.62017112328521762,0.21295978984265229,1.21103869304016931,false
0.14520500000000000,6038.05369067168430774,0.99333441599587791,-0.42828282828282843,3934.55935669971995594,0.20221677257659620,1.18009725934825860,false
0.14520500000000000,6038.05369067168430774,0.99333441599587791,-0.41060606060606070,4004.72799863698537592,0.19159447735372398,1.14868435934470137,false
0.14520500000000000,6038.05369067168430774,0.99333441599587791,-0.39292929292929307,4076.14802296931839010,0.18109290073124562,1.11676019806232807,false
0.14520500000000000,6038.05369067168430774,0.99333441599587791,-0.37525252525252534,4148.84174675823578582,0.17071204270911089,1.08427961764487435,false
0.14520500000000000,6038.05369067168430774,0.99333441599587791,-0.35757575757575771,4222.83188506608530588,0.16045295585904415,1.05119448917020275,false
0.14520500000000000,6038.05369067168430774,0.99333441599587791,-0.33989898989899009,4298.14155805396694632,0.15032585402562376,1.01748040536478612,false
0.14520500000000000,6038.05369067168430774,0.99333441599587791,-0.32222222222222230,4374.79429820623408887,0.14034566813434371,0.98312495618975171,false
0.14520500000000000,6038.05369067168430774,0.99333441599587791,-0.30454545454545462,4452.81405768382592214,0.13052736809483817,0.94811278949729083,false
0.14520500000000000,6038.05369067168430774,0.99333441599587791,-0.28686868686868700,4532.22521580876491498,0.12088657810370682,0.91242726977633615,false
0.14520500000000000,6038.05369067168430774,0.99333441599587791,-0.26919191919191937,4613.05258668210353790,0.11144780495739898,0.87608243694911370,false
0.14520500000000000,6038.05369067168430774,0.99333441599587791,-0.25151515151515158,4695.32142693774585496,0.10224195699603777,0.83911945677135846,false
0.14520500000000000,6038.05369067168430774,0.99333441599587791,-0.23383838383838396,4779.05744363454778068,0.09330008388573140,0.80158619944985010,false
0.14520500000000000,6038.05369067168430774,0.99333441599587791,-0.21616161616161630,4864.28680228915891348,0.08465365187335155,0.76354047424238392,false
0.14520500000000000,6038.05369067168430774,0.99333441599587791,-0.19848484848484851,4951.03613505212797463,0.07634370856334033,0.72509655355106239,false
0.14520500000000000,6038.05369067168430774,0.99333441599587791,-0.18080808080808086,5039.33254902981298073,0.06842088291770962,0.68644153134060992,false
0.14520500000000000,6038.05369067168430774,0.99333441599587791,-0.16313131313131324,5129.20363475471640413,0.06093622047923522,0.64780899110664691,false
0.14520500000000000,6038.05369067168430774,0.99333441599587791,-0.14545454545454561,5220.67747480686193740,0.05393984601916427,0.60948646501450321,false
0.14520500000000000,6038.05369067168430774,0.99333441599587791,-0.12777777777777780,5313.78265258894225553,0.04744017676876598,0.57158702757954027,false
0.14520500000000000,6038.05369067168430774,0.99333441599587791,-0.11010101010101017,5408.54826125794352265,0.04138775776360795,0.53388185860004644,false
0.14520500000000000,6038.05369067168430774,0.99333441599587791,-0.09242424242424253,5505.00391281607880956,0.03572887120810701,0.49604247100448251,false
0.14520500000000000,6038.05369067168430774,0.99333441599587791,-0.07474747474747490,5603.17974736382439005,0.03041041033505674,0.45763618290076341,false
0.14520500000000000,6038.05369067168430774,0.99333441599587791,-0.05707070707070711,5703.10644251799294580,0.02545320281083262,0.41867828199071838,false
0.14520500000000000,6038.05369067168430774,0.99333441599587791,-0.03939393939393947,5804.81522299775224383,0.02102166797033688,0.38048960872263415,false
0.14520500000000000,6038.05369067168430774,0.99333441599587791,-0.02171717171717184,5908.33787038161881355,0.01729672291464279,0.34513668907523160,false
0.14520500000000000,6038.05369067168430774,0.99333441599587791,-0.00404040404040420,6013.70673303843705071,0.01445918705445175,0.31555942241535556,false
0.14520500000000000,6038.05369067168430774,0.99333441599587791,0.01363636363636360,6120.95473623548332398,0.01261905428083962,0.29479670068358177,false
0.14520500000000000,6038.05369067168430774,0.99333441599587791,0.03131313131313123,6230.11539242682283657,0.01169064466997140,0.28374514854197491,false
0.14520500000000000,6038.05369067168430774,0.99333441599587791,0.04898989898989887,6341.22281172516250081,0.01155477050045128,0.28209141962529305,false
0.14520500000000000,6038.05369067168430774,0.99333441599587791,0.06666666666666667,6454.31171256045035989,0.01209224405088349,0.28857763260307762,false
0.14520500000000000,6038.05369067168430774,0.99333441599587791,0.08434343434343430,6569.41743252855212631,0.01319923656240754,0.30149743429246423,false
0.14520500000000000,6038.05369067168430774,0.99333441599587791,0.10202020202020193,6686.57593943342271814,0.01483335512630424,0.31961629407279196,false
0.14520500000000000,6038.05369067168430774,0.99333441599587791,0.11969696969696957,6805.82384252618066967,0.01696756579638973,0.34183693466793424,false
0.14520500000000000,6038.05369067168430774,0.99333441599587791,0.13737373737373737,6927.19840394464245037,0.01957483462648019,0.36716245517847279,false
0.14520500000000000,6038.05369067168430774,0.99333441599587791,0.15505050505050499,7050.73755035683461756,0.02262021678993242,0.39469133844353604,false
0.14520500000000000,6038.05369067168430774,0.99333441599587791,0.17272727272727265,7176.47988481219908863,0.02602257068587571,0.42333513336665307,false
0.14520500000000000,6038.05369067168430774,0.99333441599587791,0.19040404040404027,7304.46469880411677877,0.02968403346465515,0.45213764788342237,false
0.14520500000000000,6038.05369067168430774,0.99333441599587791,0.20808080808080806,7434.73198454757130094,0.03350671921282442,0.48036921520793679,true
0.14520500000000000,6038.05369067168430774,0.99333441599587791,0.22575757575757571,7567.32244747576078225,0.03739962461893205,0.50750793394045945,true
0.14520500000000000,6038.05369067168430774,0.99333441599587791,0.24343434343434334,7702.27751895958408568,0.04133165050000059,0.53351985772493005,true
0.14520500000000000,6038.05369067168430774,0.99333441599587791,0.26111111111111096,7839.63936925395955768,0.04530254192643739,0.55856085970057479,true
0.14520500000000000,6038.05369067168430774,0.99333441599587791,0.27878787878787875,7979.45092067502991995,0.04931229887983470,0.58275611459133547,true
0.14520500000000000,6038.05369067168430774,0.99333441599587791,0.29646464646464643,8121.75586101235876413,0.05336071395328958,0.60620572046645438,true
0.14520500000000000,6038.05369067168430774,0.99333441599587791,0.31414141414141405,8266.59865718033506710,0.05744476423368855,0.62897652980336261,true
0.14520500000000000,6038.05369067168430774,0.99333441599587791,0.33181818181818185,8414.02456911302942899,0.06155939771888148,0.65111304351864441,true
0.14520500000000000,6038.05369067168430774,0.99333441599587791,0.34949494949494947,8564.07966390683759528,0.06569951761080314,0.67265179402853070,true
0.14520500000000000,6038.05369067168430774,0.99333441599587791,0.36717171717171709,8716.81083021537051536,0.06986009750565154,0.69362351520005461,true
0.14520500000000000,6038.05369067168430774,0.99333441599587791,0.38484848484848472,8872.26579290102745290,0.07403773006767682,0.71406173699095721,true
0.14520500000000000,6038.05369067168430774,0.99333441599587791,0.40252525252525240,9030.49312794789693726,0.07823062702918135,0.73400263673153177,true
0.14520500000000000,6038.05369067168430774,0.99333441599587791,0.42020202020202002,9191.54227764058850880,0.08243707051673067,0.75347784947170626,true
0.14520500000000000,6038.05369067168430774,0.99333441599587791,0.43787878787878798,9355.46356601377920015,0.08665534840204567,0.77251496417253829,true
0.14520500000000000,6038.05369067168430774,0.99333441599587791,0.45555555555555560,9522.30821457726779045,0.09088400879109938,0.79113928766113673,true
0.14520500000000000,6038.05369067168430774,0.99333441599587791,0.47323232323232323,9692.12835832149903581,0.09512196088350948,0.80937467549663367,true
0.14520500000000000,6038.05369067168430774,0.99333441599587791,0.49090909090909085,9864.97706200849097513,0.09936814047683420,0.82724241880351179,true
0.14520500000000000,6038.05369067168430774,0.99333441599587791,0.50858585858585847,10040.90833675332760322,0.10362148398532049,0.84476151081844375,true
0.14520500000000000,6038.05369067168430774,0.99333441599587791,0.52626262626262610,10219.97715690134282340,0.10788100244253372,0.86194925986588034,true
0.14520500000000000,6038.05369067168430774,0.99333441599587791,0.54393939393939383,10402.23947720629257674,0.11214585180385664,0.87882179988768461,true
0.14520500000000000,6038.05369067168430774,0.99333441599587791,0.56161616161616146,10587.75225031489935645,0.11641520467526373,0.89539376822378358,true
0.14520500000000000,6038.05369067168430774,0.99333441599587791,0.57929292929292941,10776.57344456319151504,0.12068823369909738,0.91167843090232437,true
0.14520500000000000,6038.05369067168430774,0.99333441599587791,0.59696969696969704,10968.76206209023075644,0.12496413788442963,0.92768794498848084,true
0.14520500000000000,6038.05369067168430774,0.99333441599587791,0.61464646464646466,11164.37815727489032724,0.12924218908524276,0.94343366024337350,true
0.14520500000000000,6038.05369067168430774,0.99333441599587791,0.63232323232323229,11363.48285550141736167,0.13352167162970988,0.95892600167202113,true
0.14520500000000000,6038.05369067168430774,0.99333441599587791,0.64999999999999991,11566.13837225965289690,0.13780186984600390,0.97417452788747227,true
0.16438400000000000,6043.52627980352917803,0.99247415782701098,-1.10000000000000009,2011.71514211602379874,0.61641776507738355,1.93645674826854375,true
0.16438400000000000,6043.52627980352917803,0.99247415782701098,-1.08232323232323235,2047.59192187448661571,0.60532623020620047,1.91895581346834265,true
0.16438400000000000,6043.52627980352917803,0.99247415782701098,-1.06464646464646462,2084.10852548220645986,0.59423469533565676,1.90129379375650531,true
0.16438400000000000,6043.52627980352917803,0.99247415782701098,-1.04696969696969711,2121.27636351061164532,0.58314316046639247,1.88346615746549695,true
0.16438400000000000,6043.52627980352917803,0.99247415782701098,-1.02929292929292937,2159.10705002642362160,0.57205162559904721,1.86546815638068653,true
0.16438400000000000,6043.52627980352917803,0.99247415782701098,-1.01161616161616164,2197.61240622077230000,0.56096009073417896,1.84729481097033865,true
0.16438400000000000,6043.52627980352917803,0.99247415782701098,-0.99393939393939401,2236.80446410304102756,0.54986855587186212,1.82894089429402884,true
0.16438400000000000,6043.52627980352917803,0.99247415782701098,-0.97626262626262639,2276.69547026058307893,0.53877702101199854,1.81040091444383355,true
0.16438400000000000,6043.52627980352917803,0.99247415782701098,-0.95858585858585854,2317.29788968548882622,0.52768548615448896,1.79166909534975671,true
0.16438400000000000,6043.52627980352917803,0.99247415782701098,-0.94090909090909092,2358.62440966960002697,0.51659395129916608,1.77273935575906494,true
0.16438400000000000,6043.52627980352917803,0.99247415782701098,-0.92323232323232329,2400.68794376898677001,0.50550241644526694,1.75360528617228306,true
0.16438400000000000,6043.52627980352917803,0.99247415782701098,-0.90555555555555556,2443.50163583912853937,0.49441088159172158,1.73426012349008274,true
0.16438400000000000,6043.52627980352917803,0.99247415782701098,-0.88787878787878793,2487.07886414205495385,0.48331934673745780,1.71469672308543508,true
0.16438400000000000,6043.52627980352917803,0.99247415782701098,-0.87020202020202031,2531.43324552673584549,0.47222644570025035,1.69490507624112774,true
0.16438400000000000,6043.52627980352917803,0.99247415782701098,-0.85252525252525246,2576.57863968402443788,0.46111226502254349,1.67484092736438339,true
0.16438400000000000,6043.52627980352917803,0.99247415782701098,-0.83484848484848495,2622.52915347747830310,0.44994352453038239,1.65443317841150095,false
0.16438400000000000,6043.52627980352917803,0.99247415782701098,-0.81717171717171733,2669.29914535142370369,0.43868664895468318,1.63360643914652681,false
0.16438400000000000,6043.52627980352917803,0.99247415782701098,-0.79949494949494970,2716.90322981762392374,0.42730876251113487,1.61228245252814983,false
0.16438400000000000,6043.52627980352917803,0.99247415782701098,-0.78181818181818208,2765.35628202197085557,0.41579307756520312,1.59040911197463175,false
0.16438400000000000,6043.52627980352917803,0.99247415782701098,-0.76414141414141423,2814.67344239261274197,0.40413889463213065,1.56796207001274546,false
0.16438400000000000,6043.52627980352917803,0.99247415782701098,-0.74646464646464661,2864.87012137097735831,0.39234621371193323,1.54491631986021583,false
0.16438400000000000,6043.52627980352917803,0.99247415782701098,-0.72878787878787887,2915.96200422717311085,0.38041568579175339,1.52124595339757529,false
0.16438400000000000,6043.52627980352917803,0.99247415782701098,-0.71111111111111125,2967.96505596125916782,0.36837744916453269,1.49698257834418391,false
0.16438400000000000,6043.52627980352917803,0.99247415782701098,-0.69343434343434363,3020.89552629193076427,0.35630255786968823,1.47224367787290733,false
0.16438400000000000,6043.52627980352917803,0.99247415782701098,-0.67575757575757589,3074.76995473417082394,0.34426507977592963,1.44716054761516943,false
0.16438400000000000,6043.52627980352917803,0.99247415782701098,-0.65808080808080816,3129.60517576745496626,0.33233888986689253,1.42187300960012419,false
0.16438400000000000,6043.52627980352917803,0.99247415782701098,-0.64040404040404053,3185.41832409612561605,0.32057452403224401,1.39648003474647564,false
0.16438400000000000,6043.52627980352917803,0.99247415782701098,-0.62272727272727280,3242.22684000358140111,0.30897719016923153,1.37098731865502099,false
0.16438400000000000,6043.52627980352917803,0.99247415782701098,-0.60505050505050517,3300.04847480195167009,0.29754688827810155,1.34538919158469272,false
0.16438400000000000,6043.52627980352917803,0.99247415782701098,-0.58737373737373755,3358.90129637896052373,0.28628361299829780,1.31967950715150550,false
0.16438400000000000,6043.52627980352917803,0.99247415782701098,-0.56969696969696981,3418.80369484370930877,0.27518347238713298,1.29384246578921736,false
0.16438400000000000,6043.52627980352917803,0.99247415782701098,-0.55202020202020219,3479.77438827315290837,0.26423183681363488,1.26783518416241092,false
0.16438400000000000,6043.52627980352917803,0.99247415782701098,-0.53434343434343445,3541.83242856105334795,0.25341223789142292,1.24160662165631797,false
0.16438400000000000,6043.52627980352917803,0.99247415782701098,-0.51666666666666672,3604.99720737124243897,0.24270820723411679,1.21510122627084183,false
0.16438400000000000,6043.52627980352917803,0.99247415782701098,-0.49898989898989915,3669.28846219705656040,0.23210602118644835,1.18826534506627768,false
0.16438400000000000,6043.52627980352917803,0.99247415782701098,-0.48131313131313141,3734.72628252883805544,0.22160293501759767,1.16106887240791279,false
0.16438400000000000,6043.52627980352917803,0.99247415782701098,-0.46363636363636385,3801.33111613141772978,0.21119894872785719,1.13348585286892223,false
0.16438400000000000,6043.52627980352917803,0.99247415782701098,-0.44595959595959611,3869.12377543356296883,0.20089406231751911,1.10548735263026709,false
0.16438400000000000,6043.52627980352917803,0.99247415782701098,-0.42828282828282843,3938.12544403136098481,0.19068915523578400,1.07704345360687137,false
0.16438400000000000,6043.52627980352917803,0.99247415782701098,-0.41060606060606081,4008.35768330759310629,0.18059024260579709,1.04813535049217976,false
0.16438400000000000,6043.52627980352917803,0.99247415782701098,-0.39292929292929307,4079.84243916915374939,0.17060519844416819,1.01874703579804127,false
0.16438400000000000,6043.52627980352917803,0.99247415782701098,-0.37525252525252539,4152.60204890462500771,0.16074189933149835,0.98885992268003109,false
0.16438400000000000,6043.52627980352917803,0.99247415782701098,-0.35757575757575777,4226.65924816415190435,0.15100940132309978,0.95845608924665415,false
0.16438400000000000,6043.52627980352917803,0.99247415782701098,-0.33989898989899003,4302.03717806378608657,0.14142702627269785,0.92754808441631831,false
0.16438400000000000,6043.52627980352917803,0.99247415782701098,-0.32222222222222235,4378.75939241654305079,0.13201938182809464,0.89616726367284272,false
0.16438400000000000,6043.52627980352917803,0.99247415782701098,-0.30454545454545473,4456.84986509240479791,0.12281111932134081,0.86434887840936869,false
0.16438400000000000,6043.52627980352917803,0.99247415782701098,-0.28686868686868711,4536.33299750958485674,0.11382633102803805,0.83213079935956313,false
0.16438400000000000,6043.52627980352917803,0.99247415782701098,-0.26919191919191932,4617.23362625939444115,0.10508151947344063,0.79952748888257907,false
0.16438400000000000,6043.52627980352917803,0.99247415782701098,-0.25151515151515169,4699.57703086708443152,0.09658771737450848,0.76653356993134336,false
0.16438400000000000,6043.52627980352917803,0.99247415782701098,-0.23383838383838407,4783.38894169109789800,0.08835583669200847,0.73314157788169143,false
0.16438400000000000,6043.52627980352917803,0.99247415782701098,-0.21616161616161628,4868.69554796320153400,0.08039747780519725,0.69934494523518942,false
0.16438400000000000,6043.52627980352917803,0.99247415782701098,-0.19848484848484865,4955.52350597198437754,0.07274007471859724,0.66520744223309014,false
0.16438400000000000,6043.52627980352917803,0.99247415782701098,-0.18080808080808103,5043.89994739233134169,0.06542689506199602,0.63088235849510155,false
0.16438400000000000,6043.52627980352917803,0.99247415782701098,-0.16313131313131324,5133.85248776341722987,0.05850189488367104,0.59656146219881678,false
0.16438400000000000,6043.52627980352917803,0.99247415782701098,-0.14545454545454561,5225.40923511790970224,0.05200825927104476,0.56247909609593449,false
0.16438400000000000,6043.52627980352917803,0.99247415782701098,-0.12777777777777799,5318.59879876506238361,0.04595425164021168,0.52872893370156460,false
0.16438400000000000,6043.52627980352917803,0.99247415782701098,-0.11010101010101020,5413.45029823044478690,0.04029967908981463,0.49513203025162827,false
0.16438400000000000,6043.52627980352917803,0.99247415782701098,-0.09242424242424258,5509.99337235509938182,0.03500077945527838,0.46143346277013259,false
0.16438400000000000,6043.52627980352917803,0.99247415782701098,-0.07474747474747495,5608.25818855697980325,0.03001432864655781,0.42730162536013822,false
0.16438400000000000,6043.52627980352917803,0.99247415782701098,-0.05707070707070733,5708.27545225755329739,0.02536220959177129,0.39279302894311369,false
0.16438400000000000,6043.52627980352917803,0.99247415782701098,-0.03939393939393954,5810.07641647650871164,0.02119275273365229,0.35905742623860398,false
0.16438400000000000,6043.52627980352917803,0.99247415782701098,-0.02171717171717192,5913.69289159758864116,0.01766881652725188,0.32784907185178747,false
0.16438400000000000,6043.52627980352917803,0.99247415782701098,-0.00404040404040429,6019.15725530857980630,0.01495316916948046,0.30160382934353874,false
0.16438400000000000,6043.52627980352917803,0.99247415782701098,0.01363636363636350,6126.50246271856940439,0.01314314170541007,0.28276120460708132,false
0.16438400000000000,6043.52627980352917803,0.99247415782701098,0.03131313131313112,6235.76205665562974900,0.01215527812475738,0.27192721711365525,false
0.16438400000000000,6043.52627980352917803,0.99247415782701098,0.04898989898989874,6346.97017814816535974,0.01187516387505888,0.26877571988352650,false
0.16438400000000000,6043.52627980352917803,0.99247415782701098,0.06666666666666654,6460.16157709316576074,0.01218838440385108,0.27229727762369260,false
0.16438400000000000,6043.52627980352917803,0.99247415782701098,0.08434343434343415,6575.37162311472457077,0.01299601502594186,0.28117411079993027,false
0.16438400000000000,6043.52627980352917803,0.99247415782701098,0.10202020202020178,6692.63631661620911473,0.01426109052522470,0.29454156924926728,false
0.16438400000000000,6043.52627980352917803,0.99247415782701098,0.11969696969696957,6811.99230002953208896,0.01596213555286446,0.31161311323387192,true
0.16438400000000000,6043.52627980352917803,0.99247415782701098,0.13737373737373720,6933.47686926503502036,0.01807767476002594,0.33162060882512906,true
0.16438400000000000,6043.52627980352917803,0.99247415782701098,0.15505050505050480,7057.12798536558148044,0.02058018634313883,0.35383018487964246,true
0.16438400000000000,6043.52627980352917803,0.99247415782701098,0.17272727272727242,7182.98428636848075257,0.02340683931835708,0.37734761976644626,true
0.16438400000000000,6043.52627980352917803,0.99247415782701098,0.19040404040404021,7311.08509937895360054,0.02648202229459557,0.40137082525101991,true
0.16438400000000000,6043.52627980352917803,0.99247415782701098,0.20808080808080784,7441.47045285891817912,0.02973010625262119,0.42527363436146376,true
0.16438400000000000,6043.52627980352917803,0.99247415782701098,0.22575757575757546,7574.18108913494052103,0.03308077983602636,0.44859878959581428,true
0.16438400000000000,6043.52627980352917803,0.99247415782701098,0.24343434343434325,7709.25847712923950894,0.03651001505003232,0.47127698785572503,true
0.16438400000000000,6043.52627980352917803,0.99247415782701098,0.26111111111111091,7846.74482531773173832,0.04001761490733723,0.49339623175840203,true
0.16438400000000000,6043.52627980352917803,0.99247415782701098,0.27878787878787853,7986.68309491919535503,0.04360357937111436,0.51502854337976034,true
0.16438400000000000,6043.52627980352917803,0.99247415782701098,0.29646464646464632,8129.11701331962194672,0.04726716447004234,0.53622863632629358,true
0.16438400000000000,6043.52627980352917803,0.99247415782701098,0.31414141414141394,8274.09108773597836262,0.05099752657810014,0.55698664800792697,true
0.16438400000000000,6043.52627980352917803,0.99247415782701098,0.33181818181818157,8421.65061912366945762,0.05477654341417107,0.57725478243260753,true
0.16438400000000000,6043.52627980352917803,0.99247415782701098,0.34949494949494936,8571.84171633200094220,0.05858593200728761,0.59698978437897854,true
0.16438400000000000,6043.52627980352917803,0.99247415782701098,0.36717171717171698,8724.71131051210431906,0.06240778440851826,0.61615447962468961,true
0.16438400000000000,6043.52627980352917803,0.99247415782701098,0.38484848484848455,8880.30716978180498700,0.06623281817576421,0.63475604457823209,true
0.16438400000000000,6043.52627980352917803,0.99247415782701098,0.40252525252525240,9038.67791415202555072,0.07006037637375895,0.65283955640601554,true
0.16438400000000000,6043.52627980352917803,0.99247415782701098,0.42020202020201997,9199.87303071938367793,0.07389017708927210,0.67044565673393364,true
0.16438400000000000,6043.52627980352917803,0.99247415782701098,0.43787878787878759,9363.94288912973752304,0.07772193937309013,0.68760977574524185,true
0.16438400000000000,6043.52627980352917803,0.99247415782701098,0.45555555555555538,9530.93875731750085833,0.08155542594238226,0.70436320044617395,true
0.16438400000000000,6043.52627980352917803,0.99247415782701098,0.47323232323232284,9700.91281752564827912,0.08539046010454833,0.72073382540529030,true
0.16438400000000000,6043.52627980352917803,0.99247415782701098,0.49090909090909063,9873.91818261144908320,0.08922686963002831,0.73674645760606916,true
0.16438400000000000,6043.52627980352917803,0.99247415782701098,0.50858585858585847,10050.00891264295023575,0.09306448237778012,0.75242325727576642,true
0.16438400000000000,6043.52627980352917803,0.99247415782701098,0.52626262626262588,10229.24003179146711773,0.09690313691745960,0.76778415647531872,true
0.16438400000000000,6043.52627980352917803,0.99247415782701098,0.54393939393939372,10411.66754552535167022,0.10074269262049139,0.78284720465873825,true
0.16438400000000000,6043.52627980352917803,0.99247415782701098,0.56161616161616146,10597.34845811034392682,0.10458301124829041,0.79762874939584205,true
0.16438400000000000,6043.52627980352917803,0.99247415782701098,0.57929292929292897,10786.34079042206030863,0.10842395456751984,0.81214364374759318,true
0.16438400000000000,6043.52627980352917803,0.99247415782701098,0.59696969696969671,10978.70359807615568570,0.11226538814987695,0.82640544330403198,true
0.16438400000000000,6043.52627980352917803,0.99247415782701098,0.61464646464646455,11174.49698988177806314,0.11610718807944882,0.84042658452224717,true
0.16438400000000000,6043.52627980352917803,0.99247415782701098,0.63232323232323195,11373.78214662414575287,0.11994923224049708,0.85421848315196580,true
0.16438400000000000,6043.52627980352917803,0.99247415782701098,0.64999999999999980,11576.62134018211691000,0.12379139851728371,0.86779164135979192,true
0.18356200000000000,6050.03742398269787373,0.99161468946410514,-1.19999999999999996,1822.23625395579824726,0.66101733487362579,1.89764527727889387,true
0.18356200000000000,6050.03742398269787373,0.99161468946410514,-1.18131313131313109,1856.60829625244946328,0.64891781647560820,1.88019744693976332,true
0.18356200000000000,6050.03742398269787373,0.99161468946410514,-1.16262626262626245,1891.62868328984291111,0.63681829807790047,1.86258618071229276,true
0.18356200000000000,6050.03742398269787373,0.99161468946410514,-1.14393939393939381,1927.30964451012960126,0.62471877968081180,1.84480679792908941,true
0.18356200000000000,6050.03742398269787373,0.99161468946410514,-1.12525252525252495,1963.66364003405647054,0.61261926128465161,1.82685439014591777,true
0.18356200000000000,6050.03742398269787373,0.99161468946410514,-1.10656565656565653,2000.70336501215615499,0.60051974288973153,1.80872380531473120,true
0.18356200000000000,6050.03742398269787373,0.99161468946410514,-1.08787878787878767,2038.44175405801411216,0.58842022449635856,1.79040963051403912,true
0.18356200000000000,6050.03742398269787373,0.99161468946410514,-1.06919191919191903,2076.89198576514900196,0.57632070610484309,1.77190617307259091,true
0.18356200000000000,6050.03742398269787373,0.99161468946410514,-1.05050505050505039,2116.06748730910339873,0.56422118771549490,1.75320743989976746,true
0.18356200000000000,6050.03742398269787373,0.99161468946410514,-1.03181818181818175,2155.98193913633622287,0.55212166932862250,1.73430711480998290,true
0.18356200000000000,6050.03742398269787373,0.99161468946410514,-1.01313131313131310,2196.64927974156171331,0.54002215094453621,1.71519853359788499,true
0.18356200000000000,6050.03742398269787373,0.99161468946410514,-0.99444444444444435,2238.08371053519749694,0.52792263256354477,1.69587465658550474,true
0.18356200000000000,6050.03742398269787373,0.99161468946410514,-0.97575757575757560,2280.29970080263046839,0.51582311418595761,1.67632803832072730,true
0.18356200000000000,6050.03742398269787373,0.99161468946410514,-0.95707070707070696,2323.31199275702465457,0.50372359581208426,1.65655079405723726,true
0.18356200000000000,6050.03742398269787373,0.99161468946410514,-0.93838383838383821,2367.13560668743775750,0.49162407744223313,1.63653456258797680,true
0.18356200000000000,6050.03742398269787373,0.99161468946410514,-0.91969696969696968,2411.78584620404399175,0.47952455907671382,1.61627046493524018,false
0.18356200000000000,6050.03742398269787373,0.99161468946410514,-0.90101010101010093,2457.27830358229630292,0.46742504071583491,1.59574905831844793,false
0.18356200000000000,6050.03742398269787373,0.99161468946410514,-0.88232323232323218,2503.62886520789243150,0.45532552235990587,1.57496028472257543,false
0.18356200000000000,6050.03742398269787373,0.99161468946410514,-0.86363636363636342,2550.85371712444884906,0.44322600400923973,1.55389341327238029,false
0.18356200000000000,6050.03742398269787373,0.99161468946410514,-0.84494949494949489,2598.96935068581296946,0.43112648566415412,1.53253697547549006,false
0.18356200000000000,6050.03742398269787373,0.99161468946410514,-0.82626262626262614,2647.99256831500179032,0.41902696732496636,1.51087869222514581,false
0.18356200000000000,6050.03742398269787373,0.99161468946410514,-0.80757575757575750,2697.94048937175648462,0.40692781883530743,1.48890606785262736,false
0.18356200000000000,6050.03742398269787373,0.99161468946410514,-0.78888888888888875,2748.83055613078568058,0.39484616257110566,1.46663677454198704,false
0.18356200000000000,6050.03742398269787373,0.99161468946410514,-0.77020202020202011,2800.68053987276562111,0.38282236624541821,1.44413322948598033,false
0.18356200000000000,6050.03742398269787373,0.99161468946410514,-0.75151515151515136,2853.50854709023678879,0.37089850980886357,1.42146494440265858,false
0.18356200000000000,6050.03742398269787373,0.99161468946410514,-0.73282828282828272,2907.33302581055750125,0.35911656362885475,1.39870564577194556,false
0.18356200000000000,6050.03742398269787373,0.99161468946410514,-0.71414141414141408,2962.17277203812591324,0.34750523850497195,1.37590765672261450,false
0.18356200000000000,6050.03742398269787373,0.99161468946410514,-0.69545454545454533,3018.04693631811778687,0.33606749318356538,1.35307497782596298,false
0.18356200000000000,6050.03742398269787373,0.99161468946410514,-0.67676767676767668,3074.97503042403195650,0.32480332766444425,1.33020582275289967,false
0.18356200000000000,6050.03742398269787373,0.99161468946410514,-0.65808080808080793,3132.97693417138452787,0.31371271906437703,1.30729822954318320,false
0.18356200000000000,6050.03742398269787373,0.99161468946410514,-0.63939393939393929,3192.07290235992240923,0.30277905429567775,1.28431490760755240,false
0.18356200000000000,6050.03742398269787373,0.99161468946410514,-0.62070707070707054,3252.28357184678361591,0.29193988554028544,1.26111684373601429,false
0.18356200000000000,6050.03742398269787373,0.99161468946410514,-0.60202020202020190,3313.62996875308317613,0.28112491609720414,1.23753724672234200,false
0.18356200000000000,6050.03742398269787373,0.99161468946410514,-0.58333333333333326,3376.13351580642483896,0.27026384926543801,1.21339608266121446,false
0.18356200000000000,6050.03742398269787373,0.99161468946410514,-0.56464646464646451,3439.81603982191745672,0.25930828926599891,1.18854822981522923,false
0.18356200000000000,6050.03742398269787373,0.99161468946410514,-0.54595959595959587,3504.69977932429537759,0.24829744400793224,1.16304022091846648,false
0.18356200000000000,6050.03742398269787373,0.99161468946410514,-0.52727272727272712,3570.80739231382449361,0.23729242232229120,1.13697402860467767,false
0.18356200000000000,6050.03742398269787373,0.99161468946410514,-0.50858585858585847,3638.16196417867649870,0.22635433304012917,1.11046024647973240,false
0.18356200000000000,6050.03742398269787373,0.99161468946410514,-0.48989898989898978,3706.78701575656623390,0.21553746197180715,1.08360248380213897,false
0.18356200000000000,6050.03742398269787373,0.99161468946410514,-0.47121212121212108,3776.70651154843972108,0.20485625087390646,1.05641174192687970,false
0.18356200000000000,6050.03742398269787373,0.99161468946410514,-0.45252525252525244,3847.94486808710234982,0.19431071966626828,1.02886167401969764,false
0.18356200000000000,6050.03742398269787373,0.99161468946410514,-0.43383838383838369,3920.52696246369714572,0.18390086837654518,1.00092260960061186,false
0.18356200000000000,6050.03742398269787373,0.99161468946410514,-0.41515151515151499,3994.47814101501126061,0.17362828318162979,0.97256546720845194,false
0.18356200000000000,6050.03742398269787373,0.99161468946410514,-0.39646464646464635,4069.82422817465476328,0.16350835563143001,0.94379698366879317,false
0.18356200000000000,6050.03742398269787373,0.99161468946410514,-0.37777777777777771,4146.59153549118855153,0.15356358557429980,0.91464535154362281,false
0.18356200000000000,6050.03742398269787373,0.99161468946410514,-0.35909090909090896,4224.80687081636096991,0.14381653160486124,0.88514213534237174,false
0.18356200000000000,6050.03742398269787373,0.99161468946410514,-0.34040404040404038,4304.49754766665500938,0.13428833299829240,0.85531827401040483,false
0.18356200000000000,6050.03742398269787373,0.99161468946410514,-0.32171717171717162,4385.69139476142299827,0.12498086034899694,0.82514517506026797,false
0.18356200000000000,6050.03742398269787373,0.99161468946410514,-0.30303030303030287,4468.41676574092889496,0.11588209762993690,0.79454186148180317,false
0.18356200000000000,6050.03742398269787373,0.99161468946410514,-0.28434343434343429,4552.70254906770333037,0.10697972224107441,0.76341263322614805,false
0.18356200000000000,6050.03742398269787373,0.99161468946410514,-0.26565656565656554,4638.57817811466156854,0.09826331172341699,0.73165156853156532,false
0.18356200000000000,6050.03742398269787373,0.99161468946410514,-0.24696969696969678,4726.07364144350685820,0.08976614686202225,0.69930221117967439,false
0.18356200000000000,6050.03742398269787373,0.99161468946410514,-0.22828282828282823,4815.21949327701076982,0.08156521168599790,0.66659352895157842,false
0.18356200000000000,6050.03742398269787373,0.99161468946410514,-0.20959595959595947,4906.04686416883760103,0.07373939036549700,0.63380896953251420,false
0.18356200000000000,6050.03742398269787373,0.99161468946410514,-0.19090909090909072,4998.58747187461176509,0.06636634745095685,0.60128804305683414,false
0.18356200000000000,6050.03742398269787373,0.99161468946410514,-0.17222222222222217,5092.87363242805713526,0.05946850323678850,0.56918325309405493,false
0.18356200000000000,6050.03742398269787373,0.99161468946410514,-0.15353535353535341,5188.93827142604914116,0.05299162265969540,0.53729428193384376,false
0.18356200000000000,6050.03742398269787373,0.99161468946410514,-0.13484848484848463,5286.81493552653955703,0.04687582426880688,0.50533929285184809,false
0.18356200000000000,6050.03742398269787373,0.99161468946410514,-0.11616161616161608,5386.53780416335939663,0.04106162894168651,0.47296248760338289,false
0.18356200000000000,6050.03742398269787373,0.99161468946410514,-0.09747474747474733,5488.14170148199082178,0.03553823929643335,0.44000393781731267,false
0.18356200000000000,6050.03742398269787373,0.99161468946410514,-0.07878787878787875,5591.66210850048173597,0.03038940513317868,0.40688315370655964,false
0.18356200000000000,6050.03742398269787373,0.99161468946410514,-0.06010101010101000,5697.13517549974130816,0.02570973911977647,0.37424623889447517,false
0.18356200000000000,6050.03742398269787373,0.99161468946410514,-0.04141414141414125,5804.59773464755562600,0.02159384206996673,0.34298377017899395,false
0.18356200000000000,6050.03742398269787373,0.99161468946410514,-0.02272727272727268,5914.08731286071542854,0.01812772056478509,0.31425356165728641,false
0.18356200000000000,6050.03742398269787373,0.99161468946410514,-0.00404040404040393,6025.64214490976974048,0.01537363739477501,0.28939893349312829,false
0.18356200000000000,6050.03742398269787373,0.99161468946410514,0.01464646464646482,6139.30118677095106250,0.01338978938935231,0.27008190146316507,false
0.18356200000000000,6050.03742398269787373,0.99161468946410514,0.03333333333333339,6255.10412922996329144,0.01223437337793280,0.25816625496187001,false
0.18356200000000000,6050.03742398269787373,0.99161468946410514,0.05202020202020215,6373.09141174237993255,0.01193012585308390,0.25493597344776975,false
0.18356200000000000,6050.03742398269787373,0.99161468946410514,0.07070707070707090,6493.30423655546019290,0.01235794195997973,0.25946673393898007,false
0.18356200000000000,6050.03742398269787373,0.99161468946410514,0.08939393939393947,6615.78458309636607737,0.01336325650694604,0.26981417488945925,false
0.18356200000000000,6050.03742398269787373,0.99161468946410514,0.10808080808080822,6740.57522263175724220,0.01479150430230864,0.28386691739151426,false
0.18356200000000000,6050.03742398269787373,0.99161468946410514,0.12676767676767678,6867.71973320391771267,0.01650537792168946,0.29986193967958180,false
0.18356200000000000,6050.03742398269787373,0.99161468946410514,0.14545454545454553,6997.26251484860586061,0.01846834926401747,0.31719230952689603,false
0.18356200000000000,6050.03742398269787373,0.99161468946410514,0.16414141414141428,7129.24880509996000910,0.02068036801623833,0.33565084203708284,false
0.18356200000000000,6050.03742398269787373,0.99161468946410514,0.18282828282828287,7263.72469478785569663,0.02314143417948808,0.35506163195448126,false
0.18356200000000000,6050.03742398269787373,0.99161468946410514,0.20151515151515162,7400.73714413325978967,0.02584933211427304,0.37526086280013643,false
0.18356200000000000,6050.03742398269787373,0.99161468946410514,0.22020202020202037,7540.33399914716301282,0.02878256190154421,0.39598007469159685,false
0.18356200000000000,6050.03742398269787373,0.99161468946410514,0.23888888888888893,7682.56400833885163593,0.03190969426980068,0.41693651418715438,false
0.18356200000000000,6050.03742398269787373,0.99161468946410514,0.25757575757575768,7827.47683973933908419,0.03519921788677760,0.43790017264077313,false
0.18356200000000000,6050.03742398269787373,0.99161468946410514,0.27626262626262643,7975.12309824589647178,0.03861972937933894,0.45868361079945258,false
0.18356200000000000,6050.03742398269787373,0.99161468946410514,0.29494949494949502,8125.55434329375020752,0.04214129102748308,0.47914010944747304,false
0.18356200000000000,6050.03742398269787373,0.99161468946410514,0.31363636363636377,8278.82310686111304676,0.04573502138332607,0.49915227262733369,false
0.18356200000000000,6050.03742398269787373,0.99161468946410514,0.33232323232323252,8434.98291181384047377,0.04937206231815568,0.51861997964831419,false
0.18356200000000000,6050.03742398269787373,0.99161468946410514,0.35101010101010111,8594.08829059609342949,0.05302415688906138,0.53745919265291864,false
0.18356200000000000,6050.03742398269787373,0.99161468946410514,0.36969696969696986,8756.19480427359485475,0.05667687542657264,0.55566310248054163,false
0.18356200000000000,6050.03742398269787373,0.99161468946410514,0.38838383838383839,8921.35906193604205328,0.06032961553465845,0.57328936904549854,false
0.18356200000000000,6050.03742398269787373,0.99161468946410514,0.40707070707070714,9089.63874046553974040,0.06398237600308974,0.59038972618174468,true
0.18356200000000000,6050.03742398269787373,0.99161468946410514,0.42575757575757589,9261.09260467788953974,0.06763515561903881,0.60700861708234999,true
0.18356200000000000,6050.03742398269787373,0.99161468946410514,0.44444444444444448,9435.78052784381361562,0.07128795305197555,0.62318455589496458,true
0.18356200000000000,6050.03742398269787373,0.99161468946410514,0.46313131313131323,9613.76351259724469855,0.07494076680804945,0.63895117898331022,true
0.18356200000000000,6050.03742398269787373,0.99161468946410514,0.48181818181818198,9795.10371223801666929,0.07859359538137980,0.65433806878634082,true
0.18356200000000000,6050.03742398269787373,0.99161468946410514,0.50050505050505079,9979.86445243635898805,0.08224643726575702,0.66937140655780769,true
0.18356200000000000,6050.03742398269787373,0.99161468946410514,0.51919191919191909,10168.11025334681653476,0.08589929091517182,0.68407449569787981,true
0.18356200000000000,6050.03742398269787373,0.99161468946410514,0.53787878787878785,10359.90685213928554731,0.08955215470631847,0.69846818586179382,true
0.18356200000000000,6050.03742398269787373,0.99161468946410514,0.55656565656565660,10555.32122595501823525,0.09320502700701017,0.71257122031113584,true
0.18356200000000000,6050.03742398269787373,0.99161468946410514,0.57525252525252535,10754.42161529567783873,0.09685790618516137,0.72640052232705721,true
0.18356200000000000,6050.03742398269787373,0.99161468946410514,0.59393939393939410,10957.27754785354773048,0.10051079068212355,0.73997143366071760,true
0.18356200000000000,6050.03742398269787373,0.99161468946410514,0.61262626262626285,11163.95986279123826534,0.10416367914213655,0.75329791452020267,true
0.18356200000000000,6050.03742398269787373,0.99161468946410514,0.63131313131313127,11374.54073547937514377,0.10781657024418333,0.76639271121287189,true
0.18356200000000000,6050.03742398269787373,0.99161468946410514,0.65000000000000002,11589.09370270091494604,0.11146946266724705,0.77926749885807323,true
0.22191800000000000,6060.24920195293270808,0.98989798495551695,-1.19999999999999996,1825.31198237376543148,0.62379763595943283,1.67658508143883878,true
0.22191800000000000,6060.24920195293270808,0.98989798495551695,-1.18131313131313109,1859.74204078498246417,0.61194109388219664,1.66057518757699074,true
0.22191800000000000,6060.24920195293270808,0.98989798495551695,-1.16262626262626245,1894.82153826943545027,0.60008455297075902,1.64440943111584104,true
0.22191800000000000,6060.24920195293270808,0.98989798495551695,-1.14393939393939381,1930.56272491118829748,0.58822801439091910,1.62808317084713550,true
0.22191800000000000,6060.24920195293270808,0.98989798495551695,-1.12525252525252517,1966.97808186226075122,0.57637147930847488,1.61159153044698567,true
0.22191800000000000,6060.24920195293270808,0.98989798495551695,-1.10656565656565653,2004.08032570116233728,0.56451494888901588,1.59492938145657459,true
0.22191800000000000,6060.24920195293270808,0.98989798495551695,-1.08787878787878789,2041.88241287364007803,0.55265842429689738,1.57809132464424451,true
0.22191800000000000,6060.24920195293270808,0.98989798495551695,-1.06919191919191903,2080.39754421718771482,0.54080190669603145,1.56107166956074317,true
0.22191800000000000,6060.24920195293270808,0.98989798495551695,-1.05050505050505039,2119.63916957089804782,0.52894539725032885,1.54386441206520786,true
0.22191800000000000,6060.24920195293270808,0.98989798495551695,-1.03181818181818175,2159.62099247227479282,0.51708889712378370,1.52646320957022441,true
0.22191800000000000,6060.24920195293270808,0.98989798495551695,-1.01313131313131288,2200.35697494263240515,0.50523240748111942,1.50886135371794561,true
0.22191800000000000,6060.24920195293270808,0.98989798495551695,-0.99444444444444446,2241.86134236275984222,0.49337592948743370,1.49105174015120512,true
0.22191800000000000,6060.24920195293270808,0.98989798495551695,-0.97575757575757571,2284.14858844056152520,0.48151946430782688,1.47302683499477571,true
0.22191800000000000,6060.24920195293270808,0.98989798495551695,-0.95707070707070696,2327.23348027238625946,0.46966361466070189,1.45477956925263108,true
0.22191800000000000,6060.24920195293270808,0.98989798495551695,-0.93838383838383821,2371.13106349983854670,0.45781714995208539,1.43631522436179559,true
0.22191800000000000,6060.24920195293270808,0.98989798495551695,-0.91969696969696957,2415.85666756385262488,0.44599472518550798,1.41764860963228223,false
0.22191800000000000,6060.24920195293270808,0.98989798495551695,-0.90101010101010093,2461.42591105787732886,0.43421112530001377,1.39879544198737382,false
0.22191800000000000,6060.24920195293270808,0.98989798495551695,-0.88232323232323229,2507.85470718203077922,0.42248097786387473,1.37977196029789462,false
0.22191800000000000,6060.24920195293270808,0.98989798495551695,-0.86363636363636354,2555.15926930013665697,0.41081529091761160,1.36058924962003669,false
0.22191800000000000,6060.24920195293270808,0.98989798495551695,-0.84494949494949489,2603.35611660158110681,0.39922145297399370,1.34125288953403721,false
0.22191800000000000,6060.24920195293270808,0.98989798495551695,-0.82626262626262614,2652.46207986996751060,0.38770669517501882,1.32176846296057948,false
0.22191800000000000,6060.24920195293270808,0.98989798495551695,-0.80757575757575739,2702.49430736057774993,0.37627818510773292,1.30214172520547056,false
0.22191800000000000,6060.24920195293270808,0.98989798495551695,-0.78888888888888875,2753.47027078870360128,0.36494021155526102,1.28237367728617069,false
0.22191800000000000,6060.24920195293270808,0.98989798495551695,-0.77020202020202011,2805.40777143093191626,0.35369306875432271,1.26245820627206085,false
0.22191800000000000,6060.24920195293270808,0.98989798495551695,-0.75151515151515147,2858.32494634151089485,0.34253675670575062,1.24238822261259085,false
0.22191800000000000,6060.24920195293270808,0.98989798495551695,-0.73282828282828272,2912.24027468598114865,0.33147127541037402,1.22215611421315673,false
0.22191800000000000,6060.24920195293270808,0.98989798495551695,-0.71414141414141408,2967.17258419426570981,0.32049662486868630,1.20175369275583344,false
0.22191800000000000,6060.24920195293270808,0.98989798495551695,-0.69545454545454533,3023.14105773549226797,0.30961280508052624,1.18117213280570788,false
0.22191800000000000,6060.24920195293270808,0.98989798495551695,-0.67676767676767668,3080.16524001682410017,0.29881981604565766,1.16040190248941188,false
0.22191800000000000,6060.24920195293270808,0.98989798495551695,-0.65808080808080793,3138.26504440865392098,0.28811765776384429,1.13943268427933142,false
0.22191800000000000,6060.24920195293270808,0.98989798495551695,-0.63939393939393929,3197.46075989853625288,0.27750633023478760,1.11825328411067426,false
0.22191800000000000,6060.24920195293270808,0.98989798495551695,-0.62070707070707065,3257.77305817628757723,0.26698583345801724,1.09685152667069885,false
0.22191800000000000,6060.24920195293270808,0.98989798495551695,-0.60202020202020190,3319.22300085273400327,0.25655616743303311,1.07521413421157841,false
0.22191800000000000,6060.24920195293270808,0.98989798495551695,-0.58333333333333315,3381.83204681461711516,0.24621733215933558,1.05332658561701065,false
0.22191800000000000,6060.24920195293270808,0.98989798495551695,-0.56464646464646462,3445.62205971823505024,0.23596932763669051,1.03117295166062961,false
0.22191800000000000,6060.24920195293270808,0.98989798495551695,-0.54595959595959587,3510.61531562443815346,0.22581215386592712,1.00873570137018875,false
0.22191800000000000,6060.24920195293270808,0.98989798495551695,-0.52727272727272712,3576.83451077762720161,0.21574581084814057,0.98599547307249802,false
0.22191800000000000,6060.24920195293270808,0.98989798495551695,-0.50858585858585847,3644.30276953149495966,0.20577029858442591,0.96293080194964564,false
0.22191800000000000,6060.24920195293270808,0.98989798495551695,-0.48989898989898983,3713.04365242426683835,0.19588761427741136,0.93952258313627157,false
0.22191800000000000,6060.24920195293270808,0.98989798495551695,-0.47121212121212108,3783.08116440625371979,0.18611141808794754,0.91577808040543662,false
0.22191800000000000,6060.24920195293270808,0.98989798495551695,-0.45252525252525239,3854.43976322260141387,0.17645959166700603,0.89171561165414603,false
0.22191800000000000,6060.24920195293270808,0.98989798495551695,-0.43383838383838375,3927.14436795416440873,0.16695002248830332,0.86735517912306714,false
0.22191800000000000,6060.24920195293270808,0.98989798495551695,-0.41515151515151505,4001.22036771947841771,0.15760020851489748,0.84271772580173276,false
0.22191800000000000,6060.24920195293270808,0.98989798495551695,-0.39646464646464630,4076.69363054087079945,0.14842425752448776,0.81781708222804506,false
0.22191800000000000,6060.24920195293270808,0.98989798495551695,-0.37777777777777771,4153.59051237781750388,0.13943453170997144,0.79266358355356703,false
0.22191800000000000,6060.24920195293270808,0.98989798495551695,-0.35909090909090896,4231.93786633068339142,0.13064337883792504,0.76726862090581072,false
0.22191800000000000,6060.24920195293270808,0.98989798495551695,-0.34040404040404026,4311.76305201807463163,0.12206264424294568,0.74164337579935713,false
0.22191800000000000,6060.24920195293270808,0.98989798495551695,-0.32171717171717162,4393.09394513106872182,0.11369735224307884,0.71577893084318733,false
0.22191800000000000,6060.24920195293270808,0.98989798495551695,-0.30303030303030293,4475.95894716766542842,0.10554761136188343,0.68964872838862323,false
0.22191800000000000,6060.24920195293270808,0.98989798495551695,-0.28434343434343418,4560.38699535084742820,0.09761342159761099,0.66322135750160660,false
0.22191800000000000,6060.24920195293270808,0.98989798495551695,-0.26565656565656559,4646.40757273372764757,0.08989568919618612,0.63646300989998217,false
0.22191800000000000,6060.24920195293270808,0.98989798495551695,-0.24696969696969687,4734.05071849530850159,0.08241616410001308,0.60941050143321440,false
0.22191800000000000,6060.24920195293270808,0.98989798495551695,-0.22828282828282814,4823.34703843042916560,0.07521743994797592,0.58218767767575685,false
0.22191800000000000,6060.24920195293270808,0.98989798495551695,-0.20959595959595942,4914.32771563760070421,0.06834301662663179,0.55494610472558470,false
0.22191800000000000,6060.24920195293270808,0.98989798495551695,-0.19090909090909070,5007.02452140842797235,0.06183568773086804,0.52786556599502310,false
0.22191800000000000,6060.24920195293270808,0.98989798495551695,-0.17222222222222219,5101.46982632243725675,0.05570625445883193,0.50102075196601747,false
0.22191800000000000,6060.24920195293270808,0.98989798495551695,-0.15353535353535347,5197.69661155118683382,0.04992112626928501,0.47429213456303287,false
0.22191800000000000,6060.24920195293270808,0.98989798495551695,-0.13484848484848475,5295.73848037558491342,0.04444344275214806,0.44751498472266826,false
0.22191800000000000,6060.24920195293270808,0.98989798495551695,-0.11616161616161604,5395.62966992047768144,0.03923662087122833,0.42048405735282446,false
0.22191800000000000,6060.24920195293270808,0.98989798495551695,-0.09747474747474731,5497.40506311055924016,0.03429763983060873,0.39312969806578663,false
0.22191800000000000,6060.24920195293270808,0.98989798495551695,-0.07878787878787859,5601.10020085181713512,0.02968866169771702,0.36576238922196092,false
0.22191800000000000,6060.24920195293270808,0.98989798495551695,-0.06010101010101008,5706.75129444273989066,0.02547933763491861,0.33884244125689084,false
0.22191800000000000,6060.24920195293270808,0.98989798495551695,-0.04141414141414136,5814.39523821964485251,0.02173931541306019,0.31298726492640433,false
0.22191800000000000,6060.24920195293270808,0.98989798495551695,-0.02272727272727264,5924.06962244050646405,0.01853578395205282,0.28900756741177691,false
0.22191800000000000,6060.24920195293270808,0.98989798495551695,-0.00404040404040392,6035.81274641183517815,0.01592913896018750,0.26791676190104974,false
0.22191800000000000,6060.24920195293270808,0.98989798495551695,0.01464646464646480,6149.66363186313810729,0.01397861285489873,0.25097806905170356,false
0.22191800000000000,6060.24920195293270808,0.98989798495551695,0.03333333333333352,6265.66203657367532287,0.01274343805362098,0.23963322977709908,false
0.22191800000000000,6060.24920195293270808,0.98989798495551695,0.05202020202020224,6383.84846825623571931,0.01224954416263179,0.23494364324144196,false
0.22191800000000000,6060.24920195293270808,0.98989798495551695,0.07070707070707076,6504.26419870280824398,0.01238964954358085,0.23628341883480117,false
0.22191800000000000,6060.24920195293270808,0.98989798495551695,0.08939393939393947,6626.95127819707340677,0.01302316974696089,0.24224905176892758,false
0.22191800000000000,6060.24920195293270808,0.98989798495551695,0.10808080808080819,6751.95255019874457503,0.01400952032326467,0.25125537888580551,false
0.22191800000000000,6060.24920195293270808,0.98989798495551695,0.12676767676767692,6879.31166630490679381,0.01522381358954696,0.26191807120937827,false
0.22191800000000000,6060.24920195293270808,0.98989798495551695,0.14545454545454564,7009.07310149354816531,0.01663282548800477,0.27377056395166038,false
0.22191800000000000,6060.24920195293270808,0.98989798495551695,0.16414141414141434,7141.28216965463980159,0.01823651025750416,0.28666495459465680,false
0.22191800000000000,6060.24920195293270808,0.98989798495551695,0.18282828282828287,7275.98503941416311136,0.02003486790007899,0.30046713556434956,true
0.22191800000000000,6060.24920195293270808,0.98989798495551695,0.20151515151515159,7413.22875025661596737,0.02202789841749929,0.31505782291327422,true
0.22191800000000000,6060.24920195293270808,0.98989798495551695,0.22020202020202032,7553.06122895163844078,0.02421560180923855,0.33033254890217006,true
0.22191800000000000,6060.24920195293270808,0.98989798495551695,0.23888888888888901,7695.53130629047791444,0.02659797807358778,0.34620078394278914,true
0.22191800000000000,6060.24920195293270808,0.98989798495551695,0.25757575757575774,7840.68873413816072571,0.02917502720882820,0.36258461300267358,true
0.22191800000000000,6060.24920195293270808,0.98989798495551695,0.27626262626262649,7988.58420280729023943,0.03194519945203449,0.37940804646413112,true
0.22191800000000000,6060.24920195293270808,0.98989798495551695,0.29494949494949518,8139.26935875958497491,0.03488590548214019,0.39648680168677258,true
0.22191800000000000,6060.24920195293270808,0.98989798495551695,0.31363636363636371,8292.79682264128132374,0.03795939311443335,0.41358365349003628,true
0.22191800000000000,6060.24920195293270808,0.98989798495551695,0.33232323232323241,8449.22020765877277881,0.04112757541578149,0.43049715810154476,true
0.22191800000000000,6060.24920195293270808,0.98989798495551695,0.35101010101010116,8608.59413830081757624,0.04435296924419364,0.44705924958490090,true
0.22191800000000000,6060.24920195293270808,0.98989798495551695,0.36969696969696986,8770.97426941391131550,0.04761197865393700,0.46319285360851092,true
0.22191800000000000,6060.24920195293270808,0.98989798495551695,0.38838383838383855,8936.41730563749479188,0.05089489489553677,0.47889559911515961,true
0.22191800000000000,6060.24920195293270808,0.98989798495551695,0.40707070707070730,9104.98102120571093110,0.05419261301065985,0.49416704646560833,true
0.22191800000000000,6060.24920195293270808,0.98989798495551695,0.42575757575757583,9276.72428012271666375,0.05749610805767837,0.50900606735511911,true
0.22191800000000000,6060.24920195293270808,0.98989798495551695,0.44444444444444453,9451.70705671853465901,0.06079997955535565,0.52342619321770023,true
0.22191800000000000,6060.24920195293270808,0.98989798495551695,0.46313131313131323,9629.99045659263720154,0.06410385622056100,0.53745958561939977,true
0.22191800000000000,6060.24920195293270808,0.98989798495551695,0.48181818181818198,9811.63673795258364407,0.06740773721787338,0.55113578374406691,true
0.22191800000000000,6060.24920195293270808,0.98989798495551695,0.50050505050505067,9996.70933335516747320,0.07071162171296001,0.56448074708864826,true
0.22191800000000000,6060.24920195293270808,0.98989798495551695,0.51919191919191943,10185.27287185764907917,0.07401550900315623,0.57751743535547573,true
0.22191800000000000,6060.24920195293270808,0.98989798495551695,0.53787878787878796,10377.39320158681039175,0.07731939864151698,0.59026627298753886,true
0.22191800000000000,6060.24920195293270808,0.98989798495551695,0.55656565656565660,10573.13741273374398588,0.08062329021047779,0.60274552392634451,true
0.22191800000000000,6060.24920195293270808,0.98989798495551695,0.57525252525252535,10772.57386098234928795,0.08392718329251940,0.61497159854588812,true
0.22191800000000000,6060.24920195293270808,0.98989798495551695,0.59393939393939410,10975.77219137977954233,0.08723107750300783,0.62695930689949775,true
0.22191800000000000,6060.24920195293270808,0.98989798495551695,0.61262626262626285,11182.80336265712685417,0.09053497254816281,0.63872206925928310,true
0.22191800000000000,6060.24920195293270808,0.98989798495551695,0.63131313131313149,11393.73967200886909268,0.09383886814976213,0.65027209191019009,true
0.22191800000000000,6060.24920195293270808,0.98989798495551695,0.65000000000000024,11608.65478033972431149,0.09714276402958363,0.66162051549915313,true
0.27945199999999998,6072.33786089233581151,0.98738174783023280,-1.35000000000000009,1574.19444978764431653,0.65737751721708282,1.53374730398104631,true
0.27945199999999998,6072.33786089233581151,0.98738174783023280,-1.32979797979797998,1606.31976340266373882,0.64480941755856014,1.51901504322350234,true
0.27945199999999998,6072.33786089233581151,0.98738174783023280,-1.30959595959595987,1639.10067313860872673,0.63224131795579253,1.50413849455726156,true
0.27945199999999998,6072.33786089233581151,0.98738174783023280,-1.28939393939393954,1672.55055804848825574,0.61967321846453516,1.48911333365788634,true
0.27945199999999998,6072.33786089233581151,0.98738174783023280,-1.26919191919191920,1706.68307021782834454,0.60710511914054321,1.47393501578087549,true
0.27945199999999998,6072.33786089233581151,0.98738174783023280,-1.24898989898989909,1741.51214033657265645,0.59453702003955256,1.45859875970406305,true
0.27945199999999998,6072.33786089233581151,0.98738174783023280,-1.22878787878787898,1777.05198338469381270,0.58196892121717936,1.44309953013383852,true
0.27945199999999998,6072.33786089233581151,0.98738174783023280,-1.20858585858585887,1813.31710443382871745,0.56940082272899883,1.42743201839200240,true
0.27945199999999998,6072.33786089233581151,0.98738174783023280,-1.18838383838383832,1850.32230456731645063,0.55683272463058575,1.41159062117300249,true
0.27945199999999998,6072.33786089233581151,0.98738174783023280,-1.16818181818181821,1888.08268692103979447,0.54426462697750033,1.39556941713053972,true
0.27945199999999998,6072.33786089233581151,0.98738174783023280,-1.14797979797979810,1926.61366284755831657,0.53169652982517679,1.37936214101609611,true
0.27945199999999998,6072.33786089233581151,0.98738174783023280,-1.12777777777777799,1965.93095820602457025,0.51912843322898405,1.36296215504944196,true
0.27945199999999998,6072.33786089233581151,0.98738174783023280,-1.10757575757575788,2006.05061978046592230,0.50656033724429050,1.34636241714990601,true
0.27945199999999998,6072.33786089233581151,0.98738174783023280,-1.08737373737373755,2046.98902182904771507,0.49399270516977301,1.32955606899502721,true
0.27945199999999998,6072.33786089233581151,0.98738174783023280,-1.06717171717171744,2088.76287276698712958,0.48143228929526100,1.31254437851481254,true
0.27945199999999998,6072.33786089233581151,0.98738174783023280,-1.04696969696969711,2131.38922198585305523,0.46889037428311220,1.29533484266402787,false
0.27945199999999998,6072.33786089233581151,0.98738174783023280,-1.02676767676767700,2174.88546681202706168,0.45637834485623913,1.27793540807231532,false
0.27945199999999998,6072.33786089233581151,0.98738174783023280,-1.00656565656565689,2219.26935960717037233,0.44390797904412221,1.26035493025014156,false
0.27945199999999998,6072.33786089233581151,0.98738174783023280,-0.98636363636363655,2264.55901501359267058,0.43150010092731739,1.24261570937272126,false
0.27945199999999998,6072.33786089233581151,0.98738174783023280,-0.96616161616161633,2310.77291734747859664,0.41918458063745523,1.22475448493326144,false
0.27945199999999998,6072.33786089233581151,0.98738174783023280,-0.94595959595959611,2357.92992814299714155,0.40699168161273463,1.20681070902464560,false
0.27945199999999998,6072.33786089233581151,0.98738174783023280,-0.92575757575757589,2406.04929385036166423,0.39495140130410589,1.18882579134950772,false
0.27945199999999998,6072.33786089233581151,0.98738174783023280,-0.90555555555555578,2455.15065369098738302,0.38308168892527583,1.17082526565231793,false
0.27945199999999998,6072.33786089233581151,0.98738174783023280,-0.88535353535353556,2505.25404767295913189,0.37138377589878091,1.15281031202647632,false
0.27945199999999998,6072.33786089233581151,0.98738174783023280,-0.86515151515151534,2556.37992477006582703,0.35985766222470833,1.13478024333012506,false
0.27945199999999998,6072.33786089233581151,0.98738174783023280,-0.84494949494949501,2608.54915126775631506,0.34850330369752586,1.11673425662362269,false
0.27945199999999998,6072.33786089233581151,0.98738174783023280,-0.82474747474747490,2661.78301927940810856,0.33731530723173681,1.09866278471488821,false
0.27945199999999998,6072.33786089233581151,0.98738174783023280,-0.80454545454545479,2716.10325543639555690,0.32627789142125219,1.08053841753309565,false
0.27945199999999998,6072.33786089233581151,0.98738174783023280,-0.78434343434343456,2771.53202975550266274,0.31537408130825539,1.06232985834229776,false
0.27945199999999998,6072.33786089233581151,0.98738174783023280,-0.76414141414141434,2828.09196468728850959,0.30458690746063261,1.04400362022324233,false
0.27945199999999998,6072.33786089233581151,0.98738174783023280,-0.74393939393939412,2885.80614434911603894,0.29390340658079972,1.02553077809789439,false
0.27945199999999998,6072.33786089233581151,0.98738174783023280,-0.72373737373737390,2944.69812394659993515,0.28332168335387914,1.00689989523811563,false
0.27945199999999998,6072.33786089233581151,0.98738174783023280,-0.70353535353535368,3004.79193938731987146,0.27284173778105364,0.98810203200723878,false
0.27945199999999998,6072.33786089233581151,0.98738174783023280,-0.68333333333333357,3066.11211709072995291,0.26246356986350589,0.96912747185766202,false
0.27945199999999998,6072.33786089233581151,0.98738174783023280,-0.66313131313131324,3128.68368399826158566,0.25218869732449933,0.94996848540217438,false
0.27945199999999998,6072.33786089233581151,0.98738174783023280,-0.64292929292929313,3192.53217778770249424,0.24202470877562143,0.93062827199272802,false
0.27945199999999998,6072.33786089233581151,0.98738174783023280,-0.62272727272727291,3257.68365729603556247,0.23198071055054029,0.91111317366741496,false
0.27945199999999998,6072.33786089233581151,0.98738174783023280,-0.60252525252525269,3324.16471315497165051,0.22206580898292422,0.89142998235878979,false
0.27945199999999998,6072.33786089233581151,0.98738174783023280,-0.58232323232323258,3392.00247864353013938,0.21228809365128254,0.87158391638041688,false
0.27945199999999998,6072.33786089233581151,0.98738174783023280,-0.56212121212121224,3461.22464076209644190,0.20264971663971204,0.85156810993106524,false
0.27945199999999998,6072.33786089233581151,0.98738174783023280,-0.54191919191919213,3531.85945153246530026,0.19315068091426241,0.83137030963200975,false
0.27945199999999998,6072.33786089233581151,0.98738174783023280,-0.52171717171717191,3603.93573952849874331,0.18379098647668254,0.81097691764775548,false
0.27945199999999998,6072.33786089233581151,0.98738174783023280,-0.50151515151515169,3677.48292164208623944,0.17457103553222261,0.79037370450643574,false
0.27945199999999998,6072.33786089233581151,0.98738174783023280,-0.48131313131313153,3752.53101508922554785,0.16549473094623943,0.76955289183363762,false
0.27945199999999998,6072.33786089233581151,0.98738174783023280,-0.46111111111111136,3829.11064966111143804,0.15656777805163327,0.74850995902964579,false
0.27945199999999998,6072.33786089233581151,0.98738174783023280,-0.44090909090909108,3907.25308022524495755,0.14779589707773064,0.72723969813154676,false
0.27945199999999998,6072.33786089233581151,0.98738174783023280,-0.42070707070707092,3986.99019948164914240,0.13918525085820938,0.70573717907371092,false
0.27945199999999998,6072.33786089233581151,0.98738174783023280,-0.40050505050505064,4068.35455097941712665,0.13074801102342212,0.68401233635394210,false
0.27945199999999998,6072.33786089233581151,0.98738174783023280,-0.38030303030303048,4151.37934239888727461,0.12250067964469581,0.66208788023355980,false
0.27945199999999998,6072.33786089233581151,0.98738174783023280,-0.36010101010101031,4236.09845910487456422,0.11445985439589720,0.63998969849428944,false
0.27945199999999998,6072.33786089233581151,0.98738174783023280,-0.33989898989899009,4322.54647797649704444,0.10664178716605661,0.61774621945041430,false
0.27945199999999998,6072.33786089233581151,0.98738174783023280,-0.31969696969696992,4410.75868151922077232,0.09905477679296713,0.59536609777422655,false
0.27945199999999998,6072.33786089233581151,0.98738174783023280,-0.29949494949494965,4500.77107226490716130,0.09169916906318426,0.57283439819323356,false
0.27945199999999998,6072.33786089233581151,0.98738174783023280,-0.27929292929292948,4592.62038746572125092,0.08457496397842725,0.55013249656324970,false
0.27945199999999998,6072.33786089233581151,0.98738174783023280,-0.25909090909090932,4686.34411408791311260,0.07768240751196846,0.52723924231992336,false
0.27945199999999998,6072.33786089233581151,0.98738174783023280,-0.23888888888888915,4781.98050411157601047,0.07103288723743768,0.50416898160601575,false
0.27945199999999998,6072.33786089233581151,0.98738174783023280,-0.21868686868686901,4879.56859014263500285,0.06465325049609023,0.48099611773552747,false
0.27945199999999998,6072.33786089233581151,0.98738174783023280,-0.19848484848484860,4979.14820134344881808,0.05857148338637248,0.45781445453743203,false
0.27945199999999998,6072.33786089233581151,0.98738174783023280,-0.17828282828282846,5080.75997968849242170,0.05281540153039906,0.43473707783930371,false
0.27945199999999998,6072.33786089233581151,0.98738174783023280,-0.15808080808080829,5184.44539655179687543,0.04739219291412763,0.41181275258386607,false
0.27945199999999998,6072.33786089233581151,0.98738174783023280,-0.13787878787878813,5290.24676963289221021,0.04226898358552510,0.38891732618434016,false
0.27945199999999998,6072.33786089233581151,0.98738174783023280,-0.11767676767676798,5398.20728022815274016,0.03740829673159778,0.36587299554029551,false
0.27945199999999998,6072.33786089233581151,0.98738174783023280,-0.09747474747474759,5508.37099085463069059,0.03277271053553701,0.34245425758620013,false
0.27945199999999998,6072.33786089233581151,0.98738174783023280,-0.07727272727272744,5620.78286323351767351,0.02836467541473706,0.31859231672850252,false
0.27945199999999998,6072.33786089233581151,0.98738174783023280,-0.05707070707070727,5735.48877664063365955,0.02429679914536187,0.29486343510550028,false
0.27945199999999998,6072.33786089233581151,0.98738174783023280,-0.03686868686868711,5852.53554663138038450,0.02070055319506719,0.27216818974112444,false
0.27945199999999998,6072.33786089233581151,0.98738174783023280,-0.01666666666666696,5971.97094414783441607,0.01770740903150878,0.25172357940680035,false
0.27945199999999998,6072.33786089233581151,0.98738174783023280,0.00353535353535343,6093.84371501576424635,0.01541827732921358,0.23488988510322256,false
0.27945199999999998,6072.33786089233581151,0.98738174783023280,0.02373737373737359,6218.20359983952675975,0.01381182559019319,0.22231662037561739,false
0.27945199999999998,6072.33786089233581151,0.98738174783023280,0.04393939393939375,6345.10135430298305437,0.01283616052333032,0.21432062086111889,false
0.27945199999999998,6072.33786089233581151,0.98738174783023280,0.06414141414141390,6474.58876988468909985,0.01243938883750769,0.21098224569762358,false
0.27945199999999998,6072.33786089233581151,0.98738174783023280,0.08434343434343407,6606.71869499583954166,0.01256730021556822,0.21206421239218945,false
0.27945199999999998,6072.33786089233581151,0.98738174783023280,0.10454545454545446,6741.54505654957665683,0.01315215371890365,0.21694259312676423,false
0.27945199999999998,6072.33786089233581151,0.98738174783023280,0.12474747474747461,6879.12288197048019356,0.01412131090488568,0.22479357613558842,false
0.27945199999999998,6072.33786089233581151,0.98738174783023280,0.14494949494949477,7019.50832165321480716,0.01540212657570808,0.23476682846909713,false
0.27945199999999998,6072.33786089233581151,0.98738174783023280,0.16515151515151494,7162.75867187949643267,0.01692706339875930,0.24611449893937012,false
0.27945199999999998,6072.33786089233581151,0.98738174783023280,0.18535353535353508,7308.93239820274084195,0.01867304138664107,0.25849605455570240,false
0.27945199999999998,6072.33786089233581151,0.98738174783023280,0.20555555555555524,7458.08915930993134680,0.02063987135523514,0.27176897848169523,false
0.27945199999999998,6072.33786089233581151,0.98738174783023280,0.22575757575757563,7610.28983137044542673,0.02282755330061562,0.28580911270721771,false
0.27945199999999998,6072.33786089233581151,0.98738174783023280,0.24595959595959579,7765.59653288178014918,0.02523390867707365,0.30049597030165609,false
0.27945199999999998,6072.33786089233581151,0.98738174783023280,0.26616161616161593,7924.07265002232179540,0.02782718305565435,0.31555931990840358,true
0.27945199999999998,6072.33786089233581151,0.98738174783023280,0.28636363636363610,8085.78286252148700441,0.03055430715459807,0.33066072147602388,true
0.27945199999999998,6072.33786089233581151,0.98738174783023280,0.30656565656565626,8250.79317005782286287,0.03336174112711998,0.34551805235113608,true
0.27945199999999998,6072.33786089233581151,0.98738174783023280,0.32676767676767665,8419.17091919581980619,0.03619706053965518,0.35990098975544232,true
0.27945199999999998,6072.33786089233581151,0.98738174783023280,0.34696969696969682,8590.98483087242675538,0.03903349546269581,0.37373615309726632,true
0.27945199999999998,6072.33786089233581151,0.98738174783023280,0.36717171717171698,8766.30502844451439159,0.04186993047079121,0.38707712686401702,true
0.27945199999999998,6072.33786089233581151,0.98738174783023280,0.38737373737373715,8945.20306630870072695,0.04470636555171063,0.39997336462726762,true
0.27945199999999998,6072.33786089233581151,0.98738174783023280,0.40757575757575726,9127.75195910524598730,0.04754280069327831,0.41246658397770558,true
0.27945199999999998,6072.33786089233581151,0.98738174783023280,0.42777777777777742,9314.02621151791390730,0.05037923588581109,0.42459236164537084,true
0.27945199999999998,6072.33786089233581151,0.98738174783023280,0.44797979797979781,9504.10184868198302865,0.05321567112308458,0.43638132911142130,true
0.27945199999999998,6072.33786089233581151,0.98738174783023280,0.46818181818181798,9698.05644721279713849,0.05605210639912901,0.44786008458585258,true
0.27945199999999998,6072.33786089233581151,0.98738174783023280,0.48838383838383814,9895.96916686753866088,0.05888854170798009,0.45905189951773412,true
0.27945199999999998,6072.33786089233581151,0.98738174783023280,0.50858585858585825,10097.92078285314164532,0.06172497704431702,0.46997727353010260,true
0.27945199999999998,6072.33786089233581151,0.98738174783023280,0.52878787878787847,10303.99371879351565440,0.06456141240406904,0.48065437572389502,true
0.27945199999999998,6072.33786089233581151,0.98738174783023280,0.54898989898989881,10514.27208036955198622,0.06739784778330907,0.49109939955166115,true
0.27945199999999998,6072.33786089233581151,0.98738174783023280,0.56919191919191903,10728.84168964563650661,0.07023428317811022,0.50132685109932162,true
0.27945199999999998,6072.33786089233581151,0.98738174783023280,0.58939393939393914,10947.79012009668986138,0.07307071858477877,0.51134978543926990,true
0.27945199999999998,6072.33786089233581151,0.98738174783023280,0.60959595959595936,11171.20673234999958368,0.07590715400026521,0.52118000204916493,true
0.27945199999999998,6072.33786089233581151,0.98738174783023280,0.62979797979797947,11399.18271065647422802,0.07874358942163019,0.53082820763801142,true
0.27945199999999998,6072.33786089233581151,0.98738174783023280,0.64999999999999991,11631.81110010617339867,0.08158002484593446,0.54030415279073873,true
0.29863000000000001,6077.28865640341700782,0.98656133446031691,-1.35000000000000009,1575.47789530634167932,0.63913331505833104,1.46294840850166397,true
0.29863000000000001,6077.28865640341700782,0.98656133446031691,-1.32979797979797998,1607.62940078717610959,0.62640691040085461,1.44831007874256823,true
0.29863000000000001,6077.28865640341700782,0.98656133446031691,-1.30959595959595965,1640.43703689844642213,0.61368724683179643,1.43353015169437059,true
0.29863000000000001,6077.28865640341700782,0.98656133446031691,-1.28939393939393954,1673.91419360114264236,0.60098106543957563,1.41861215778172678,true
0.29863000000000001,6077.28865640341700782,0.98656133446031691,-1.26919191919191920,1708.07453411137908006,0.58829510731261070,1.40355973607640161,true
0.29863000000000001,6077.28865640341700782,0.98656133446031691,-1.24898989898989932,1742.93200047683194498,0.57563599675914345,1.38837650287299397,true
0.29863000000000001,6077.28865640341700782,0.98656133446031691,-1.22878787878787876,1778.50081926699226642,0.56300967613203701,1.37306536476045271,true
0.29863000000000001,6077.28865640341700782,0.98656133446031691,-1.20858585858585887,1814.79550737952354211,0.55042184094558899,1.35762901832694038,true
0.29863000000000001,6077.28865640341700782,0.98656133446031691,-1.18838383838383876,1851.83087796513359535,0.53787818637362950,1.34207024824685650,true
0.29863000000000001,6077.28865640341700782,0.98656133446031691,-1.16818181818181843,1889.62204647333965113,0.52538442866946977,1.32639196204355292,true
0.29863000000000001,6077.28865640341700782,0.98656133446031691,-1.14797979797979832,1928.18443682162205732,0.51294646755597972,1.31059740752004550,true
0.29863000000000001,6077.28865640341700782,0.98656133446031691,-1.12777777777777799,1967.53378769047481001,0.50057029722333335,1.29469008121648144,true
0.29863000000000001,6077.28865640341700782,0.98656133446031691,-1.10757575757575788,2007.68615894691674839,0.48826191264242624,1.27867362422618203,true
0.29863000000000001,6077.28865640341700782,0.98656133446031691,-1.08737373737373755,2048.65793819909549711,0.47602738603922218,1.26255193591489023,true
0.29863000000000001,6077.28865640341700782,0.98656133446031691,-1.06717171717171744,2090.46584748465011216,0.46387383845448599,1.24633049905327864,true
0.29863000000000001,6077.28865640341700782,0.98656133446031691,-1.04696969696969733,2133.12695009557000958,0.45180914679256695,1.23001608934903195,true
0.29863000000000001,6077.28865640341700782,0.98656133446031691,-1.02676767676767700,2176.65865754233118423,0.43984120464490856,1.21361584742637163,true
0.29863000000000001,6077.28865640341700782,0.98656133446031691,-1.00656565656565689,2221.07873666014756964,0.42797774115334486,1.19713705567566930,false
0.29863000000000001,6077.28865640341700782,0.98656133446031691,-0.98636363636363655,2266.40531686025224190,0.41622270311867227,1.18058202224876396,false
0.29863000000000001,6077.28865640341700782,0.98656133446031691,-0.96616161616161633,2312.65689752914977362,0.40457625500065086,1.16394773052490175,false
0.29863000000000001,6077.28865640341700782,0.98656133446031691,-0.94595959595959611,2359.85235557887426694,0.39303839680943048,1.14723073290296007,false
0.29863000000000001,6077.28865640341700782,0.98656133446031691,-0.92575757575757589,2408.01095315132852193,0.38160912855508172,1.13042736018714840,false
0.29863000000000001,6077.28865640341700782,0.98656133446031691,-0.90555555555555578,2457.15234547984573510,0.37028845024409740,1.11353370215888736,false
0.29863000000000001,6077.28865640341700782,0.98656133446031691,-0.88535353535353545,2507.29658891118924657,0.35907636187800468,1.09654558595352269,false
0.29863000000000001,6077.28865640341700782,0.98656133446031691,-0.86515151515151534,2558.46414909125860504,0.34797286345796574,1.07945855193935403,false
0.29863000000000001,6077.28865640341700782,0.98656133446031691,-0.84494949494949512,2610.67590931784798158,0.33697795498513983,1.06226782672267617,false
0.29863000000000001,6077.28865640341700782,0.98656133446031691,-0.82474747474747490,2663.95317906386117102,0.32609163646040695,1.04496829285985182,false
0.29863000000000001,6077.28865640341700782,0.98656133446031691,-0.80454545454545467,2718.31770267446063372,0.31531390788410357,1.02755445477749729,false
0.29863000000000001,6077.28865640341700782,0.98656133446031691,-0.78434343434343445,2773.79166824171124972,0.30464476925650386,1.01002040031029861,false
0.29863000000000001,6077.28865640341700782,0.98656133446031691,-0.76414141414141445,2830.39771666032493158,0.29408422057788203,0.99235975715112490,false
0.29863000000000001,6077.28865640341700782,0.98656133446031691,-0.74393939393939423,2888.15895086821728910,0.28363226184854179,0.97456564337364582,false
0.29863000000000001,6077.28865640341700782,0.98656133446031691,-0.72373737373737401,2947.09894527563210431,0.27328889306886844,0.95663061101870017,false
0.29863000000000001,6077.28865640341700782,0.98656133446031691,-0.70353535353535379,3007.24175538669896923,0.26305411423926117,0.93854658152674919,false
0.29863000000000001,6077.28865640341700782,0.98656133446031691,-0.68333333333333357,3068.61192761733582302,0.25292792536011927,0.92030477153942369,false
0.29863000000000001,6077.28865640341700782,0.98656133446031691,-0.66313131313131335,3131.23450931351362669,0.24291128510277873,0.90189738697772004,false
0.29863000000000001,6077.28865640341700782,0.98656133446031691,-0.64292929292929313,3195.13505897396953515,0.23300898682232291,0.88332316238345288,false
0.29863000000000001,6077.28865640341700782,0.98656133446031691,-0.62272727272727302,3260.33965668153268780,0.22322678254477202,0.86458248397489290,false
0.29863000000000001,6077.28865640341700782,0.98656133446031691,-0.60252525252525280,3326.87491474733815267,0.21357042429614603,0.84567567376440822,false
0.29863000000000001,6077.28865640341700782,0.98656133446031691,-0.58232323232323258,3394.76798857225094252,0.20404631119577366,0.82660429363669929,false
0.29863000000000001,6077.28865640341700782,0.98656133446031691,-0.56212121212121235,3464.04658772994935134,0.19466462116151628,0.80737778816089478,false
0.29863000000000001,6077.28865640341700782,0.98656133446031691,-0.54191919191919213,3534.73898727619052806,0.18543689987405931,0.78800933435285014,false
0.29863000000000001,6077.28865640341700782,0.98656133446031691,-0.52171717171717191,3606.87403928885851201,0.17637469490065760,0.76851335796487652,false
0.29863000000000001,6077.28865640341700782,0.98656133446031691,-0.50151515151515180,3680.48118464352410228,0.16748874187027646,0.74890390134181228,false
0.29863000000000001,6077.28865640341700782,0.98656133446031691,-0.48131313131313158,3755.59046502931232681,0.15878270954158349,0.72918023324089998,false
0.29863000000000001,6077.28865640341700782,0.98656133446031691,-0.46111111111111136,3832.23253520998150634,0.15025662798683775,0.70933289743531514,false
0.29863000000000001,6077.28865640341700782,0.98656133446031691,-0.44090909090909114,3910.43867553521840819,0.14191049720650983,0.68935121233718100,false
0.29863000000000001,6077.28865640341700782,0.98656133446031691,-0.42070707070707092,3990.24080470726448766,0.13374464239547279,0.66922395743528718,false
0.29863000000000001,6077.28865640341700782,0.98656133446031691,-0.40050505050505070,4071.67149280806506795,0.12576380358780853,0.64894981758705328,false
0.29863000000000001,6077.28865640341700782,0.98656133446031691,-0.38030303030303059,4154.76397459228064690,0.11797590251963333,0.62853568116710390,false
0.29863000000000001,6077.28865640341700782,0.98656133446031691,-0.36010101010101037,4239.55216305157046008,0.11038893116905418,0.60798945517823200,false
0.29863000000000001,6077.28865640341700782,0.98656133446031691,-0.33989898989899014,4326.07066325568393950,0.10301071501465875,0.58731958563097142,false
0.29863000000000001,6077.28865640341700782,0.98656133446031691,-0.31969696969696992,4414.35478647602212732,0.09584525004608319,0.56652434876709756,false
0.29863000000000001,6077.28865640341700782,0.98656133446031691,-0.29949494949494970,4504.44056459742023435,0.08889270276401234,0.54558992054205679,false
0.29863000000000001,6077.28865640341700782,0.98656133446031691,-0.27929292929292948,4596.36476482403668342,0.08215307316961148,0.52449963453080672,false
0.29863000000000001,6077.28865640341700782,0.98656133446031691,-0.25909090909090926,4690.16490468535903346,0.07562655734969492,0.50323454774573517,false
0.29863000000000001,6077.28865640341700782,0.98656133446031691,-0.23888888888888918,4785.87926734843404120,0.06932223334474304,0.48180306206959683,false
0.29863000000000001,6077.28865640341700782,0.98656133446031691,-0.21868686868686882,4883.54691724259373586,0.06326150354140976,0.46025979285903951,false
0.29863000000000001,6077.28865640341700782,0.98656133446031691,-0.19848484848484874,4983.20771600302941806,0.05746667813028085,0.43867342912981189,false
0.29863000000000001,6077.28865640341700782,0.98656133446031691,-0.17828282828282863,5084.90233873974193557,0.05195993887054565,0.41712632442370084,false
0.29863000000000001,6077.28865640341700782,0.98656133446031691,-0.15808080808080829,5188.67229063850481907,0.04674792732245755,0.39565299989775143,false
0.29863000000000001,6077.28865640341700782,0.98656133446031691,-0.13787878787878818,5294.55992390058872843,0.04180710366817102,0.37416083279173196,false
0.29863000000000001,6077.28865640341700782,0.98656133446031691,-0.11767676767676785,5402.60845502821848640,0.03711046044214390,0.35251812725638498,false
0.29863000000000001,6077.28865640341700782,0.98656133446031691,-0.09747474747474776,5512.86198246274216217,0.03263103721068606,0.33055879912985037,false
0.29863000000000001,6077.28865640341700782,0.98656133446031691,-0.07727272727272741,5625.36550458278634324,0.02837597163271293,0.30825395221266239,false
0.29863000000000001,6077.28865640341700782,0.98656133446031691,-0.05707070707070731,5740.16493806968082936,0.02444660616643572,0.28611628071572487,false
0.29863000000000001,6077.28865640341700782,0.98656133446031691,-0.03686868686868722,5857.30713664769155002,0.02096041519525685,0.26493127126226385,false
0.29863000000000001,6077.28865640341700782,0.98656133446031691,-0.01666666666666687,5976.83991020669145655,0.01803487310257879,0.24574790734347432,false
0.29863000000000001,6077.28865640341700782,0.98656133446031691,0.00353535353535322,6098.81204431506466790,0.01576140686974978,0.22973690869074589,false
0.29863000000000001,6077.28865640341700782,0.98656133446031691,0.02373737373737356,6223.27332013084014761,0.01412725386990068,0.21750145054578615,false
0.29863000000000001,6077.28865640341700782,0.98656133446031691,0.04393939393939366,6350.27453471913577232,0.01309360407410808,0.20939335003697768,false
0.29863000000000001,6077.28865640341700782,0.98656133446031691,0.06414141414141400,6479.86752178426377213,0.01262164745344853,0.20558494379971015,false
0.29863000000000001,6077.28865640341700782,0.98656133446031691,0.08434343434343411,6612.10517282488308410,0.01266850892209479,0.20596623660400676,false
0.29863000000000001,6077.28865640341700782,0.98656133446031691,0.10454545454545421,6747.04145872091521596,0.01316757488407855,0.20998398884686614,false
0.29863000000000001,6077.28865640341700782,0.98656133446031691,0.12474747474747454,6884.73145176096750220,0.01404363942198754,0.21685683647588494,false
0.29863000000000001,6077.28865640341700782,0.98656133446031691,0.14494949494949463,7025.23134811928957788,0.01522148476693162,0.22576769111866077,false
0.29863000000000001,6077.28865640341700782,0.98656133446031691,0.16515151515151499,7168.59849079143168638,0.01663118189918040,0.23599067346251471,false
0.29863000000000001,6077.28865640341700782,0.98656133446031691,0.18535353535353508,7314.89139299795169791,0.01824883350465272,0.24720134950760619,false
0.29863000000000001,6077.28865640341700782,0.98656133446031691,0.20555555555555519,7464.16976206574054231,0.02007424370068688,0.25927036492177052,false
0.29863000000000001,6077.28865640341700782,0.98656133446031691,0.22575757575757552,7616.49452379670674418,0.02210741248421972,0.27208352161770655,false
0.29863000000000001,6077.28865640341700782,0.98656133446031691,0.24595959595959563,7771.92784733374082862,0.02434629693980823,0.28552868168983631,false
0.29863000000000001,6077.28865640341700782,0.98656133446031691,0.26616161616161599,7930.53317053417686111,0.02676111957354179,0.29935424575151509,true
0.29863000000000001,6077.28865640341700782,0.98656133446031691,0.28636363636363604,8092.37522586100931221,0.02930211503678608,0.31324400452637202,true
0.29863000000000001,6077.28865640341700782,0.98656133446031691,0.30656565656565643,8257.52006680252998194,0.03191907671183287,0.32693276171033420,true
0.29863000000000001,6077.28865640341700782,0.98656133446031691,0.32676767676767648,8426.03509483107518463,0.03456284395180470,0.34020290531189834,true
0.29863000000000001,6077.28865640341700782,0.98656133446031691,0.34696969696969659,8597.98908691199176246,0.03720831343893492,0.35298258182780090,true
0.29863000000000001,6077.28865640341700782,0.98656133446031691,0.36717171717171693,8773.45222357393686252,0.03985443918456761,0.36531847329264255,true
0.29863000000000001,6077.28865640341700782,0.98656133446031691,0.38737373737373704,8952.49611755204387009,0.04250122117087769,0.37725411633023698,true
0.29863000000000001,6077.28865640341700782,0.98656133446031691,0.40757575757575737,9135.19384301563150075,0.04514865938008140,0.38882637139472859,true
0.29863000000000001,6077.28865640341700782,0.98656133446031691,0.42777777777777748,9321.61996539235587989,0.04779675379626253,0.40006677353564379,true
0.29863000000000001,6077.28865640341700782,0.98656133446031691,0.44797979797979781,9511.85057180102376151,0.05044550440609649,0.41100255087915799,true
0.29863000000000001,6077.28865640341700782,0.98656133446031691,0.46818181818181792,9705.96330210542146233,0.05309491119644945,0.42165740557219616,true
0.29863000000000001,6077.28865640341700782,0.98656133446031691,0.48838383838383803,9904.03738060193063575,0.05574497415417650,0.43205212159796724,true
0.29863000000000001,6077.28865640341700782,0.98656133446031691,0.50858585858585836,10106.15364835375476105,0.05839569326477893,0.44220504417171858,true
0.29863000000000001,6077.28865640341700782,0.98656133446031691,0.52878787878787847,10312.39459618503133242,0.06104706851112875,0.45213246240160748,true
0.29863000000000001,6077.28865640341700782,0.98656133446031691,0.54898989898989881,10522.84439834827026061,0.06369909987579604,0.46184891806544992,true
0.29863000000000001,6077.28865640341700782,0.98656133446031691,0.56919191919191892,10737.58894687884821906,0.06635178728958198,0.47136745702461014,true
0.29863000000000001,6077.28865640341700782,0.98656133446031691,0.58939393939393903,10956.71588665060517087,0.06900509315093620,0.48069970554879454,true
0.29863000000000001,6077.28865640341700782,0.98656133446031691,0.60959595959595936,11180.31465114682214335,0.07165887616548038,0.48985582786656151,true
0.29863000000000001,6077.28865640341700782,0.98656133446031691,0.62979797979797947,11408.47649896120128687,0.07431297728215115,0.49884498842809716,true
0.29863000000000001,6077.28865640341700782,0.98656133446031691,0.64999999999999980,11641.29455104374574148,0.07696723744988526,0.50767553168067037,true
0.35616399999999998,6089.85551698661220144,0.98410418216363871,-1.55000000000000004,1292.55949437802109969,0.67824223026006225,1.37996287755693681,true
0.35616399999999998,6089.85551698661220144,0.98410418216363871,-1.52777777777777768,1321.60456646004809045,0.66610140551399177,1.36755614381156887,true
0.35616399999999998,6089.85551698661220144,0.98410418216363871,-1.50555555555555554,1351.30230963065469041,0.65396058076920183,1.35503581853835553,true
0.35616399999999998,6089.85551698661220144,0.98410418216363871,-1.48333333333333339,1381.66739004555483916,0.64181975602697328,1.34239872339564026,true
0.35616399999999998,6089.85551698661220144,0.98410418216363871,-1.46111111111111103,1412.71480342328095503,0.62967893128858587,1.32964152899846044,true
0.35616399999999998,6089.85551698661220144,0.98410418216363871,-1.43888888888888888,1444.45988245078046930,0.61753810655532171,1.31676074467416693,true
0.35616399999999998,6089.85551698661220144,0.98410418216363871,-1.41666666666666674,1476.91830435542692612,0.60539728182845931,1.30375270730700454,true
0.35616399999999998,6089.85551698661220144,0.98410418216363871,-1.39444444444444460,1510.10609864717844175,0.59325645710927943,1.29061356917064507,true
0.35616399999999998,6089.85551698661220144,0.98410418216363871,-1.37222222222222223,1544.03965503470999465,0.58111563239906205,1.27733928463411894,true
0.35616399999999998,6089.85551698661220144,0.98410418216363871,-1.35000000000000009,1578.73573151942969162,0.56897480769908759,1.26392559561098117,true
0.35616399999999998,6089.85551698661220144,0.98410418216363871,-1.32777777777777750,1614.21146267137851282,0.55683398301063480,1.25036801560336364,true
0.35616399999999998,6089.85551698661220144,0.98410418216363871,-1.30555555555555558,1650.48436809108920897,0.54469315833498388,1.23666181217144278,true
0.35616399999999998,6089.85551698661220144,0.98410418216363871,-1.28333333333333321,1687.57236106160416966,0.53255233367341348,1.22280198763411985,true
0.35616399999999998,6089.85551698661220144,0.98410418216363871,-1.26111111111111085,1725.49375739489778425,0.52041150902720368,1.20878325777778683,true
0.35616399999999998,6089.85551698661220144,0.98410418216363871,-1.23888888888888871,1764.26728447709842840,0.50827068439763246,1.19460002831597190,true
0.35616399999999998,6089.85551698661220144,0.98410418216363871,-1.21666666666666656,1803.91209051696000643,0.49612985978597840,1.18024636880249201,false
0.35616399999999998,6089.85551698661220144,0.98410418216363871,-1.19444444444444442,1844.44775400215758054,0.48398903519351999,1.16571598365309859,false
0.35616399999999998,6089.85551698661220144,0.98410418216363871,-1.17222222222222205,1885.89429336807211257,0.47184821062154236,1.15100217987398179,false
0.35616399999999998,6089.85551698661220144,0.98410418216363871,-1.14999999999999991,1928.27217688384507710,0.45970738607148376,1.13609783102800899,false
0.35616399999999998,6089.85551698661220144,0.98410418216363871,-1.12777777777777777,1971.60233276058329466,0.44756656154493629,1.12099533688791353,false
0.35616399999999998,6089.85551698661220144,0.98410418216363871,-1.10555555555555540,2015.90615948670188118,0.43542573704349863,1.10568657812820015,false
0.35616399999999998,6089.85551698661220144,0.98410418216363871,-1.08333333333333326,2061.20553639551326341,0.42328520982934364,1.09016324808414145,false
0.35616399999999998,6089.85551698661220144,0.98410418216363871,-1.06111111111111112,2107.52283447028230512,0.41115874196768615,1.07443402788270403,false
0.35616399999999998,6089.85551698661220144,0.98410418216363871,-1.03888888888888875,2154.88092739208059356,0.39907877890130622,1.05853276962393772,false
0.35616399999999998,6089.85551698661220144,0.98410418216363871,-1.01666666666666661,2203.30320283589298924,0.38707914227934559,1.04249714658898651,false
0.35616399999999998,6089.85551698661220144,0.98410418216363871,-0.99444444444444446,2252.81357402056573846,0.37519357083326921,1.02636700901112099,false
0.35616399999999998,6089.85551698661220144,0.98410418216363871,-0.97222222222222221,2303.43649151828731192,0.36344577025560859,1.01017077385496501,false
0.35616399999999998,6089.85551698661220144,0.98410418216363871,-0.94999999999999996,2355.19695532944297156,0.35183996058477068,0.99391117043789479,false
0.35616399999999998,6089.85551698661220144,0.98410418216363871,-0.92777777777777770,2408.12052722880162037,0.34037812308187970,0.97758788202161329,false
0.35616399999999998,6089.85551698661220144,0.98410418216363871,-0.90555555555555545,2462.23334338913264219,0.32906223836311893,0.96120055679362959,false
0.35616399999999998,6089.85551698661220144,0.98410418216363871,-0.88333333333333319,2517.56212728849232008,0.31789381946225981,0.94474811075424847,false
0.35616399999999998,6089.85551698661220144,0.98410418216363871,-0.86111111111111105,2574.13420290754220332,0.30687308759573673,0.92822741575751155,false
0.35616399999999998,6089.85551698661220144,0.98410418216363871,-0.83888888888888880,2631.97750822343186883,0.29600004276513309,0.91163476137939625,false
0.35616399999999998,6089.85551698661220144,0.98410418216363871,-0.81666666666666665,2691.12060900689584741,0.28527468497203223,0.89496614525487428,false
0.35616399999999998,6089.85551698661220144,0.98410418216363871,-0.79444444444444440,2751.59271292938865372,0.27469748951805451,0.87821800189776844,false
0.35616399999999998,6089.85551698661220144,0.98410418216363871,-0.77222222222222214,2813.42368398722101119,0.26427083290497061,0.86138956562232372,false
0.35616399999999998,6089.85551698661220144,0.98410418216363871,-0.75000000000000000,2876.64405724981588719,0.25399756693458864,0.84448077708146285,false
0.35616399999999998,6089.85551698661220144,0.98410418216363871,-0.72777777777777775,2941.28505393938030466,0.24388054340871645,0.82749154868144603,false
0.35616399999999998,6089.85551698661220144,0.98410418216363871,-0.70555555555555538,3007.37859684942350214,0.23392247160491886,0.81042151466154078,false
0.35616399999999998,6089.85551698661220144,0.98410418216363871,-0.68333333333333324,3074.95732610974891941,0.22412522850904162,0.79326878025406455,false
0.35616399999999998,6089.85551698661220144,0.98410418216363871,-0.66111111111111098,3144.05461530570255491,0.21449038985306362,0.77603071215831054,false
0.35616399999999998,6089.85551698661220144,0.98410418216363871,-0.63888888888888873,3214.70458795963077137,0.20501953095344105,0.75870440877620793,false
0.35616399999999998,6089.85551698661220144,0.98410418216363871,-0.61666666666666659,3286.94213438269889593,0.19571411636215905,0.74128645663609982,false
0.35616399999999998,6089.85551698661220144,0.98410418216363871,-0.59444444444444433,3360.80292890538021311,0.18657464657006281,0.72377120979332388,false
0.35616399999999998,6089.85551698661220144,0.98410418216363871,-0.57222222222222219,3436.32344749513777060,0.17760112567907110,0.70615143660135327,false
0.35616399999999998,6089.85551698661220144,0.98410418216363871,-0.54999999999999993,3513.54098576998694625,0.16879355368871468,0.68841911119330290,false
0.35616399999999998,6089.85551698661220144,0.98410418216363871,-0.52777777777777768,3592.49367741684363864,0.16015207706478990,0.67056561131860215,false
0.35616399999999998,6089.85551698661220144,0.98410418216363871,-0.50555555555555554,3673.22051302374711668,0.15167883069911692,0.65258558428813918,false
0.35616399999999998,6089.85551698661220144,0.98410418216363871,-0.48333333333333328,3755.76135933526802546,0.14337738250945961,0.63447616779121763,false
0.35616399999999998,6089.85551698661220144,0.98410418216363871,-0.46111111111111097,3840.15697894059712780,0.13525133205029527,0.61623415481325250,false
0.35616399999999998,6089.85551698661220144,0.98410418216363871,-0.43888888888888872,3926.44905040404592000,0.12730445733316342,0.59785627914756934,false
0.35616399999999998,6089.85551698661220144,0.98410418216363871,-0.41666666666666652,4014.68018884790399170,0.11954464088202749,0.57934871199829108,false
0.35616399999999998,6089.85551698661220144,0.98410418216363871,-0.39444444444444432,4104.89396699780900235,0.11198386973327593,0.56072862263149714,false
0.35616399999999998,6089.85551698661220144,0.98410418216363871,-0.37222222222222212,4197.13493670102525357,0.10463430938035906,0.54201592407211785,false
0.35616399999999998,6089.85551698661220144,0.98410418216363871,-0.34999999999999987,4291.44865092826421460,0.09750795575458905,0.52323286607688069,false
0.35616399999999998,6089.85551698661220144,0.98410418216363871,-0.32777777777777767,4387.88168626990318444,0.09060912425042664,0.50438359919501929,false
0.35616399999999998,6089.85551698661220144,0.98410418216363871,-0.30555555555555536,4486.48166593771929911,0.08393147296794505,0.48544207152514102,false
0.35616399999999998,6089.85551698661220144,0.98410418216363871,-0.28333333333333310,4587.29728328348573996,0.07746787499731855,0.46637559001375378,false
0.35616399999999998,6089.85551698661220144,0.98410418216363871,-0.26111111111111091,4690.37832584607076569,0.07121125595818022,0.44714596150962149,false
0.35616399999999998,6089.85551698661220144,0.98410418216363871,-0.23888888888888871,4795.77569993888118915,0.06516089753468385,0.42772882506984850,false
0.35616399999999998,6089.85551698661220144,0.98410418216363871,-0.21666666666666648,4903.54145578982115694,0.05932842583381316,0.40813740851676977,false
0.35616399999999998,6089.85551698661220144,0.98410418216363871,-0.19444444444444428,5013.72881324616446364,0.05372688525794078,0.38839248822223710,false
0.35616399999999998,6089.85551698661220144,0.98410418216363871,-0.17222222222222205,5126.39218805704240367,0.04836931642862775,0.36851906859474176,false
0.35616399999999998,6089.85551698661220144,0.98410418216363871,-0.14999999999999986,5241.58721874652201222,0.04326601887901008,0.34853665404561407,false
0.35616399999999998,6089.85551698661220144,0.98410418216363871,-0.12777777777777766,5359.37079409055786527,0.03841971917654780,0.32843700486442906,false
0.35616399999999998,6089.85551698661220144,0.98410418216363871,-0.10555555555555543,5479.80108121136345289,0.03383184707031507,0.30820369736710057,false
0.35616399999999998,6089.85551698661220144,0.98410418216363871,-0.08333333333333322,5602.93755430310284282,0.02950383230938609,0.28781551770607444,false
0.35616399999999998,6089.85551698661220144,0.98410418216363871,-0.06111111111111101,5728.84102400306983327,0.02545921615321152,0.26736065965950201,false
0.35616399999999998,6089.85551698661220144,0.98410418216363871,-0.03888888888888880,5857.57366742286831141,0.02180998590274883,0.24745867452216536,false
0.35616399999999998,6089.85551698661220144,0.98410418216363871,-0.01666666666666659,5989.19905885442221916,0.01869024036933209,0.22907749917232920,false
0.35616399999999998,6089.85551698661220144,0.98410418216363871,0.00555555555555562,6123.78220116598004097,0.01623407836429535,0.21349554101299792,false
0.35616399999999998,6089.85551698661220144,0.98410418216363871,0.02777777777777783,6261.38955790361796971,0.01454679124126271,0.20209640732685721,false
0.35616399999999998,6089.85551698661220144,0.98410418216363871,0.05000000000000004,6402.08908611409515288,0.01356544487924272,0.19516053969829103,false
0.35616399999999998,6089.85551698661220144,0.98410418216363871,0.07222222222222226,6545.95026990526639565,0.01316621475829439,0.19226731315697329,false
0.35616399999999998,6089.85551698661220144,0.98410418216363871,0.09444444444444447,6693.04415476063968526,0.01322519237171950,0.19269745944996342,false
0.35616399999999998,6089.85551698661220144,0.98410418216363871,0.11666666666666695,6843.44338262500787096,0.01362718152968895,0.19560412562254448,false
0.35616399999999998,6089.85551698661220144,0.98410418216363871,0.13888888888888917,6997.22222777848310216,0.01433281546697537,0.20060453402635595,false
0.35616399999999998,6089.85551698661220144,0.98410418216363871,0.16111111111111137,7154.45663351667371899,0.01534177150506121,0.20754522454062085,false
0.35616399999999998,6089.85551698661220144,0.98410418216363871,0.18333333333333357,7315.22424965508525929,0.01665404964383146,0.21623944467486331,false
0.35616399999999998,6089.85551698661220144,0.98410418216363871,0.20555555555555580,7479.60447087628563168,0.01826682377141484,0.22646782513605349,false
0.35616399999999998,6089.85551698661220144,0.98410418216363871,0.22777777777777800,7647.67847593876740575,0.02013890048273695,0.23778960629974732,false
0.35616399999999998,6089.85551698661220144,0.98410418216363871,0.25000000000000022,7819.52926776687854726,0.02220143569529999,0.24966951626355258,false
0.35616399999999998,6089.85551698661220144,0.98410418216363871,0.27222222222222242,7995.24171444160128885,0.02438497488646683,0.26165928254920795,false
0.35616399999999998,6089.85551698661220144,0.98410418216363871,0.29444444444444462,8174.90259111244904489,0.02662151050267153,0.27339548414744158,false
0.35616399999999998,6089.85551698661220144,0.98410418216363871,0.31666666666666687,8358.60062285114690894,0.02887631527898729,0.28473829316727567,false
0.35616399999999998,6089.85551698661220144,0.98410418216363871,0.33888888888888907,8546.42652846828605107,0.03114794223912613,0.29572610978132502,false
0.35616399999999998,6089.85551698661220144,0.98410418216363871,0.36111111111111127,8738.47306531458707468,0.03343639137587136,0.30639712786463963,false
0.35616399999999998,6089.85551698661220144,0.98410418216363871,0.38333333333333347,8934.83507508887851145,0.03574166268187499,0.31678336358952719,false
0.35616399999999998,6089.85551698661220144,0.98410418216363871,0.40555555555555567,9135.60953067543232464,0.03806375614384114,0.32691196126671207,true
0.35616399999999998,6089.85551698661220144,0.98410418216363871,0.42777777777777792,9340.89558403377304785,0.04040267174022070,0.33680616505589395,true
0.35616399999999998,6089.85551698661220144,0.98410418216363871,0.45000000000000012,9550.79461516463561566,0.04275840944885666,0.34648605539922361,true
0.35616399999999998,6089.85551698661220144,0.98410418216363871,0.47222222222222232,9765.41028217621715157,0.04513096423207254,0.35596909637545066,true
0.35616399999999998,6089.85551698661220144,0.98410418216363871,0.49444444444444452,9984.84857247546278813,0.04751972417433593,0.36526826814274138,true
0.35616399999999998,6089.85551698661220144,0.98410418216363871,0.51666666666666672,10209.21785510970221367,0.04992289871303882,0.37439055763302459,true
0.35616399999999998,6089.85551698661220144,0.98410418216363871,0.53888888888888897,10438.62893428440838761,0.05233856186654754,0.38334153936538373,true
0.35616399999999998,6089.85551698661220144,0.98410418216363871,0.56111111111111123,10673.19510408359019493,0.05476478757962313,0.39212604913530058,true
0.35616399999999998,6089.85551698661220144,0.98410418216363871,0.58333333333333337,10913.03220441978373856,0.05719959643326201,0.40074810025948504,true
0.35616399999999998,6089.85551698661220144,0.98410418216363871,0.60555555555555585,11158.25867824130909867,0.05964086157725918,0.40921066531678923,true
0.35616399999999998,6089.85551698661220144,0.98410418216363871,0.62777777777777810,11408.99563002500326547,0.06208643091482851,0.41751620593772182,true
0.35616399999999998,6089.85551698661220144,0.98410418216363871,0.65000000000000024,11665.36688558338573785,0.06453415234918392,0.42566681602439943,true
0.38356200000000001,6096.76578152909860364,0.98293622502412870,-1.55000000000000004,1294.02618402577081724,0.65507021195333459,1.30685119204565825,true
0.38356200000000001,6096.76578152909860364,0.98293622502412870,-1.52777777777777768,1323.10421405420242991,0.64274430528124726,1.29449784412844915,true
0.38356200000000001,6096.76578152909860364,0.98293622502412870,-1.50555555555555554,1352.83565576840373978,0.63042363999634099,1.28203079673918463,true
0.38356200000000001,6096.76578152909860364,0.98293622502412870,-1.48333333333333339,1383.23519196602887860,0.61811345748579594,1.26945208227295248,true
0.38356200000000001,6096.76578152909860364,0.98293622502412870,-1.46111111111111125,1414.31783538151216817,0.60581899913679405,1.25676378436202030,true
0.38356200000000001,6096.76578152909860364,0.98293622502412870,-1.43888888888888888,1446.09893610006679410,0.59354540491728958,1.24396793604032974,true
0.38356200000000001,6096.76578152909860364,0.98293622502412870,-1.41666666666666652,1478.59418913828790210,0.58129722254244443,1.23106599918797999,true
0.38356200000000001,6096.76578152909860364,0.98293622502412870,-1.39444444444444460,1511.81964219509450231,0.56907878535733702,1.21805924022762935,true
0.38356200000000001,6096.76578152909860364,0.98293622502412870,-1.37222222222222223,1545.79170357684984083,0.55689442641136233,1.20494895236535138,true
0.38356200000000001,6096.76578152909860364,0.98293622502412870,-1.34999999999999987,1580.52715030055628631,0.54474849352820864,1.19173647466669075,true
0.38356200000000001,6096.76578152909860364,0.98293622502412870,-1.32777777777777772,1616.04313637914674473,0.53264546312262284,1.17842332168016251,true
0.38356200000000001,6096.76578152909860364,0.98293622502412870,-1.30555555555555536,1652.35720129295032166,0.52058987782006827,1.16501112490612591,true
0.38356200000000001,6096.76578152909860364,0.98293622502412870,-1.28333333333333344,1689.48727865151954575,0.50858628079320445,1.15150156663641989,true
0.38356200000000001,6096.76578152909860364,0.98293622502412870,-1.26111111111111107,1727.45170505010037232,0.49663903035898543,1.13789617200223914,true
0.38356200000000001,6096.76578152909860364,0.98293622502412870,-1.23888888888888893,1766.26922912510895003,0.48474997523330854,1.12419360516357147,true
0.38356200000000001,6096.76578152909860364,0.98293622502412870,-1.21666666666666679,1805.95902081310418907,0.47291915550385027,1.11039031578102687,false
0.38356200000000001,6096.76578152909860364,0.98293622502412870,-1.19444444444444442,1846.54068081780997090,0.46114657132945464,1.09648250015234572,false
0.38356200000000001,6096.76578152909860364,0.98293622502412870,-1.17222222222222228,1888.03425028987180667,0.44943222286573309,1.08246612952855004,false
0.38356200000000001,6096.76578152909860364,0.98293622502412870,-1.14999999999999991,1930.46022072413279602,0.43777611019394269,1.06833693135671393,false
0.38356200000000001,6096.76578152909860364,0.98293622502412870,-1.12777777777777777,1973.83954407930104935,0.42617823332098770,1.05409036857890892,false
0.38356200000000001,6096.76578152909860364,0.98293622502412870,-1.10555555555555562,2018.19364312502807479,0.41463859225053923,1.03972161672079855,false
0.38356200000000001,6096.76578152909860364,0.98293622502412870,-1.08333333333333326,2063.54442202148584329,0.40315718698624886,1.02522553828280794,false
0.38356200000000001,6096.76578152909860364,0.98293622502412870,-1.06111111111111112,2109.91427713668008437,0.39173401753087761,1.01059665413571631,false
0.38356200000000001,6096.76578152909860364,0.98293622502412870,-1.03888888888888897,2157.32610810684491298,0.38036908388595064,0.99582911148930664,false
0.38356200000000001,6096.76578152909860364,0.98293622502412870,-1.01666666666666661,2205.80332914536529643,0.36906238605290220,0.98091664792113920,false
0.38356200000000001,6096.76578152909860364,0.98293622502412870,-0.99444444444444446,2255.36988060583053084,0.35781397318031216,0.96585261718615301,false
0.38356200000000001,6096.76578152909860364,0.98293622502412870,-0.97222222222222210,2306.05024080491830318,0.34662984122136786,0.95063803597956342,false
0.38356200000000001,6096.76578152909860364,0.98293622502412870,-0.94999999999999996,2357.86943811094579360,0.33552753570845401,0.93529001160764091,false
0.38356200000000001,6096.76578152909860364,0.98293622502412870,-0.92777777777777770,2410.85306330407092901,0.32452592914688405,0.91982861038505137,false
0.38356200000000001,6096.76578152909860364,0.98293622502412870,-0.90555555555555556,2465.02728221423103605,0.31364389004004189,0.90427521712078662,false
0.38356200000000001,6096.76578152909860364,0.98293622502412870,-0.88333333333333319,2520.41884864307667158,0.30289738549204037,0.88864842414965017,false
0.38356200000000001,6096.76578152909860364,0.98293622502412870,-0.86111111111111105,2577.05511757626254621,0.29229436674114773,0.87295616316750635,false
0.38356200000000001,6096.76578152909860364,0.98293622502412870,-0.83888888888888880,2634.96405869264526700,0.28184141236363197,0.85720484294973465,false
0.38356200000000001,6096.76578152909860364,0.98293622502412870,-0.81666666666666665,2694.17427017703403180,0.27154510093576167,0.84140133878482459,false
0.38356200000000001,6096.76578152909860364,0.98293622502412870,-0.79444444444444440,2754.71499284333458490,0.26141091460443178,0.82555131029889883,false
0.38356200000000001,6096.76578152909860364,0.98293622502412870,-0.77222222222222214,2816.61612457505088969,0.25143994979904516,0.80965379045855868,false
0.38356200000000001,6096.76578152909860364,0.98293622502412870,-0.74999999999999989,2879.90823509027904947,0.24163220651963180,0.79370592558706654,false
0.38356200000000001,6096.76578152909860364,0.98293622502412870,-0.72777777777777775,2944.62258103848625979,0.23198768476622145,0.77770461851569173,false
0.38356200000000001,6096.76578152909860364,0.98293622502412870,-0.70555555555555549,3010.79112143652946543,0.22250638453885219,0.76164650097657338,false
0.38356200000000001,6096.76578152909860364,0.98293622502412870,-0.68333333333333324,3078.44653345153301416,0.21318830583761003,0.74552790201300023,false
0.38356200000000001,6096.76578152909860364,0.98293622502412870,-0.66111111111111098,3147.62222853842831682,0.20403344866259893,0.72934481169818011,false
0.38356200000000001,6096.76578152909860364,0.98293622502412870,-0.63888888888888884,3218.35236894011268305,0.19504181301392254,0.71309283930184841,false
0.38356200000000001,6096.76578152909860364,0.98293622502412870,-0.61666666666666659,3290.67188455839232120,0.18621358724048556,0.69676751723189945,false
0.38356200000000001,6096.76578152909860364,0.98293622502412870,-0.59444444444444444,3364.61649020402137467,0.17755059902334994,0.68036706724389240,false
0.38356200000000001,6096.76578152909860364,0.98293622502412870,-0.57222222222222208,3440.22270323437624029,0.16905552012524144,0.66389116765164147,false
0.38356200000000001,6096.76578152909860364,0.98293622502412870,-0.54999999999999993,3517.52786158745357170,0.16073102928476757,0.64733945175978691,false
0.38356200000000001,6096.76578152909860364,0.98293622502412870,-0.52777777777777768,3596.57014222112593416,0.15257969624239018,0.63071126184707393,false
0.38356200000000001,6096.76578152909860364,0.98293622502412870,-0.50555555555555554,3677.38857996672777517,0.14460261097975066,0.61400269891041392,false
0.38356200000000001,6096.76578152909860364,0.98293622502412870,-0.48333333333333334,3760.02308680631585958,0.13679979704063636,0.59720706838771909,false
0.38356200000000001,6096.76578152909860364,0.98293622502412870,-0.46111111111111097,3844.51447158309656515,0.12917125442523528,0.58031681055279005,false
0.38356200000000001,6096.76578152909860364,0.98293622502412870,-0.43888888888888877,3930.90446015477027686,0.12171710156086768,0.56332368782047038,false
0.38356200000000001,6096.76578152909860364,0.98293622502412870,-0.41666666666666657,4019.23571599974411583,0.11444018069889066,0.54622488283597304,false
0.38356200000000001,6096.76578152909860364,0.98293622502412870,-0.39444444444444438,4109.55186128638160881,0.10734605791469883,0.52902386360064002,false
0.38356200000000001,6096.76578152909860364,0.98293622502412870,-0.37222222222222207,4201.89749841570210265,0.10044041771081877,0.51172480342990978,false
0.38356200000000001,6096.76578152909860364,0.98293622502412870,-0.34999999999999987,4296.31823204816009820,0.09372889634029620,0.49433227255732609,false
0.38356200000000001,6096.76578152909860364,0.98293622502412870,-0.32777777777777767,4392.86069162539661193,0.08721494453338863,0.47684547658153326,false
0.38356200000000001,6096.76578152909860364,0.98293622502412870,-0.30555555555555547,4491.57255439807158837,0.08089898045112155,0.45925483468727402,false
0.38356200000000001,6096.76578152909860364,0.98293622502412870,-0.28333333333333327,4592.50256897115013999,0.07478119887729355,0.44154851088244601,false
0.38356200000000001,6096.76578152909860364,0.98293622502412870,-0.26111111111111107,4695.70057937828187278,0.06886181361866030,0.42371266065237928,false
0.38356200000000001,6096.76578152909860364,0.98293622502412870,-0.23888888888888876,4801.21754969714947947,0.06314334025979250,0.40573828469806589,false
0.38356200000000001,6096.76578152909860364,0.98293622502412870,-0.21666666666666642,4909.10558921795382048,0.05763276478019092,0.38762960608031466,false
0.38356200000000001,6096.76578152909860364,0.98293622502412870,-0.19444444444444436,5019.41797817744645727,0.05233758677919942,0.36939333890390702,false
0.38356200000000001,6096.76578152909860364,0.98293622502412870,-0.17222222222222203,5132.20919407125711587,0.04726530318322713,0.35103743840152973,false
0.38356200000000001,6096.76578152909860364,0.98293622502412870,-0.14999999999999999,5247.53493855744636676,0.04242147304117902,0.33256388518592972,false
0.38356200000000001,6096.76578152909860364,0.98293622502412870,-0.12777777777777766,5365.45216496465127420,0.03780630151417846,0.31395276304214115,false
0.38356200000000001,6096.76578152909860364,0.98293622502412870,-0.10555555555555532,5486.01910641832546389,0.03341907694681936,0.29517490890898151,false
0.38356200000000001,6096.76578152909860364,0.98293622502412870,-0.08333333333333326,5609.29530459902798611,0.02925908768369564,0.27619295904723318,false
0.38356200000000001,6096.76578152909860364,0.98293622502412870,-0.06111111111111093,5735.34163914694181585,0.02534787541508077,0.25707094539658631,false
0.38356200000000001,6096.76578152909860364,0.98293622502412870,-0.03888888888888888,5864.22035772711024038,0.02179599521396804,0.23838041125507886,false
0.38356200000000001,6096.76578152909860364,0.98293622502412870,-0.01666666666666654,5995.99510677031321393,0.01873625549903037,0.22101594814627668,false
0.38356200000000001,6096.76578152909860364,0.98293622502412870,0.00555555555555580,6130.73096290467765357,0.01630146468894082,0.20615578517291222,false
0.38356200000000001,6096.76578152909860364,0.98293622502412870,0.02777777777777785,6268.49446509361405333,0.01459687047308495,0.19507970487148041,false
0.38356200000000001,6096.76578152909860364,0.98293622502412870,0.05000000000000018,6409.35364749592463340,0.01356677552404716,0.18807043642729854,false
0.38356200000000001,6096.76578152909860364,0.98293622502412870,0.07222222222222223,6553.37807306427930598,0.01309722732860026,0.18478720456473069,false
0.38356200000000001,6096.76578152909860364,0.98293622502412870,0.09444444444444457,6700.63886789873231464,0.01307419302153658,0.18462463892309025,false
0.38356200000000001,6096.76578152909860364,0.98293622502412870,0.11666666666666690,6851.20875637214430753,0.01339165767344756,0.18685270195678524,false
0.38356200000000001,6096.76578152909860364,0.98293622502412870,0.13888888888888895,7005.16209704494303878,0.01401339209243509,0.19114099814766985,false
0.38356200000000001,6096.76578152909860364,0.98293622502412870,0.16111111111111129,7162.57491938691146061,0.01493909931740435,0.19735331238976492,false
0.38356200000000001,6096.76578152909860364,0.98293622502412870,0.18333333333333363,7323.52496132414307795,0.01616877934784568,0.20531507115211065,false
0.38356200000000001,6096.76578152909860364,0.98293622502412870,0.20555555555555569,7488.09170762972644297,0.01769979388580240,0.21481584753587016,false
0.38356200000000001,6096.76578152909860364,0.98293622502412870,0.22777777777777802,7656.35642917710083566,0.01949368710717794,0.22543908247745204,false
0.38356200000000001,6096.76578152909860364,0.98293622502412870,0.25000000000000006,7828.40222307546537195,0.02148619008565448,0.23668019560741416,true
0.38356200000000001,6096.76578152909860364,0.98293622502412870,0.27222222222222242,8004.31405370709035196,0.02361246402266580,0.24811491239431993,true
0.38356200000000001,6096.76578152909860364,0.98293622502412870,0.29444444444444473,8184.17879468675073440,0.02580883652275037,0.25939788223967430,true
0.38356200000000001,6096.76578152909860364,0.98293622502412870,0.31666666666666682,8368.08527176404459169,0.02803846246185733,0.27037050366845439,true
0.38356200000000001,6096.76578152909860364,0.98293622502412870,0.33888888888888913,8556.12430668977503956,0.03029132398734642,0.28102266035723134,true
0.38356200000000001,6096.76578152909860364,0.98293622502412870,0.36111111111111116,8748.38876206802888191,0.03255856964968212,0.29134989871182526,true
0.38356200000000001,6096.76578152909860364,0.98293622502412870,0.38333333333333353,8944.97358721615819377,0.03483142579465919,0.30134767070725305,true
0.38356200000000001,6096.76578152909860364,0.98293622502412870,0.40555555555555584,9145.97586505524486711,0.03710464260840003,0.31102574510175401,true
0.38356200000000001,6096.76578152909860364,0.98293622502412870,0.42777777777777792,9351.49486005425751500,0.03937785985759606,0.32041162701563802,true
0.38356200000000001,6096.76578152909860364,0.98293622502412870,0.45000000000000023,9561.63206725157942856,0.04165107747250461,0.32953028433055936,true
0.38356200000000001,6096.76578152909860364,0.98293622502412870,0.47222222222222227,9776.49126237804921402,0.04392429538347224,0.33840331946808366,true
0.38356200000000001,6096.76578152909860364,0.98293622502412870,0.49444444444444463,9996.17855310637060029,0.04619751353165553,0.34704957222493593,true
0.38356200000000001,6096.76578152909860364,0.98293622502412870,0.51666666666666694,10220.80243145209715294,0.04847073187920559,0.35548559050372391,true
0.38356200000000001,6096.76578152909860364,0.98293622502412870,0.53888888888888897,10450.47382735215978755,0.05074395039068564,0.36372600258634258,true
0.38356200000000001,6096.76578152909860364,0.98293622502412870,0.56111111111111134,10685.30616344732516154,0.05301716903066280,0.37178381513200504,true
0.38356200000000001,6096.76578152909860364,0.98293622502412870,0.58333333333333337,10925.41541109568424872,0.05529038776648991,0.37967065422635971,true
0.38356200000000001,6096.76578152909860364,0.98293622502412870,0.60555555555555574,11170.92014764481973543,0.05756360657321605,0.38739696223909503,true
0.38356200000000001,6096.76578152909860364,0.98293622502412870,0.62777777777777810,11421.94161499092479062,0.05983682542720820,0.39497215996411028,true
0.38356200000000001,6096.76578152909860364,0.98293622502412870,0.65000000000000013,11678.60377945380423625,0.06211004430483327,0.40240478128740598,true
0.43013699999999999,6109.27919917070812517,0.98095394626740917,-1.70000000000000018,1116.06465352657323820,0.68140838684621508,1.25863654183648532,true
0.43013699999999999,6109.27919917070812517,0.98095394626740917,-1.67626262626262612,1142.87403059499183655,0.66880152374405488,1.24693905068742961,true
0.43013699999999999,6109.27919917070812517,0.98095394626740917,-1.65252525252525273,1170.32740503087893558,0.65620205294652689,1.23513773877370969,true
0.43013699999999999,6109.27919917070812517,0.98095394626740917,-1.62878787878787890,1198.44024651890072164,0.64361736675826331,1.22323662601232042,true
0.43013699999999999,6109.27919917070812517,0.98095394626740917,-1.60505050505050528,1227.22839634639467477,0.63105485748389523,1.21123986496679836,true
0.43013699999999999,6109.27919917070812517,0.98095394626740917,-1.58131313131313145,1256.70807632977084722,0.61852170231180614,1.19915154228436682,true
0.43013699999999999,6109.27919917070812517,0.98095394626740917,-1.55757575757575761,1286.89589795532970129,0.60602382222672602,1.18697465903817623,true
0.43013699999999999,6109.27919917070812517,0.98095394626740917,-1.53383838383838400,1317.80887173966016235,0.59356668352160391,1.17471187031225632,true
0.43013699999999999,6109.27919917070812517,0.98095394626740917,-1.51010101010101017,1349.46441681488477116,0.58115575186222634,1.16236592316119158,true
0.43013699999999999,6109.27919917070812517,0.98095394626740917,-1.48636363636363655,1381.88037074415410643,0.56879640246941354,1.14993957273955294,true
0.43013699999999999,6109.27919917070812517,0.98095394626740917,-1.46262626262626272,1415.07499957292520776,0.55649322335778972,1.13743487265591425,true
0.43013699999999999,6109.27919917070812517,0.98095394626740917,-1.43888888888888911,1449.06700812168332959,0.54425039721453461,1.12485353231066010,true
0.43013699999999999,6109.27919917070812517,0.98095394626740917,-1.41515151515151527,1483.87555052591073945,0.53207210337701327,1.11219731886926021,true
0.43013699999999999,6109.27919917070812517,0.98095394626740917,-1.39141414141414144,1519.52024102923633109,0.51996248031667247,1.09946802212033257,true
0.43013699999999999,6109.27919917070812517,0.98095394626740917,-1.36767676767676782,1556.02116503585443752,0.50792511170923971,1.08666690725474679,true
0.43013699999999999,6109.27919917070812517,0.98095394626740917,-1.34393939393939399,1593.39889042843878997,0.49596318139828782,1.07379485238161854,true
0.43013699999999999,6109.27919917070812517,0.98095394626740917,-1.32020202020202038,1631.67447915792081403,0.48407986440035217,1.06085275420711711,false
0.43013699999999999,6109.27919917070812517,0.98095394626740917,-1.29646464646464654,1670.86949911168017024,0.47227826975917020,1.04784146638538678,false
0.43013699999999999,6109.27919917070812517,0.98095394626740917,-1.27272727272727271,1711.00603626681731839,0.46055998914414442,1.03476016693850825,false
0.43013699999999999,6109.27919917070812517,0.98095394626740917,-1.24898989898989909,1752.10670713536592302,0.44892509685034188,1.02160625098460334,false
0.43013699999999999,6109.27919917070812517,0.98095394626740917,-1.22525252525252526,1794.19467150846071490,0.43737360120003266,1.00837688635214651,false
0.43013699999999999,6109.27919917070812517,0.98095394626740917,-1.20151515151515165,1837.29364550662921829,0.42590551044243641,0.99506907342959450,false
0.43013699999999999,6109.27919917070812517,0.98095394626740917,-1.17777777777777781,1881.42791494357766169,0.41452082951788216,0.98167962769767225,false
0.43013699999999999,6109.27919917070812517,0.98095394626740917,-1.15404040404040420,1926.62234901098440787,0.40321955877537502,0.96820516284641689,false
0.43013699999999999,6109.27919917070812517,0.98095394626740917,-1.13030303030303036,1972.90241429203001644,0.39200169822572561,0.95464207884348662,false
0.43013699999999999,6109.27919917070812517,0.98095394626740917,-1.10656565656565675,2020.29418911154152738,0.38086724787972254,0.94098654372429436,false
0.43013699999999999,6109.27919917070812517,0.98095394626740917,-1.08282828282828292,2068.82437823085501805,0.36981620774541446,0.92723447287938299,false
0.43013699999999999,6109.27919917070812517,0.98095394626740917,-1.05909090909090930,2118.52032789566146675,0.35884857782552959,0.91338150593391054,false
0.43013699999999999,6109.27919917070812517,0.98095394626740917,-1.03535353535353547,2169.41004124532992137,0.34796435812218446,0.89942298087923389,false
0.43013699999999999,6109.27919917070812517,0.98095394626740917,-1.01161616161616164,2221.52219409237295622,0.33716355158687800,0.88535390890447752,false
0.43013699999999999,6109.27919917070812517,0.98095394626740917,-0.98787878787878791,2274.88615108096701078,0.32644829947327875,0.87117179126278432,false
0.43013699999999999,6109.27919917070812517,0.98095394626740917,-0.96414141414141419,2329.53198223361550845,0.31582665064780557,0.85688193381851574,false
0.43013699999999999,6109.27919917070812517,0.98095394626740917,-0.94040404040404046,2385.49047989528662583,0.30530766561500744,0.84249135549258947,false
0.43013699999999999,6109.27919917070812517,0.98095394626740917,-0.91666666666666674,2442.79317608457313327,0.29490040487943298,0.82800752463199401,false
0.43013699999999999,6109.27919917070812517,0.98095394626740917,-0.89292929292929313,2501.47236026164910072,0.28461287899833326,0.81343690724996764,false
0.43013699999999999,6109.27919917070812517,0.98095394626740917,-0.86919191919191940,2561.56109752303700589,0.27444889873976769,0.79878029970446673,false
0.43013699999999999,6109.27919917070812517,0.98095394626740917,-0.84545454545454546,2623.09324723344116137,0.26441122492449765,0.78403697277254891,false
0.43013699999999999,6109.27919917070812517,0.98095394626740917,-0.82171717171717173,2686.10348210513302547,0.25450261837328497,0.76920611215719836,false
0.43013699999999999,6109.27919917070812517,0.98095394626740917,-0.79797979797979812,2750.62730773566318021,0.24472553165195138,0.75428633418465518,false
0.43013699999999999,6109.27919917070812517,0.98095394626740917,-0.77424242424242440,2816.70108261488712742,0.23508061722531687,0.73927328128663228,false
0.43013699999999999,6109.27919917070812517,0.98095394626740917,-0.75050505050505067,2884.36203861258218240,0.22556787599892672,0.72416115371164236,false
0.43013699999999999,6109.27919917070812517,0.98095394626740917,-0.72676767676767695,2953.64830195821605230,0.21618730797962385,0.70894361575209397,false
0.43013699999999999,6109.27919917070812517,0.98095394626740917,-0.70303030303030312,3024.59891472467097628,0.20693959424271446,0.69361487089588569,false
0.43013699999999999,6109.27919917070812517,0.98095394626740917,-0.67929292929292939,3097.25385682803334930,0.19783134368161351,0.67817870624644094,false
0.43013699999999999,6109.27919917070812517,0.98095394626740917,-0.65555555555555567,3171.65406855585479207,0.18887221738544208,0.66264456252450665,false
0.43013699999999999,6109.27919917070812517,0.98095394626740917,-0.63181818181818195,3247.84147363656938978,0.18007190166807954,0.64702278489722198,false
0.43013699999999999,6109.27919917070812517,0.98095394626740917,-0.60808080808080822,3325.85900286306696216,0.17143971881783990,0.63132403268043069,false
0.43013699999999999,6109.27919917070812517,0.98095394626740917,-0.58434343434343450,3405.75061828373782191,0.16298004911196562,0.61555068831188631,false
0.43013699999999999,6109.27919917070812517,0.98095394626740917,-0.56060606060606066,3487.56133797462325674,0.15469371120157019,0.59969845283579226,false
0.43013699999999999,6109.27919917070812517,0.98095394626740917,-0.53686868686868694,3571.33726140661838144,0.14658144510824503,0.58376237291333444,false
0.43013699999999999,6109.27919917070812517,0.98095394626740917,-0.51313131313131322,3657.12559542203916862,0.13864408326233252,0.56773709253179927,false
0.43013699999999999,6109.27919917070812517,0.98095394626740917,-0.48939393939393949,3744.97468083517014747,0.13088458349544854,0.55162107052042519,false
0.43013699999999999,6109.27919917070812517,0.98095394626740917,-0.46565656565656577,3834.93401967180579959,0.12330802904048213,0.53541714891566849,false
0.43013699999999999,6109.27919917070812517,0.98095394626740917,-0.44191919191919204,3927.05430306311018285,0.11591959553907344,0.51912868588760719,false
0.43013699999999999,6109.27919917070812517,0.98095394626740917,-0.41818181818181838,4021.38743980953495338,0.10872441828058800,0.50275933770244940,false
0.43013699999999999,6109.27919917070812517,0.98095394626740917,-0.39444444444444449,4117.98658563087428774,0.10172580474581001,0.48630884232730892,false
0.43013699999999999,6109.27919917070812517,0.98095394626740917,-0.37070707070707076,4216.90617311894493469,0.09492452620034547,0.46977058338855526,false
0.43013699999999999,6109.27919917070812517,0.98095394626740917,-0.34696969696969704,4318.20194240978253220,0.08832116709371469,0.45313645083299142,false
0.43013699999999999,6109.27919917070812517,0.98095394626740917,-0.32323232323232337,4421.93097259260594001,0.08191633998345456,0.43639711318167984,false
0.43013699999999999,6109.27919917070812517,0.98095394626740917,-0.29949494949494965,4528.15171387328064156,0.07571405849710272,0.41955109822426906,false
0.43013699999999999,6109.27919917070812517,0.98095394626740917,-0.27575757575757576,4636.92402051039152866,0.06972494164608224,0.40261567464149500,false
0.43013699999999999,6109.27919917070812517,0.98095394626740917,-0.25202020202020220,4748.30918454247512273,0.06396036735826277,0.38561336154300230,false
0.43013699999999999,6109.27919917070812517,0.98095394626740917,-0.22828282828282834,4862.36997032544059039,0.05843170102638707,0.36857074782069155,false
0.43013699999999999,6109.27919917070812517,0.98095394626740917,-0.20454545454545478,4979.17064989960363164,0.05314122007638869,0.35148950306564564,false
0.43013699999999999,6109.27919917070812517,0.98095394626740917,-0.18080808080808092,5098.77703920631665824,0.04806609407555292,0.33428432707836325,false
0.43013699999999999,6109.27919917070812517,0.98095394626740917,-0.15707070707070706,5221.25653517453156383,0.04317919304272985,0.31683551720048453,false
0.43013699999999999,6109.27919917070812517,0.98095394626740917,-0.13333333333333350,5346.67815369826712413,0.03845338699676953,0.29899498117798479,false
0.43013699999999999,6109.27919917070812517,0.98095394626740917,-0.10959595959595962,5475.11256852633232484,0.03388334605003134,0.28066596092213841,false
0.43013699999999999,6109.27919917070812517,0.98095394626740917,-0.08585858585858606,5606.63215108621716354,0.02955094068891252,0.26210919356249296,false
0.43013699999999999,6109.27919917070812517,0.98095394626740917,-0.06212121212121220,5741.31101126464182016,0.02555984149331950,0.24376742920471409,false
0.43013699999999999,6109.27919917070812517,0.98095394626740917,-0.03838383838383863,5879.22503916767618648,0.02201371904315896,0.22622641264048982,false
0.43013699999999999,6109.27919917070812517,0.98095394626740917,-0.01464646464646477,6020.45194788401840924,0.01900750415214984,0.21021279474334176,false
0.43013699999999999,6109.27919917070812517,0.98095394626740917,0.00909090909090910,6165.07131727548221534,0.01658509045712047,0.19636112941945055,false
0.43013699999999999,6109.27919917070812517,0.98095394626740917,0.03282828282828266,6313.16463881941399450,0.01477189832817626,0.18531678366029364,false
0.43013699999999999,6109.27919917070812517,0.98095394626740917,0.05656565656565653,6464.81536152826993202,0.01359332265505467,0.17777038455472574,false
0.43013699999999999,6109.27919917070812517,0.98095394626740917,0.08030303030303008,6620.10893897224650573,0.01306460974393214,0.17427890387386202,false
0.43013699999999999,6109.27919917070812517,0.98095394626740917,0.10404040404040396,6779.13287743146065623,0.01311267563665712,0.17459920354542594,false
0.43013699999999999,6109.27919917070812517,0.98095394626740917,0.12777777777777782,6941.97678520480531006,0.01361895568578581,0.17793791708793916,false
0.43013699999999999,6109.27919917070812517,0.98095394626740917,0.15151515151515138,7108.73242310327623272,0.01446450937040914,0.18337851550667739,false
0.43013699999999999,6109.27919917070812517,0.98095394626740917,0.17525252525252524,7279.49375615621829638,0.01553523587170210,0.19004459605001203,false
0.43013699999999999,6109.27919917070812517,0.98095394626740917,0.19898989898989880,7454.35700655960499716,0.01678273816633188,0.19752770080067211,false
0.43013699999999999,6109.27919917070812517,0.98095394626740917,0.22272727272727266,7633.42070789624449390,0.01820597087615559,0.20573279247400525,false
0.43013699999999999,6109.27919917070812517,0.98095394626740917,0.24646464646464625,7816.78576065838660725,0.01980493399868035,0.21457706407879090,false
0.43013699999999999,6109.27919917070812517,0.98095394626740917,0.27020202020202011,8004.55548910409106611,0.02157875149463726,0.22398026591739170,true
0.43013699999999999,6109.27919917070812517,0.98095394626740917,0.29393939393939394,8196.83569947933938238,0.02350639847890572,0.23377046790809761,true
0.43013699999999999,6109.27919917070812517,0.98095394626740917,0.31767676767676750,8393.73473963873766479,0.02554670122051357,0.24370476093046384,true
0.43013699999999999,6109.27919917070812517,0.98095394626740917,0.34141414141414139,8595.36356009837436432,0.02765760995171257,0.25357353373717451,true
0.43013699999999999,6109.27919917070812517,0.98095394626740917,0.36515151515151495,8801.83577655525914452,0.02979744448271933,0.26320013563851702,true
0.43013699999999999,6109.27919917070812517,0.98095394626740917,0.38888888888888884,9013.26773390856760670,0.03194126513675458,0.27250385848520142,true
0.43013699999999999,6109.27919917070812517,0.98095394626740917,0.41262626262626240,9229.77857181873696391,0.03408736089653857,0.28150965105468578,true
0.43013699999999999,6109.27919917070812517,0.98095394626740917,0.43636363636363623,9451.49029184141909354,0.03623573175388853,0.29024524737527574,true
0.43013699999999999,6109.27919917070812517,0.98095394626740917,0.46010101010101012,9678.52782617404773191,0.03838637770059977,0.29873435160901768,true
0.43013699999999999,6109.27919917070812517,0.98095394626740917,0.48383838383838368,9911.01910805380066449,0.04053929872582436,0.30699741242180995,true
0.43013699999999999,6109.27919917070812517,0.98095394626740917,0.50757575757575757,10149.09514384663998499,0.04269449481358092,0.31505221598024158,true
0.43013699999999999,6109.27919917070812517,0.98095394626740917,0.53131313131313107,10392.89008686797205883,0.04485196594729814,0.32291434696194027,true
0.43013699999999999,6109.27919917070812517,0.98095394626740917,0.55505050505050502,10642.54131297665480815,0.04701171193087940,0.33059755113609068,true
0.43013699999999999,6109.27919917070812517,0.98095394626740917,0.57878787878787885,10898.18949798479843594,0.04917360241227491,0.33811357821933546,true
0.43013699999999999,6109.27919917070812517,0.98095394626740917,0.60252525252525235,11159.97869692710810341,0.05133714744995373,0.34547169104740999,true
0.43013699999999999,6109.27919917070812517,0.98095394626740917,0.62626262626262630,11428.05642523437018099,0.05350179552515479,0.35267995582474793,true
0.43013699999999999,6109.27919917070812517,0.98095394626740917,0.64999999999999980,11702.57374185680782830,0.05566699511911696,0.35974559810954249,true
0.46575299999999997,6116.86473550809023436,0.97944079133243611,-1.69999999999999996,1117.45040603651659694,0.65727810778985685,1.18794614673389654,true
0.46575299999999997,6116.86473550809023436,0.97944079133243611,-1.67626262626262612,1144.29307074776556874,0.64525895723457927,1.17703449429488471,true
0.46575299999999997,6116.86473550809023436,0.97944079133243611,-1.65252525252525251,1171.78053244052534865,0.63324285845747852,1.16602354450214851,true
0.46575299999999997,6116.86473550809023436,0.97944079133243611,-1.62878787878787867,1199.92828000726808568,0.62123286323673199,1.15491329398062015,true
0.46575299999999997,6116.86473550809023436,0.97944079133243611,-1.60505050505050506,1228.75217440453593554,0.60923202335051552,1.14370371335966481,true
0.46575299999999997,6116.86473550809023436,0.97944079133243611,-1.58131313131313123,1258.26845759042362261,0.59724338555913226,1.13239474121503703,true
0.46575299999999997,6116.86473550809023436,0.97944079133243611,-1.55757575757575761,1288.49376167674768112,0.58526996732023917,1.12098625915508587,true
0.46575299999999997,6116.86473550809023436,0.97944079133243611,-1.53383838383838356,1319.44511830106557682,0.57331477548519760,1.10947810690182003,true
0.46575299999999997,6116.86473550809023436,0.97944079133243611,-1.51010101010100972,1351.13996822382136997,0.56138081689073938,1.09787009032603367,true
0.46575299999999997,6116.86473550809023436,0.97944079133243611,-1.48636363636363611,1383.59617115602918602,0.54947110699393997,1.08616198801020314,true
0.46575299999999997,6116.86473550809023436,0.97944079133243611,-1.46262626262626250,1416.83201582303217947,0.53758873628079307,1.07435361592590595,true
0.46575299999999997,6116.86473550809023436,0.97944079133243611,-1.43888888888888866,1450.86623027000223374,0.52573683386920411,1.06244479254368995,true
0.46575299999999997,6116.86473550809023436,0.97944079133243611,-1.41515151515151505,1485.71799241499593336,0.51391852919635006,1.05043529964511029,true
0.46575299999999997,6116.86473550809023436,0.97944079133243611,-1.39141414141414121,1521.40694085550740056,0.50213696855425749,1.03832489710360432,true
0.46575299999999997,6116.86473550809023436,0.97944079133243611,-1.36767676767676760,1557.95318593460797274,0.49039552705638356,1.02611354312816316,true
0.46575299999999997,6116.86473550809023436,0.97944079133243611,-1.34393939393939377,1595.37732107291344619,0.47869774472402937,1.01380133838877917,true
0.46575299999999997,6116.86473550809023436,0.97944079133243611,-1.32020202020202015,1633.70043437275444376,0.46704716521914358,1.00138836191876290,true
0.46575299999999997,6116.86473550809023436,0.97944079133243611,-1.29646464646464632,1672.94412050110031487,0.45544735768516159,0.98887469355895441,true
0.46575299999999997,6116.86473550809023436,0.97944079133243611,-1.27272727272727249,1713.13049285792317278,0.44390247733971716,0.97626103053876734,true
0.46575299999999997,6116.86473550809023436,0.97944079133243611,-1.24898989898989887,1754.28219603686375194,0.43241726547464326,0.96354872829037053,true
0.46575299999999997,6116.86473550809023436,0.97944079133243611,-1.22525252525252504,1796.42241858522152143,0.42099648886325947,0.95073921252753923,true
0.46575299999999997,6116.86473550809023436,0.97944079133243611,-1.20151515151515120,1839.57490607044974240,0.40964497253009147,0.93783402300835128,true
0.46575299999999997,6116.86473550809023436,0.97944079133243611,-1.17777777777777759,1883.76397446053488238,0.39837018006355918,0.92483781821009203,true
0.46575299999999997,6116.86473550809023436,0.97944079133243611,-1.15404040404040376,1929.01452382578509059,0.38718323624826212,0.91175980480876728,true
0.46575299999999997,6116.86473550809023436,0.97944079133243611,-1.13030303030303014,1975.35205236975207299,0.37609553555031006,0.89861002350479569,true
0.46575299999999997,6116.86473550809023436,0.97944079133243611,-1.10656565656565631,2022.80267079720283618,0.36511844302383989,0.88539905663419372,true
0.46575299999999997,6116.86473550809023436,0.97944079133243611,-1.08282828282828270,2071.39311702721988695,0.35425976487427724,0.87213373257702442,true
0.46575299999999997,6116.86473550809023436,0.97944079133243611,-1.05909090909090886,2121.15077125973675720,0.34352039549343560,0.85881265051634670,true
0.46575299999999997,6116.86473550809023436,0.97944079133243611,-1.03535353535353525,2172.10367140398830088,0.33290043514986223,0.84543330212141832,true
0.46575299999999997,6116.86473550809023436,0.97944079133243611,-1.01161616161616141,2224.28052887757621647,0.32239998407947956,0.83199300577492163,false
0.46575299999999997,6116.86473550809023436,0.97944079133243611,-0.98787878787878780,2277.71074478504533545,0.31201911886514694,0.81848885947357697,false
0.46575299999999997,6116.86473550809023436,0.97944079133243611,-0.96414141414141385,2332.42442648509586434,0.30175785074202011,0.80491766456600500,false
0.46575299999999997,6116.86473550809023436,0.97944079133243611,-0.94040404040404024,2388.45240455575822125,0.29161617975490917,0.79127597126331561,false
0.46575299999999997,6116.86473550809023436,0.97944079133243611,-0.91666666666666652,2445.82625016709653210,0.28159410594862427,0.77756006911588638,false
0.46575299999999997,6116.86473550809023436,0.97944079133243611,-0.89292929292929279,2504.57829287122785900,0.27169162936177849,0.76376596020488641,false
0.46575299999999997,6116.86473550809023436,0.97944079133243611,-0.86919191919191907,2564.74163881968115675,0.26190875000819797,0.74988932875522329,false
0.46575299999999997,6116.86473550809023436,0.97944079133243611,-0.84545454545454513,2626.35018941836142403,0.25224546789551194,0.73592550665110412,false
0.46575299999999997,6116.86473550809023436,0.97944079133243611,-0.82171717171717140,2689.43866043062962490,0.24270178303134987,0.72186943408087834,false
0.46575299999999997,6116.86473550809023436,0.97944079133243611,-0.79797979797979779,2754.04260153926998100,0.23327892012821522,0.70771747221248793,false
0.46575299999999997,6116.86473550809023436,0.97944079133243611,-0.77424242424242407,2820.19841637835679649,0.22398525574660796,0.69347671782690234,false
0.46575299999999997,6116.86473550809023436,0.97944079133243611,-0.75050505050505034,2887.94338304631446590,0.21483175510893449,0.67915891802924222,false
0.46575299999999997,6116.86473550809023436,0.97944079133243611,-0.72676767676767662,2957.31567511172988816,0.20582938700816930,0.66477680799805239,false
0.46575299999999997,6116.86473550809023436,0.97944079133243611,-0.70303030303030267,3028.35438312375345049,0.19698851305935045,0.65034322532454791,false
0.46575299999999997,6116.86473550809023436,0.97944079133243611,-0.67929292929292895,3101.09953663920668987,0.18831421018066352,0.63586323624734398,false
0.46575299999999997,6116.86473550809023436,0.97944079133243611,-0.65555555555555534,3175.59212677881350828,0.17980883423361665,0.62133766672088908,false
0.46575299999999997,6116.86473550809023436,0.97944079133243611,-0.63181818181818161,3251.87412932526012810,0.17147471859164631,0.60676737160609440,false
0.46575299999999997,6116.86473550809023436,0.97944079133243611,-0.60808080808080789,3329.98852837610274946,0.16331410168300292,0.59215310750791661,false
0.46575299999999997,6116.86473550809023436,0.97944079133243611,-0.58434343434343416,3409.97934056484882603,0.15532793296009087,0.57749330132454502,false
0.46575299999999997,6116.86473550809023436,0.97944079133243611,-0.56060606060606022,3491.89163986386301985,0.14751623293161409,0.56278443325088556,false
0.46575299999999997,6116.86473550809023436,0.97944079133243611,-0.53686868686868661,3575.77158298307085715,0.13987900159811653,0.54802255285421098,false
0.46575299999999997,6116.86473550809023436,0.97944079133243611,-0.51313131313131288,3661.66643537877507697,0.13241623896013116,0.53320325717107531,false
0.46575299999999997,6116.86473550809023436,0.97944079133243611,-0.48939393939393910,3749.62459788723708698,0.12512794501794416,0.51832162155666184,false
0.46575299999999997,6116.86473550809023436,0.97944079133243611,-0.46565656565656538,3839.69563399803337234,0.11801411977159486,0.50337211700965434,false
0.46575299999999997,6116.86473550809023436,0.97944079133243611,-0.44191919191919171,3931.93029778255458950,0.11107476322111182,0.48834851068357593,false
0.46575299999999997,6116.86473550809023436,0.97944079133243611,-0.41818181818181799,4026.38056249338887937,0.10430987536652128,0.47324374532099239,false
0.46575299999999997,6116.86473550809023436,0.97944079133243611,-0.39444444444444410,4123.09964985069291288,0.09771945620774458,0.45804979202957086,false
0.46575299999999997,6116.86473550809023436,0.97944079133243611,-0.37070707070707037,4222.14206003206527384,0.09130350574455773,0.44275746901104240,false
0.46575299999999997,6116.86473550809023436,0.97944079133243611,-0.34696969696969665,4323.56360238282195496,0.08506202397672590,0.42735621634080545,false
0.46575299999999997,6116.86473550809023436,0.97944079133243611,-0.32323232323232298,4427.42142686396346107,0.07899506330541850,0.41183394994466421,false
0.46575299999999997,6116.86473550809023436,0.97944079133243611,-0.29949494949494926,4533.77405625557639723,0.07310901670171228,0.39619376889121161,false
0.46575299999999997,6116.86473550809023436,0.97944079133243611,-0.27575757575757553,4642.68141913379167818,0.06742259146666954,0.38047391750441573,false
0.46575299999999997,6116.86473550809023436,0.97944079133243611,-0.25202020202020164,4754.20488363990352809,0.06195590973926567,0.36472332522235734,false
0.46575299999999997,6116.86473550809023436,0.97944079133243611,-0.22828282828282795,4868.40729206066498591,0.05672907397123988,0.34899967030678752,false
0.46575299999999997,6116.86473550809023436,0.97944079133243611,-0.20454545454545423,4985.35299623924765910,0.05174791336797183,0.33332553952313904,false
0.46575299999999997,6116.86473550809023436,0.97944079133243611,-0.18080808080808050,5105.10789383682185871,0.04697882360041657,0.31759469406260599,false
0.46575299999999997,6116.86473550809023436,0.97944079133243611,-0.15707070707070681,5227.73946546518618561,0.04238144761745841,0.30165467678711544,false
0.46575299999999997,6116.86473550809023436,0.97944079133243611,-0.13333333333333308,5353.31681271137767908,0.03791542836798166,0.28531864511306465,false
0.46575299999999997,6116.86473550809023436,0.97944079133243611,-0.10959595959595936,5481.91069707568021840,0.03356483030938675,0.26845061144096150,false
0.46575299999999997,6116.86473550809023436,0.97944079133243611,-0.08585858585858565,5613.59357984497819416,0.02941140393313866,0.25129280113687341,false
0.46575299999999997,6116.86473550809023436,0.97944079133243611,-0.06212121212121193,5748.43966292392087780,0.02556132123921849,0.23426845785751932,false
0.46575299999999997,6116.86473550809023436,0.97944079133243611,-0.03838383838383821,5886.52493064690679603,0.02212075422760734,0.21793256721154228,false
0.46575299999999997,6116.86473550809023436,0.97944079133243611,-0.01464646464646418,6027.92719259445038915,0.01918677587137574,0.20296594293137998,false
0.46575299999999997,6116.86473550809023436,0.97944079133243611,0.00909090909090953,6172.72612743804711499,0.01680332400976969,0.18994145933478038,false
0.46575299999999997,6116.86473550809023436,0.97944079133243611,0.03282828282828325,6321.00332783826979721,0.01499510384497930,0.17943076485021031,false
0.46575299999999997,6116.86473550809023436,0.97944079133243611,0.05656565656565696,6472.84234642135106697,0.01378679405141946,0.17204965796393590,false
0.46575299999999997,6116.86473550809023436,0.97944079133243611,0.08030303030303068,6628.32874286021433363,0.01319316196104927,0.16830484433267270,false
0.46575299999999997,6116.86473550809023436,0.97944079133243611,0.10404040404040439,6787.55013208642776590,0.01314270951778717,0.16798272578930323,false
0.46575299999999997,6116.86473550809023436,0.97944079133243611,0.12777777777777810,6950.59623366029518365,0.01351952116787952,0.17037380573138455,false
0.46575299999999997,6116.86473550809023436,0.97944079133243611,0.15151515151515182,7117.55892232687074284,0.01420731427081508,0.17465384987525928,false
0.46575299999999997,6116.86473550809023436,0.97944079133243611,0.17525252525252555,7288.53227978640006768,0.01509453773882879,0.18002469271889371,true
0.46575299999999997,6116.86473550809023436,0.97944079133243611,0.19898989898989924,7463.61264770836260141,0.01613387604423771,0.18611935015579625,true
0.46575299999999997,6116.86473550809023436,0.97944079133243611,0.22272727272727297,7642.89868201897752442,0.01732430717142749,0.19286352814427540,true
0.46575299999999997,6116.86473550809023436,0.97944079133243611,0.24646464646464669,7826.49140849276136578,0.01866583112017699,0.20019159309417248,true
0.46575299999999997,6116.86473550809023436,0.97944079133243611,0.27020202020202039,8014.49427967949122831,0.02015844789016780,0.20804185365860237,true
0.46575299999999997,6116.86473550809023436,0.97944079133243611,0.29393939393939444,8207.01323319860784977,0.02180215747884555,0.21635747564423805,true
0.46575299999999997,6116.86473550809023436,0.97944079133243611,0.31767676767676817,8404.15675143393491453,0.02359695988141966,0.22508688792467757,true
0.46575299999999997,6116.86473550809023436,0.97944079133243611,0.34141414141414184,8606.03592266236046271,0.02554285509300247,0.23418382183366349,true
0.46575299999999997,6116.86473550809023436,0.97944079133243611,0.36515151515151556,8812.76450365089294792,0.02763954965275827,0.24360581493041164,true
0.46575299999999997,6116.86473550809023436,0.97944079133243611,0.38888888888888928,9024.45898375739125186,0.02987345763228098,0.25325901618585478,true
0.46575299999999997,6116.86473550809023436,0.97944079133243611,0.41262626262626301,9241.23865057108196197,0.03221254885339600,0.26298726262653960,true
0.46575299999999997,6116.86473550809023436,0.97944079133243611,0.43636363636363673,9463.22565712983850972,0.03462343454557688,0.27265109282983346,true
0.46575299999999997,6116.86473550809023436,0.97944079133243611,0.46010101010101045,9690.54509075213354663,0.03707280749039204,0.28213041489621327,true
0.46575299999999997,6116.86473550809023436,0.97944079133243611,0.48383838383838418,9923.32504352240175649,0.03953722827289020,0.29135688119529041,true
0.46575299999999997,6116.86473550809023436,0.97944079133243611,0.50757575757575790,10161.69668446957803098,0.04201242222041627,0.30033851579560011,true
0.46575299999999997,6116.86473550809023436,0.97944079133243611,0.53131313131313163,10405.79433347943813715,0.04449631656687691,0.30908946311075380,true
0.46575299999999997,6116.86473550809023436,0.97944079133243611,0.55505050505050535,10655.75553698243493272,0.04698683884101761,0.31762178594275653,true
0.46575299999999997,6116.86473550809023436,0.97944079133243611,0.57878787878787930,10911.72114545965814614,0.04948213032973401,0.32594653150234743,true
0.46575299999999997,6116.86473550809023436,0.97944079133243611,0.60252525252525302,11173.83539281055709580,0.05198092288209367,0.33407514257692994,true
0.46575299999999997,6116.86473550809023436,0.97944079133243611,0.62626262626262674,11442.24597762723897176,0.05448204947688219,0.34201794062321039,true
0.46575299999999997,6116.86473550809023436,0.97944079133243611,0.65000000000000047,11717.10414642103751248,0.05698434309288517,0.34978400219845390,true
0.50958899999999996,6126.78505968866829789,0.97760693906263330,-1.69999999999999996,1119.26268581757017273,0.61915751072399650,1.10227650464176863,true
0.50958899999999996,6126.78505968866829789,0.97760693906263330,-1.67626262626262612,1146.14888393152136814,0.60805043541264181,1.09234488533404783,true
0.50958899999999996,6126.78505968866829789,0.97760693906263330,-1.65252525252525251,1173.68092475798516716,0.59694340135492197,1.08232217259943164,true
0.50958899999999996,6126.78505968866829789,0.97760693906263330,-1.62878787878787867,1201.87432230930153310,0.58583644980447092,1.07220584963648258,true
0.50958899999999996,6126.78505968866829789,0.97760693906263330,-1.60505050505050484,1230.74496326529379076,0.57472962201492350,1.06199327942938893,true
0.50958899999999996,6126.78505968866829789,0.97760693906263330,-1.58131313131313100,1260.30911592524580556,0.56362295899651182,1.05168169635727593,true
0.50958899999999996,6126.78505968866829789,0.97760693906263330,-1.55757575757575761,1290.58343937491304132,0.55251650033806410,1.04126819618273236,true
0.50958899999999996,6126.78505968866829789,0.97760693906263330,-1.53383838383838378,1321.58499287374388587,0.54141028511392730,1.03074972714889368,true
0.50958899999999996,6126.78505968866829789,0.97760693906263330,-1.51010101010100994,1353.33124546758745055,0.53030435239773777,1.02012307984738593,true
0.50958899999999996,6126.78505968866829789,0.97760693906263330,-1.48636363636363633,1385.84008583231707235,0.51919874117017994,1.00938487552340161,true
0.50958899999999996,6126.78505968866829789,0.97760693906263330,-1.46262626262626272,1419.12983235390834125,0.50809348960291012,0.99853155264042648,true
0.50958899999999996,6126.78505968866829789,0.97760693906263330,-1.43888888888888888,1453.21924345065644957,0.49698863545102173,0.98755935324209310,true
0.50958899999999996,6126.78505968866829789,0.97760693906263330,-1.41515151515151505,1488.12752814334317009,0.48588421646616575,0.97646430794487404,true
0.50958899999999996,6126.78505968866829789,0.97760693906263330,-1.39141414141414121,1523.87435687931679240,0.47478090118484845,0.96524286015209881,true
0.50958899999999996,6126.78505968866829789,0.97760693906263330,-1.36767676767676760,1560.47987261658045099,0.46368792167877115,0.95390004509396786,true
0.50958899999999996,6126.78505968866829789,0.97760693906263330,-1.34393939393939377,1597.96470217413548198,0.45262068161865993,0.94244751747411493,true
0.50958899999999996,6126.78505968866829789,0.97760693906263330,-1.32020202020202015,1636.34996785497264682,0.44159472092476953,0.93089760745766759,false
0.50958899999999996,6126.78505968866829789,0.97760693906263330,-1.29646464646464654,1675.65729934826686076,0.43062543267393810,0.91926307442913502,false
0.50958899999999996,6126.78505968866829789,0.97760693906263330,-1.27272727272727271,1715.90884591747794730,0.41972483254441889,0.90755365442714864,false
0.50958899999999996,6126.78505968866829789,0.97760693906263330,-1.24898989898989887,1757.12728888122228454,0.40890155881588131,0.89577587263783198,false
0.50958899999999996,6126.78505968866829789,0.97760693906263330,-1.22525252525252504,1799.33585439395733374,0.39816410292457804,0.88393642210317613,false
0.50958899999999996,6126.78505968866829789,0.97760693906263330,-1.20151515151515142,1842.55832653367110652,0.38752088167501025,0.87204226128922901,false
0.50958899999999996,6126.78505968866829789,0.97760693906263330,-1.17777777777777759,1886.81906070395984898,0.37697693132975407,0.86009686573714339,false
0.50958899999999996,6126.78505968866829789,0.97760693906263330,-1.15404040404040398,1932.14299735803547264,0.36653259740760358,0.84809847027576279,false
0.50958899999999996,6126.78505968866829789,0.97760693906263330,-1.13030303030303036,1978.55567605240776174,0.35618787990998496,0.83604479304456203,false
0.50958899999999996,6126.78505968866829789,0.97760693906263330,-1.10656565656565653,2026.08324983815487030,0.34594277883832009,0.82393340782623603,false
0.50958899999999996,6126.78505968866829789,0.97760693906263330,-1.08282828282828270,2074.75249999788502464,0.33579729419354498,0.81176173163781007,false
0.50958899999999996,6126.78505968866829789,0.97760693906263330,-1.05909090909090886,2124.59085113670880673,0.32575142597565099,0.79952701094790513,false
0.50958899999999996,6126.78505968866829789,0.97760693906263330,-1.03535353535353525,2175.62638663570942299,0.31580517418452075,0.78722630633316071,false
0.50958899999999996,6126.78505968866829789,0.97760693906263330,-1.01161616161616141,2227.88786447663278523,0.30595853882003704,0.77485647535163893,false
0.50958899999999996,6126.78505968866829789,0.97760693906263330,-0.98787878787878780,2281.40473344670181177,0.29621151988205036,0.76241415337678464,false
0.50958899999999996,6126.78505968866829789,0.97760693906263330,-0.96414141414141408,2336.20714973269559778,0.28656411737032267,0.74989573209020677,false
0.50958899999999996,6126.78505968866829789,0.97760693906263330,-0.94040404040404024,2392.32599391364101393,0.27701633128460057,0.73729733527761443,false
0.50958899999999996,6126.78505968866829789,0.97760693906263330,-0.91666666666666663,2449.79288836168916532,0.26756816162463093,0.72461479150638008,false
0.50958899999999996,6126.78505968866829789,0.97760693906263330,-0.89292929292929279,2508.64021506098788450,0.25822105642966353,0.71184559911319634,false
0.50958899999999996,6126.78505968866829789,0.97760693906263330,-0.86919191919191907,2568.90113385458425910,0.24898225589696227,0.69899517254668886,false
0.50958899999999996,6126.78505968866829789,0.97760693906263330,-0.84545454545454524,2630.60960112964357904,0.23986044826329395,0.68607137264889573,false
0.50958899999999996,6126.78505968866829789,0.97760693906263330,-0.82171717171717162,2693.80038895151210454,0.23086432176542560,0.67308263820230563,false
0.50958899999999996,6126.78505968866829789,0.97760693906263330,-0.79797979797979779,2758.50910465741071675,0.22200163346658078,0.66003666707378550,false
0.50958899999999996,6126.78505968866829789,0.97760693906263330,-0.77424242424242407,2824.77221092078298170,0.21327470270226334,0.64693351424267709,false
0.50958899999999996,6126.78505968866829789,0.97760693906263330,-0.75050505050505023,2892.62704629763175035,0.20468388058401502,0.63377017661307389,false
0.50958899999999996,6126.78505968866829789,0.97760693906263330,-0.72676767676767662,2962.11184626639169437,0.19622951550858600,0.62054337503923218,false
0.50958899999999996,6126.78505968866829789,0.97760693906263330,-0.70303030303030289,3033.26576477322259962,0.18791228945297392,0.60725006443921048,false
0.50958899999999996,6126.78505968866829789,0.97760693906263330,-0.67929292929292906,3106.12889629483470344,0.17973578777781227,0.59389170218324017,false
0.50958899999999996,6126.78505968866829789,0.97760693906263330,-0.65555555555555545,3180.74229843130387962,0.17170509077743704,0.58047238451344763,false
0.50958899999999996,6126.78505968866829789,0.97760693906263330,-0.63181818181818161,3257.14801504159413525,0.16382529110100777,0.56699659627159582,false
0.50958899999999996,6126.78505968866829789,0.97760693906263330,-0.60808080808080789,3335.38909993481865968,0.15610127417747349,0.55346887349072305,false
0.50958899999999996,6126.78505968866829789,0.97760693906263330,-0.58434343434343405,3415.50964113061218086,0.14853511221419988,0.53988907826518717,false
0.50958899999999996,6126.78505968866829789,0.97760693906263330,-0.56060606060606044,3497.55478570225477597,0.14112684997600966,0.52625326293464458,false
0.50958899999999996,6126.78505968866829789,0.97760693906263330,-0.53686868686868672,3581.57076521657245394,0.13387648746815983,0.51255695653398969,false
0.50958899999999996,6126.78505968866829789,0.97760693906263330,-0.51313131313131288,3667.60492178492950188,0.12678415812287178,0.49879543853059949,false
0.50958899999999996,6126.78505968866829789,0.97760693906263330,-0.48939393939393927,3755.70573474000730130,0.11985306419254628,0.48496963633039281,false
0.50958899999999996,6126.78505968866829789,0.97760693906263330,-0.46565656565656544,3845.92284795339355696,0.11308947674976363,0.47108695144307766,false
0.50958899999999996,6126.78505968866829789,0.97760693906263330,-0.44191919191919177,3938.30709780937422693,0.10649980029406858,0.45715594761741957,false
0.50958899999999996,6126.78505968866829789,0.97760693906263330,-0.41818181818181793,4032.91054185069742744,0.10009038303546411,0.44318612290826487,false
0.50958899999999996,6126.78505968866829789,0.97760693906263330,-0.39444444444444426,4129.78648811244238459,0.09386502347619805,0.42918237051407426,false
0.50958899999999996,6126.78505968866829789,0.97760693906263330,-0.37070707070707060,4228.98952516053577710,0.08782398221658809,0.41514187297835903,false
0.50958899999999996,6126.78505968866829789,0.97760693906263330,-0.34696969696969676,4330.57555285182661464,0.08196725925722223,0.40106077115483779,false
0.50958899999999996,6126.78505968866829789,0.97760693906263330,-0.32323232323232309,4434.60181383305371128,0.07629487271523429,0.38693467806662474,false
0.50958899999999996,6126.78505968866829789,0.97760693906263330,-0.29949494949494926,4541.12692579648046376,0.07080903280978651,0.37276429650919002,false
0.50958899999999996,6126.78505968866829789,0.97760693906263330,-0.27575757575757559,4650.21091451033498743,0.06551620714827892,0.35856207406105228,false
0.50958899999999996,6126.78505968866829789,0.97760693906263330,-0.25202020202020176,4761.91524764269342995,0.06042335248484500,0.34434389408769761,false
0.50958899999999996,6126.78505968866829789,0.97760693906263330,-0.22828282828282809,4876.30286939785401046,0.05553741164763556,0.33012833026219979,false
0.50958899999999996,6126.78505968866829789,0.97760693906263330,-0.20454545454545425,4993.43823598473682068,0.05085523112722734,0.31590594130969712,false
0.50958899999999996,6126.78505968866829789,0.97760693906263330,-0.18080808080808061,5113.38735193726006401,0.04634576367052782,0.30157476563625668,false
0.50958899999999996,6126.78505968866829789,0.97760693906263330,-0.15707070707070678,5236.21780730720274732,0.04197318541232313,0.28699606522909721,false
0.50958899999999996,6126.78505968866829789,0.97760693906263330,-0.13333333333333328,5361.99881575047493243,0.03770167248739963,0.27200086542861146,false
0.50958899999999996,6126.78505968866829789,0.97760693906263330,-0.10959595959595943,5490.80125352828235918,0.03351940688469900,0.25647092626498891,false
0.50958899999999996,6126.78505968866829789,0.97760693906263330,-0.08585858585858559,5622.69769944514064264,0.02951059400978576,0.24064616958664239,false
0.50958899999999996,6126.78505968866829789,0.97760693906263330,-0.06212121212121176,5757.76247574625995185,0.02578344512238005,0.22493676803986543,false
0.50958899999999996,6126.78505968866829789,0.97760693906263330,-0.03838383838383827,5896.07168999734403769,0.02244617148220198,0.20987519655146125,false
0.50958899999999996,6126.78505968866829789,0.97760693906263330,-0.01464646464646443,6037.70327797039863071,0.01959594694124455,0.19609797324174144,false
0.50958899999999996,6126.78505968866829789,0.97760693906263330,0.00909090909090940,6182.73704755969720281,0.01726549075185861,0.18406848644567214,false
0.50958899999999996,6126.78505968866829789,0.97760693906263330,0.03282828282828290,6331.25472375269055192,0.01546419236872128,0.17420218555008515,false
0.50958899999999996,6126.78505968866829789,0.97760693906263330,0.05656565656565674,6483.33999468117144716,0.01420140906747831,0.16693818841365551,false
0.50958899999999996,6126.78505968866829789,0.97760693906263330,0.08030303030303057,6639.07855877863767091,0.01348018767743180,0.16264396268256820,false
0.50958899999999996,6126.78505968866829789,0.97760693906263330,0.10404040404040441,6798.55817307045435882,0.01324865077266994,0.16124111915204278,false
0.50958899999999996,6126.78505968866829789,0.97760693906263330,0.12777777777777791,6961.86870262400225329,0.01342664077885165,0.16232060866481127,false
0.50958899999999996,6126.78505968866829789,0.97760693906263330,0.15151515151515174,7129.10217118669243064,0.01393376640140092,0.16535763045525603,false
0.50958899999999996,6126.78505968866829789,0.97760693906263330,0.17525252525252558,7300.35281304036743677,0.01469290747587543,0.16980240985769515,false
0.50958899999999996,6126.78505968866829789,0.97760693906263330,0.19898989898989941,7475.71712610130998655,0.01567135270052837,0.17536512136183552,false
0.50958899999999996,6126.78505968866829789,0.97760693906263330,0.22272727272727291,7655.29392629580615903,0.01686839551084126,0.18193944487679922,false
0.50958899999999996,6126.78505968866829789,0.97760693906263330,0.24646464646464675,7839.18440324186212820,0.01828403590640456,0.18942007767962912,false
0.50958899999999996,6126.78505968866829789,0.97760693906263330,0.27020202020202055,8027.49217726847655285,0.01991747450906311,0.19770020181116452,false
0.50958899999999996,6126.78505968866829789,0.97760693906263330,0.29393939393939406,8220.32335780459834496,0.02174952625251362,0.20659265569984525,false
0.50958899999999996,6126.78505968866829789,0.97760693906263330,0.31767676767676789,8417.78660317066351126,0.02374262038230470,0.21585111777623844,false
0.50958899999999996,6126.78505968866829789,0.97760693906263330,0.34141414141414173,8619.99318180639602360,0.02585838676623933,0.22526342919202927,false
0.50958899999999996,6126.78505968866829789,0.97760693906263330,0.36515151515151556,8827.05703496939713659,0.02805866400786236,0.23465157410521398,false
0.50958899999999996,6126.78505968866829789,0.97760693906263330,0.38888888888888906,9039.09484093982973718,0.03031474566672968,0.24390288765374762,true
0.50958899999999996,6126.78505968866829789,0.97760693906263330,0.41262626262626290,9256.22608076739925309,0.03261104473032100,0.25297192974555271,true
0.50958899999999996,6126.78505968866829789,0.97760693906263330,0.43636363636363673,9478.57310559763391211,0.03493294055529124,0.26182285247925380,true
0.50958899999999996,6126.78505968866829789,0.97760693906263330,0.46010101010101023,9706.26120561547213583,0.03726585056952519,0.27042416458099422,true
0.50958899999999996,6126.78505968866829789,0.97760693906263330,0.48383838383838407,9939.41868064495065482,0.03959979881973096,0.27876385866355657,true
0.50958899999999996,6126.78505968866829789,0.97760693906263330,0.50757575757575790,10178.17691244478010049,0.04193375609165297,0.28686123249503237,true
0.50958899999999996,6126.78505968866829789,0.97760693906263330,0.53131313131313174,10422.67043874056980712,0.04426772109424418,0.29473625445564572,true
0.50958899999999996,6126.78505968866829789,0.97760693906263330,0.55505050505050524,10673.03702903541670821,0.04660169253645874,0.30240629178212142,true
0.50958899999999996,6126.78505968866829789,0.97760693906263330,0.57878787878787907,10929.41776224155910313,0.04893566912814416,0.30988656155669159,true
0.50958899999999996,6126.78505968866829789,0.97760693906263330,0.60252525252525291,11191.95710617682198063,0.05126964958161574,0.31719048588455767,true
0.50958899999999996,6126.78505968866829789,0.97760693906263330,0.62626262626262641,11460.80299897071199666,0.05360363260961142,0.32432997501016192,true
0.50958899999999996,6126.78505968866829789,0.97760693906263330,0.65000000000000024,11736.10693242598608776,0.05593761692486918,0.33131565548670011,true
0.60547899999999999,6147.41962536637311132,0.97380448631352934,-1.85000000000000009,966.60284203339074338,0.61322361781438262,1.00637512597208345,true
0.60547899999999999,6147.41962536637311132,0.97380448631352934,-1.82474747474747478,991.32281191696154110,0.60277151828445585,0.99776167693684747,true
0.60547899999999999,6147.41962536637311132,0.97380448631352934,-1.79949494949494948,1016.67497206986695346,0.59231947153569520,0.98907326367914361,true
0.60547899999999999,6147.41962536637311132,0.97380448631352934,-1.77424242424242418,1042.67549017105329767,0.58186753034926753,0.98030793745187794,true
0.60547899999999999,6147.41962536637311132,0.97380448631352934,-1.74898989898989887,1069.34094737283885479,0.57141574750633750,0.97146366121185102,true
0.60547899999999999,6147.41962536637311132,0.97380448631352934,-1.72373737373737357,1096.68834887511229681,0.56096417563135004,0.96253830381475758,true
0.60547899999999999,6147.41962536637311132,0.97380448631352934,-1.69848484848484849,1124.73513476995367455,0.55051286643352570,0.95352963320480744,true
0.60547899999999999,6147.41962536637311132,0.97380448631352934,-1.67323232323232318,1153.49919116360001681,0.54006187129082028,0.94443531021320071,true
0.60547899999999999,6147.41962536637311132,0.97380448631352934,-1.64797979797979810,1182.99886158284152771,0.52961124158073103,0.93525288157712794,true
0.60547899999999999,6147.41962536637311132,0.97380448631352934,-1.62272727272727280,1213.25295867312934206,0.51916102862850322,0.92597977198756720,true
0.60547899999999999,6147.41962536637311132,0.97380448631352934,-1.59747474747474771,1244.28077619584746571,0.50871128330459436,0.91661327510017188,true
0.60547899999999999,6147.41962536637311132,0.97380448631352934,-1.57222222222222241,1276.10210133240730102,0.49826205624529318,0.90715054429107989,true
0.60547899999999999,6147.41962536637311132,0.97380448631352934,-1.54696969696969711,1308.73722730300619332,0.48781339808495405,0.89758858254230367,true
0.60547899999999999,6147.41962536637311132,0.97380448631352934,-1.52171717171717180,1342.20696630809879935,0.47736560489694696,0.88792445939296061,true
0.60547899999999999,6147.41962536637311132,0.97380448631352934,-1.49646464646464650,1376.53266280083585116,0.46692230483472169,0.87815821378903658,true
0.60547899999999999,6147.41962536637311132,0.97380448631352934,-1.47121212121212119,1411.73620709893202729,0.45648952742705967,0.86829213422664575,false
0.60547899999999999,6147.41962536637311132,0.97380448631352934,-1.44595959595959589,1447.84004934464587677,0.44607335521756986,0.85832863005369942,false
0.60547899999999999,6147.41962536637311132,0.97380448631352934,-1.42070707070707059,1484.86721382177120176,0.43567988242887140,0.84827020105710560,false
0.60547899999999999,6147.41962536637311132,0.97380448631352934,-1.39545454545454528,1522.84131363877554577,0.42531547190081664,0.83811969886476678,false
0.60547899999999999,6147.41962536637311132,0.97380448631352934,-1.37020202020202020,1561.78656578744153194,0.41498675509049160,0.82788035153375383,false
0.60547899999999999,6147.41962536637311132,0.97380448631352934,-1.34494949494949512,1601.72780658662509268,0.40470037513399243,0.81755553095583056,false
0.60547899999999999,6147.41962536637311132,0.97380448631352934,-1.31969696969696981,1642.69050752096745782,0.39446291678052675,0.80714869393456234,false
0.60547899999999999,6147.41962536637311132,0.97380448631352934,-1.29444444444444451,1684.70079148467129926,0.38427832006950896,0.79666071042622932,false
0.60547899999999999,6147.41962536637311132,0.97380448631352934,-1.26919191919191920,1727.78544944069517442,0.37414685531629782,0.78608861643895533,false
0.60547899999999999,6147.41962536637311132,0.97380448631352934,-1.24393939393939412,1771.97195750599007624,0.36406852252658417,0.77542897173366443,false
0.60547899999999999,6147.41962536637311132,0.97380448631352934,-1.21868686868686882,1817.28849447367974790,0.35404332170605290,0.76467811494331706,false
0.60547899999999999,6147.41962536637311132,0.97380448631352934,-1.19343434343434351,1863.76395978334767278,0.34407125285973417,0.75383214359115047,false
0.60547899999999999,6147.41962536637311132,0.97380448631352934,-1.16818181818181821,1911.42799195090196918,0.33415231599138417,0.74288689174330169,false
0.60547899999999999,6147.41962536637311132,0.97380448631352934,-1.14292929292929291,1960.31098746976704206,0.32428651110461310,0.73183790494727230,false
0.60547899999999999,6147.41962536637311132,0.97380448631352934,-1.11767676767676760,2010.44412019545347903,0.31447384317565857,0.72068041773776148,false
0.60547899999999999,6147.41962536637311132,0.97380448631352934,-1.09242424242424230,2061.85936122587099817,0.30471792233570383,0.70941351308071010,false
0.60547899999999999,6147.41962536637311132,0.97380448631352934,-1.06717171717171722,2114.58949929006394086,0.29503231888883630,0.69804794657676894,false
0.60547899999999999,6147.41962536637311132,0.97380448631352934,-1.04191919191919191,2168.66816165836644359,0.28543230875037978,0.68659719160364163,false
0.60547899999999999,6147.41962536637311132,0.97380448631352934,-1.01666666666666661,2224.12983558731821176,0.27593316783565813,0.67507559977172471,false
0.60547899999999999,6147.41962536637311132,0.97380448631352934,-0.99141414141414141,2281.00989031301105570,0.26654865417197882,0.66349660431552726,false
0.60547899999999999,6147.41962536637311132,0.97380448631352934,-0.96616161616161622,2339.34459960689946456,0.25728645423458396,0.65186688363348433,false
0.60547899999999999,6147.41962536637311132,0.97380448631352934,-0.94090909090909092,2399.17116490845182852,0.24815273661069970,0.64019163027356485,false
0.60547899999999999,6147.41962536637311132,0.97380448631352934,-0.91565656565656561,2460.52773904939567728,0.23915366988755196,0.62847641194153248,false
0.60547899999999999,6147.41962536637311132,0.97380448631352934,-0.89040404040404031,2523.45345058469274591,0.23029473390713073,0.61672628862915213,false
0.60547899999999999,6147.41962536637311132,0.97380448631352934,-0.86515151515151512,2587.98842874575575479,0.22157738648020853,0.60494121642421039,false
0.60547899999999999,6147.41962536637311132,0.97380448631352934,-0.83989898989898992,2654.17382903181669462,0.21300162961494523,0.59311911485897562,false
0.60547899999999999,6147.41962536637311132,0.97380448631352934,-0.81464646464646473,2722.05185945577659368,0.20456746331149714,0.58125772453656088,false
0.60547899999999999,6147.41962536637311132,0.97380448631352934,-0.78939393939393943,2791.66580746125964652,0.19627488757002237,0.56935458994904220,false
0.60547899999999999,6147.41962536637311132,0.97380448631352934,-0.76414141414141412,2863.06006752805660653,0.18812390239069487,0.55740703682250559,false
0.60547899999999999,6147.41962536637311132,0.97380448631352934,-0.73888888888888882,2936.28016948354252236,0.18011450777369636,0.54541214612743394,false
0.60547899999999999,6147.41962536637311132,0.97380448631352934,-0.71363636363636362,3011.37280753814093259,0.17224670371920883,0.53336672414822073,false
0.60547899999999999,6147.41962536637311132,0.97380448631352934,-0.68838383838383832,3088.38587006333364116,0.16452066422653866,0.52126754352222349,false
0.60547899999999999,6147.41962536637311132,0.97380448631352934,-0.66313131313131324,3167.36847013122542194,0.15693892550710695,0.50911488528150184,false
0.60547899999999999,6147.41962536637311132,0.97380448631352934,-0.63787878787878793,3248.37097683512229196,0.14950572617976887,0.49691186977591678,false
0.60547899999999999,6147.41962536637311132,0.97380448631352934,-0.61262626262626263,3331.44504741110813484,0.14222534244719071,0.48466197928931315,false
0.60547899999999999,6147.41962536637311132,0.97380448631352934,-0.58737373737373733,3416.64366018109694778,0.13510206891819235,0.47236907483425794,false
0.60547899999999999,6147.41962536637311132,0.97380448631352934,-0.56212121212121213,3504.02114833838049890,0.12814062354313102,0.46003817721292029,false
0.60547899999999999,6147.41962536637311132,0.97380448631352934,-0.53686868686868683,3593.63323459720413666,0.12134614761390070,0.44767563073028366,false
0.60547899999999999,6147.41962536637311132,0.97380448631352934,-0.51161616161616152,3685.53706672847101800,0.11472380082854919,0.43528852742576912,false
0.60547899999999999,6147.41962536637311132,0.97380448631352934,-0.48636363636363644,3779.79125400424527470,0.10827869753621888,0.42288469652097538,false
0.60547899999999999,6147.41962536637311132,0.97380448631352934,-0.46111111111111114,3876.45590457428943409,0.10201389794859170,0.41046877820209859,false
0.60547899999999999,6147.41962536637311132,0.97380448631352934,-0.43585858585858589,3975.59266379846303607,0.09592961201465941,0.39804007692485799,false
0.60547899999999999,6147.41962536637311132,0.97380448631352934,-0.41060606060606059,4077.26475355944921830,0.09002583973477722,0.38559735661839512,false
0.60547899999999999,6147.41962536637311132,0.97380448631352934,-0.38535353535353528,4181.53701258085675363,0.08430259462662394,0.37313924476334459,false
0.60547899999999999,6147.41962536637311132,0.97380448631352934,-0.36010101010101003,4288.47593777642850910,0.07876152580404944,0.36066792225584410,false
0.60547899999999999,6147.41962536637311132,0.97380448631352934,-0.33484848484848473,4398.14972665671120922,0.07340745895197914,0.34819341456297526,false
0.60547899999999999,6147.41962536637311132,0.97380448631352934,-0.30959595959595965,4510.62832082024033298,0.06824558472307918,0.33572813434143173,false
0.60547899999999999,6147.41962536637311132,0.97380448631352934,-0.28434343434343440,4625.98345055697518546,0.06328108380502721,0.32328638267049919,false
0.60547899999999999,6147.41962536637311132,0.97380448631352934,-0.25909090909090909,4744.28868059240994626,0.05851191226898470,0.31086555505285995,false
0.60547899999999999,6147.41962536637311132,0.97380448631352934,-0.23383838383838382,4865.61945700156775274,0.05391606631455078,0.29840737815505752,false
0.60547899999999999,6147.41962536637311132,0.97380448631352934,-0.20858585858585854,4990.05315532276472368,0.04946812415033819,0.28583353377349396,false
0.60547899999999999,6147.41962536637311132,0.97380448631352934,-0.18333333333333324,5117.66912990184118826,0.04514266398495968,0.27305117495926251,false
0.60547899999999999,6147.41962536637311132,0.97380448631352934,-0.15808080808080816,5248.54876449832499929,0.04092179867874048,0.25997274195264886,false
0.60547899999999999,6147.41962536637311132,0.97380448631352934,-0.13282828282828288,5382.77552418580489757,0.03681777969885509,0.24659215438330243,false
0.60547899999999999,6147.41962536637311132,0.97380448631352934,-0.10757575757575760,5520.43500857960225403,0.03285039316419056,0.23292748815401221,false
0.60547899999999999,6147.41962536637311132,0.97380448631352934,-0.08232323232323231,5661.61500642569080810,0.02903942519363387,0.21900017675207373,false
0.60547899999999999,6147.41962536637311132,0.97380448631352934,-0.05707070707070704,5806.40555158568622574,0.02541721823589934,0.20488702971109898,false
0.60547899999999999,6147.41962536637311132,0.97380448631352934,-0.03181818181818175,5954.89898045358677336,0.02208943931300789,0.19100415016308539,false
0.60547899999999999,6147.41962536637311132,0.97380448631352934,-0.00656565656565648,6107.18999084090592078,0.01918829579428307,0.17801994389699716,false
0.60547899999999999,6147.41962536637311132,0.97380448631352934,0.01868686868686880,6263.37570236772717180,0.01684603165642408,0.16680123573080363,false
0.60547899999999999,6147.41962536637311132,0.97380448631352934,0.04393939393939408,6423.55571839821004687,0.01517719926711753,0.15832382573047643,false
0.60547899999999999,6147.41962536637311132,0.97380448631352934,0.06919191919191936,6587.83218956004202482,0.01414236847116309,0.15283102706019838,false
0.60547899999999999,6147.41962536637311132,0.97380448631352934,0.09444444444444465,6756.30987888833078614,0.01362282449519307,0.14999750605953935,false
0.60547899999999999,6147.41962536637311132,0.97380448631352934,0.11969696969696993,6929.09622863550248439,0.01349919732106154,0.14931534095557483,false
0.60547899999999999,6147.41962536637311132,0.97380448631352934,0.14494949494949483,7106.30142878979040688,0.01365764179232944,0.15018906600616777,false
0.60547899999999999,6147.41962536637311132,0.97380448631352934,0.17020202020202010,7288.03848734603980120,0.01405931827509004,0.15238162086973242,false
0.60547899999999999,6147.41962536637311132,0.97380448631352934,0.19545454545454538,7474.42330237359146849,0.01471944238237654,0.15591795732152441,false
0.60547899999999999,6147.41962536637311132,0.97380448631352934,0.22070707070707068,7665.57473592726364586,0.01565442309735082,0.16079368609066308,false
0.60547899999999999,6147.41962536637311132,0.97380448631352934,0.24595959595959596,7861.61468984852035646,0.01687920401072844,0.16696538324524740,false
0.60547899999999999,6147.41962536637311132,0.97380448631352934,0.27121212121212124,8062.66818350520406966,0.01837502468695961,0.17420652717179774,false
0.60547899999999999,6147.41962536637311132,0.97380448631352934,0.29646464646464649,8268.86343351936557156,0.02008942066422923,0.18215209219906969,false
0.60547899999999999,6147.41962536637311132,0.97380448631352934,0.32171717171717179,8480.33193553406999854,0.02196846208827586,0.19048039588537641,false
0.60547899999999999,6147.41962536637311132,0.97380448631352934,0.34696969696969709,8697.20854807132673159,0.02395852901520331,0.19892095362153922,false
0.60547899999999999,6147.41962536637311132,0.97380448631352934,0.37222222222222234,8919.63157853457778401,0.02602003929284349,0.20730244843007778,true
0.60547899999999999,6147.41962536637311132,0.97380448631352934,0.39747474747474765,9147.74287141064996831,0.02813288920939033,0.21555476388873918,true
0.60547899999999999,6147.41962536637311132,0.97380448631352934,0.42272727272727290,9381.68789872737033875,0.03027840982324712,0.22362326752135070,true
0.60547899999999999,6147.41962536637311132,0.97380448631352934,0.44797979797979820,9621.61585282455962442,0.03243798080983679,0.23146075413075348,true
0.60547899999999999,6147.41962536637311132,0.97380448631352934,0.47323232323232345,9867.67974149755900726,0.03459886450396285,0.23904594469814999,true
0.60547899999999999,6147.41962536637311132,0.97380448631352934,0.49848484848484836,10120.03648557395717944,0.03675974824005219,0.24639774089831010,true
0.60547899999999999,6147.41962536637311132,0.97380448631352934,0.52373737373737361,10378.84701898575804080,0.03892063201206299,0.25353644673355719,true
0.60547899999999999,6147.41962536637311132,0.97380448631352934,0.54898989898989892,10644.27639140079918434,0.04108151581395336,0.26047958264346488,true
0.60547899999999999,6147.41962536637311132,0.97380448631352934,0.57424242424242422,10916.49387347886477073,0.04324239963970029,0.26724239215616702,true
0.60547899999999999,6147.41962536637311132,0.97380448631352934,0.59949494949494953,11195.67306481964442355,0.04540328348333297,0.27383823580012945,true
0.60547899999999999,6147.41962536637311132,0.97380448631352934,0.62474747474747483,11481.99200467135233339,0.04756416733888947,0.28027890150098211,true
0.60547899999999999,6147.41962536637311132,0.97380448631352934,0.65000000000000002,11775.63328547059791163,0.04972505120040789,0.28657485213625045,true
0.63287700000000002,6152.51153159158820927,0.97272075637739275,-1.90000000000000013,920.22265453149339010,0.62666535049882544,0.99508042913340866,true
0.63287700000000002,6152.51153159158820927,0.97272075637739275,-1.87424242424242427,944.23325927774260435,0.61528271660131373,0.98600178577529807,true
0.63287700000000002,6152.51153159158820927,0.97272075637739275,-1.84848484848484862,968.87035277368909192,0.60390781439876939,0.97684502322616718,true
0.63287700000000002,6152.51153159158820927,0.97272075637739275,-1.82272727272727275,994.15028146948066023,0.59254837558615980,0.96761423652982592,true
0.63287700000000002,6152.51153159158820927,0.97272075637739275,-1.79696969696969711,1020.08981832959943858,0.58121213185845322,0.95831366070529567,true
0.63287700000000002,6152.51153159158820927,0.97272075637739275,-1.77121212121212124,1046.70617396154716516,0.56990655394269962,0.94894746349283254,true
0.63287700000000002,6152.51153159158820927,0.97272075637739275,-1.74545454545454559,1074.01700803489939062,0.55863758860461432,0.93951868297597851,true
0.63287700000000002,6152.51153159158820927,0.97272075637739275,-1.71969696969696972,1102.04044099831025960,0.54741063100134268,0.93002999880660930,true
0.63287700000000002,6152.51153159158820927,0.97272075637739275,-1.69393939393939408,1130.79506610223620555,0.53623107552918980,0.92048418842298929,true
0.63287700000000002,6152.51153159158820927,0.97272075637739275,-1.66818181818181821,1160.29996173536187598,0.52510432998400680,0.91088414620752289,true
0.63287700000000002,6152.51153159158820927,0.97272075637739275,-1.64242424242424256,1190.57470408290782871,0.51403591878732013,0.90123298195694490,true
0.63287700000000002,6152.51153159158820927,0.97272075637739275,-1.61666666666666670,1221.63938011522236593,0.50303142641047138,0.89153398417858365,true
0.63287700000000002,6152.51153159158820927,0.97272075637739275,-1.59090909090909105,1253.51460091527246732,0.49209643782108170,0.88179057835496366,true
0.63287700000000002,6152.51153159158820927,0.97272075637739275,-1.56515151515151518,1286.22151535387911281,0.48123631196026723,0.87200613113946968,true
0.63287700000000002,6152.51153159158820927,0.97272075637739275,-1.53939393939393954,1319.78182412176829530,0.47045333923331117,0.86218134402808722,true
0.63287700000000002,6152.51153159158820927,0.97272075637739275,-1.51363636363636367,1354.21779412775026685,0.45974759860217074,0.85231489519895898,true
0.63287700000000002,6152.51153159158820927,0.97272075637739275,-1.48787878787878802,1389.55227327257557590,0.44911912020707828,0.84240534906467768,true
0.63287700000000002,6152.51153159158820927,0.97272075637739275,-1.46212121212121215,1425.80870560827634108,0.43856793356042051,0.83245119453724781,false
0.63287700000000002,6152.51153159158820927,0.97272075637739275,-1.43636363636363651,1463.01114689304449712,0.42809405373413750,0.82245082640489842,false
0.63287700000000002,6152.51153159158820927,0.97272075637739275,-1.41060606060606064,1501.18428055197432514,0.41769748135972218,0.81240253866751477,false
0.63287700000000002,6152.51153159158820927,0.97272075637739275,-1.38484848484848500,1540.35343405425010133,0.40737821644082223,0.80230453085485065,false
0.63287700000000002,6152.51153159158820927,0.97272075637739275,-1.35909090909090935,1580.54459571765619330,0.39713625898105698,0.79215490155033230,false
0.63287700000000002,6152.51153159158820927,0.97272075637739275,-1.33333333333333348,1621.78443195154909517,0.38697160898276672,0.78195164063841227,false
0.63287700000000002,6152.51153159158820927,0.97272075637739275,-1.30757575757575784,1664.10030494973602799,0.37688426644651674,0.77169262078354695,false
0.63287700000000002,6152.51153159158820927,0.97272075637739275,-1.28181818181818197,1707.52029084500099998,0.36687423137274161,0.76137558804766459,false
0.63287700000000002,6152.51153159158820927,0.97272075637739275,-1.25606060606060632,1752.07319833732208281,0.35694150376187489,0.75099815153383243,false
0.63287700000000002,6152.51153159158820927,0.97272075637739275,-1.23030303030303045,1797.78858780813698104,0.34708608361424698,0.74055777193222383,false
0.63287700000000002,6152.51153159158820927,0.97272075637739275,-1.20454545454545481,1844.69679093334184472,0.33730797092998666,0.73005174882407464,false
0.63287700000000002,6152.51153159158820927,0.97272075637739275,-1.17878787878787894,1892.82893080803933117,0.32760716570919968,0.71947720657642167,false
0.63287700000000002,6152.51153159158820927,0.97272075637739275,-1.15303030303030329,1942.21694259637706637,0.31798366795199168,0.70883107863238481,false
0.63287700000000002,6152.51153159158820927,0.97272075637739275,-1.12727272727272743,1992.89359472019691566,0.30843747765846935,0.69811008996982382,false
0.63287700000000002,6152.51153159158820927,0.97272075637739275,-1.10151515151515178,2044.89251060052811226,0.29896859482874072,0.68731073746214533,false
0.63287700000000002,6152.51153159158820927,0.97272075637739275,-1.07575757575757591,2098.24819096637656912,0.28957701946291431,0.67642926782818125,false
0.63287700000000002,6152.51153159158820927,0.97272075637739275,-1.05000000000000027,2152.99603674558693456,0.28026275156109853,0.66546165280148217,false
0.63287700000000002,6152.51153159158820927,0.97272075637739275,-1.02424242424242418,2209.17237255298869059,0.27102579112345904,0.65440356108073949,false
0.63287700000000002,6152.51153159158820927,0.97272075637739275,-0.99848484848484853,2266.81447079138615663,0.26186613815039078,0.64325032653921876,false
0.63287700000000002,6152.51153159158820927,0.97272075637739275,-0.97272727272727277,2325.96057638140791823,0.25278379264234563,0.63199691206759034,false
0.63287700000000002,6152.51153159158820927,0.97272075637739275,-0.94696969696969702,2386.64993213660318361,0.24377875459977572,0.62063786829868983,false
0.63287700000000002,6152.51153159158820927,0.97272075637739275,-0.92121212121212126,2448.92280480063254799,0.23485324766924837,0.60917017019502107,false
0.63287700000000002,6152.51153159158820927,0.97272075637739275,-0.89545454545454550,2512.82051176382447011,0.22602248081269327,0.59760766929144715,false
0.63287700000000002,6152.51153159158820927,0.97272075637739275,-0.86969696969696975,2578.38544847682715044,0.21730636311866852,0.58597159663013487,false
0.63287700000000002,6152.51153159158820927,0.97272075637739275,-0.84393939393939399,2645.66111657953979375,0.20872481015866579,0.57428487839426612,false
0.63287700000000002,6152.51153159158820927,0.97272075637739275,-0.81818181818181823,2714.69215276398699643,0.20029633719716303,0.56257036056721743,false
0.63287700000000002,6152.51153159158820927,0.97272075637739275,-0.79242424242424248,2785.52435839029385534,0.19202727164129862,0.55083534473839524,false
0.63287700000000002,6152.51153159158820927,0.97272075637739275,-0.76666666666666672,2858.20472987539915266,0.18391766544826135,0.53907856841294455,false
0.63287700000000002,6152.51153159158820927,0.97272075637739275,-0.74090909090909096,2932.78148987468239284,0.17596751871201746,0.52729857620180687,false
0.63287700000000002,6152.51153159158820927,0.97272075637739275,-0.71515151515151520,3009.30411927718068910,0.16817683152272356,0.51549377666702334,false
0.63287700000000002,6152.51153159158820927,0.97272075637739275,-0.68939393939393945,3087.82339003563674851,0.16054560391882300,0.50366242557573038,false
0.63287700000000002,6152.51153159158820927,0.97272075637739275,-0.66363636363636369,3168.39139885315080392,0.15307383590148904,0.49180260667212633,false
0.63287700000000002,6152.51153159158820927,0.97272075637739275,-0.63787878787878793,3251.06160174878596081,0.14576152747107246,0.47991220943105350,false
0.63287700000000002,6152.51153159158820927,0.97272075637739275,-0.61212121212121218,3335.88884952507578419,0.13860867862792051,0.46798890310761460,false
0.63287700000000002,6152.51153159158820927,0.97272075637739275,-0.58636363636363642,3422.92942416094547298,0.13161528937230230,0.45603010639928393,false
0.63287700000000002,6152.51153159158820927,0.97272075637739275,-0.56060606060606066,3512.24107615421007722,0.12478135970440865,0.44403295181024421,false
0.63287700000000002,6152.51153159158820927,0.97272075637739275,-0.53484848484848491,3603.88306283841620825,0.11810688962442696,0.43199424357795990,false
0.63287700000000002,6152.51153159158820927,0.97272075637739275,-0.50909090909090915,3697.91618769945353051,0.11159194200742673,0.41991052602200368,false
0.63287700000000002,6152.51153159158820927,0.97272075637739275,-0.48333333333333339,3794.40284071802398103,0.10523942772777205,0.40778343745607581,false
0.63287700000000002,6152.51153159158820927,0.97272075637739275,-0.45757575757575764,3893.40703976473196235,0.09905620946260861,0.39562269411887707,false
0.63287700000000002,6152.51153159158820927,0.97272075637739275,-0.43181818181818188,3994.99447307525952056,0.09304944097649989,0.38343983379596536,false
0.63287700000000002,6152.51153159158820927,0.97272075637739275,-0.40606060606060618,4099.23254283381902496,0.08722626496967635,0.37124787953864452,false
0.63287700000000002,6152.51153159158820927,0.97272075637739275,-0.38030303030303042,4206.19040989378027007,0.08159248535807341,0.35905867563502580,false
0.63287700000000002,6152.51153159158820927,0.97272075637739275,-0.35454545454545466,4315.93903966517154913,0.07615130593936767,0.34687980897914328,false
0.63287700000000002,6152.51153159158820927,0.97272075637739275,-0.32878787878787891,4428.55124919946865703,0.07090563177424423,0.33471926489692977,false
0.63287700000000002,6152.51153159158820927,0.97272075637739275,-0.30303030303030315,4544.10175550293752167,0.06585836108753369,0.32258621365467616,false
0.63287700000000002,6152.51153159158820927,0.97272075637739275,-0.27727272727272739,4662.66722511058014788,0.06100743610957358,0.31047864220492566,false
0.63287700000000002,6152.51153159158820927,0.97272075637739275,-0.25151515151515164,4784.32632495356210711,0.05633710685419098,0.29835794951488437,false
0.63287700000000002,6152.51153159158820927,0.97272075637739275,-0.22575757575757588,4909.15977455388838280,0.05182927863712864,0.28617251860586940,false
0.63287700000000002,6152.51153159158820927,0.97272075637739275,-0.20000000000000012,5037.25039958094748727,0.04746585677412928,0.27386151465685266,false
0.63287700000000002,6152.51153159158820927,0.97272075637739275,-0.17424242424242437,5168.68318680547145050,0.04323058039026131,0.26135804727404494,false
0.63287700000000002,6152.51153159158820927,0.97272075637739275,-0.14848484848484841,5303.54534048734785756,0.03911452384789528,0.24860471863114225,false
0.63287700000000002,6152.51153159158820927,0.97272075637739275,-0.12272727272727267,5441.92634023472510307,0.03511059531872746,0.23553716323504126,false
0.63287700000000002,6152.51153159158820927,0.97272075637739275,-0.09696969696969691,5583.91800037278517266,0.03121170297445402,0.22207469598017568,false
0.63287700000000002,6152.51153159158820927,0.97272075637739275,-0.07121212121212116,5729.61453086156870995,0.02742823302243405,0.20818012204508599,false
0.63287700000000002,6152.51153159158820927,0.97272075637739275,-0.04545454545454540,5879.11259980329032260,0.02387263728353374,0.19421847661116193,false
0.63287700000000002,6152.51153159158820927,0.97272075637739275,-0.01969696969696965,6032.51139758059434826,0.02069431094846061,0.18082806239827898,false
0.63287700000000002,6152.51153159158820927,0.97272075637739275,0.00606060606060610,6189.91270266832361813,0.01804270016429448,0.16884612947735655,false
0.63287700000000002,6152.51153159158820927,0.97272075637739275,0.03181818181818186,6351.42094916245423519,0.01604964179026328,0.15924764387834583,false
0.63287700000000002,6152.51153159158820927,0.97272075637739275,0.05757575757575761,6517.14329607101808506,0.01469370666169977,0.15237230113952521,false
0.63287700000000002,6152.51153159158820927,0.97272075637739275,0.08333333333333337,6687.18969841295620427,0.01387454991652670,0.14806410828710057,false
0.63287700000000002,6152.51153159158820927,0.97272075637739275,0.10909090909090913,6861.67298017211851402,0.01349117449682050,0.14600415775720096,false
0.63287700000000002,6152.51153159158820927,0.97272075637739275,0.13484848484848488,7040.70890915477320959,0.01344666631463076,0.14576312062032107,false
0.63287700000000002,6152.51153159158820927,0.97272075637739275,0.16060606060606064,7224.41627380032059591,0.01369954168236292,0.14712733303618994,false
0.63287700000000002,6152.51153159158820927,0.97272075637739275,0.18636363636363637,7412.91696199616126250,0.01424826469063996,0.15004493191641277,false
0.63287700000000002,6152.51153159158820927,0.97272075637739275,0.21212121212121213,7606.33604194901818119,0.01509218135159908,0.15442455238198163,false
0.63287700000000002,6152.51153159158820927,0.97272075637739275,0.23787878787878788,7804.80184516635927139,0.01622942248804454,0.16013706947363868,true
0.63287700000000002,6152.51153159158820927,0.97272075637739275,0.26363636363636367,8008.44605160300216085,0.01763016956812326,0.16690470837243349,true
0.63287700000000002,6152.51153159158820927,0.97272075637739275,0.28939393939393943,8217.40377702935256821,0.01923665470532480,0.17434324228221940,true
0.63287700000000002,6152.51153159158820927,0.97272075637739275,0.31515151515151513,8431.81366267929843161,0.02098989482380577,0.18211489794397451,true
0.63287700000000002,6152.51153159158820927,0.97272075637739275,0.34090909090909088,8651.81796723718798603,0.02283142525360927,0.18993581086638794,true
0.63287700000000002,6152.51153159158820927,0.97272075637739275,0.36666666666666664,8877.56266122496163007,0.02472626319141030,0.19766036245418178,true
0.63287700000000002,6152.51153159158820927,0.97272075637739275,0.39242424242424240,9109.19752385204628808,0.02667200860385507,0.20529019387811148,true
0.63287700000000002,6152.51153159158820927,0.97272075637739275,0.41818181818181815,9346.87624239226533973,0.02866866148484160,0.21283549208440988,true
0.63287700000000002,6152.51153159158820927,0.97272075637739275,0.44393939393939391,9590.75651415371976327,0.03071618969014732,0.22030482759074480,true
0.63287700000000002,6152.51153159158820927,0.97272075637739275,0.46969696969696967,9841.00015110927779460,0.03281067236295830,0.22769207170874259,true
0.63287700000000002,6152.51153159158820927,0.97272075637739275,0.49545454545454543,10097.77318725710392755,0.03494063618812201,0.23496639173602213,true
0.63287700000000002,6152.51153159158820927,0.97272075637739275,0.52121212121212124,10361.24598878245160449,0.03709374012123001,0.24209769583636534,true
0.63287700000000002,6152.51153159158820927,0.97272075637739275,0.54696969696969688,10631.59336709381750552,0.03925764713508965,0.24905913596627807,true
0.63287700000000002,6152.51153159158820927,0.97272075637739275,0.57272727272727264,10908.99469480846528313,0.04142293268395692,0.25583547504389681,true
0.63287700000000002,6152.51153159158820927,0.97272075637739275,0.59848484848484840,11193.63402476424744236,0.04358821870531762,0.26243690312184353,true
0.63287700000000002,6152.51153159158820927,0.97272075637739275,0.62424242424242415,11485.70021213671134319,0.04575350504167394,0.26887630324584494,true
0.63287700000000002,6152.51153159158820927,0.97272075637739275,0.64999999999999991,11785.38703974250529427,0.04791879153552803,0.27516505051146894,true
0.68219200000000002,6165.72903888122618810,0.97077313610717897,-2.04999999999999982,793.74453336889951061,0.65650166671611665,0.98099005673958839,true
0.68219200000000002,6165.72903888122618810,0.97077313610717897,-2.02272727272727293,815.69000778112899752,0.64479458879747054,0.97220394941781385,true
0.68219200000000002,6165.72903888122618810,0.97077313610717897,-1.99545454545454515,838.24223137641661197,0.63309483341856598,0.96334328302282635,true
0.68219200000000002,6165.72903888122618810,0.97077313610717897,-1.96818181818181803,861.41797957570770450,0.62140972311914466,0.95441160423933169,true
0.68219200000000002,6165.72903888122618810,0.97077313610717897,-1.94090909090909070,885.23449160732832297,0.60974658043894781,0.94541257723177918,true
0.68219200000000002,6165.72903888122618810,0.97077313610717897,-1.91363636363636358,909.70948333034266398,0.59811247511431576,0.93634979406951191,true
0.68219200000000002,6165.72903888122618810,0.97077313610717897,-1.88636363636363646,934.86116041245782071,0.58651300059815537,0.92722580666211230,true
0.68219200000000002,6165.72903888122618810,0.97077313610717897,-1.85909090909090891,960.70823187226744722,0.57495321599215998,0.91804282917328861,true
0.68219200000000002,6165.72903888122618810,0.97077313610717897,-1.83181818181818179,987.26992399591290450,0.56343817966098664,0.90880315288427305,true
0.68219200000000002,6165.72903888122618810,0.97077313610717897,-1.80454545454545445,1014.56599463851466680,0.55197286950465785,0.89950908663963958,true
0.68219200000000002,6165.72903888122618810,0.97077313610717897,-1.77727272727272712,1042.61674792100711784,0.54056156308286374,0.89016244881344664,true
0.68219200000000002,6165.72903888122618810,0.97077313610717897,-1.74999999999999978,1071.44304933331386565,0.52920817735452730,0.88076482525604205,true
0.68219200000000002,6165.72903888122618810,0.97077313610717897,-1.72272727272727244,1101.06634125509594924,0.51791662629839985,0.87131785858899313,true
0.68219200000000002,6165.72903888122618810,0.97077313610717897,-1.69545454545454533,1131.50865890561749438,0.50669078916925470,0.86182322525964261,true
0.68219200000000002,6165.72903888122618810,0.97077313610717897,-1.66818181818181799,1162.79264673459465484,0.49553407380913422,0.85228226283331709,true
0.68219200000000002,6165.72903888122618810,0.97077313610717897,-1.64090909090909087,1194.94157526621711440,0.48444954832067755,0.84269606617346615,true
0.68219200000000002,6165.72903888122618810,0.97077313610717897,-1.61363636363636354,1227.97935840887839731,0.47344027330614386,0.83306576645085872,false
0.68219200000000002,6165.72903888122618810,0.97077313610717897,-1.58636363636363620,1261.93057124347910758,0.46250929443988636,0.82339252725898393,false
0.68219200000000002,6165.72903888122618810,0.97077313610717897,-1.55909090909090908,1296.82046830354920530,0.45165931405441317,0.81367725133136526,false
0.68219200000000002,6165.72903888122618810,0.97077313610717897,-1.53181818181818152,1332.67500236077444242,0.44089269114038698,0.80392056532603606,false
0.68219200000000002,6165.72903888122618810,0.97077313610717897,-1.50454545454545441,1369.52084372990702832,0.43021176976056469,0.79412310637624972,false
0.68219200000000002,6165.72903888122618810,0.97077313610717897,-1.47727272727272707,1407.38540010742076447,0.41961887337563536,0.78428551777319921,false
0.68219200000000002,6165.72903888122618810,0.97077313610717897,-1.44999999999999973,1446.29683695866356175,0.40911539224893834,0.77440758597396964,false
0.68219200000000002,6165.72903888122618810,0.97077313610717897,-1.42272727272727262,1486.28409846867634769,0.39870142176572443,0.76448783860709024,false
0.68219200000000002,6165.72903888122618810,0.97077313610717897,-1.39545454545454528,1527.37692907225959971,0.38837696193130244,0.75452462642970464,false
0.68219200000000002,6165.72903888122618810,0.97077313610717897,-1.36818181818181817,1569.60589557930416049,0.37814201275096904,0.74451620449391809,false
0.68219200000000002,6165.72903888122618810,0.97077313610717897,-1.34090909090909083,1613.00240991184682571,0.36799657422855681,0.73446072459947909,false
0.68219200000000002,6165.72903888122618810,0.97077313610717897,-1.31363636363636349,1657.59875246975389018,0.35794064636505291,0.72435622698077129,false
0.68219200000000002,6165.72903888122618810,0.97077313610717897,-1.28636363636363615,1703.42809614242742100,0.34797422916111775,0.71420063113587218,false
0.68219200000000002,6165.72903888122618810,0.97077313610717897,-1.25909090909090882,1750.52453098438331835,0.33809732261741210,0.70399172568101898,false
0.68219200000000002,6165.72903888122618810,0.97077313610717897,-1.23181818181818170,1798.92308957306204320,0.32830992673459414,0.69372715710440958,false
0.68219200000000002,6165.72903888122618810,0.97077313610717897,-1.20454545454545436,1848.65977306773379496,0.31861204151331635,0.68340441727158596,false
0.68219200000000002,6165.72903888122618810,0.97077313610717897,-1.17727272727272703,1899.77157798887901663,0.30900366695423009,0.67302082951030806,false
0.68219200000000002,6165.72903888122618810,0.97077313610717897,-1.14999999999999991,1952.29652373796670872,0.29948480305798697,0.66257353307418099,false
0.68219200000000002,6165.72903888122618810,0.97077313610717897,-1.12272727272727257,2006.27368087810214092,0.29005544982550402,0.65205946575035578,false
0.68219200000000002,6165.72903888122618810,0.97077313610717897,-1.09545454545454546,2061.74320019657716330,0.28071560725876199,0.64147534433550624,false
0.68219200000000002,6165.72903888122618810,0.97077313610717897,-1.06818181818181812,2118.74634257094430723,0.27146527536000697,0.63081764265185714,false
0.68219200000000002,6165.72903888122618810,0.97077313610717897,-1.04090909090909078,2177.32550966082499144,0.26230445413148534,0.62008256671946638,false
0.68219200000000002,6165.72903888122618810,0.97077313610717897,-1.01363636363636345,2237.52427544829242834,0.25323325252397150,0.60926615768720471,false
0.68219200000000002,6165.72903888122618810,0.97077313610717897,-0.98636363636363611,2299.38741865027805034,0.24425241570952477,0.59836491763936872,false
0.68219200000000002,6165.72903888122618810,0.97077313610717897,-0.95909090909090899,2362.96095602712102846,0.23536291914499410,0.58737534057143048,false
0.68219200000000002,6165.72903888122618810,0.97077313610717897,-0.93181818181818177,2428.29217661203256284,0.22656573860486240,0.57629361388456335,false
0.68219200000000002,6165.72903888122618810,0.97077313610717897,-0.90454545454545443,2495.42967688693534001,0.21786278265114731,0.56511679184940122,false
0.68219200000000002,6165.72903888122618810,0.97077313610717897,-0.87727272727272709,2564.42339693085023100,0.20926407855218912,0.55385238682429705,false
0.68219200000000002,6165.72903888122618810,0.97077313610717897,-0.84999999999999976,2635.32465756770761800,0.20078383384639170,0.54251413768784684,false
0.68219200000000002,6165.72903888122618810,0.97077313610717897,-0.82272727272727253,2708.18619854123380719,0.19243629061984543,0.53111696920509854,false
0.68219200000000002,6165.72903888122618810,0.97077313610717897,-0.79545454545454541,2783.06221774528466995,0.18423511144671256,0.51967627424383200,false
0.68219200000000002,6165.72903888122618810,0.97077313610717897,-0.76818181818181808,2860.00841153883266088,0.17618609144721892,0.50819747101538304,false
0.68219200000000002,6165.72903888122618810,0.97077313610717897,-0.74090909090909074,2939.08201617557506324,0.16828935579688539,0.49667810206532526,false
0.68219200000000002,6165.72903888122618810,0.97077313610717897,-0.71363636363636340,3020.34185037899260351,0.16054490449665640,0.48511527762757861,false
0.68219200000000002,6165.72903888122618810,0.97077313610717897,-0.68636363636363618,3103.84835909452795022,0.15295280712986153,0.47350592192227658,false
0.68219200000000002,6165.72903888122618810,0.97077313610717897,-0.65909090909090906,3189.66365845142217950,0.14551473367468870,0.46184917619691485,false
0.68219200000000002,6165.72903888122618810,0.97077313610717897,-0.63181818181818172,3277.85158196765587491,0.13823395450418396,0.45014668373918110,false
0.68219200000000002,6165.72903888122618810,0.97077313610717897,-0.60454545454545439,3368.47772803236966865,0.13111380957377877,0.43840036495803325,false
0.68219200000000002,6165.72903888122618810,0.97077313610717897,-0.57727272727272705,3461.60950870108035815,0.12415765938375037,0.42661237315459161,false
0.68219200000000002,6165.72903888122618810,0.97077313610717897,-0.54999999999999982,3557.31619983998416501,0.11736979503980430,0.41478673779926811,false
0.68219200000000002,6165.72903888122618810,0.97077313610717897,-0.52272727272727249,3655.66899265665824714,0.11075579892925830,0.40293029891900745,false
0.68219200000000002,6165.72903888122618810,0.97077313610717897,-0.49545454545454537,3756.74104665547702098,0.10432134855445760,0.39105089587868375,false
0.68219200000000002,6165.72903888122618810,0.97077313610717897,-0.46818181818181803,3860.60754405714760651,0.09807210663269977,0.37915731664245789,false
0.68219200000000002,6165.72903888122618810,0.97077313610717897,-0.44090909090909075,3967.34574572283599991,0.09201194689054337,0.36725591476148106,false
0.68219200000000002,6165.72903888122618810,0.97077313610717897,-0.41363636363636341,4077.03504862448562562,0.08614126856840004,0.35534672770494385,false
0.68219200000000002,6165.72903888122618810,0.97077313610717897,-0.38636363636363613,4189.75704490407406411,0.08046007171040083,0.34342894566148147,false
0.68219200000000002,6165.72903888122618810,0.97077313610717897,-0.35909090909090902,4305.59558256574837287,0.07496835834832281,0.33150164613201394,false
0.68219200000000002,6165.72903888122618810,0.97077313610717897,-0.33181818181818168,4424.63682784597585851,0.06966757155729471,0.31956707316502236,false
0.68219200000000002,6165.72903888122618810,0.97077313610717897,-0.30454545454545440,4546.96932930809907702,0.06456313566738826,0.30763730370663278,false
0.68219200000000002,6165.72903888122618810,0.97077313610717897,-0.27727272727272706,4672.68408370899396687,0.05966115677125403,0.29572805282101006,false
0.68219200000000002,6165.72903888122618810,0.97077313610717897,-0.24999999999999978,4801.87460368680058309,0.05496774096154255,0.28385766983948552,false
0.68219200000000002,6165.72903888122618810,0.97077313610717897,-0.22272727272727266,4934.63698732008469960,0.05047879544242044,0.27202021553216826,false
0.68219200000000002,6165.72903888122618810,0.97077313610717897,-0.19545454545454516,5071.06998961018871341,0.04614943186411851,0.26009372128025821,false
0.68219200000000002,6165.72903888122618810,0.97077313610717897,-0.16818181818181804,5211.27509593990362191,0.04192456298838385,0.24790253116306790,false
0.68219200000000002,6165.72903888122618810,0.97077313610717897,-0.14090909090909093,5355.35659756315544655,0.03774910157696336,0.23523394873553849,false
0.68219200000000002,6165.72903888122618810,0.97077313610717897,-0.11363636363636342,5503.42166918182010704,0.03358952173190183,0.22189555317447759,false
0.68219200000000002,6165.72903888122618810,0.97077313610717897,-0.08636363636363631,5655.58044866737054690,0.02953820823925773,0.20808403599939698,false
0.68219200000000002,6165.72903888122618810,0.97077313610717897,-0.05909090909090881,5811.94611898670882510,0.02573312014665192,0.19421953623758897,false
0.68219200000000002,6165.72903888122618810,0.97077313610717897,-0.03181818181818170,5972.63499239303655486,0.02231227936275591,0.18085006049484578,false
0.68219200000000002,6165.72903888122618810,0.97077313610717897,-0.00454545454545459,6137.76659694448699156,0.01940426320468697,0.16865346465854511,false
0.68219200000000002,6165.72903888122618810,0.97077313610717897,0.02272727272727293,6307.46376541479185107,0.01705544606307355,0.15811687778331604,false
0.68219200000000002,6165.72903888122618810,0.97077313610717897,0.05000000000000004,6481.85272666215587378,0.01526987656639462,0.14961131912875761,false
0.68219200000000002,6165.72903888122618810,0.97077313610717897,0.07727272727272755,6661.06319952433204890,0.01405125354344183,0.14351728966241414,false
0.68219200000000002,6165.72903888122618810,0.97077313610717897,0.10454545454545465,6845.22848930966210901,0.01339926194158128,0.14014807197298643,false
0.68219200000000002,6165.72903888122618810,0.97077313610717897,0.13181818181818175,7034.48558695595784229,0.01325909425394426,0.13941311076453983,false
0.68219200000000002,6165.72903888122618810,0.97077313610717897,0.15909090909090928,7228.97527093088410766,0.01353667115779344,0.14086484714538949,false
0.68219200000000002,6165.72903888122618810,0.97077313610717897,0.18636363636363640,7428.84221194970632496,0.01413704633200357,0.14395475992475501,false
0.68219200000000002,6165.72903888122618810,0.97077313610717897,0.21363636363636390,7634.23508058829520451,0.01496725150379102,0.14812136893268329,false
0.68219200000000002,6165.72903888122618810,0.97077313610717897,0.24090909090909102,7845.30665787137695588,0.01597981351223028,0.15304972100761494,true
0.68219200000000002,6165.72903888122618810,0.97077313610717897,0.26818181818181852,8062.21394891837644536,0.01717275430825392,0.15865971402387477,true
0.68219200000000002,6165.72903888122618810,0.97077313610717897,0.29545454545454564,8285.11829973130988947,0.01854607389113613,0.16488178551409183,true
0.68219200000000002,6165.72903888122618810,0.97077313610717897,0.32272727272727275,8514.18551721165567869,0.02009948020867391,0.17164814013710469,true
0.68219200000000002,6165.72903888122618810,0.97077313610717897,0.35000000000000026,8749.58599249544386112,0.02181945235841745,0.17884162691716429,true
0.68219200000000002,6165.72903888122618810,0.97077313610717897,0.37727272727272737,8991.49482769830865436,0.02367411346173638,0.18628742999857750,true
0.68219200000000002,6165.72903888122618810,0.97077313610717897,0.40454545454545487,9240.09196616482768150,0.02563023454982801,0.19383088522856978,true
0.68219200000000002,6165.72903888122618810,0.97077313610717897,0.43181818181818199,9495.56232631895181839,0.02765464584600149,0.20134031302654160,true
0.68219200000000002,6165.72903888122618810,0.97077313610717897,0.45909090909090911,9758.09593921517443960,0.02972133981910989,0.20872808110480828,true
0.68219200000000002,6165.72903888122618810,0.97077313610717897,0.48636363636363661,10027.88808989271092287,0.03181821908431051,0.21596562119020188,true
0.68219200000000002,6165.72903888122618810,0.97077313610717897,0.51363636363636367,10305.13946263780599111,0.03393478444378278,0.22303305662460426,true
0.68219200000000002,6165.72903888122618810,0.97077313610717897,0.54090909090909123,10590.05629026233509649,0.03606054011740605,0.22991261579102795,true
0.68219200000000002,6165.72903888122618810,0.97077313610717897,0.56818181818181834,10882.85050750957816490,0.03818746815745960,0.23659584945848955,true
0.68219200000000002,6165.72903888122618810,0.97077313610717897,0.59545454545454546,11183.73990870142552012,0.04031439626904636,0.24309541576704718,true
0.68219200000000002,6165.72903888122618810,0.97077313610717897,0.62272727272727291,11492.94830974420437997,0.04244132442832196,0.24942567314297884,true
0.68219200000000002,6165.72903888122618810,0.97077313610717897,0.65000000000000002,11810.70571461359759269,0.04456825261144193,0.25559920131654418,true
0.75890400000000002,6183.96768418457850203,0.96775126150398294,-2.04999999999999982,796.09248361359868795,0.60930606591994985,0.89603367123393574,true
0.75890400000000002,6183.96768418457850203,0.96775126150398294,-2.02272727272727249,818.10287422978342420,0.59853505281227215,0.88807853635170564,true
0.75890400000000002,6183.96768418457850203,0.96775126150398294,-1.99545454545454537,840.72180883432224618,0.58777242930913876,0.88005777558514953,true
0.75890400000000002,6183.96768418457850203,0.96775126150398294,-1.96818181818181803,863.96611247099667708,0.57702658501509341,0.87197591698309918,true
0.75890400000000002,6183.96768418457850203,0.96775126150398294,-1.94090909090909070,887.85307536294033071,0.56630590953467963,0.86383764441946076,true
0.75890400000000002,6183.96768418457850203,0.96775126150398294,-1.91363636363636314,912.40046577393241023,0.55561832506511055,0.85564744826280847,true
0.75890400000000002,6183.96768418457850203,0.96775126150398294,-1.88636363636363602,937.62654322528078410,0.54496902430829353,0.84740786022783743,true
0.75890400000000002,6183.96768418457850203,0.96775126150398294,-1.85909090909090891,963.55007207812707293,0.53436221200603262,0.83912072673305882,true
0.75890400000000002,6183.96768418457850203,0.96775126150398294,-1.83181818181818157,990.19033549127391325,0.52380209153742741,0.83078795841019082,true
0.75890400000000002,6183.96768418457850203,0.96775126150398294,-1.80454545454545423,1017.56714976491855396,0.51329281073337574,0.82241149101233280,true
0.75890400000000002,6183.96768418457850203,0.96775126150398294,-1.77727272727272689,1045.70087908096434148,0.50283803394968873,0.81399294139830836,true
0.75890400000000002,6183.96768418457850203,0.96775126150398294,-1.74999999999999978,1074.61245065087132389,0.49244117660393993,0.80553378364375661,true
0.75890400000000002,6183.96768418457850203,0.96775126150398294,-1.72272727272727244,1104.32337028231631848,0.48210565205636230,0.79703554634300433,true
0.75890400000000002,6183.96768418457850203,0.96775126150398294,-1.69545454545454510,1134.85573837623906002,0.47183473478104698,0.78849970197566721,true
0.75890400000000002,6183.96768418457850203,0.96775126150398294,-1.66818181818181799,1166.23226636617459917,0.46162981373381889,0.77992618910286227,true
0.75890400000000002,6183.96768418457850203,0.96775126150398294,-1.64090909090909065,1198.47629361210579191,0.45149091900848803,0.77131377732216644,true
0.75890400000000002,6183.96768418457850203,0.96775126150398294,-1.61363636363636331,1231.61180476138997619,0.44141805069945805,0.76266114890922254,false
0.75890400000000002,6183.96768418457850203,0.96775126150398294,-1.58636363636363598,1265.66344758968739370,0.43141120889919765,0.75396691935123994,false
0.75890400000000002,6183.96768418457850203,0.96775126150398294,-1.55909090909090886,1300.65655133515269881,0.42147039365568012,0.74522963267142950,false
0.75890400000000002,6183.96768418457850203,0.96775126150398294,-1.53181818181818175,1336.61714553953333962,0.41159560497238279,0.73644775637305138,false
0.75890400000000002,6183.96768418457850203,0.96775126150398294,-1.50454545454545419,1373.57197941018512211,0.40178684285084842,0.72761967595987564,false
0.75890400000000002,6183.96768418457850203,0.96775126150398294,-1.47727272727272685,1411.54854171740862512,0.39204410729260858,0.71874368890778551,false
0.75890400000000002,6183.96768418457850203,0.96775126150398294,-1.44999999999999973,1450.57508124191167553,0.38236739829868843,0.70981799806056167,false
0.75890400000000002,6183.96768418457850203,0.96775126150398294,-1.42272727272727262,1490.68062778760031506,0.37275671586940978,0.70084070438450874,false
0.75890400000000002,6183.96768418457850203,0.96775126150398294,-1.39545454545454528,1531.89501377533429149,0.36321206000504269,0.69180979900514539,false
0.75890400000000002,6183.96768418457850203,0.96775126150398294,-1.36818181818181772,1574.24889643370443082,0.35373343070585728,0.68272315443608300,false
0.75890400000000002,6183.96768418457850203,0.96775126150398294,-1.34090909090909061,1617.77378060334513066,0.34432082797212821,0.67357851489888265,false
0.75890400000000002,6183.96768418457850203,0.96775126150398294,-1.31363636363636349,1662.50204217173882171,0.33497425180413787,0.66437348561678566,false
0.75890400000000002,6183.96768418457850203,0.96775126150398294,-1.28636363636363615,1708.46695215594832007,0.32569370220216948,0.65510552094694496,false
0.75890400000000002,6183.96768418457850203,0.96775126150398294,-1.25909090909090882,1755.70270145118570326,0.31647917916650703,0.64577191119424759,false
0.75890400000000002,6183.96768418457850203,0.96775126150398294,-1.23181818181818148,1804.24442626363588715,0.30733068269764430,0.63636976792440159,false
0.75890400000000002,6183.96768418457850203,0.96775126150398294,-1.20454545454545436,1854.12823424644238912,0.29824821279665575,0.62689600756316899,false
0.75890400000000002,6183.96768418457850203,0.96775126150398294,-1.17727272727272703,1905.39123135830709543,0.28923176946471546,0.61734733303098543,false
0.75890400000000002,6183.96768418457850203,0.96775126150398294,-1.14999999999999969,1958.07154946467085210,0.28028135270299742,0.60772021312047264,false
0.75890400000000002,6183.96768418457850203,0.96775126150398294,-1.12272727272727257,2012.20837470201809083,0.27139867892072994,0.59801275028012935,false
0.75890400000000002,6183.96768418457850203,0.96775126150398294,-1.09545454545454524,2067.84197662639735427,0.26259233015935862,0.58823057915710530,false
0.75890400000000002,6183.96768418457850203,0.96775126150398294,-1.06818181818181790,2125.01373816783916482,0.25387260486838309,0.57838164032923589,false
0.75890400000000002,6183.96768418457850203,0.96775126150398294,-1.04090909090909056,2183.76618641295362977,0.24524980149730347,0.56847439916143516,false
0.75890400000000002,6183.96768418457850203,0.96775126150398294,-1.01363636363636345,2244.14302423861363422,0.23673344221874068,0.55851698579411080,false
0.75890400000000002,6183.96768418457850203,0.96775126150398294,-0.98636363636363622,2306.18916282023656095,0.22832851601992693,0.54851266034876900,false
0.75890400000000002,6183.96768418457850203,0.96775126150398294,-0.95909090909090888,2369.95075503886482693,0.22003837106961860,0.53846290473582703,false
0.75890400000000002,6183.96768418457850203,0.96775126150398294,-0.93181818181818143,2435.47522981188149060,0.21186635327337447,0.52836929881180839,false
0.75890400000000002,6183.96768418457850203,0.96775126150398294,-0.90454545454545432,2502.81132737290317891,0.20381557327813860,0.51823323502203211,false
0.75890400000000002,6183.96768418457850203,0.96775126150398294,-0.87727272727272720,2572.00913552709607757,0.19588709410958052,0.50805355069923341,false
0.75890400000000002,6183.96768418457850203,0.96775126150398294,-0.84999999999999976,2643.12012690887695499,0.18808092448624517,0.49782758150318707,false
0.75890400000000002,6183.96768418457850203,0.96775126150398294,-0.82272727272727242,2716.19719726971379714,0.18039706441339570,0.48755241510013808,false
0.75890400000000002,6183.96768418457850203,0.96775126150398294,-0.79545454545454519,2791.29470482451415592,0.17283580839587104,0.47722528027975697,false
0.75890400000000002,6183.96768418457850203,0.96775126150398294,-0.76818181818181808,2868.46851068586329347,0.16540144906475251,0.46684878629542337,false
0.75890400000000002,6183.96768418457850203,0.96775126150398294,-0.74090909090909074,2947.77602041618501971,0.15810116043497172,0.45642992230786378,false
0.75890400000000002,6183.96768418457850203,0.96775126150398294,-0.71363636363636329,3029.27622672874076670,0.15094218013336883,0.44597641105998220,false
0.75890400000000002,6183.96768418457850203,0.96775126150398294,-0.68636363636363618,3113.02975336922509086,0.14393159500291716,0.43549647904155181,false
0.75890400000000002,6183.96768418457850203,0.96775126150398294,-0.65909090909090895,3199.09890021060982690,0.13707302385764966,0.42499378178857583,false
0.75890400000000002,6183.96768418457850203,0.96775126150398294,-0.63181818181818161,3287.54768959475768497,0.13036661748265932,0.41446682836387505,false
0.75890400000000002,6183.96768418457850203,0.96775126150398294,-0.60454545454545427,3378.44191395530060618,0.12381237587917227,0.40391372225311567,false
0.75890400000000002,6183.96768418457850203,0.96775126150398294,-0.57727272727272705,3471.84918475719314301,0.11741033995473454,0.39333242695394471,false
0.75890400000000002,6183.96768418457850203,0.96775126150398294,-0.54999999999999993,3567.83898278935021153,0.11116240352168261,0.38272386452689172,false
0.75890400000000002,6183.96768418457850203,0.96775126150398294,-0.52272727272727249,3666.48270984777673220,0.10507303143031634,0.37209360847301298,false
0.75890400000000002,6183.96768418457850203,0.96775126150398294,-0.49545454545454515,3767.85374184763077210,0.09914687791204679,0.36144822850662506,false
0.75890400000000002,6183.96768418457850203,0.96775126150398294,-0.46818181818181798,3872.02748340373364044,0.09338858935200450,0.35079507443043362,false
0.75890400000000002,6183.96768418457850203,0.96775126150398294,-0.44090909090909081,3979.08142392012723576,0.08780186273538843,0.34014057683271365,false
0.75890400000000002,6183.96768418457850203,0.96775126150398294,-0.41363636363636347,4089.09519523039125488,0.08238855117149704,0.32948831087606884,false
0.75890400000000002,6183.96768418457850203,0.96775126150398294,-0.38636363636363608,4202.15063083160202950,0.07715029592005743,0.31884189170080318,false
0.75890400000000002,6183.96768418457850203,0.96775126150398294,-0.35909090909090891,4318.33182675599709910,0.07208873770653304,0.30820543258241645,false
0.75890400000000002,6183.96768418457850203,0.96775126150398294,-0.33181818181818173,4437.72520412562334968,0.06720512991531968,0.29758277652714216,false
0.75890400000000002,6183.96768418457850203,0.96775126150398294,-0.30454545454545434,4560.41957343649119139,0.06249965580093894,0.28697587705730915,false
0.75890400000000002,6183.96768418457850203,0.96775126150398294,-0.27727272727272700,4686.50620062006419175,0.05797231536551772,0.27638654825758696,false
0.75890400000000002,6183.96768418457850203,0.96775126150398294,-0.24999999999999983,4816.07887493121234002,0.05362310861118293,0.26581689002619918,false
0.75890400000000002,6183.96768418457850203,0.96775126150398294,-0.22272727272727266,4949.23397871315228258,0.04944394136985927,0.25524845407388924,false
0.75890400000000002,6183.96768418457850203,0.96775126150398294,-0.19545454545454527,5086.07055909122300363,0.04539434279266298,0.24457240009432821,false
0.75890400000000002,6183.96768418457850203,0.96775126150398294,-0.16818181818181790,5226.69040164887610445,0.04142574786050827,0.23363707355452396,false
0.75890400000000002,6183.96768418457850203,0.96775126150398294,-0.14090909090909073,5371.19810614064772381,0.03748959155430935,0.22226031907276686,false
0.75890400000000002,6183.96768418457850203,0.96775126150398294,-0.11363636363636358,5519.70116429845893435,0.03355632611623510,0.21027797316111538,false
0.75890400000000002,6183.96768418457850203,0.96775126150398294,-0.08636363636363620,5672.31003978909484431,0.02970745794091293,0.19785148967033700,false
0.75890400000000002,6183.96768418457850203,0.96775126150398294,-0.05909090909090882,5829.13825038235427201,0.02606469025798400,0.18532451115033002,false
0.75890400000000002,6183.96768418457850203,0.96775126150398294,-0.03181818181818144,5990.30245239099076571,0.02274978174099981,0.17313911618792560,false
0.75890400000000002,6183.96768418457850203,0.96775126150398294,-0.00454545454545449,6155.92252744524648733,0.01987742594441361,0.16184029117070073,false
0.75890400000000002,6183.96768418457850203,0.96775126150398294,0.02272727272727289,6326.12167166654216999,0.01750082371941576,0.15185735255005778,false
0.75890400000000002,6183.96768418457850203,0.96775126150398294,0.05000000000000027,6501.02648730662622256,0.01564151371679337,0.14356413843633692,false
0.75890400000000002,6183.96768418457850203,0.96775126150398294,0.07727272727272722,6680.76707692037234665,0.01432077291625580,0.13736933889350603,false
0.75890400000000002,6183.96768418457850203,0.96775126150398294,0.10454545454545459,6865.47714014229404711,0.01355522933783058,0.13364724600154113,false
0.75890400000000002,6183.96768418457850203,0.96775126150398294,0.13181818181818197,7055.29407313869160134,0.01329839672490562,0.13237507571191934,false
0.75890400000000002,6183.96768418457850203,0.96775126150398294,0.15909090909090934,7250.35907080950073578,0.01345830339934231,0.13316857005673474,false
0.75890400000000002,6183.96768418457850203,0.96775126150398294,0.18636363636363673,7450.81723181579582160,0.01394197350771082,0.13554038210471145,false
0.75890400000000002,6183.96768418457850203,0.96775126150398294,0.21363636363636368,7656.81766651109774102,0.01465836819349941,0.13897906710979710,false
0.75890400000000002,6183.96768418457850203,0.96775126150398294,0.24090909090909104,7868.51360785679298715,0.01556099952931275,0.14319416582994074,false
0.75890400000000002,6183.96768418457850203,0.96775126150398294,0.26818181818181841,8086.06252540410969232,0.01664793051687190,0.14811079271085784,false
0.75890400000000002,6183.96768418457850203,0.96775126150398294,0.29545454545454536,8309.62624242749370751,0.01791916115481599,0.15366162325719038,false
0.75890400000000002,6183.96768418457850203,0.96775126150398294,0.32272727272727275,8539.37105629650977789,0.01937432626332857,0.15977906799024127,false
0.75890400000000002,6183.96768418457850203,0.96775126150398294,0.35000000000000014,8775.46786217573207978,0.02099651943106443,0.16633369421249861,false
0.75890400000000002,6183.96768418457850203,0.96775126150398294,0.37727272727272754,9018.09228014475593227,0.02274588210448367,0.17312427629706695,false
0.75890400000000002,6183.96768418457850203,0.96775126150398294,0.40454545454545487,9267.42478583278716542,0.02458086508904796,0.17997209022593227,true
0.75890400000000002,6183.96768418457850203,0.96775126150398294,0.43181818181818182,9523.65084466503503791,0.02646001924153400,0.18672465121438192,true
0.75890400000000002,6183.96768418457850203,0.96775126150398294,0.45909090909090922,9786.96104982077122258,0.02835400162783582,0.19329194627105703,true
0.75890400000000002,6183.96768418457850203,0.96775126150398294,0.48636363636363661,10057.55126400560584443,0.03025698137287703,0.19967301606000884,true
0.75890400000000002,6183.96768418457850203,0.96775126150398294,0.51363636363636356,10335.62276514354198298,0.03216582898708675,0.20587516174282705,true
0.75890400000000002,6183.96768418457850203,0.96775126150398294,0.54090909090909089,10621.38239609712218225,0.03407741599960217,0.21190436706155663,true
0.75890400000000002,6183.96768418457850203,0.96775126150398294,0.56818181818181834,10915.04271852699275769,0.03598935250288798,0.21776776588209368,true
0.75890400000000002,6183.96768418457850203,0.96775126150398294,0.59545454545454568,11216.82217100544403365,0.03790128906160881,0.22347737918600163,true
0.75890400000000002,6183.96768418457850203,0.96775126150398294,0.62272727272727302,11526.94523150144414103,0.03981322565728630,0.22904470787841172,true
0.75890400000000002,6183.96768418457850203,0.96775126150398294,0.65000000000000002,11845.64258435807096248,0.04172516227144213,0.23447988704944114,true
0.85479499999999997,6203.44737678744786535,0.96398710374435026,-2.29999999999999982,621.95046109196960060,0.65620392620270518,0.87617009442361138,true
0.85479499999999997,6203.44737678744786535,0.96398710374435026,-2.27020202020201989,640.76221253875041839,0.64470202030439339,0.86845741784607378,true
0.85479499999999997,6203.44737678744786535,0.96398710374435026,-2.24040404040404040,660.14295141239790610,0.63320945485133584,0.86068197725918794,true
0.85479499999999997,6203.44737678744786535,0.96398710374435026,-2.21060606060606046,680.10988752417597425,0.62173557028878523,0.85284846226064681,true
0.85479499999999997,6203.44737678744786535,0.96398710374435026,-2.18080808080808097,700.68075121987919829,0.61028970706199692,0.84496172370935863,true
0.85479499999999997,6203.44737678744786535,0.96398710374435026,-2.15101010101010104,721.87380912412106682,0.59888072405662374,0.83702644796568604,true
0.85479499999999997,6203.44737678744786535,0.96398710374435026,-2.12121212121212110,743.70788036082637973,0.58751466801873053,0.82904550760168916,true
0.85479499999999997,6203.44737678744786535,0.96398710374435026,-2.09141414141414117,766.20235326433828504,0.57619656782059270,0.82102115375177354,true
0.85479499999999997,6203.44737678744786535,0.96398710374435026,-2.06161616161616124,789.37720259597324457,0.56493145093052100,0.81295571821851609,true
0.85479499999999997,6203.44737678744786535,0.96398710374435026,-2.03181818181818175,813.25300728131537653,0.55372423006052784,0.80485153633661444,true
0.85479499999999997,6203.44737678744786535,0.96398710374435026,-2.00202020202020181,837.85096868400148651,0.54257881911780226,0.79671029926355841,true
0.85479499999999997,6203.44737678744786535,0.96398710374435026,-1.97222222222222210,863.19292943221796577,0.53149861773130480,0.78853338111943450,true
0.85479499999999997,6203.44737678744786535,0.96398710374435026,-1.94242424242424239,889.30139281463550560,0.52048702127976310,0.78032220541263764,true
0.85479499999999997,6203.44737678744786535,0.96398710374435026,-1.91262626262626245,916.19954276299768026,0.50954738478508299,0.77207822094468637,true
0.85479499999999997,6203.44737678744786535,0.96398710374435026,-1.88282828282828296,943.91126443911184651,0.49868251538496411,0.76380251513086317,true
0.85479499999999997,6203.44737678744786535,0.96398710374435026,-1.85303030303030281,972.46116544452252128,0.48789482536596485,0.75549591323436494,true
0.85479499999999997,6203.44737678744786535,0.96398710374435026,-1.82323232323232309,1001.87459767169764291,0.47718671829757064,0.74715926649173448,false
0.85479499999999997,6203.44737678744786535,0.96398710374435026,-1.79343434343434338,1032.17767981613928896,0.46656056576219762,0.73879343550005439,false
0.85479499999999997,6203.44737678744786535,0.96398710374435026,-1.76363636363636345,1063.39732056940010807,0.45601800363965883,0.73039872753375301,false
0.85479499999999997,6203.44737678744786535,0.96398710374435026,-1.73383838383838396,1095.56124251360415656,0.44555993210716582,0.72197486461141003,false
0.85479499999999997,6203.44737678744786535,0.96398710374435026,-1.70404040404040402,1128.69800673869690399,0.43518721935485982,0.71352152585032580,false
0.85479499999999997,6203.44737678744786535,0.96398710374435026,-1.67424242424242409,1162.83703820426808306,0.42490072594232486,0.70503836497745698,false
0.85479499999999997,6203.44737678744786535,0.96398710374435026,-1.64444444444444438,1198.00865186848636768,0.41470096679313878,0.69652472478715510,false
0.85479499999999997,6203.44737678744786535,0.96398710374435026,-1.61464646464646444,1234.24407960733697109,0.40458797723619233,0.68797950378716655,false
0.85479499999999997,6203.44737678744786535,0.96398710374435026,-1.58484848484848495,1271.57549794806595855,0.39456175727372017,0.67940151035079499,false
0.85479499999999997,6203.44737678744786535,0.96398710374435026,-1.55505050505050502,1310.03605664146721210,0.38462230690794796,0.67078948720857445,false
0.85479499999999997,6203.44737678744786535,0.96398710374435026,-1.52525252525252508,1349.65990809836944209,0.37476962614010534,0.66214210656057593,false
0.85479499999999997,6203.44737678744786535,0.96398710374435026,-1.49545454545454537,1390.48223771647849389,0.36500371496948386,0.65345796472222828,false
0.85479499999999997,6203.44737678744786535,0.96398710374435026,-1.46565656565656566,1432.53929512449258254,0.35532457339515300,0.64473557625104982,false
0.85479499999999997,6203.44737678744786535,0.96398710374435026,-1.43585858585858595,1475.86842637123868371,0.34573220081414779,0.63597336693422546,false
0.85479499999999997,6203.44737678744786535,0.96398710374435026,-1.40606060606060601,1520.50810708841686392,0.33622616014866480,0.62716926011392982,false
0.85479499999999997,6203.44737678744786535,0.96398710374435026,-1.37626262626262630,1566.49797665639289335,0.32680480844627768,0.61831991184802160,false
0.85479499999999997,6203.44737678744786535,0.96398710374435026,-1.34646464646464636,1613.87887340338875219,0.31746629625680900,0.60942157616787984,false
0.85479499999999997,6203.44737678744786535,0.96398710374435026,-1.31666666666666665,1662.69287086931490194,0.30820877413008091,0.60047027365812378,false
0.85479499999999997,6203.44737678744786535,0.96398710374435026,-1.28686868686868694,1712.98331516645680495,0.29903070085762717,0.59146207529883010,false
0.85479499999999997,6203.44737678744786535,0.96398710374435026,-1.25707070707070701,1764.79486347018746528,0.28993176819782562,0.58239403139556323,false
0.85479499999999997,6203.44737678744786535,0.96398710374435026,-1.22727272727272729,1818.17352367387707091,0.28091197615076552,0.57326330199333220,false
0.85479499999999997,6203.44737678744786535,0.96398710374435026,-1.19747474747474736,1873.16669524323265250,0.27197132471653590,0.56406684297011234,false
0.85479499999999997,6203.44737678744786535,0.96398710374435026,-1.16767676767676765,1929.82321130632249151,0.26310981389541049,0.55480138570790305,false
0.85479499999999997,6203.44737678744786535,0.96398710374435026,-1.13787878787878793,1988.19338201667801513,0.25432744368874088,0.54546341412536559,false
0.85479499999999997,6203.44737678744786535,0.96398710374435026,-1.10808080808080800,2048.32903922797095220,0.24562421409826851,0.53604913864120529,false
0.85479499999999997,6203.44737678744786535,0.96398710374435026,-1.07828282828282829,2110.28358251993540762,0.23700012512573573,0.52655446655733751,false
0.85479499999999997,6203.44737678744786535,0.96398710374435026,-1.04848484848484858,2174.11202661641164013,0.22845601620814998,0.51697591802997944,false
0.85479499999999997,6203.44737678744786535,0.96398710374435026,-1.01868686868686864,2239.87105023761478151,0.22000003297834694,0.50731813400775683,false
0.85479499999999997,6203.44737678744786535,0.96398710374435026,-0.98888888888888893,2307.61904642999752468,0.21164408298275861,0.49759049866019617,false
0.85479499999999997,6203.44737678744786535,0.96398710374435026,-0.95909090909090922,2377.41617441842572589,0.20340010485801213,0.48780314910908118,false
0.85479499999999997,6203.44737678744786535,0.96398710374435026,-0.92929292929292928,2449.32441302668121352,0.19527972493895326,0.47796664546618584,false
0.85479499999999997,6203.44737678744786535,0.96398710374435026,-0.89949494949494946,2523.40761571374650885,0.18729032975144466,0.46808711938346581,false
0.85479499999999997,6203.44737678744786535,0.96398710374435026,-0.86969696969696975,2599.73156727473860883,0.17943625026072021,0.45816731705295544,false
0.85479499999999997,6203.44737678744786535,0.96398710374435026,-0.83989898989899003,2678.36404225684191260,0.17172174997482917,0.44821012837908103,false
0.85479499999999997,6203.44737678744786535,0.96398710374435026,-0.81010101010101021,2759.37486514210695532,0.16415100357878215,0.43821857728134339,false
0.85479499999999997,6203.44737678744786535,0.96398710374435026,-0.78030303030303028,2842.83597235056640784,0.15672614282770428,0.42819317039506399,false
0.85479499999999997,6203.44737678744786535,0.96398710374435026,-0.75050505050505045,2928.82147611871641857,0.14944725654683497,0.41813159673857592,false
0.85479499999999997,6203.44737678744786535,0.96398710374435026,-0.72070707070707074,3017.40773031009484839,0.14231434473837495,0.40803118083252354,false
0.85479499999999997,6203.44737678744786535,0.96398710374435026,-0.69090909090909103,3108.67339821639234287,0.13532747252712291,0.39788906039484939,false
0.85479499999999997,6203.44737678744786535,0.96398710374435026,-0.66111111111111120,3202.69952240929387699,0.12848965485036490,0.38770651120429328,false
0.85479499999999997,6203.44737678744786535,0.96398710374435026,-0.63131313131313149,3299.56959670509468197,0.12180799972125854,0.37749127584085440,false
0.85479499999999997,6203.44737678744786535,0.96398710374435026,-0.60151515151515156,3399.36964030598210229,0.11528991664646998,0.36725242826583271,false
0.85479499999999997,6203.44737678744786535,0.96398710374435026,-0.57171717171717173,3502.18827418382170436,0.10894280111783064,0.35700005433646426,false
0.85479499999999997,6203.44737678744786535,0.96398710374435026,-0.54191919191919202,3608.11679977427638732,0.10277235283215561,0.34674256939986892,false
0.85479499999999997,6203.44737678744786535,0.96398710374435026,-0.51212121212121220,3717.24928005114270491,0.09678097800007121,0.33648368896109859,false
0.85479499999999997,6203.44737678744786535,0.96398710374435026,-0.48232323232323249,3829.68262305288726566,0.09097070443166308,0.32622691731564951,false
0.85479499999999997,6203.44737678744786535,0.96398710374435026,-0.45252525252525250,3945.51666793556023549,0.08534356079168218,0.31597621531307080,false
0.85479499999999997,6203.44737678744786535,0.96398710374435026,-0.42272727272727278,4064.85427362849759447,0.07990219537738762,0.30573726022567277,false
0.85479499999999997,6203.44737678744786535,0.96398710374435026,-0.39292929292929302,4187.80141017154164729,0.07465096838109087,0.29551990353375862,false
0.85479499999999997,6203.44737678744786535,0.96398710374435026,-0.36313131313131325,4314.46725281487579196,0.06959453314537956,0.28533600497951112,false
0.85479499999999997,6203.44737678744786535,0.96398710374435026,-0.33333333333333354,4444.96427896504428645,0.06473754301284132,0.27519916998546562,false
0.85479499999999997,6203.44737678744786535,0.96398710374435026,-0.30353535353535355,4579.40836806323568453,0.06007900798925293,0.26511261284216114,false
0.85479499999999997,6203.44737678744786535,0.96398710374435026,-0.27373737373737378,4717.91890448451795237,0.05559536473314761,0.25502825852536359,false
0.85479499999999997,6203.44737678744786535,0.96398710374435026,-0.24393939393939401,4860.61888354942129808,0.05125740656624755,0.24487662319249887,false
0.85479499999999997,6203.44737678744786535,0.96398710374435026,-0.21414141414141405,5007.63502074196185276,0.04703592681027501,0.23457615662523651,false
0.85479499999999997,6203.44737678744786535,0.96398710374435026,-0.18434343434343453,5159.09786423113382625,0.04290497981892221,0.22403860737919423,false
0.85479499999999997,6203.44737678744786535,0.96398710374435026,-0.15454545454545454,5315.14191079577267374,0.03885766323169969,0.21320989360688525,false
0.85479499999999997,6203.44737678744786535,0.96398710374435026,-0.12474747474747502,5475.90572525570041762,0.03489396753994958,0.20204317741392516,false
0.85479499999999997,6203.44737678744786535,0.96398710374435026,-0.09494949494949503,5641.53206351527114748,0.03101389274239563,0.19047902251398241,false
0.85479499999999997,6203.44737678744786535,0.96398710374435026,-0.06515151515151506,5812.16799932849335164,0.02722902910840534,0.17847816473895123,false
0.85479499999999997,6203.44737678744786535,0.96398710374435026,-0.03535353535353553,5987.96505489837636560,0.02365184518887386,0.16634185000571503,false
0.85479499999999997,6203.44737678744786535,0.96398710374435026,-0.00555555555555555,6169.07933542642058455,0.02044675111795079,0.15466112637942153,false
0.85479499999999997,6203.44737678744786535,0.96398710374435026,0.02424242424242397,6355.67166773172721150,0.01777858629906901,0.14421738798793546,false
0.85479499999999997,6203.44737678744786535,0.96398710374435026,0.05404040404040395,6547.90774306287221407,0.01580090421433444,0.13595963300045863,false
0.85479499999999997,6203.44737678744786535,0.96398710374435026,0.08383838383838393,6745.95826422927711974,0.01451404067792028,0.13030563032705339,false
0.85479499999999997,6203.44737678744786535,0.96398710374435026,0.11363636363636345,6949.99909718280559900,0.01380791004973816,0.12709632352225031,false
0.85479499999999997,6203.44737678744786535,0.96398710374435026,0.14343434343434344,7160.21142718415103445,0.01356998893069306,0.12599658091557825,false
0.85479499999999997,6203.44737678744786535,0.96398710374435026,0.17323232323232296,7376.78191969266572414,0.01368985809821704,0.12655184661600732,false
0.85479499999999997,6203.44737678744786535,0.96398710374435026,0.20303030303030295,7599.90288612257063505,0.01410549438986398,0.12845859560073444,false
0.85479499999999997,6203.44737678744786535,0.96398710374435026,0.23282828282828247,7829.77245461263555626,0.01480327070330954,0.13159756515254128,false
0.85479499999999997,6203.44737678744786535,0.96398710374435026,0.26262626262626243,8066.59474596108339028,0.01577166411275648,0.13583377582431722,false
0.85479499999999997,6203.44737678744786535,0.96398710374435026,0.29242424242424242,8310.58005488183334819,0.01699873577981787,0.14101890080090404,false
0.85479499999999997,6203.44737678744786535,0.96398710374435026,0.32222222222222197,8561.94503674313273223,0.01845370756621342,0.14693011904852427,false
0.85479499999999997,6203.44737678744786535,0.96398710374435026,0.35202020202020196,8820.91289995433726290,0.02007966045719597,0.15326648441081372,false
0.85479499999999997,6203.44737678744786535,0.96398710374435026,0.38181818181818145,9087.71360417168216372,0.02181774991677001,0.15976218557241337,true
0.85479499999999997,6203.44737678744786535,0.96398710374435026,0.41161616161616144,9362.58406449911126401,0.02360928464989665,0.16619211990081567,true
0.85479499999999997,6203.44737678744786535,0.96398710374435026,0.44141414141414143,9645.76836186536638706,0.02541411551727866,0.17242749275884486,true
0.85479499999999997,6203.44737678744786535,0.96398710374435026,0.47121212121212092,9937.51795976428729773,0.02722810500440655,0.17847513610020549,true
0.85479499999999997,6203.44737678744786535,0.96398710374435026,0.50101010101010091,10238.09192755070762360,0.02905125310259756,0.18435352599726845,true
0.85479499999999997,6203.44737678744786535,0.96398710374435026,0.53080808080808040,10547.75717049019840488,0.03088355908042903,0.19007836391432664,true
0.85479499999999997,6203.44737678744786535,0.96398710374435026,0.56060606060606044,10866.78866676707184524,0.03272449822011077,0.19566155983215799,true
0.85479499999999997,6203.44737678744786535,0.96398710374435026,0.59040404040404038,11195.46971166091498162,0.03457209815599821,0.20110917392501240,true
0.85479499999999997,6203.44737678744786535,0.96398710374435026,0.62020202020201998,11534.09216910866780381,0.03642413862268943,0.20642564890651657,true
0.85479499999999997,6203.44737678744786535,0.96398710374435026,0.64999999999999991,11882.95673087550676428,0.03827839935478261,0.21161473162463429,true
0.88493200000000005,6209.28479459178743127,0.96280711595762969,-2.29999999999999982,622.53571385135956007,0.64893032981638665,0.85633577220535551,true
0.88493200000000005,6209.28479459178743127,0.96280711595762969,-2.27020202020201989,641.36516707687030703,0.63700313157331157,0.84842964292378265,true
0.88493200000000005,6209.28479459178743127,0.96280711595762969,-2.24040404040404040,660.76414314401529282,0.62508655331502749,0.84045628329493161,true
0.88493200000000005,6209.28479459178743127,0.96280711595762969,-2.21060606060606046,680.74986805841842852,0.61319121502632490,0.83242096986916347,true
0.88493200000000005,6209.28479459178743127,0.96280711595762969,-2.18080808080808097,701.34008885005459888,0.60132773669199424,0.82432917013815576,true
0.88493200000000005,6209.28479459178743127,0.96280711595762969,-2.15101010101010104,722.55308933235414770,0.58950621626978084,0.81618619451487828,true
0.88493200000000005,6209.28479459178743127,0.96280711595762969,-2.12121212121212110,744.40770633795818867,0.57773370326210127,0.80799542533204716,true
0.88493200000000005,6209.28479459178743127,0.96280711595762969,-2.09141414141414161,766.92334644555012346,0.56601614376143472,0.79975959495839644,true
0.88493200000000005,6209.28479459178743127,0.96280711595762969,-2.06161616161616168,790.12000321261314184,0.55435948233831489,0.79148154038687979,true
0.88493200000000005,6209.28479459178743127,0.96280711595762969,-2.03181818181818175,814.01827492941379205,0.54276965896042173,0.78316420809218723,true
0.88493200000000005,6209.28479459178743127,0.96280711595762969,-2.00202020202020181,838.63938290998169123,0.53125257353356026,0.77481063556907015,true
0.88493200000000005,6209.28479459178743127,0.96280711595762969,-1.97222222222222232,864.00519033632451738,0.51981410533593075,0.76642397209294277,true
0.88493200000000005,6209.28479459178743127,0.96280711595762969,-1.94242424242424239,890.13822167261287177,0.50846013347525743,0.75800750156580698,true
0.88493200000000005,6209.28479459178743127,0.96280711595762969,-1.91262626262626245,917.06168266657209642,0.49719658742418260,0.74956468951572963,true
0.88493200000000005,6209.28479459178743127,0.96280711595762969,-1.88282828282828274,944.79948095584620660,0.48603008040946877,0.74109967761554918,true
0.88493200000000005,6209.28479459178743127,0.96280711595762969,-1.85303030303030303,973.37624729762808329,0.47496771842823182,0.73261717670382176,true
0.88493200000000005,6209.28479459178743127,0.96280711595762969,-1.82323232323232309,1002.81735744041077396,0.46401661835640995,0.72412212531678721,true
0.88493200000000005,6209.28479459178743127,0.96280711595762969,-1.79343434343434316,1033.14895465727818191,0.45318388456287551,0.71561968574770130,true
0.88493200000000005,6209.28479459178743127,0.96280711595762969,-1.76363636363636367,1064.39797296074698352,0.44247633375399065,0.70711503834625966,true
0.88493200000000005,6209.28479459178743127,0.96280711595762969,-1.73383838383838396,1096.59216101977585822,0.43190049497360627,0.69861338297248432,true
0.88493200000000005,6209.28479459178743127,0.96280711595762969,-1.70404040404040402,1129.76010680017452614,0.42146288475850791,0.69012016544391264,true
0.88493200000000005,6209.28479459178743127,0.96280711595762969,-1.67424242424242409,1163.93126295029537687,0.41116998658118242,0.68164107536753471,true
0.88493200000000005,6209.28479459178743127,0.96280711595762969,-1.64444444444444438,1199.13597295455497260,0.40102678622385940,0.67318083126380290,true
0.88493200000000005,6209.28479459178743127,0.96280711595762969,-1.61464646464646466,1235.40549807800198323,0.39103619131638201,0.66474262411905805,true
0.88493200000000005,6209.28479459178743127,0.96280711595762969,-1.58484848484848473,1272.77204512585944940,0.38120095641313800,0.65632967522214980,true
0.88493200000000005,6209.28479459178743127,0.96280711595762969,-1.55505050505050479,1311.26879504269572863,0.37152382889519792,0.64794536418939430,true
0.88493200000000005,6209.28479459178743127,0.96280711595762969,-1.52525252525252508,1350.92993237661471539,0.36200668817225951,0.63959247752189397,true
0.88493200000000005,6209.28479459178743127,0.96280711595762969,-1.49545454545454559,1391.79067563463263468,0.35264972792449273,0.63127243597822491,true
0.88493200000000005,6209.28479459178743127,0.96280711595762969,-1.46565656565656566,1433.88730855619610338,0.34345294815250504,0.62298655550908655,false
0.88493200000000005,6209.28479459178743127,0.96280711595762969,-1.43585858585858572,1477.25721233260628651,0.33441634033767936,0.61473620963294595,false
0.88493200000000005,6209.28479459178743127,0.96280711595762969,-1.40606060606060601,1521.93889880096890010,0.32553371952344740,0.60651708673687410,false
0.88493200000000005,6209.28479459178743127,0.96280711595762969,-1.37626262626262630,1567.97204464214109976,0.31678183674604504,0.59830851867627011,false
0.88493200000000005,6209.28479459178743127,0.96280711595762969,-1.34646464646464636,1615.39752661303850800,0.30813452094761551,0.59008588730383771,false
0.88493200000000005,6209.28479459178743127,0.96280711595762969,-1.31666666666666643,1664.25745784459581955,0.29956560107030206,0.58182318193617288,false
0.88493200000000005,6209.28479459178743127,0.96280711595762969,-1.28686868686868672,1714.59522523760711010,0.29105192295353544,0.57349585922342083,false
0.88493200000000005,6209.28479459178743127,0.96280711595762969,-1.25707070707070701,1766.45552798965695729,0.28258240002589596,0.56508997757651624,false
0.88493200000000005,6209.28479459178743127,0.96280711595762969,-1.22727272727272707,1819.88441728735233482,0.27414896261325117,0.55659378607280885,false
0.88493200000000005,6209.28479459178743127,0.96280711595762969,-1.19747474747474736,1874.92933719909478896,0.26574354104146897,0.54799476400983560,false
0.88493200000000005,6209.28479459178743127,0.96280711595762969,-1.16767676767676765,1931.63916680472175358,0.25735896664498603,0.53928048176242238,false
0.88493200000000005,6209.28479459178743127,0.96280711595762969,-1.13787878787878793,1990.06426359940610382,0.24899333233306195,0.53044322741234984,false
0.88493200000000005,6209.28479459178743127,0.96280711595762969,-1.10808080808080800,2050.25650821037515925,0.24064663547913254,0.52147674627662610,false
0.88493200000000005,6209.28479459178743127,0.96280711595762969,-1.07828282828282807,2112.26935046614289604,0.23231887608348106,0.51237425404591808,false
0.88493200000000005,6209.28479459178743127,0.96280711595762969,-1.04848484848484835,2176.15785685917217052,0.22401204664853588,0.50313060630552930,false
0.88493200000000005,6209.28479459178743127,0.96280711595762969,-1.01868686868686864,2241.97875944411271121,0.21574548182502670,0.49376000043115759,false
0.88493200000000005,6209.28479459178743127,0.96280711595762969,-0.98888888888888882,2309.79050621503074581,0.20754744562514840,0.48428804287671723,false
0.88493200000000005,6209.28479459178743127,0.96280711595762969,-0.95909090909090888,2379.65331300636808010,0.19944627585747193,0.47474239428061799,false
0.88493200000000005,6209.28479459178743127,0.96280711595762969,-0.92929292929292917,2451.62921696371586222,0.19146931729363864,0.46515173417810318,false
0.88493200000000005,6209.28479459178743127,0.96280711595762969,-0.89949494949494946,2525.78213163189411716,0.18363043323593736,0.45553041508798359,false
0.88493200000000005,6209.28479459178743127,0.96280711595762969,-0.86969696969696952,2602.17790370923512455,0.17593377111333955,0.44588170789103332,false
0.88493200000000005,6209.28479459178743127,0.96280711595762969,-0.83989898989898970,2680.88437151848484064,0.16838326385884014,0.43620888944088387,false
0.88493200000000005,6209.28479459178743127,0.96280711595762969,-0.81010101010100999,2761.97142524623632198,0.16098276246936813,0.42651542082301630,false
0.88493200000000005,6209.28479459178743127,0.96280711595762969,-0.78030303030303028,2845.51106900439026504,0.15373423341233639,0.41680252700457637,false
0.88493200000000005,6209.28479459178743127,0.96280711595762969,-0.75050505050505034,2931.57748476874576227,0.14663775862564121,0.40706893122941112,false
0.88493200000000005,6209.28479459178743127,0.96280711595762969,-0.72070707070707041,3020.24709825150421239,0.13969333811111326,0.39731311199917207,false
0.88493200000000005,6209.28479459178743127,0.96280711595762969,-0.69090909090909081,3111.59864676617962687,0.13290097187057184,0.38753339095114281,false
0.88493200000000005,6209.28479459178743127,0.96280711595762969,-0.66111111111111109,3205.71324914517572324,0.12626065990533092,0.37772791157209151,false
0.88493200000000005,6209.28479459178743127,0.96280711595762969,-0.63131313131313116,3302.67447777211873472,0.11977240221600265,0.36789461426164682,false
0.88493200000000005,6209.28479459178743127,0.96280711595762969,-0.60151515151515123,3402.56843279290069404,0.11343619880314773,0.35803120697651658,false
0.88493200000000005,6209.28479459178743127,0.96280711595762969,-0.57171717171717162,3505.48381857134609163,0.10725207486674952,0.34813517138658279,false
0.88493200000000005,6209.28479459178743127,0.96280711595762969,-0.54191919191919191,3611.51202245738477359,0.10122310473694807,0.33820877938182048,false
0.88493200000000005,6209.28479459178743127,0.96280711595762969,-0.51212121212121198,3720.74719593767713377,0.09535828460823656,0.32826476177838521,false
0.88493200000000005,6209.28479459178743127,0.96280711595762969,-0.48232323232323204,3833.28633824074222503,0.08966729105952349,0.31831864304099422,false
0.88493200000000005,6209.28479459178743127,0.96280711595762969,-0.45252525252525239,3949.22938247085403418,0.08415979766780232,0.30838794388312746,false
0.88493200000000005,6209.28479459178743127,0.96280711595762969,-0.42272727272727267,4068.67928434716941410,0.07884330162175072,0.29848839533728083,false
0.88493200000000005,6209.28479459178743127,0.96280711595762969,-0.39292929292929279,4191.74211362688947702,0.07371928727446431,0.28862610853345200,false
0.88493200000000005,6209.28479459178743127,0.96280711595762969,-0.36313131313131286,4318.52714829365049809,0.06878820932222174,0.27880595919288798,false
0.88493200000000005,6209.28479459178743127,0.96280711595762969,-0.33333333333333315,4449.14697159475599619,0.06405052246130163,0.26903351656348973,false
0.88493200000000005,6209.28479459178743127,0.96280711595762969,-0.30353535353535349,4583.71757201346190413,0.05950195235507837,0.25930486084200183,false
0.88493200000000005,6209.28479459178743127,0.96280711595762969,-0.27373737373737356,4722.35844626503330801,0.05511930853530844,0.24957261551360407,false
0.88493200000000005,6209.28479459178743127,0.96280711595762969,-0.24393939393939365,4865.19270540807337966,0.05087467150084411,0.23977056079814227,false
0.88493200000000005,6209.28479459178743127,0.96280711595762969,-0.21414141414141397,5012.34718416533360141,0.04674012175053766,0.22982113742355662,false
0.88493200000000005,6209.28479459178743127,0.96280711595762969,-0.18434343434343428,5163.95255355109020456,0.04269085709734063,0.21964053208433729,false
0.88493200000000005,6209.28479459178743127,0.96280711595762969,-0.15454545454545437,5320.14343690507303108,0.03872027937794024,0.20917717390693066,false
0.88493200000000005,6209.28479459178743127,0.96280711595762969,-0.12474747474747445,5481.05852943602167215,0.03482837950401509,0.19838630291624726,false
0.88493200000000005,6209.28479459178743127,0.96280711595762969,-0.09494949494949453,5646.84072138098599680,0.03101515747562315,0.18721129409738183,false
0.88493200000000005,6209.28479459178743127,0.96280711595762969,-0.06515151515151510,5817.63722488975963643,0.02729178366315366,0.17561475820541336,false
0.88493200000000005,6209.28479459178743127,0.96280711595762969,-0.03535353535353518,5993.59970474710917188,0.02376665203061984,0.16388116925837026,false
0.88493200000000005,6209.28479459178743127,0.96280711595762969,-0.00555555555555526,6174.88441304886782746,0.02059821634981581,0.15256673693660525,false
0.88493200000000005,6209.28479459178743127,0.96280711595762969,0.02424242424242419,6361.65232795149313461,0.01794534410995542,0.14240359239425368,false
0.88493200000000005,6209.28479459178743127,0.96280711595762969,0.05404040404040410,6554.06929661832964484,0.01595629507221893,0.13427992175400327,false
0.88493200000000005,6209.28479459178743127,0.96280711595762969,0.08383838383838402,6752.30618248942118953,0.01463531848200476,0.12860153099431079,false
0.88493200000000005,6209.28479459178743127,0.96280711595762969,0.11363636363636394,6956.53901700575170253,0.01388287757363201,0.12525203681408195,false
0.88493200000000005,6209.28479459178743127,0.96280711595762969,0.14343434343434386,7166.94915592257711978,0.01359714431216456,0.12395638537132360,false
0.88493200000000005,6209.28479459178743127,0.96280711595762969,0.17323232323232329,7383.72344035066180368,0.01367813986946749,0.12432502930091266,false
0.88493200000000005,6209.28479459178743127,0.96280711595762969,0.20303030303030323,7607.05436266845390492,0.01406841717383293,0.12608623280010336,false
0.88493200000000005,6209.28479459178743127,0.96280711595762969,0.23282828282828313,7837.14023745246959152,0.01475306090998006,0.12911780004640050,true
0.88493200000000005,6209.28479459178743127,0.96280711595762969,0.26262626262626260,8074.18537757773447083,0.01571900496942923,0.13327772647031730,true
0.88493200000000005,6209.28479459178743127,0.96280711595762969,0.29242424242424253,8318.40027564461342990,0.01695274396067947,0.13840922965080918,true
0.88493200000000005,6209.28479459178743127,0.96280711595762969,0.32222222222222241,8570.00179089313860459,0.01842087459833577,0.14427801981419391,true
0.88493200000000005,6209.28479459178743127,0.96280711595762969,0.35202020202020234,8829.21334177083554096,0.02006238384562292,0.15056926060102027,true
0.88493200000000005,6209.28479459178743127,0.96280711595762969,0.38181818181818228,9096.26510432501345349,0.02181422494807415,0.15700552798253037,true
0.88493200000000005,6209.28479459178743127,0.96280711595762969,0.41161616161616171,9371.39421659571053169,0.02361351533546452,0.16335234472552568,true
0.88493200000000005,6209.28479459178743127,0.96280711595762969,0.44141414141414165,9654.84498919081124768,0.02541723873082627,0.16947640151667631,true
0.88493200000000005,6209.28479459178743127,0.96280711595762969,0.47121212121212153,9946.86912223023864499,0.02722096215401347,0.17538675219696614,true
0.88493200000000005,6209.28479459178743127,0.96280711595762969,0.50101010101010102,10247.72592885197991563,0.02902468559940866,0.18110432089393680,true
0.88493200000000005,6209.28479459178743127,0.96280711595762969,0.53080808080808095,10557.68256547836244863,0.03082840906139537,0.18664682495412821,true
0.88493200000000005,6209.28479459178743127,0.96280711595762969,0.56060606060606077,10877.01426904698564613,0.03263213253501477,0.19202942352047303,true
0.88493200000000005,6209.28479459178743127,0.96280711595762969,0.59040404040404071,11206.00460141711118922,0.03443585601712530,0.19726520661117272,true
0.88493200000000005,6209.28479459178743127,0.96280711595762969,0.62020202020202064,11544.94570116841168783,0.03623957950489658,0.20236557016322948,true
0.88493200000000005,6209.28479459178743127,0.96280711595762969,0.65000000000000013,11894.13854301573337580,0.03804330299549820,0.20734050795449405,true
0.93150699999999997,6222.03500716299095075,0.96098635306608693,-2.30000000000000027,623.81403542096813908,0.63266519647761454,0.82412655966818638,true
0.93150699999999997,6222.03500716299095075,0.96098635306608693,-2.27020202020202033,642.68215324943491851,0.62116761135889309,0.81660369369600938,true
0.93150699999999997,6222.03500716299095075,0.96098635306608693,-2.24040404040404040,662.12096338390085748,0.60968365249854550,0.80901991752501456,true
0.93150699999999997,6222.03500716299095075,0.96098635306608693,-2.21060606060606091,682.14772720205473888,0.59822694615494565,0.80138262878598587,true
0.93150699999999997,6222.03500716299095075,0.96098635306608693,-2.18080808080808097,702.78022817581620529,0.58681111858646784,0.79369949795121131,true
0.93150699999999997,6222.03500716299095075,0.96098635306608693,-2.15101010101010104,724.03678766279494994,0.57544870192496078,0.78597773921806413,true
0.93150699999999997,6222.03500716299095075,0.96098635306608693,-2.12121212121212110,745.93628117538844435,0.56414583898614967,0.77822043966168464,true
0.93150699999999997,6222.03500716299095075,0.96098635306608693,-2.09141414141414161,768.49815514195847754,0.55290635992765369,0.77042919422673428,true
0.93150699999999997,6222.03500716299095075,0.96098635306608693,-2.06161616161616168,791.74244417497573068,0.54173409171721831,0.76260565611395470,true
0.93150699999999997,6222.03500716299095075,0.96098635306608693,-2.03181818181818175,815.68978886145862361,0.53063277279579002,0.75475147982187329,true
0.93150699999999997,6222.03500716299095075,0.96098635306608693,-2.00202020202020226,840.36145409151231433,0.51960537109329175,0.74686783177838134,true
0.93150699999999997,6222.03500716299095075,0.96098635306608693,-1.97222222222222232,865.77934794124007567,0.50865445780843710,0.73895563638833583,true
0.93150699999999997,6222.03500716299095075,0.96098635306608693,-1.94242424242424239,891.96604112678960519,0.49778260086116988,0.73101585225267041,true
0.93150699999999997,6222.03500716299095075,0.96098635306608693,-1.91262626262626267,918.94478704682012449,0.48699234805073482,0.72304946190848185,true
0.93150699999999997,6222.03500716299095075,0.96098635306608693,-1.88282828282828274,946.73954243117771057,0.47628597401777351,0.71505728358479581,true
0.93150699999999997,6222.03500716299095075,0.96098635306608693,-1.85303030303030303,975.37498861411825146,0.46566555654201236,0.70704002017322198,true
0.93150699999999997,6222.03500716299095075,0.96098635306608693,-1.82323232323232332,1004.87655345097118698,0.45513316905710716,0.69899840072381236,true
0.93150699999999997,6222.03500716299095075,0.96098635306608693,-1.79343434343434338,1035.27043389770028625,0.44469087953274766,0.69093318135495851,true
0.93150699999999997,6222.03500716299095075,0.96098635306608693,-1.76363636363636367,1066.58361927341525188,0.43434063026740721,0.68284505262120798,true
0.93150699999999997,6222.03500716299095075,0.96098635306608693,-1.73383838383838418,1098.84391522649139006,0.42408423788834243,0.67473463583311866,true
0.93150699999999997,6222.03500716299095075,0.96098635306608693,-1.70404040404040402,1132.07996842557668060,0.41392351355884360,0.66660257586121263,true
0.93150699999999997,6222.03500716299095075,0.96098635306608693,-1.67424242424242453,1166.32129199741007142,0.40386026220773752,0.65844954217387530,true
0.93150699999999997,6222.03500716299095075,0.96098635306608693,-1.64444444444444438,1201.59829173404864378,0.39389600636572364,0.65027600263781826,true
0.93150699999999997,6222.03500716299095075,0.96098635306608693,-1.61464646464646489,1237.94229309275897322,0.38403187671589550,0.64208211937342197,true
0.93150699999999997,6222.03500716299095075,0.96098635306608693,-1.58484848484848473,1275.38556901256765741,0.37426897507808721,0.63386803647299450,true
0.93150699999999997,6222.03500716299095075,0.96098635306608693,-1.55505050505050524,1313.96136857215265081,0.36460840040287557,0.62563390116855688,true
0.93150699999999997,6222.03500716299095075,0.96098635306608693,-1.52525252525252530,1353.70394651453966617,0.35505090446068976,0.61737956473661793,true
0.93150699999999997,6222.03500716299095075,0.96098635306608693,-1.49545454545454559,1394.64859366480845893,0.34559656474646472,0.60910427419627644,true
0.93150699999999997,6222.03500716299095075,0.96098635306608693,-1.46565656565656566,1436.83166826782758108,0.33624538128518466,0.60080716372859544,false
0.93150699999999997,6222.03500716299095075,0.96098635306608693,-1.43585858585858595,1480.29062827384109369,0.32699735410182657,0.59248731666717502,false
0.93150699999999997,6222.03500716299095075,0.96098635306608693,-1.40606060606060601,1525.06406460057883123,0.31785248321558623,0.58414376153168834,false
0.93150699999999997,6222.03500716299095075,0.96098635306608693,-1.37626262626262652,1571.19173540142196543,0.30881076862968992,0.57577546766584697,false
0.93150699999999997,6222.03500716299095075,0.96098635306608693,-1.34646464646464636,1618.71460137006238256,0.29987221034462852,0.56738134045833821,false
0.93150699999999997,6222.03500716299095075,0.96098635306608693,-1.31666666666666687,1667.67486211299205934,0.29103680836089368,0.55896021606223945,false
0.93150699999999997,6222.03500716299095075,0.96098635306608693,-1.28686868686868672,1718.11599362213837594,0.28230456267887810,0.55051085555725476,false
0.93150699999999997,6222.03500716299095075,0.96098635306608693,-1.25707070707070723,1770.08278688090013020,0.27367547329858255,0.54203193848555375,false
0.93150699999999997,6222.03500716299095075,0.96098635306608693,-1.22727272727272729,1823.62138763788971119,0.26514954021990922,0.53352205567935040,false
0.93150699999999997,6222.03500716299095075,0.96098635306608693,-1.19747474747474758,1878.77933738367232763,0.25672676344276063,0.52497970128378701,false
0.93150699999999997,6222.03500716299095075,0.96098635306608693,-1.16767676767676787,1935.60561556691573060,0.24840714296706892,0.51640326386402469,false
0.93150699999999997,6222.03500716299095075,0.96098635306608693,-1.13787878787878793,1994.15068308741979308,0.24019067879294287,0.50779101646705638,false
0.93150699999999997,6222.03500716299095075,0.96098635306608693,-1.10808080808080822,2054.46652710465104974,0.23207737092055428,0.49914110548609908,false
0.93150699999999997,6222.03500716299095075,0.96098635306608693,-1.07828282828282851,2116.60670720158077529,0.22406721935007534,0.49045153814961046,false
0.93150699999999997,6222.03500716299095075,0.96098635306608693,-1.04848484848484858,2180.62640294480388548,0.21616022408178076,0.48172016842482546,false
0.93150699999999997,6222.03500716299095075,0.96098635306608693,-1.01868686868686886,2246.58246288318377992,0.20835638511684065,0.47294468108745180,false
0.93150699999999997,6222.03500716299095075,0.96098635306608693,-0.98888888888888904,2314.53345502853017024,0.20065570245688533,0.46412257365924031,false
0.93150699999999997,6222.03500716299095075,0.96098635306608693,-0.95909090909090922,2384.53971886312956485,0.19305817610354917,0.45525113586073895,false
0.93150699999999997,6222.03500716299095075,0.96098635306608693,-0.92929292929292939,2456.66341892032187388,0.18556380605862144,0.44632742615492565,false
0.93150699999999997,6222.03500716299095075,0.96098635306608693,-0.89949494949494957,2530.96859998568925221,0.17817259232599805,0.43734824487017443,false
0.93150699999999997,6222.03500716299095075,0.96098635306608693,-0.86969696969696986,2607.52124396788667582,0.17088453491109232,0.42831010327463520,false
0.93150699999999997,6222.03500716299095075,0.96098635306608693,-0.83989898989899003,2686.38932848960712363,0.16369963381935124,0.41920918784331057,false
0.93150699999999997,6222.03500716299095075,0.96098635306608693,-0.81010101010101021,2767.64288725070855435,0.15661807751324647,0.41004156548617571,false
0.93150699999999997,6222.03500716299095075,0.96098635306608693,-0.78030303030303039,2851.35407221711420789,0.14964438896682142,0.40080871606581181,false
0.93150699999999997,6222.03500716299095075,0.96098635306608693,-0.75050505050505056,2937.59721769069346919,0.14278742566569042,0.39151816852598748,false
0.93150699999999997,6222.03500716299095075,0.96098635306608693,-0.72070707070707085,3026.44890631703219697,0.13605623355249266,0.38217842004111141,false
0.93150699999999997,6222.03500716299095075,0.96098635306608693,-0.69090909090909103,3117.98803708969808213,0.12945983483188089,0.37279876321192551,false
0.93150699999999997,6222.03500716299095075,0.96098635306608693,-0.66111111111111120,3212.29589541138102504,0.12300617646563518,0.36338784638927035,false
0.93150699999999997,6222.03500716299095075,0.96098635306608693,-0.63131313131313138,3309.45622527414298020,0.11670171343912092,0.35395296511530083,false
0.93150699999999997,6222.03500716299095075,0.96098635306608693,-0.60151515151515156,3409.55530362284798684,0.11055279083961768,0.34450203674361435,false
0.93150699999999997,6222.03500716299095075,0.96098635306608693,-0.57171717171717185,3512.68201696782216459,0.10456574862223149,0.33504386048749224,false
0.93150699999999997,6222.03500716299095075,0.96098635306608693,-0.54191919191919202,3618.92794031476751115,0.09874630574909211,0.32558723312894500,false
0.93150699999999997,6222.03500716299095075,0.96098635306608693,-0.51212121212121220,3728.38741848202380424,0.09309897512158936,0.31613995608067125,false
0.93150699999999997,6222.03500716299095075,0.96098635306608693,-0.48232323232323238,3841.15764987737702540,0.08762813107243236,0.30671054886782562,false
0.93150699999999997,6222.03500716299095075,0.96098635306608693,-0.45252525252525261,3957.33877280882006744,0.08233814651039389,0.29730860682181315,false
0.93150699999999997,6222.03500716299095075,0.96098635306608693,-0.42272727272727278,4077.03395440589474674,0.07723236199042210,0.28794304771025642,false
0.93150699999999997,6222.03500716299095075,0.96098635306608693,-0.39292929292929302,4200.34948223059018346,0.07231126592303569,0.27861848146310281,false
0.93150699999999997,6222.03500716299095075,0.96098635306608693,-0.36313131313131319,4327.39485865913502494,0.06757485830859900,0.26933916565386801,false
0.93150699999999997,6222.03500716299095075,0.96098635306608693,-0.33333333333333337,4458.28289811849390389,0.06302313914747636,0.26010994320096892,false
0.93150699999999997,6222.03500716299095075,0.96098635306608693,-0.30353535353535360,4593.12982726392692712,0.05865132089594449,0.25092610034691143,false
0.93150699999999997,6222.03500716299095075,0.96098635306608693,-0.27373737373737378,4732.05538818654622446,0.05443546583392875,0.24173966195603697,false
0.93150699999999997,6222.03500716299095075,0.96098635306608693,-0.24393939393939398,4875.18294474253616499,0.05034684869726679,0.23248400831668603,false
0.93150699999999997,6222.03500716299095075,0.96098635306608693,-0.21414141414141419,5022.63959209844142606,0.04635674422179622,0.22308142079850446,false
0.93150699999999997,6222.03500716299095075,0.96098635306608693,-0.18434343434343439,5174.55626958980792551,0.04243963442306047,0.21344832725431886,false
0.93150699999999997,6222.03500716299095075,0.96098635306608693,-0.15454545454545457,5331.06787699339201936,0.03858873070800511,0.20353410199872041,false
0.93150699999999997,6222.03500716299095075,0.96098635306608693,-0.12474747474747477,5492.31339431617288938,0.03480402371910531,0.19329546571551831,false
0.93150699999999997,6222.03500716299095075,0.96098635306608693,-0.09494949494949521,5658.43600520755808247,0.03108551344950609,0.18267787925627052,false
0.93150699999999997,6222.03500716299095075,0.96098635306608693,-0.06515151515151517,5829.58322410436994687,0.02744390867219387,0.17164451161484592,false
0.93150699999999997,6222.03500716299095075,0.96098635306608693,-0.03535353535353562,6005.90702722147398163,0.02398312420692451,0.16045742443791997,false
0.93150699999999997,6222.03500716299095075,0.96098635306608693,-0.00555555555555557,6187.56398750445441692,0.02085506607200279,0.14962794923047756,false
0.93150699999999997,6222.03500716299095075,0.96098635306608693,0.02424242424242399,6374.71541366405563167,0.01821203690720934,0.13982544155248308,false
0.93150699999999997,6222.03500716299095075,0.96098635306608693,0.05404040404040403,6567.52749341598155297,0.01619662198999774,0.13186184916345633,false
0.93150699999999997,6222.03500716299095075,0.96098635306608693,0.08383838383838359,6766.17144105310671875,0.01481948368687276,0.12613147518159912,false
0.93150699999999997,6222.03500716299095075,0.96098635306608693,0.11363636363636363,6970.82364948128906690,0.01399620969133326,0.12257789493339617,false
0.93150699999999997,6222.03500716299095075,0.96098635306608693,0.14343434343434319,7181.66584685364705365,0.01364028874661562,0.12100929214607520,false
0.93150699999999997,6222.03500716299095075,0.96098635306608693,0.17323232323232324,7398.88525794251199841,0.01366637756315624,0.12112495982677600,false
0.93150699999999997,6222.03500716299095075,0.96098635306608693,0.20303030303030281,7622.67477039225195767,0.01401599609699290,0.12266450836038659,false
0.93150699999999997,6222.03500716299095075,0.96098635306608693,0.23282828282828286,7853.23310600069271459,0.01465752754976475,0.12544036185777796,false
0.93150699999999997,6222.03500716299095075,0.96098635306608693,0.26262626262626243,8090.76499718111881521,0.01556052309031100,0.12924657247937221,false
0.93150699999999997,6222.03500716299095075,0.96098635306608693,0.29242424242424248,8335.48136876168246090,0.01669437935366243,0.13387271696720918,false
0.93150699999999997,6222.03500716299095075,0.96098635306608693,0.32222222222222202,8587.59952528352005174,0.01802149316567289,0.13909205522843299,false
0.93150699999999997,6222.03500716299095075,0.96098635306608693,0.35202020202020207,8847.34334396402118728,0.01949454861615954,0.14466501969418052,false
0.93150699999999997,6222.03500716299095075,0.96098635306608693,0.38181818181818161,9114.94347349647432566,0.02106551436064090,0.15038100139938107,false
0.93150699999999997,6222.03500716299095075,0.96098635306608693,0.41161616161616166,9390.63753886274753313,0.02268648413624712,0.15605961690994680,true
0.93150699999999997,6222.03500716299095075,0.96098635306608693,0.44141414141414120,9674.67035234075046901,0.02432468655510122,0.16159598455609742,true
0.93150699999999997,6222.03500716299095075,0.96098635306608693,0.47121212121212125,9967.29413089416993898,0.02597674440803180,0.16699339697370480,true
0.93150699999999997,6222.03500716299095075,0.96098635306608693,0.50101010101010079,10268.76872013739375689,0.02764265768937821,0.17226491589552154,true
0.93150699999999997,6222.03500716299095075,0.96098635306608693,0.53080808080808084,10579.36182507463490765,0.02932242530009334,0.17742175991635448,true
0.93150699999999997,6222.03500716299095075,0.96098635306608693,0.56060606060606044,10899.34924781799236371,0.03101525343587603,0.18247131662446836,true
0.93150699999999997,6222.03500716299095075,0.96098635306608693,0.59040404040404049,11229.01513249572781206,0.03271815823915126,0.18741371210958216,true
0.93150699999999997,6222.03500716299095075,0.96098635306608693,0.62020202020201998,11568.65221756802384334,0.03442778082075481,0.19224783305455040,true
0.93150699999999997,6222.03500716299095075,0.96098635306608693,0.65000000000000002,11918.56209577447953052,0.03614076229152255,0.19697249809903036,true
1.02739699999999989,6242.67120275825254794,0.95732009785215821,-2.60000000000000009,463.66552784443479140,0.70215751317573372,0.82670036044558726,true
1.02739699999999989,6242.67120275825254794,0.95732009785215821,-2.56717171717171766,479.13947279154797343,0.69004658309209066,0.81953981662058228,true
1.02739699999999989,6242.67120275825254794,0.95732009785215821,-2.53434343434343479,495.12983088099571205,0.67793565301788594,0.81231615526303436,true
1.02739699999999989,6242.67120275825254794,0.95732009785215821,-2.50151515151515191,511.65383640787763397,0.66582472296255812,0.80502767728477020,true
1.02739699999999989,6242.67120275825254794,0.95732009785215821,-2.46868686868686860,528.72929882873575025,0.65371379293554532,0.79767260597018508,true
1.02739699999999989,6242.67120275825254794,0.95732009785215821,-2.43585858585858617,546.37462195645935026,0.64160286294628976,0.79024908191833443,true
1.02739699999999989,6242.67120275825254794,0.95732009785215821,-2.40303030303030329,564.60882379578765722,0.62949193300425088,0.78275515755326219,true
1.02739699999999989,6242.67120275825254794,0.95732009785215821,-2.37020202020202042,583.45155704077819792,0.61738100311889588,0.77518879115662298,true
1.02739699999999989,6242.67120275825254794,0.95732009785215821,-2.33737373737373755,602.92313025634337009,0.60527007329969162,0.76754784037080537,true
1.02739699999999989,6242.67120275825254794,0.95732009785215821,-2.30454545454545467,623.04452976667778330,0.59315917923705108,0.75983007796741797,true
1.02739699999999989,6242.67120275825254794,0.95732009785215821,-2.27171717171717180,643.83744227417025741,0.58104866717777182,0.75203336317397296,true
1.02739699999999989,6242.67120275825254794,0.95732009785215821,-2.23888888888888937,665.32427823317925686,0.56893904327215050,0.74415554539311224,true
1.02739699999999989,6242.67120275825254794,0.95732009785215821,-2.20606060606060606,687.52819600386249022,0.55683081499200071,0.73619435651261311,true
1.02739699999999989,6242.67120275825254794,0.95732009785215821,-2.17323232323232318,710.47312681209234597,0.54472477846342426,0.72814759402756102,true
1.02739699999999989,6242.67120275825254794,0.95732009785215821,-2.14040404040404075,734.18380054236422438,0.53262564858314143,0.72001557572592811,true
1.02739699999999989,6242.67120275825254794,0.95732009785215821,-2.10757575757575788,758.68577239149124125,0.52054096444142928,0.71180053414576150,true
1.02739699999999989,6242.67120275825254794,0.95732009785215821,-2.07474747474747501,784.00545041181408124,0.50847832747789112,0.70350481930922260,true
1.02739699999999989,6242.67120275825254794,0.95732009785215821,-2.04191919191919213,810.17012397361395415,0.49644530544761717,0.69513084119568835,false
1.02739699999999989,6242.67120275825254794,0.95732009785215821,-2.00909090909090926,837.20799317740295464,0.48444869136188407,0.68668055094530378,false
1.02739699999999989,6242.67120275825254794,0.95732009785215821,-1.97626262626262639,865.14819924779465055,0.47249450348815625,0.67815541476012686,false
1.02739699999999989,6242.67120275825254794,0.95732009785215821,-1.94343434343434351,894.02085594170830518,0.46058872640938398,0.66955692360155150,false
1.02739699999999989,6242.67120275825254794,0.95732009785215821,-1.91060606060606086,923.85708200476506136,0.44873778521915264,0.66088694564862538,false
1.02739699999999989,6242.67120275825254794,0.95732009785215821,-1.87777777777777799,954.68903471085207002,0.43696805851128334,0.65216231468678298,false
1.02739699999999989,6242.67120275825254794,0.95732009785215821,-1.84494949494949512,986.54994452100493163,0.42533361178875456,0.64342170232196694,false
1.02739699999999989,6242.67120275825254794,0.95732009785215821,-1.81212121212121224,1019.47415089896458085,0.41389054995563224,0.63470746858668681,false
1.02739699999999989,6242.67120275825254794,0.95732009785215821,-1.77929292929292937,1053.49713932200870659,0.40269493512228621,0.62606429607083702,false
1.02739699999999989,6242.67120275825254794,0.95732009785215821,-1.74646464646464650,1088.65557952694780397,0.39179765136189154,0.61753527073427950,false
1.02739699999999989,6242.67120275825254794,0.95732009785215821,-1.71363636363636385,1124.98736503251075192,0.38123952622910368,0.60915780621134064,false
1.02739699999999989,6242.67120275825254794,0.95732009785215821,-1.68080808080808097,1162.53165398071087111,0.37106023184879067,0.60097036851083896,false
1.02739699999999989,6242.67120275825254794,0.95732009785215821,-1.64797979797979832,1201.32891134121405230,0.36129939096385233,0.59301334692110697,false
1.02739699999999989,6242.67120275825254794,0.95732009785215821,-1.61515151515151523,1241.42095252419926510,0.35196082438989840,0.58529931589906004,false
1.02739699999999989,6242.67120275825254794,0.95732009785215821,-1.58232323232323258,1282.85098844871049550,0.34294944085928319,0.57775791383597808,false
1.02739699999999989,6242.67120275825254794,0.95732009785215821,-1.54949494949494948,1325.66367211508304536,0.33415321108910523,0.57030039557076662,false
1.02739699999999989,6242.67120275825254794,0.95732009785215821,-1.51666666666666683,1369.90514673162874715,0.32546010579646328,0.56283323453145595,false
1.02739699999999989,6242.67120275825254794,0.95732009785215821,-1.48383838383838396,1415.62309544746381107,0.31677676724560705,0.55527422495182988,false
1.02739699999999989,6242.67120275825254794,0.95732009785215821,-1.45101010101010131,1462.86679274506741422,0.30808452388939117,0.54760296981708434,false
1.02739699999999989,6242.67120275825254794,0.95732009785215821,-1.41818181818181821,1511.68715754797403861,0.29938337572782142,0.53981468381570763,false
1.02739699999999989,6242.67120275825254794,0.95732009785215821,-1.38535353535353556,1562.13680810082632888,0.29067332276090396,0.53190422617943789,false
1.02739699999999989,6242.67120275825254794,0.95732009785215821,-1.35252525252525269,1614.27011868095132741,0.28195638831887443,0.52386794215836019,false
1.02739699999999989,6242.67120275825254794,0.95732009785215821,-1.31969696969696981,1668.14327820257085477,0.27324641127264132,0.51571300902913131,false
1.02739699999999989,6242.67120275825254794,0.95732009785215821,-1.28686868686868694,1723.81435077681726398,0.26456150721152949,0.50745108032291519,false
1.02739699999999989,6242.67120275825254794,0.95732009785215821,-1.25404040404040429,1781.34333829282195438,0.25591979762378542,0.49909451288438561,false
1.02739699999999989,6242.67120275825254794,0.95732009785215821,-1.22121212121212142,1840.79224508733022958,0.24733812983058620,0.49065518172800249,false
1.02739699999999989,6242.67120275825254794,0.95732009785215821,-1.18838383838383854,1902.22514477253480436,0.23882226118046757,0.48213455221262230,false
1.02739699999999989,6242.67120275825254794,0.95732009785215821,-1.15555555555555567,1965.70824929416471605,0.23037223886583894,0.47352828423172255,false
1.02739699999999989,6242.67120275825254794,0.95732009785215821,-1.12272727272727302,2031.30998029425222740,0.22198806288773687,0.46483162107161735,false
1.02739699999999989,6242.67120275825254794,0.95732009785215821,-1.08989898989898992,2099.10104285549869019,0.21367053973979983,0.45604025191477571,false
1.02739699999999989,6242.67120275825254794,0.95732009785215821,-1.05707070707070727,2169.15450170670692387,0.20543142485923330,0.44716138494339019,false
1.02739699999999989,6242.67120275825254794,0.95732009785215821,-1.02424242424242440,2241.54585997143976783,0.19729036440686190,0.43821152046712658,false
1.02739699999999989,6242.67120275825254794,0.95732009785215821,-0.99141414141414141,2316.35314054474429213,0.18926717874591231,0.42920869125455374,false
1.02739699999999989,6242.67120275825254794,0.95732009785215821,-0.95858585858585865,2393.65697018568380372,0.18138127531539619,0.42017197197289202,false
1.02739699999999989,6242.67120275825254794,0.95732009785215821,-0.92575757575757589,2473.54066641628742218,0.17364256429737709,0.41111085941935682,false
1.02739699999999989,6242.67120275825254794,0.95732009785215821,-0.89292929292929313,2556.09032732058767579,0.16605145861697049,0.40202420407871964,false
1.02739699999999989,6242.67120275825254794,0.95732009785215821,-0.86010101010101014,2641.39492434052908720,0.15860795827507673,0.39291023380701412,false
1.02739699999999989,6242.67120275825254794,0.95732009785215821,-0.82727272727272738,2729.54639816875624092,0.15131206327259497,0.38376700252739410,false
1.02739699999999989,6242.67120275825254794,0.95732009785215821,-0.79444444444444462,2820.63975784164858851,0.14416377361036631,0.37459236759667414,false
1.02739699999999989,6242.67120275825254794,0.95732009785215821,-0.76161616161616164,2914.77318313938849315,0.13716308928915089,0.36538396342681106,false
1.02739699999999989,6242.67120275825254794,0.95732009785215821,-0.72878787878787887,3012.04813040342924069,0.13031001030970321,0.35613917059627881,false
1.02739699999999989,6242.67120275825254794,0.95732009785215821,-0.69595959595959611,3112.56944188543320706,0.12360456020710141,0.34685511251778345,false
1.02739699999999989,6242.67120275825254794,0.95732009785215821,-0.66313131313131313,3216.44545874550522058,0.11704961016959771,0.33753268892594956,false
1.02739699999999989,6242.67120275825254794,0.95732009785215821,-0.63030303030303036,3323.78813782152974454,0.11065356195152672,0.32818108962004855,false
1.02739699999999989,6242.67120275825254794,0.95732009785215821,-0.59747474747474760,3434.71317229546320959,0.10442545273396424,0.31881154267591139,false
1.02739699999999989,6242.67120275825254794,0.95732009785215821,-0.56464646464646484,3549.34011638662877886,0.09837431776607883,0.30943662821743789,false
1.02739699999999989,6242.67120275825254794,0.95732009785215821,-0.53181818181818186,3667.79251420641003278,0.09250779166429851,0.30006822562592111,false
1.02739699999999989,6242.67120275825254794,0.95732009785215821,-0.49898989898989904,3790.19803291321886718,0.08682963943487285,0.29071326731599506,false
1.02739699999999989,6242.67120275825254794,0.95732009785215821,-0.46616161616161628,3916.68860031126314425,0.08134296343987193,0.28137846009514350,false
1.02739699999999989,6242.67120275825254794,0.95732009785215821,-0.43333333333333329,4047.40054704140129616,0.07605086604136586,0.27207142756891572,false
1.02739699999999989,6242.67120275825254794,0.95732009785215821,-0.40050505050505053,4182.47475351734192373,0.07095593254118576,0.26279990836423078,false
1.02739699999999989,6242.67120275825254794,0.95732009785215821,-0.36767676767676777,4322.05680176556234073,0.06605868000020608,0.25356879044710379,false
1.02739699999999989,6242.67120275825254794,0.95732009785215821,-0.33484848484848501,4466.29713233259008121,0.06135910841906220,0.24438265212097943,false
1.02739699999999989,6242.67120275825254794,0.95732009785215821,-0.30202020202020202,4615.35120642876245256,0.05685721779838949,0.23524676266315706,false
1.02739699999999989,6242.67120275825254794,0.95732009785215821,-0.26919191919191926,4769.37967348321490135,0.05254677740834889,0.22615380378774047,false
1.02739699999999989,6242.67120275825254794,0.95732009785215821,-0.23636363636363625,4928.54854429071201594,0.04838517123297774,0.21701362153286452,false
1.02739699999999989,6242.67120275825254794,0.95732009785215821,-0.20353535353535349,5093.02936993690400413,0.04431661334496065,0.20768930621625623,false
1.02739699999999989,6242.67120275825254794,0.95732009785215821,-0.17070707070707072,5262.99942669487882085,0.04028529965158721,0.19801776417198971,false
1.02739699999999989,6242.67120275825254794,0.95732009785215821,-0.13787878787878799,5438.64190709227659681,0.03624666570264153,0.18782996802479532,false
1.02739699999999989,6242.67120275825254794,0.95732009785215821,-0.10505050505050523,5620.14611735490507272,0.03225397356591535,0.17718316950905003,false
1.02739699999999989,6242.67120275825254794,0.95732009785215821,-0.07222222222222248,5807.70768143965324271,0.02841085555889803,0.16629263287795251,false
1.02739699999999989,6242.67120275825254794,0.95732009785215821,-0.03939393939393920,6001.52875187661175005,0.02482136028213419,0.15543314788575407,false
1.02739699999999989,6242.67120275825254794,0.95732009785215821,-0.00656565656565645,6201.81822764763455780,0.02158860904268777,0.14495833237458972,false
1.02739699999999989,6242.67120275825254794,0.95732009785215821,0.02626262626262631,6408.79197933620343974,0.01880313421132645,0.13528385689157682,false
1.02739699999999989,6242.67120275825254794,0.95732009785215821,0.05909090909090906,6622.67308179120846034,0.01654639551940126,0.12690611642283056,false
1.02739699999999989,6242.67120275825254794,0.95732009785215821,0.09191919191919182,6843.69205455544943106,0.01489965240287134,0.12042562855438574,false
1.02739699999999989,6242.67120275825254794,0.95732009785215821,0.12474747474747457,7072.08711031796792668,0.01393941484602663,0.11648047284394951,false
1.02739699999999989,6242.67120275825254794,0.95732009785215821,0.15757575757575731,7308.10441165801057650,0.01363295544476429,0.11519293957453275,false
1.02739699999999989,6242.67120275825254794,0.95732009785215821,0.19040404040404060,7551.99833635731556569,0.01383830940658877,0.11605727566436115,false
1.02739699999999989,6242.67120275825254794,0.95732009785215821,0.22323232323232334,7804.03175156667657575,0.01440876248733523,0.11842521848781970,false
1.02739699999999989,6242.67120275825254794,0.95732009785215821,0.25606060606060610,8064.47629712233265309,0.01519888992347767,0.12162890256799322,true
1.02739699999999989,6242.67120275825254794,0.95732009785215821,0.28888888888888886,8333.61267831744225987,0.01612167564857285,0.12526678838859168,true
1.02739699999999989,6242.67120275825254794,0.95732009785215821,0.32171717171717162,8611.73096844427345786,0.01717114984225238,0.12927976155280721,true
1.02739699999999989,6242.67120275825254794,0.95732009785215821,0.35454545454545439,8899.13092143315952853,0.01834731250191999,0.13363403518281866,true
1.02739699999999989,6242.67120275825254794,0.95732009785215821,0.38737373737373765,9196.12229492516235041,0.01965016362485843,0.13829737563245290,true
1.02739699999999989,6242.67120275825254794,0.95732009785215821,0.42020202020202041,9503.02518412665631331,0.02107970319370237,0.14323959987723831,true
1.02739699999999989,6242.67120275825254794,0.95732009785215821,0.45303030303030317,9820.17036680571800389,0.02263593116263810,0.14843285321367852,true
1.02739699999999989,6242.67120275825254794,0.95732009785215821,0.48585858585858588,10147.89965980204397056,0.02431884748258329,0.15385171718098120,true
1.02739699999999989,6242.67120275825254794,0.95732009785215821,0.51868686868686864,10486.56628743473629584,0.02612844210697644,0.15947316417969898,true
1.02739699999999989,6242.67120275825254794,0.95732009785215821,0.55151515151515140,10836.53526220497587929,0.02805745681683069,0.16525515086292766,true
1.02739699999999989,6242.67120275825254794,0.95732009785215821,0.58434343434343416,11198.18377820393288857,0.03007860844230685,0.17110382705800878,true
1.02739699999999989,6242.67120275825254794,0.95732009785215821,0.61717171717171748,11571.90161764988079085,0.03216118467819767,0.17692812387242035,true
1.02739699999999989,6242.67120275825254794,0.95732009785215821,0.65000000000000024,11958.09157099272124469,0.03427447321929573,0.18264855794149257,true
1.10410999999999992,6258.31366992095900059,0.95453981270433441,-2.60000000000000009,464.82734985270923289,0.65350252726797309,0.76933849589558334,true
1.10410999999999992,6258.31366992095900059,0.95453981270433441,-2.56363636363636394,482.04124569276655166,0.64099915951217201,0.76194313129712954,true
1.10410999999999992,6258.31366992095900059,0.95453981270433441,-2.52727272727272734,499.89262168558673238,0.62849579176176640,0.75447528084076931,true
1.10410999999999992,6258.31366992095900059,0.95453981270433441,-2.49090909090909118,518.40508555767939924,0.61599242402215182,0.74693277038727801,true
1.10410999999999992,6258.31366992095900059,0.95453981270433441,-2.45454545454545459,537.60311929767703987,0.60348905629872385,0.73931331488870866,true
1.10410999999999992,6258.31366992095900059,0.95453981270433441,-2.41818181818181799,557.51211153277824906,0.59098604667427823,0.73161473194417859,true
1.10410999999999992,6258.31366992095900059,0.95453981270433441,-2.38181818181818183,578.15839110418608016,0.57848584427833938,0.72383602904931910,true
1.10410999999999992,6258.31366992095900059,0.95453981270433441,-2.34545454545454568,599.56926188594241012,0.56599165510957206,0.71597662260936612,true
1.10410999999999992,6258.31366992095900059,0.95453981270433441,-2.30909090909090908,621.77303889320148755,0.55350668621059673,0.70803587632120324,true
1.10410999999999992,6258.31366992095900059,0.95453981270433441,-2.27272727272727293,644.79908572769829789,0.54103617191750808,0.70001440830060657,true
1.10410999999999992,6258.31366992095900059,0.95453981270433441,-2.23636363636363633,668.67785340993145837,0.52860299152811596,0.69192438537141510,true
1.10410999999999992,6258.31366992095900059,0.95453981270433441,-2.20000000000000018,693.44092064941082754,0.51623910961838937,0.68378454386094345,true
1.10410999999999992,6258.31366992095900059,0.95453981270433441,-2.16363636363636358,719.12103560623302201,0.50397656584924022,0.67561455906723733,true
1.10410999999999992,6258.31366992095900059,0.95453981270433441,-2.12727272727272743,745.75215919920219676,0.49184609618450598,0.66743417866211374,true
1.10410999999999992,6258.31366992095900059,0.95453981270433441,-2.09090909090909083,773.36951001778220416,0.47986073759652803,0.65925197107528355,true
1.10410999999999992,6258.31366992095900059,0.95453981270433441,-2.05454545454545467,802.00961089726081354,0.46802077168546308,0.65106806328650402,true
1.10410999999999992,6258.31366992095900059,0.95453981270433441,-2.01818181818181808,831.71033721873288869,0.45632619845289912,0.64288239036606587,true
1.10410999999999992,6258.31366992095900059,0.95453981270433441,-1.98181818181818192,862.51096699776576315,0.44477701790039736,0.63469488402026919,true
1.10410999999999992,6258.31366992095900059,0.95453981270433441,-1.94545454545454555,894.45223282799588560,0.43337323002889155,0.62650547236926324,true
1.10410999999999992,6258.31366992095900059,0.95453981270433441,-1.90909090909090939,927.57637574834404859,0.42211483483868895,0.61831407970743901,true
1.10410999999999992,6258.31366992095900059,0.95453981270433441,-1.87272727272727280,961.92720110509105780,0.41100183233006937,0.61012062624470187,true
1.10410999999999992,6258.31366992095900059,0.95453981270433441,-1.83636363636363664,997.55013648268425186,0.40003422250330839,0.60192502782588531,true
1.10410999999999992,6258.31366992095900059,0.95453981270433441,-1.80000000000000004,1034.49229177989150230,0.38921200535846423,0.59372719562641474,false
1.10410999999999992,6258.31366992095900059,0.95453981270433441,-1.76363636363636367,1072.80252151074569156,0.37853518089529514,0.58552703582213084,false
1.10410999999999992,6258.31366992095900059,0.95453981270433441,-1.72727272727272751,1112.53148941267431837,0.36800374911353700,0.57732444923083326,false
1.10410999999999992,6258.31366992095900059,0.95453981270433441,-1.69090909090909114,1153.73173544725500506,0.35761771001292431,0.56911933092214428,false
1.10410999999999992,6258.31366992095900059,0.95453981270433441,-1.65454545454545476,1196.45774528219885724,0.34737706359305059,0.56091156979245393,false
1.10410999999999992,6258.31366992095900059,0.95453981270433441,-1.61818181818181817,1240.76602234645520184,0.33728180985323386,0.55270104810138088,false
1.10410999999999992,6258.31366992095900059,0.95453981270433441,-1.58181818181818201,1286.71516255372148407,0.32733194879276067,0.54448764096590185,false
1.10410999999999992,6258.31366992095900059,0.95453981270433441,-1.54545454545454564,1334.36593179318379043,0.31752748041091705,0.53627121580701309,false
1.10410999999999992,6258.31366992095900059,0.95453981270433441,-1.50909090909090948,1383.78134628995826461,0.30786840470641191,0.52805163174329184,false
1.10410999999999992,6258.31366992095900059,0.95453981270433441,-1.47272727272727311,1435.02675594151560290,0.29835472167636257,0.51982873892548997,false
1.10410999999999992,6258.31366992095900059,0.95453981270433441,-1.43636363636363651,1488.16993074028846422,0.28898643131761326,0.51160237780781492,false
1.10410999999999992,6258.31366992095900059,0.95453981270433441,-1.40000000000000013,1543.28115039676140441,0.27976353362700845,0.50337237834542525,false
1.10410999999999992,6258.31366992095900059,0.95453981270433441,-1.36363636363636376,1600.43329728156027159,0.27068119137861024,0.49513413496921688,false
1.10410999999999992,6258.31366992095900059,0.95453981270433441,-1.32727272727272760,1659.70195280945472405,0.26171521845535173,0.48686473320445584,false
1.10410999999999992,6258.31366992095900059,0.95453981270433441,-1.29090909090909123,1721.16549739273909836,0.25283659151738369,0.47853509288531160,false
1.10410999999999992,6258.31366992095900059,0.95453981270433441,-1.25454545454545463,1784.90521409617258541,0.24401628722485691,0.47011405533898692,false
1.10410999999999992,6258.31366992095900059,0.95453981270433441,-1.21818181818181848,1851.00539613056162125,0.23522852279962689,0.46157132332152229,false
1.10410999999999992,6258.31366992095900059,0.95453981270433441,-1.18181818181818210,1919.55345832714306198,0.22646643921017959,0.45289315219751952,false
1.10410999999999992,6258.31366992095900059,0.95453981270433441,-1.14545454545454573,1990.64005274017836200,0.21773002700877866,0.44407159203698393,false
1.10410999999999992,6258.31366992095900059,0.95453981270433441,-1.10909090909090935,2064.35918853064731593,0.20901928619538993,0.43509792133876946,false
1.10410999999999992,6258.31366992095900059,0.95453981270433441,-1.07272727272727320,2140.80835628958448069,0.20033700279412911,0.42596548865574285,false
1.10410999999999992,6258.31366992095900059,0.95453981270433441,-1.03636363636363660,2220.08865696546126856,0.19171021155782683,0.41669323672523506,false
1.10410999999999992,6258.31366992095900059,0.95453981270433441,-1.00000000000000022,2302.30493556612009343,0.18317843275495010,0.40731555697274291,false
1.10410999999999992,6258.31366992095900059,0.95453981270433441,-0.96363636363636407,2387.56591981208430298,0.17478128984004537,0.39787009565770520,false
1.10410999999999992,6258.31366992095900059,0.95453981270433441,-0.92727272727272747,2475.98436392459097988,0.16655679398520157,0.38839622901335752,false
1.10410999999999992,6258.31366992095900059,0.95453981270433441,-0.89090909090909121,2567.67719773850967613,0.15852106801586610,0.37891109588527955,false
1.10410999999999992,6258.31366992095900059,0.95453981270433441,-0.85454545454545494,2662.76568133734826915,0.15067446018592262,0.36941425534779199,false
1.10410999999999992,6258.31366992095900059,0.95453981270433441,-0.81818181818181845,2761.37556541483445471,0.14301697049624401,0.35990478062972092,false
1.10410999999999992,6258.31366992095900059,0.95453981270433441,-0.78181818181818219,2863.63725757514475845,0.13554859894769777,0.35038164304606606,false
1.10410999999999992,6258.31366992095900059,0.95453981270433441,-0.74545454545454559,2969.68599479171916755,0.12826934554102501,0.34084369738259029,false
1.10410999999999992,6258.31366992095900059,0.95453981270433441,-0.70909090909090933,3079.66202225271126736,0.12117921027684059,0.33128966465316462,false
1.10410999999999992,6258.31366992095900059,0.95453981270433441,-0.67272727272727306,3193.71077882961435535,0.11427819315575377,0.32171811165355163,false
1.10410999999999992,6258.31366992095900059,0.95453981270433441,-0.63636363636363658,3311.98308941431287167,0.10756636161195883,0.31212752442040342,false
1.10410999999999992,6258.31366992095900059,0.95453981270433441,-0.60000000000000031,3434.63536437893162656,0.10104683757129916,0.30252076599847327,false
1.10410999999999992,6258.31366992095900059,0.95453981270433441,-0.56363636363636405,3561.82980642226402779,0.09472698128531554,0.29290762481490873,false
1.10410999999999992,6258.31366992095900059,0.95453981270433441,-0.52727272727272745,3693.73462507631620610,0.08861446519807217,0.28329971572390988,false
1.10410999999999992,6258.31366992095900059,0.95453981270433441,-0.49090909090909124,3830.52425915663616252,0.08271695578889088,0.27371027420763538,false
1.10410999999999992,6258.31366992095900059,0.95453981270433441,-0.45454545454545497,3972.37960745064083312,0.07704139780324255,0.26415321768062983,false
1.10410999999999992,6258.31366992095900059,0.95453981270433441,-0.41818181818181843,4119.48826794897831860,0.07159333427209479,0.25464205053967109,false
1.10410999999999992,6258.31366992095900059,0.95453981270433441,-0.38181818181818217,4272.04478593631665717,0.06637814717836593,0.24519205366756350,false
1.10410999999999992,6258.31366992095900059,0.95453981270433441,-0.34545454545454590,4430.25091126966981392,0.06140119853488937,0.23582087833531146,false
1.10410999999999992,6258.31366992095900059,0.95453981270433441,-0.30909090909090936,4594.31586518445419642,0.05665337204298006,0.22652008220059147,false
1.10410999999999992,6258.31366992095900059,0.95453981270433441,-0.27272727272727310,4764.45661698115600302,0.05208555132399230,0.21719631922449231,false
1.10410999999999992,6258.31366992095900059,0.95453981270433441,-0.23636363636363680,4940.89817095850685291,0.04764177026017573,0.20772452454064921,false
1.10410999999999992,6258.31366992095900059,0.95453981270433441,-0.20000000000000029,5123.87386397261343518,0.04326606273377993,0.19795547422681395,false
1.10410999999999992,6258.31366992095900059,0.95453981270433441,-0.16363636363636402,5313.62567401555861579,0.03892285285153625,0.18775700997910591,false
1.10410999999999992,6258.31366992095900059,0.95453981270433441,-0.12727272727272748,5510.40454022156609426,0.03465812561810217,0.17717252069538961,false
1.10410999999999992,6258.31366992095900059,0.95453981270433441,-0.09090909090909120,5714.47069472390012379,0.03053825626261692,0.16630907418553270,false
1.10410999999999992,6258.31366992095900059,0.95453981270433441,-0.05454545454545494,5926.09400680140061013,0.02662962001421962,0.15530173694218585,false
1.10410999999999992,6258.31366992095900059,0.95453981270433441,-0.01818181818181868,6145.55433976974290999,0.02300758133765220,0.14435416247765892,false
1.10410999999999992,6258.31366992095900059,0.95453981270433441,0.01818181818181759,6373.14192108941006154,0.01979999868865474,0.13391413151300668,false
1.10410999999999992,6258.31366992095900059,0.95453981270433441,0.05454545454545440,6609.15772617983930104,0.01715373109384778,0.12464450211595227,false
1.10410999999999992,6258.31366992095900059,0.95453981270433441,0.09090909090909066,6853.91387644729002204,0.01521566378753592,0.11739221036918152,false
1.10410999999999992,6258.31366992095900059,0.95453981270433441,0.12727272727272693,7107.73405205286144337,0.01411037647548242,0.11304806391867231,false
1.10410999999999992,6258.31366992095900059,0.95453981270433441,0.16363636363636319,7370.95391996647958877,0.01376830815207281,0.11166938313176780,false
1.10410999999999992,6258.31366992095900059,0.95453981270433441,0.19999999999999946,7643.92157787295036542,0.01401993599860031,0.11268519066640603,false
1.10410999999999992,6258.31366992095900059,0.95453981270433441,0.23636363636363572,7926.99801451715029543,0.01469491106567140,0.11536586038932502,false
1.10410999999999992,6258.31366992095900059,0.95453981270433441,0.27272727272727254,8220.55758709712063137,0.01562981592018901,0.11897912204475879,false
1.10410999999999992,6258.31366992095900059,0.95453981270433441,0.30909090909090881,8524.98851633638150815,0.01675533539429643,0.12318856355233031,false
1.10410999999999992,6258.31366992095900059,0.95453981270433441,0.34545454545454507,8840.69339989024410897,0.01806997227558129,0.12793005053720896,false
1.10410999999999992,6258.31366992095900059,0.95453981270433441,0.38181818181818133,9168.08974476499315642,0.01957372655915122,0.13314675512084223,false
1.10410999999999992,6258.31366992095900059,0.95453981270433441,0.41818181818181760,9507.61051945411418274,0.02126568415572346,0.13878211700151963,false
1.10410999999999992,6258.31366992095900059,0.95453981270433441,0.45454545454545386,9859.70472652169883077,0.02312390703503506,0.14471862771120531,false
1.10410999999999992,6258.31366992095900059,0.95453981270433441,0.49090909090909068,10224.83799639028620732,0.02510543322584304,0.15079178713960176,false
1.10410999999999992,6258.31366992095900059,0.95453981270433441,0.52727272727272689,10603.49320311832161678,0.02716638667251386,0.15685911749501685,false
1.10410999999999992,6258.31366992095900059,0.95453981270433441,0.56363636363636316,10996.17110298172883631,0.02926327694808065,0.16280033982241832,false
1.10410999999999992,6258.31366992095900059,0.95453981270433441,0.59999999999999942,11403.39099670389623498,0.03137008117591803,0.16855888492110033,false
1.10410999999999992,6258.31366992095900059,0.95453981270433441,0.63636363636363569,11825.69141620999835141,0.03348501395522205,0.17414823229137580,false
1.10410999999999992,6258.31366992095900059,0.95453981270433441,0.67272727272727195,12263.63083681380521739,0.03560807520308957,0.17958418066274015,true
1.10410999999999992,6258.31366992095900059,0.95453981270433441,0.70909090909090877,12717.78841577882485581,0.03773926483640491,0.18488026128512591,true
1.10410999999999992,6258.31366992095900059,0.95453981270433441,0.74545454545454504,13188.76475823043620039,0.03987858274633158,0.19004816736102251,true
1.10410999999999992,6258.31366992095900059,0.95453981270433441,0.78181818181818130,13677.18271143206584384,0.04202602877407981,0.19509808434162318,true
1.10410999999999992,6258.31366992095900059,0.95453981270433441,0.81818181818181757,14183.68818847559487040,0.04418160275512049,0.20003894784092649,true
1.10410999999999992,6258.31366992095900059,0.95453981270433441,0.85454545454545383,14708.95102247543763951,0.04634530388359190,0.20487864604689815,true
1.10410999999999992,6258.31366992095900059,0.95453981270433441,0.89090909090909010,15253.66585239589949197,0.04851666638753110,0.20962317982280818,true
1.10410999999999992,6258.31366992095900059,0.95453981270433441,0.92727272727272692,15818.55304168325710634,0.05069393990587057,0.21427517139959554,true
1.10410999999999992,6258.31366992095900059,0.95453981270433441,0.96363636363636318,16404.35963091739176889,0.05287515410047681,0.21883644517116044,true
1.10410999999999992,6258.31366992095900059,0.95453981270433441,0.99999999999999944,17011.86032574297132669,0.05505833863321644,0.22330856441421224,true
1.18082200000000004,6279.05120839244591480,0.95176763825043920,-2.60000000000000009,466.36760103834399160,0.61383333638830451,0.72099626900744151,true
1.18082200000000004,6279.05120839244591480,0.95176763825043920,-2.56363636363636349,483.63853681696241438,0.60214513289833471,0.71409891333576392,true
1.18082200000000004,6279.05120839244591480,0.95176763825043920,-2.52727272727272734,501.54906510158895117,0.59047425271988285,0.70714465753818945,true
1.18082200000000004,6279.05120839244591480,0.95176763825043920,-2.49090909090909118,520.12287184525973771,0.57883801916446664,0.70014228300247705,true
1.18082200000000004,6279.05120839244591480,0.95176763825043920,-2.45454545454545459,539.38452016008659484,0.56725375554360336,0.69310091463616397,true
1.18082200000000004,6279.05120839244591480,0.95176763825043920,-2.41818181818181843,559.35948280098364194,0.55573715233879439,0.68602903634710222,true
1.18082200000000004,6279.05120839244591480,0.95176763825043920,-2.38181818181818183,580.07417585236214563,0.54429436487548566,0.67892953369234510,true
1.18082200000000004,6279.05120839244591480,0.95176763825043920,-2.34545454545454568,601.55599366233764158,0.53292809716203227,0.67180323520500573,true
1.18082200000000004,6279.05120839244591480,0.95176763825043920,-2.30909090909090953,623.83334507065501384,0.52164104844635073,0.66465099861040156,true
1.18082200000000004,6279.05120839244591480,0.95176763825043920,-2.27272727272727293,646.93569097823478842,0.51043582125128739,0.65747365352376874,true
1.18082200000000004,6279.05120839244591480,0.95176763825043920,-2.23636363636363633,670.89358330802951969,0.49931417623332819,0.65027151502066449,true
1.18082200000000004,6279.05120839244591480,0.95176763825043920,-2.20000000000000018,695.73870540871200774,0.48827744057734490,0.64304462396627182,true
1.18082200000000004,6279.05120839244591480,0.95176763825043920,-2.16363636363636358,721.50391395463122990,0.47732693788579911,0.63579301780376096,true
1.18082200000000004,6279.05120839244591480,0.95176763825043920,-2.12727272727272743,748.22328239743967515,0.46646396949315405,0.62851671778374385,true
1.18082200000000004,6279.05120839244591480,0.95176763825043920,-2.09090909090909083,775.93214602686407488,0.45568953442352828,0.62121553714478384,true
1.18082200000000004,6279.05120839244591480,0.95176763825043920,-2.05454545454545467,804.66714870020291528,0.44500441383094547,0.61388912695324194,true
1.18082200000000004,6279.05120839244591480,0.95176763825043920,-2.01818181818181852,834.46629130235464800,0.43440938405954155,0.60653711493890428,true
1.18082200000000004,6279.05120839244591480,0.95176763825043920,-1.98181818181818192,865.36898200045914109,0.42390521565531397,0.59915910321180910,true
1.18082200000000004,6279.05120839244591480,0.95176763825043920,-1.94545454545454577,897.41608835961062596,0.41349254580707812,0.59175457522147079,true
1.18082200000000004,6279.05120839244591480,0.95176763825043920,-1.90909090909090939,930.64999138857228900,0.40317187834646678,0.58432288803283505,true
1.18082200000000004,6279.05120839244591480,0.95176763825043920,-1.87272727272727302,965.11464158695139304,0.39294371130697447,0.57686335754710893,true
1.18082200000000004,6279.05120839244591480,0.95176763825043920,-1.83636363636363664,1000.85561706796909220,0.38280853834487011,0.56937525654137744,false
1.18082200000000004,6279.05120839244591480,0.95176763825043920,-1.80000000000000027,1037.92018383368053946,0.37276665484430138,0.56185766531518588,false
1.18082200000000004,6279.05120839244591480,0.95176763825043920,-1.76363636363636367,1076.35735828236079215,0.36281808107266289,0.55430939950531344,false
1.18082200000000004,6279.05120839244591480,0.95176763825043920,-1.72727272727272729,1116.21797203071923832,0.35296281703241456,0.54672918861459374,false
1.18082200000000004,6279.05120839244591480,0.95176763825043920,-1.69090909090909092,1157.55473913666833141,0.34320086272600964,0.53911568515968955,false
1.18082200000000004,6279.05120839244591480,0.95176763825043920,-1.65454545454545476,1200.42232581154303261,0.33353221815511319,0.53146745835228681,false
1.18082200000000004,6279.05120839244591480,0.95176763825043920,-1.61818181818181839,1244.87742271396768956,0.32395688331985795,0.52378298711393745,false
1.18082200000000004,6279.05120839244591480,0.95176763825043920,-1.58181818181818201,1290.97881992096881731,0.31447485822020105,0.51606065233928011,false
1.18082200000000004,6279.05120839244591480,0.95176763825043920,-1.54545454545454586,1338.78748467548757617,0.30508614245894383,0.50829872797361753,false
1.18082200000000004,6279.05120839244591480,0.95176763825043920,-1.50909090909090948,1388.36664201310736644,0.29579044770082141,0.50049512815655084,false
1.18082200000000004,6279.05120839244591480,0.95176763825043920,-1.47272727272727311,1439.78185837461660412,0.28658669010719640,0.49264694089322575,false
1.18082200000000004,6279.05120839244591480,0.95176763825043920,-1.43636363636363651,1493.10112831499031927,0.27747364961493981,0.48475093482796600,false
1.18082200000000004,6279.05120839244591480,0.95176763825043920,-1.40000000000000013,1548.39496442345239302,0.26845010616092213,0.47680365079537507,false
1.18082200000000004,6279.05120839244591480,0.95176763825043920,-1.36363636363636376,1605.73649057353918579,0.25951504302025236,0.46880156263138278,false
1.18082200000000004,6279.05120839244591480,0.95176763825043920,-1.32727272727272760,1665.20153862647930509,0.25066825682099120,0.46074162795318102,false
1.18082200000000004,6279.05120839244591480,0.95176763825043920,-1.29090909090909123,1726.86874871577947488,0.24190974752943734,0.45262075647634714,false
1.18082200000000004,6279.05120839244591480,0.95176763825043920,-1.25454545454545485,1790.81967324563561306,0.23323951511188956,0.44443560781051938,false
1.18082200000000004,6279.05120839244591480,0.95176763825043920,-1.21818181818181848,1857.13888474070859047,0.22465755953842312,0.43618256337646083,false
1.18082200000000004,6279.05120839244591480,0.95176763825043920,-1.18181818181818210,1925.91408768988276279,0.21616388080116614,0.42785769421364594,false
1.18082200000000004,6279.05120839244591480,0.95176763825043920,-1.14545454545454595,1997.23623453192590205,0.20775847890022925,0.41945672387324040,false
1.18082200000000004,6279.05120839244591480,0.95176763825043920,-1.10909090909090935,2071.19964593642998807,0.19944135383573389,0.41097498550121703,false
1.18082200000000004,6279.05120839244591480,0.95176763825043920,-1.07272727272727297,2147.90213553909916300,0.19121357366621891,0.40240849583209198,false
1.18082200000000004,6279.05120839244591480,0.95176763825043920,-1.03636363636363660,2227.44513929634968008,0.18308550251422567,0.39376286858127707,false
1.18082200000000004,6279.05120839244591480,0.95176763825043920,-1.00000000000000022,2309.93384963028211132,0.17507229098631391,0.38504943414247456,false
1.18082200000000004,6279.05120839244591480,0.95176763825043920,-0.96363636363636385,2395.47735454142457456,0.16718912924676266,0.37628057584392927,false
1.18082200000000004,6279.05120839244591480,0.95176763825043920,-0.92727272727272769,2484.18878187322525264,0.15945077955922732,0.36746933672006105,false
1.18082200000000004,6279.05120839244591480,0.95176763825043920,-0.89090909090909121,2576.18544891907640704,0.15186619500850240,0.35862316409820783,false
1.18082200000000004,6279.05120839244591480,0.95176763825043920,-0.85454545454545483,2671.58901756970908536,0.14444014209968428,0.34974517802478305,false
1.18082200000000004,6279.05120839244591480,0.95176763825043920,-0.81818181818181845,2770.52565520615326022,0.13717729491133474,0.34083869928006927,false
1.18082200000000004,6279.05120839244591480,0.95176763825043920,-0.78181818181818197,2873.12620155102285935,0.13008236189957209,0.33190744100305380,false
1.18082200000000004,6279.05120839244591480,0.95176763825043920,-0.74545454545454592,2979.52634169878001558,0.12316084220431420,0.32295655744125634,false
1.18082200000000004,6279.05120839244591480,0.95176763825043920,-0.70909090909090944,3089.86678555382104605,0.11641902564927836,0.31399285243258329,false
1.18082200000000004,6279.05120839244591480,0.95176763825043920,-0.67272727272727306,3204.29345391365495743,0.10986323643573856,0.30502397497287020,false
1.18082200000000004,6279.05120839244591480,0.95176763825043920,-0.63636363636363669,3322.95767144329420262,0.10349977056772318,0.29605845987777252,false
1.18082200000000004,6279.05120839244591480,0.95176763825043920,-0.60000000000000020,3446.01636679603097946,0.09733364681847236,0.28710402415587688,false
1.18082200000000004,6279.05120839244591480,0.95176763825043920,-0.56363636363636382,3573.63228014527066989,0.09136811171212780,0.27816667979567805,false
1.18082200000000004,6279.05120839244591480,0.95176763825043920,-0.52727272727272767,3705.97417840186017202,0.08560628123002786,0.26925302909211057,false
1.18082200000000004,6279.05120839244591480,0.95176763825043920,-0.49090909090909129,3843.21707840154113001,0.08005126323897652,0.26037055981554047,false
1.18082200000000004,6279.05120839244591480,0.95176763825043920,-0.45454545454545486,3985.54247835766909702,0.07470518374712680,0.25152615455715294,false
1.18082200000000004,6279.05120839244591480,0.95176763825043920,-0.41818181818181849,4133.13859788530135120,0.06956826184707013,0.24272435650479404,false
1.18082200000000004,6279.05120839244591480,0.95176763825043920,-0.38181818181818206,4286.20062691406565136,0.06464049753897162,0.23396997427420144,false
1.18082200000000004,6279.05120839244591480,0.95176763825043920,-0.34545454545454590,4444.93098381898289517,0.05992187518589760,0.22526850655941064,false
1.18082200000000004,6279.05120839244591480,0.95176763825043920,-0.30909090909090953,4609.53958311063161091,0.05540104225426261,0.21660413824227392,false
1.18082200000000004,6279.05120839244591480,0.95176763825043920,-0.27272727272727310,4780.24411303863962530,0.05103532510152489,0.20789460767725482,false
1.18082200000000004,6279.05120839244591480,0.95176763825043920,-0.23636363636363669,4957.27032347563181247,0.04677668656024399,0.19903181784645585,false
1.18082200000000004,6279.05120839244591480,0.95176763825043920,-0.20000000000000026,5140.85232446235750103,0.04257708946297942,0.18988723343233527,false
1.18082200000000004,6279.05120839244591480,0.95176763825043920,-0.16363636363636413,5331.23289580880100402,0.03840683588364553,0.18034829747787445,false
1.18082200000000004,6279.05120839244591480,0.95176763825043920,-0.12727272727272773,5528.66380816070977744,0.03430958486157554,0.17045726412452578,false
1.18082200000000004,6279.05120839244591480,0.95176763825043920,-0.09090909090909131,5733.40615595614508493,0.03034733467745755,0.16031274818403290,false
1.18082200000000004,6279.05120839244591480,0.95176763825043920,-0.05454545454545518,5945.73070271236701956,0.02658208361197965,0.15003835428464266,false
1.18082200000000004,6279.05120839244591480,0.95176763825043920,-0.01818181818181877,6165.91823909970298701,0.02308376086287329,0.13981734960074954,false
1.18082200000000004,6279.05120839244591480,0.95176763825043920,0.01818181818181764,6394.25995427589714382,0.01996860940873887,0.13004141698682398,false
1.18082200000000004,6279.05120839244591480,0.95176763825043920,0.05454545454545406,6631.05782097206792969,0.01736963582834151,0.12128389579127531,false
1.18082200000000004,6279.05120839244591480,0.95176763825043920,0.09090909090909047,6876.62499483948613488,0.01541986982265341,0.11427418581687032,false
1.18082200000000004,6279.05120839244591480,0.95176763825043920,0.12727272727272687,7131.28622858533071849,0.01423324680129399,0.10978923830024312,false
1.18082200000000004,6279.05120839244591480,0.95176763825043920,0.16363636363636330,7395.37830144507734076,0.01375751111951549,0.10793883299556326,false
1.18082200000000004,6279.05120839244591480,0.95176763825043920,0.19999999999999971,7669.25046455947813229,0.01385483641947047,0.10831995808917942,false
1.18082200000000004,6279.05120839244591480,0.95176763825043920,0.23636363636363611,7953.26490284515875828,0.01438668914733547,0.11037944650957673,false
1.18082200000000004,6279.05120839244591480,0.95176763825043920,0.27272727272727254,8247.79721396958666446,0.01522017269360351,0.11353181271183853,false
1.18082200000000004,6279.05120839244591480,0.95176763825043920,0.30909090909090836,8553.23690506386992638,0.01629891760480853,0.11748628306827118,false
1.18082200000000004,6279.05120839244591480,0.95176763825043920,0.34545454545454479,8869.98790783029471640,0.01762170629067718,0.12216076992465159,false
1.18082200000000004,6279.05120839244591480,0.95176763825043920,0.38181818181818122,9198.46911272570832807,0.01918853874090843,0.12747608986421549,true
1.18082200000000004,6279.05120839244591480,0.95176763825043920,0.41818181818181760,9539.11492292732327769,0.02099818240832766,0.13335172379941851,true
1.18082200000000004,6279.05120839244591480,0.95176763825043920,0.45454545454545403,9892.37582881343587360,0.02302105639766725,0.13962732133700345,true
1.18082200000000004,6279.05120839244591480,0.95176763825043920,0.49090909090909046,10258.71900371881747560,0.02519923146556650,0.14608358892409876,true
1.18082200000000004,6279.05120839244591480,0.95176763825043920,0.52727272727272689,10638.62892175266642880,0.02747354583179116,0.15253346618916080,true
1.18082200000000004,6279.05120839244591480,0.95176763825043920,0.56363636363636327,11032.60799849611066747,0.02978535769151770,0.15882146290138227,true
1.18082200000000004,6279.05120839244591480,0.95176763825043920,0.59999999999999964,11441.17725542661537474,0.03209957820019575,0.16487600084780427,true
1.18082200000000004,6279.05120839244591480,0.95176763825043920,0.63636363636363613,11864.87700894790759776,0.03441379993075944,0.17071594907263532,true
1.18082200000000004,6279.05120839244591480,0.95176763825043920,0.67272727272727251,12304.26758493668967276,0.03672802274971124,0.17636262586414622,true
1.18082200000000004,6279.05120839244591480,0.95176763825043920,0.70909090909090833,12759.93005975106461847,0.03904224652363062,0.18183403736471951,true
1.18082200000000004,6279.05120839244591480,0.95176763825043920,0.74545454545454481,13232.46702868065221992,0.04135647112841257,0.18714555616055184,true
1.18082200000000004,6279.05120839244591480,0.95176763825043920,0.78181818181818119,13722.50340285459424194,0.04367069645804393,0.19231043094637859,true
1.18082200000000004,6279.05120839244591480,0.95176763825043920,0.81818181818181757,14230.68723566138578462,0.04598492240859026,0.19734017593169992,true
1.18082200000000004,6279.05120839244591480,0.95176763825043920,0.85454545454545405,14757.69057977341435617,0.04829914887611726,0.20224487301422731,true
1.18082200000000004,6279.05120839244591480,0.95176763825043920,0.89090909090909043,15304.21037590957894281,0.05061337575684474,0.20703340946391652,true
1.18082200000000004,6279.05120839244591480,0.95176763825043920,0.92727272727272680,15870.96937451134363073,0.05292760294741791,0.21171366717896320,true
1.18082200000000004,6279.05120839244591480,0.95176763825043920,0.96363636363636329,16458.71709155112330336,0.05524183034455488,0.21629267505259650,true
1.18082200000000004,6279.05120839244591480,0.95176763825043920,0.99999999999999967,17068.23079973698986578,0.05755605784497374,0.22077673287717051,true
1.60000000000000009,6369.54814084578356415,0.93676120177625766,-2.60000000000000009,473.08913202907422146,0.48672375847893029,0.55154541884538522,true
1.60000000000000009,6369.54814084578356415,0.93676120177625766,-2.56363636363636394,490.60898546367121753,0.47809624475108103,0.54663530161289953,true
1.60000000000000009,6369.54814084578356415,0.93676120177625766,-2.52727272727272778,508.77764954215950866,0.46947277684846334,0.54168301203775027,true
1.60000000000000009,6369.54814084578356415,0.93676120177625766,-2.49090909090909118,527.61915159177692658,0.46085740059630886,0.53668973846412704,true
1.60000000000000009,6369.54814084578356415,0.93676120177625766,-2.45454545454545459,547.15840874090622492,0.45225416181984973,0.53165670421561140,true
1.60000000000000009,6369.54814084578356415,0.93676120177625766,-2.41818181818181843,567.42126087097562959,0.44366691721376572,0.52658505795227761,true
1.60000000000000009,6369.54814084578356415,0.93676120177625766,-2.38181818181818183,588.43450478866282083,0.43509841901648050,0.52147532241257621,true
1.60000000000000009,6369.54814084578356415,0.93676120177625766,-2.34545454545454568,610.22592966359195543,0.42655101970067499,0.51632779056808653,true
1.60000000000000009,6369.54814084578356415,0.93676120177625766,-2.30909090909090908,632.82435377839476587,0.41802707118762855,0.51114275842690737,true
1.60000000000000009,6369.54814084578356415,0.93676120177625766,-2.27272727272727293,656.25966263972725301,0.40952888281800415,0.50592049944754425,true
1.60000000000000009,6369.54814084578356415,0.93676120177625766,-2.23636363636363678,680.56284850065185310,0.40105839332339793,0.50066105882834921,true
1.60000000000000009,6369.54814084578356415,0.93676120177625766,-2.20000000000000018,705.76605134664464458,0.39261735061116265,0.49536435492673131,true
1.60000000000000009,6369.54814084578356415,0.93676120177625766,-2.16363636363636402,731.90260139943154627,0.38420750101159140,0.49003029307609608,true
1.60000000000000009,6369.54814084578356415,0.93676120177625766,-2.12727272727272743,759.00706319486857865,0.37583058024225424,0.48465875897522875,true
1.60000000000000009,6369.54814084578356415,0.93676120177625766,-2.09090909090909083,787.11528129314638136,0.36748817994239735,0.47924953047864149,true
1.60000000000000009,6369.54814084578356415,0.93676120177625766,-2.05454545454545467,816.26442768178094411,0.35918178791638750,0.47380229784979111,true
1.60000000000000009,6369.54814084578356415,0.93676120177625766,-2.01818181818181852,846.49305093407144795,0.35091288967624318,0.46831672620957282,true
1.60000000000000009,6369.54814084578356415,0.93676120177625766,-1.98181818181818215,877.84112718803703501,0.34268296893540034,0.46279245411374764,true
1.60000000000000009,6369.54814084578356415,0.93676120177625766,-1.94545454545454577,910.35011301325096156,0.33449346803988739,0.45722906461086832,true
1.60000000000000009,6369.54814084578356415,0.93676120177625766,-1.90909090909090917,944.06300023548601530,0.32634578796832647,0.45162608148799827,true
1.60000000000000009,6369.54814084578356415,0.93676120177625766,-1.87272727272727302,979.02437279167293127,0.31824132790075710,0.44598299287974330,true
1.60000000000000009,6369.54814084578356415,0.93676120177625766,-1.83636363636363664,1015.28046569036666824,0.31018148753981384,0.44029925018376265,true
1.60000000000000009,6369.54814084578356415,0.93676120177625766,-1.80000000000000004,1052.87922615568140827,0.30216769025978157,0.43457428181194002,true
1.60000000000000009,6369.54814084578356415,0.93676120177625766,-1.76363636363636389,1091.87037703556643464,0.29420139228105308,0.42880749780718402,true
1.60000000000000009,6369.54814084578356415,0.93676120177625766,-1.72727272727272751,1132.30548255827329740,0.28628405224344550,0.42299826554272468,true
1.60000000000000009,6369.54814084578356415,0.93676120177625766,-1.69090909090909136,1174.23801652397082762,0.27841712952500491,0.41714590487397579,true
1.60000000000000009,6369.54814084578356415,0.93676120177625766,-1.65454545454545499,1217.72343302169701929,0.27060217282945997,0.41124975139009201,true
1.60000000000000009,6369.54814084578356415,0.93676120177625766,-1.61818181818181839,1262.81923976515759023,0.26284090434430291,0.40530922172483230,true
1.60000000000000009,6369.54814084578356415,0.93676120177625766,-1.58181818181818201,1309.58507414436576255,0.25513506618920340,0.39932369873105716,true
1.60000000000000009,6369.54814084578356415,0.93676120177625766,-1.54545454545454586,1358.08278209368927492,0.24748640080001180,0.39329251264168175,true
1.60000000000000009,6369.54814084578356415,0.93676120177625766,-1.50909090909090948,1408.37649988061389195,0.23989687984383706,0.38721512096300958,true
1.60000000000000009,6369.54814084578356415,0.93676120177625766,-1.47272727272727288,1460.53273892337210782,0.23236910829842355,0.38109144924350469,true
1.60000000000000009,6369.54814084578356415,0.93676120177625766,-1.43636363636363673,1514.62047374961935020,0.22490579959161447,0.37492149144155373,true
1.60000000000000009,6369.54814084578356415,0.93676120177625766,-1.40000000000000036,1570.71123321247364402,0.21750966715125281,0.36870522368083286,true
1.60000000000000009,6369.54814084578356415,0.93676120177625766,-1.36363636363636398,1628.87919508454342576,0.21018538016859425,0.36244428896779624,true
1.60000000000000009,6369.54814084578356415,0.93676120177625766,-1.32727272727272760,1689.20128415504859731,0.20294543088854419,0.35614729299173414,true
1.60000000000000009,6369.54814084578356415,0.93676120177625766,-1.29090909090909123,1751.75727395975832223,0.19580426731942058,0.34982519502551251,true
1.60000000000000009,6369.54814084578356415,0.93676120177625766,-1.25454545454545507,1816.62989227828279581,0.18877633746954117,0.34348975373140789,true
1.60000000000000009,6369.54814084578356415,0.93676120177625766,-1.21818181818181848,1883.90493053823502123,0.18187447619385924,0.33715211347574559,true
1.60000000000000009,6369.54814084578356415,0.93676120177625766,-1.18181818181818210,1953.67135727093841524,0.17510209809604654,0.33081537344873968,true
1.60000000000000009,6369.54814084578356415,0.93676120177625766,-1.14545454545454573,2026.02143576873390884,0.16845920805327530,0.32447959108901914,false
1.60000000000000009,6369.54814084578356415,0.93676120177625766,-1.10909090909090957,2101.05084609946743512,0.16194580623964655,0.31814482378278464,false
1.60000000000000009,6369.54814084578356415,0.93676120177625766,-1.07272727272727320,2178.85881163953536088,0.15556189281727212,0.31181113355811252,false
1.60000000000000009,6369.54814084578356415,0.93676120177625766,-1.03636363636363660,2259.54823029280396440,0.14930746784391308,0.30547858746963863,false
1.60000000000000009,6369.54814084578356415,0.93676120177625766,-1.00000000000000044,2343.22581056894523499,0.14318253132360106,0.29914725818106819,false
1.60000000000000009,6369.54814084578356415,0.93676120177625766,-0.96363636363636407,2430.00221270115480365,0.13718708325992357,0.29281722462562243,false
1.60000000000000009,6369.54814084578356415,0.93676120177625766,-0.92727272727272747,2519.99219498985121390,0.13132112365634918,0.28648857269569800,false
1.60000000000000009,6369.54814084578356415,0.93676120177625766,-0.89090909090909121,2613.31476556591223925,0.12558465251473469,0.28016139602327295,false
1.60000000000000009,6369.54814084578356415,0.93676120177625766,-0.85454545454545494,2710.09333977414280525,0.11997766983577460,0.27383579686987441,false
1.60000000000000009,6369.54814084578356415,0.93676120177625766,-0.81818181818181868,2810.45590338510055517,0.11450017562013784,0.26751188714258317,false
1.60000000000000009,6369.54814084578356415,0.93676120177625766,-0.78181818181818241,2914.53518185112716310,0.10915216986848127,0.26118978955502986,false
1.60000000000000009,6369.54814084578356415,0.93676120177625766,-0.74545454545454581,3022.46881583042340935,0.10393365258118231,0.25486963895929021,false
1.60000000000000009,6369.54814084578356415,0.93676120177625766,-0.70909090909090955,3134.39954321127333969,0.09884462375833931,0.24855158387940735,false
1.60000000000000009,6369.54814084578356415,0.93676120177625766,-0.67272727272727328,3250.47538787716712250,0.09388508340003830,0.24223578828287107,false
1.60000000000000009,6369.54814084578356415,0.93676120177625766,-0.63636363636363669,3370.84985546242933196,0.08905503150636168,0.23592243363333648,false
1.60000000000000009,6369.54814084578356415,0.93676120177625766,-0.60000000000000042,3495.68213635723714106,0.08435446807722881,0.22961172127804802,false
1.60000000000000009,6369.54814084578356415,0.93676120177625766,-0.56363636363636405,3625.13731623051808128,0.07978339311233229,0.22330387523553566,false
1.60000000000000009,6369.54814084578356415,0.93676120177625766,-0.52727272727272778,3759.38659434909459378,0.07534180661134819,0.21699914546396862,false
1.60000000000000009,6369.54814084578356415,0.93676120177625766,-0.49090909090909157,3898.60750998183266347,0.07102969119919493,0.21069778593876307,false
1.60000000000000009,6369.54814084578356415,0.93676120177625766,-0.45454545454545492,4042.98417718818154754,0.06684492715512357,0.20439686756883585,false
1.60000000000000009,6369.54814084578356415,0.93676120177625766,-0.41818181818181865,4192.70752830160017766,0.06278131169035367,0.19808664721901637,false
1.60000000000000009,6369.54814084578356415,0.93676120177625766,-0.38181818181818239,4347.97556642990275577,0.05883217289764997,0.19175533385288460,false
1.60000000000000009,6369.54814084578356415,0.93676120177625766,-0.34545454545454579,4508.99362730638949870,0.05499083619873585,0.18538951595009331,false
1.60000000000000009,6369.54814084578356415,0.93676120177625766,-0.30909090909090953,4675.97465083809311182,0.05124869051033940,0.17897047680822142,false
1.60000000000000009,6369.54814084578356415,0.93676120177625766,-0.27272727272727321,4849.13946271024633461,0.04759177465331836,0.17246697990723897,false
1.60000000000000009,6369.54814084578356415,0.93676120177625766,-0.23636363636363697,5028.71706641935634252,0.04400521128133963,0.16584105960478324,false
1.60000000000000009,6369.54814084578356415,0.93676120177625766,-0.20000000000000068,5214.94494612112430332,0.04047412304807006,0.15904819051169300,false
1.60000000000000009,6369.54814084578356415,0.93676120177625766,-0.16363636363636408,5408.06938069367879507,0.03699185857448742,0.15205233181064551,false
1.60000000000000009,6369.54814084578356415,0.93676120177625766,-0.12727272727272781,5608.34576943148294959,0.03358467035081317,0.14488070599378727,false
1.60000000000000009,6369.54814084578356415,0.93676120177625766,-0.09090909090909152,5816.03896980063382216,0.03028703683457959,0.13758414887483311,false
1.60000000000000009,6369.54814084578356415,0.93676120177625766,-0.05454545454545492,6031.42364770219865022,0.02713343648331897,0.13022441323374950,false
1.60000000000000009,6369.54814084578356415,0.93676120177625766,-0.01818181818181864,6254.78464070681275189,0.02416316969444071,0.12289011782493109,false
1.60000000000000009,6369.54814084578356415,0.93676120177625766,0.01818181818181763,6486.41733474092052347,0.02144369530726008,0.11576834440829475,false
1.60000000000000009,6369.54814084578356415,0.93676120177625766,0.05454545454545390,6726.62805472276704677,0.01905266430806276,0.10912339434117335,false
1.60000000000000009,6369.54814084578356415,0.93676120177625766,0.09090909090909018,6975.73446966478059039,0.01706774174126820,0.10328280877422256,false
1.60000000000000009,6369.54814084578356415,0.93676120177625766,0.12727272727272679,7234.06601277806566941,0.01555911616809798,0.09861261382328956,false
1.60000000000000009,6369.54814084578356415,0.93676120177625766,0.16363636363636305,7501.96431713455240242,0.01453190305527391,0.09530183319090034,false
1.60000000000000009,6369.54814084578356415,0.93676120177625766,0.19999999999999934,7779.78366746301617241,0.01395771214851995,0.09340005403009663,false
1.60000000000000009,6369.54814084578356415,0.93676120177625766,0.23636363636363594,8067.89146867636009119,0.01380787628677499,0.09289737713861661,false
1.60000000000000009,6369.54814084578356415,0.93676120177625766,0.27272727272727221,8366.66873174981992634,0.01405171555994005,0.09371404497172518,false
1.60000000000000009,6369.54814084578356415,0.93676120177625766,0.30909090909090847,8676.51057759267496294,0.01463122497697819,0.09562696068897812,false
1.60000000000000009,6369.54814084578356415,0.93676120177625766,0.34545454545454479,8997.82675957973697223,0.01546870681026607,0.09832569224987076,false
1.60000000000000009,6369.54814084578356415,0.93676120177625766,0.38181818181818106,9331.04220543370138330,0.01648602857838818,0.10150747687482242,true
1.60000000000000009,6369.54814084578356415,0.93676120177625766,0.41818181818181765,9676.59757917496972368,0.01760668555825708,0.10490080301842629,true
1.60000000000000009,6369.54814084578356415,0.93676120177625766,0.45454545454545359,10034.94986388207689743,0.01879161146833128,0.10837323086310129,true
1.60000000000000009,6369.54814084578356415,0.93676120177625766,0.49090909090909018,10406.57296603344912000,0.02003917846861530,0.11191285244727060,true
1.60000000000000009,6369.54814084578356415,0.93676120177625766,0.52727272727272678,10791.95834222962730564,0.02134938647744170,0.11551349076363791,true
1.60000000000000009,6369.54814084578356415,0.93676120177625766,0.56363636363636271,11191.61564912484936940,0.02272223541051173,0.11916961496778376,true
1.60000000000000009,6369.54814084578356415,0.93676120177625766,0.59999999999999931,11606.07341742750759295,0.02415772506433849,0.12287627177454381,true
1.60000000000000009,6369.54814084578356415,0.93676120177625766,0.63636363636363602,12035.87975086069491226,0.02565585507005281,0.12662902281382024,true
1.60000000000000009,6369.54814084578356415,0.93676120177625766,0.67272727272727195,12481.60305100734149164,0.02721662504660360,0.13042388835687749,true
1.60000000000000009,6369.54814084578356415,0.93676120177625766,0.70909090909090855,12943.83276899847987806,0.02883999968974954,0.13425721509882985,true
1.60000000000000009,6369.54814084578356415,0.93676120177625766,0.74545454545454515,13423.18018503857820178,0.03052171798922385,0.13811616032624460,true
1.60000000000000009,6369.54814084578356415,0.93676120177625766,0.78181818181818108,13920.27921679906103236,0.03224931198504101,0.14197119422844420,true
1.60000000000000009,6369.54814084578356415,0.93676120177625766,0.81818181818181768,14435.78725774894701317,0.03400937079107775,0.14579388445481378,true
1.60000000000000009,6369.54814084578356415,0.93676120177625766,0.85454545454545361,14970.38604653118454735,0.03578848730912940,0.14955869940664057,true
1.60000000000000009,6369.54814084578356415,0.93676120177625766,0.89090909090909021,15524.78256853466882603,0.03757600068209208,0.15324816614337525,true
1.60000000000000009,6369.54814084578356415,0.93676120177625766,0.92727272727272680,16099.70999085389848915,0.03936883725413710,0.15686147801112829,true
1.60000000000000009,6369.54814084578356415,0.93676120177625766,0.96363636363636274,16695.92863187299008132,0.04116522262557035,0.16040032462866610,true
1.60000000000000009,6369.54814084578356415,0.93676120177625766,0.99999999999999933,17314.22696675617771689,0.04296338239669772,0.16386614658902574,true
2.10137000000000018,6479.47361141292276443,0.91917302738958395,-2.64999999999999991,457.78267063936561954,0.39471215811996802,0.43340008092527199,true
2.10137000000000018,6479.47361141292276443,0.91917302738958395,-2.61313131313131297,474.97550776668703065,0.38805134058713830,0.42972768139575607,true
2.10137000000000018,6479.47361141292276443,0.91917302738958395,-2.57626262626262648,492.81405227317526396,0.38139052309560689,0.42602362632742047,true
2.10137000000000018,6479.47361141292276443,0.91917302738958395,-2.53939393939393954,511.32255484046186211,0.37472970568667235,0.42228708275279381,true
2.10137000000000018,6479.47361141292276443,0.91917302738958395,-2.50252525252525260,530.52617692737885591,0.36806888840163260,0.41851718051894032,true
2.10137000000000018,6479.47361141292276443,0.91917302738958395,-2.46565656565656566,550.45102497580694489,0.36140807128410751,0.41471300992240234,true
2.10137000000000018,6479.47361141292276443,0.91917302738958395,-2.42878787878787872,571.12418590118340944,0.35474725439126265,0.41087361915216053,true
2.10137000000000018,6479.47361141292276443,0.91917302738958395,-2.39191919191919178,592.57376391591901665,0.34808643778516940,0.40699801150368059,true
2.10137000000000018,6479.47361141292276443,0.91917302738958395,-2.35505050505050484,614.82891873578375908,0.34142562152790545,0.40308514235420101,true
2.10137000000000018,6479.47361141292276443,0.91917302738958395,-2.31818181818181834,637.91990522120011065,0.33476480568597716,0.39913391587675529,true
2.10137000000000018,6479.47361141292276443,0.91917302738958395,-2.28131313131313140,661.87811450733670426,0.32810399036443316,0.39514318147623345,true
2.10137000000000018,6479.47361141292276443,0.91917302738958395,-2.24444444444444446,686.73611667891282195,0.32144317568816827,0.39111172986536952,true
2.10137000000000018,6479.47361141292276443,0.91917302738958395,-2.20757575757575752,712.52770504773320681,0.31478236178224100,0.38703828877256102,true
2.10137000000000018,6479.47361141292276443,0.91917302738958395,-2.17070707070707059,739.28794209314230557,0.30812184100117290,0.38292169983688179,true
2.10137000000000018,6479.47361141292276443,0.91917302738958395,-2.13383838383838365,767.05320712785385240,0.30146587300667355,0.37876323213336088,true
2.10137000000000018,6479.47361141292276443,0.91917302738958395,-2.09696969696969671,795.86124575395547254,0.29482157663351771,0.37456601303063386,true
2.10137000000000018,6479.47361141292276443,0.91917302738958395,-2.06010101010101021,825.75122117631940455,0.28819613383804399,0.37033333938516189,false
2.10137000000000018,6479.47361141292276443,0.91917302738958395,-2.02323232323232327,856.76376744318201872,0.28159667767098662,0.36606861777533711,false
2.10137000000000018,6479.47361141292276443,0.91917302738958395,-1.98636363636363633,888.94104468626301241,0.27502921635417615,0.36177466645653578,false
2.10137000000000018,6479.47361141292276443,0.91917302738958395,-1.94949494949494939,922.32679643552933157,0.26849863328054019,0.35745368270402622,false
2.10137000000000018,6479.47361141292276443,0.91917302738958395,-1.91262626262626245,956.96640908651238533,0.26200976293740152,0.35310793183200234,false
2.10137000000000018,6479.47361141292276443,0.91917302738958395,-1.87575757575757573,992.90697360102956281,0.25556739732190664,0.34873975746600944,false
2.10137000000000018,6479.47361141292276443,0.91917302738958395,-1.83888888888888880,1030.19734952518138016,0.24917440378356628,0.34435028755229413,false
2.10137000000000018,6479.47361141292276443,0.91917302738958395,-1.80202020202020186,1068.88823141166085406,0.24283097908559817,0.33993883487775844,false
2.10137000000000018,6479.47361141292276443,0.91917302738958395,-1.76515151515151536,1109.03221773666609806,0.23653712327743870,0.33550453234357008,false
2.10137000000000018,6479.47361141292276443,0.91917302738958395,-1.72828282828282842,1150.68388240511671938,0.23029283640843767,0.33104646177828490,false
2.10137000000000018,6479.47361141292276443,0.91917302738958395,-1.69141414141414148,1193.89984894136478033,0.22409811851746647,0.32656364980670677,false
2.10137000000000018,6479.47361141292276443,0.91917302738958395,-1.65454545454545476,1238.73886746627749744,0.21795296962304608,0.32205506328787836,false
2.10137000000000018,6479.47361141292276443,0.91917302738958395,-1.61767676767676782,1285.26189456532688382,0.21185738974135929,0.31751960428683501,false
2.10137000000000018,6479.47361141292276443,0.91917302738958395,-1.58080808080808088,1333.53217615626567749,0.20581137888858680,0.31295610448448569,false
2.10137000000000018,6479.47361141292276443,0.91917302738958395,-1.54393939393939394,1383.61533346904889186,0.19981493707920428,0.30836331895858837,false
2.10137000000000018,6479.47361141292276443,0.91917302738958395,-1.50707070707070723,1435.57945225487742391,0.19386806432297907,0.30373991925045307,false
2.10137000000000018,6479.47361141292276443,0.91917302738958395,-1.47020202020202029,1489.49517534565234200,0.18797076062887191,0.29908448562189827,false
2.10137000000000018,6479.47361141292276443,0.91917302738958395,-1.43333333333333335,1545.43579868965616697,0.18212302600584362,0.29439549837548734,false
2.10137000000000018,6479.47361141292276443,0.91917302738958395,-1.39646464646464663,1603.47737099402775129,0.17632645107876599,0.28967263464983639,false
2.10137000000000018,6479.47361141292276443,0.91917302738958395,-1.35959595959595969,1663.69879710948657703,0.17058898893615518,0.28492085156991354,false
2.10137000000000018,6479.47361141292276443,0.91917302738958395,-1.32272727272727275,1726.18194529784977931,0.16492018328243840,0.28014678349939581,false
2.10137000000000018,6479.47361141292276443,0.91917302738958395,-1.28585858585858603,1791.01175852817323175,0.15932957782204282,0.27535751825661126,false
2.10137000000000018,6479.47361141292276443,0.91917302738958395,-1.24898989898989909,1858.27636995281659438,0.15382611109375235,0.27056010976767803,false
2.10137000000000018,6479.47361141292276443,0.91917302738958395,-1.21212121212121215,1928.06722272041270116,0.14841518768071282,0.26575895591564347,false
2.10137000000000018,6479.47361141292276443,0.91917302738958395,-1.17525252525252522,2000.47919428862746827,0.14310093302586194,0.26095761156160441,false
2.10137000000000018,6479.47361141292276443,0.91917302738958395,-1.13838383838383850,2075.61072540570285128,0.13788747080780603,0.25615989639569492,false
2.10137000000000018,6479.47361141292276443,0.91917302738958395,-1.10151515151515156,2153.56395393613456690,0.13277863475903273,0.25136964716253618,false
2.10137000000000018,6479.47361141292276443,0.91917302738958395,-1.06464646464646462,2234.44485371240170934,0.12777573500692288,0.24658856314694985,false
2.10137000000000018,6479.47361141292276443,0.91917302738958395,-1.02777777777777790,2318.36337860152480062,0.12287878229069600,0.24181719854636302,false
2.10137000000000018,6479.47361141292276443,0.91917302738958395,-0.99090909090909096,2405.43361198229695219,0.11808777661082648,0.23705614024666255,false
2.10137000000000018,6479.47361141292276443,0.91917302738958395,-0.95404040404040413,2495.77392183639358336,0.11340271796776999,0.23230602192495284,false
2.10137000000000018,6479.47361141292276443,0.91917302738958395,-0.91717171717171719,2589.50712166420635185,0.10882360636172894,0.22756752864756755,false
2.10137000000000018,6479.47361141292276443,0.91917302738958395,-0.88030303030303059,2686.76063744415205292,0.10435044179272331,0.22284140199960434,false
2.10137000000000018,6479.47361141292276443,0.91917302738958395,-0.84343434343434365,2787.66668086244044389,0.09998322426076885,0.21812844581522950,false
2.10137000000000018,6479.47361141292276443,0.91917302738958395,-0.80656565656565682,2892.36242904877917681,0.09572195376587503,0.21342953258773900,false
2.10137000000000018,6479.47361141292276443,0.91917302738958395,-0.76969696969696988,3000.99021106238569701,0.09156663030790230,0.20874561065000277,false
2.10137000000000018,6479.47361141292276443,0.91917302738958395,-0.73282828282828305,3113.69770138179910646,0.08751725388656224,0.20407771222917920,false
2.10137000000000018,6479.47361141292276443,0.91917302738958395,-0.69595959595959622,3230.63812066155196590,0.08357382450156001,0.19942696249414171,false
2.10137000000000018,6479.47361141292276443,0.91917302738958395,-0.65909090909090928,3351.97044402860819901,0.07973634215259356,0.19479458973064734,false
2.10137000000000018,6479.47361141292276443,0.91917302738958395,-0.62222222222222245,3477.85961720174236689,0.07600480683903621,0.19018193679861306,false
2.10137000000000018,6479.47361141292276443,0.91917302738958395,-0.58535353535353551,3608.47678072767075719,0.07237921855981101,0.18559047404850457,false
2.10137000000000018,6479.47361141292276443,0.91917302738958395,-0.54848484848484869,3743.99950263875507517,0.06885957731380782,0.18102181389830865,false
2.10137000000000018,6479.47361141292276443,0.91917302738958395,-0.51161616161616186,3884.61201984858644209,0.06544584261847763,0.17647767271836717,false
2.10137000000000018,6479.47361141292276443,0.91917302738958395,-0.47474747474747492,4030.50548861360721276,0.06213307573716857,0.17195316046708203,false
2.10137000000000018,6479.47361141292276443,0.91917302738958395,-0.43787878787878809,4181.87824440125223191,0.05890682479509519,0.16742933144505026,false
2.10137000000000018,6479.47361141292276443,0.91917302738958395,-0.40101010101010121,4338.93607151791093202,0.05575154491862271,0.16288353622712343,false
2.10137000000000018,6479.47361141292276443,0.91917302738958395,-0.36414141414141432,4501.89248286323072534,0.05265169629429588,0.15829052512709363,false
2.10137000000000018,6479.47361141292276443,0.91917302738958395,-0.32727272727272744,4670.96901019109645858,0.04959540773886854,0.15362767876485586,false
2.10137000000000018,6479.47361141292276443,0.91917302738958395,-0.29040404040404055,4846.39550527187293483,0.04658094360883077,0.14888566226733366,false
2.10137000000000018,6479.47361141292276443,0.91917302738958395,-0.25353535353535372,5028.41045236532227136,0.04360830390227500,0.14405665754284894,false
2.10137000000000018,6479.47361141292276443,0.91917302738958395,-0.21666666666666684,5217.26129242899969540,0.04067748861729365,0.13913160727410334,false
2.10137000000000018,6479.47361141292276443,0.91917302738958395,-0.17979797979797996,5413.20475950286436273,0.03778884941255722,0.13410055352939854,false
2.10137000000000018,6479.47361141292276443,0.91917302738958395,-0.14292929292929310,5616.50722972741277772,0.03494414458904842,0.12895433403098069,false
2.10137000000000018,6479.47361141292276443,0.91917302738958395,-0.10606060606060622,5827.44508346980182978,0.03214548410832807,0.12368263280135752,false
2.10137000000000018,6479.47361141292276443,0.91917302738958395,-0.06919191919191935,6046.30508105025819532,0.02939497793195692,0.11827291625451826,false
2.10137000000000018,6479.47361141292276443,0.91917302738958395,-0.03232323232323248,6273.38475257955906272,0.02670290528631796,0.11272701154497365,false
2.10137000000000018,6479.47361141292276443,0.91917302738958395,0.00454545454545440,6508.99280243754674302,0.02412725104630360,0.10715258623897700,false
2.10137000000000018,6479.47361141292276443,0.91917302738958395,0.04141414141414127,6753.44952894254674902,0.02174326748329628,0.10172112164819122,false
2.10137000000000018,6479.47361141292276443,0.91917302738958395,0.07828282828282815,7007.08725978222082631,0.01962623068577705,0.09664228408637517,false
2.10137000000000018,6479.47361141292276443,0.91917302738958395,0.11515151515151502,7270.25080379778592032,0.01784612389221175,0.09215537865419350,false
2.10137000000000018,6479.47361141292276443,0.91917302738958395,0.15202020202020189,7543.29791973578358011,0.01642686294278563,0.08841502069386858,false
2.10137000000000018,6479.47361141292276443,0.91917302738958395,0.18888888888888875,7826.59980260467000335,0.01536864386835656,0.08551976712315532,false
2.10137000000000018,6479.47361141292276443,0.91917302738958395,0.22575757575757563,8120.54158829737025371,0.01467146666830037,0.08355751233794165,false
2.10137000000000018,6479.47361141292276443,0.91917302738958395,0.26262626262626249,8425.52287716582577559,0.01433422169390562,0.08259158384826278,false
2.10137000000000018,6479.47361141292276443,0.91917302738958395,0.29949494949494937,8741.95827725931303576,0.01434073471402802,0.08261034522817394,false
2.10137000000000018,6479.47361141292276443,0.91917302738958395,0.33636363636363625,9070.27796796504117083,0.01466397470063743,0.08353617533964272,false
2.10137000000000018,6479.47361141292276443,0.91917302738958395,0.37323232323232314,9410.92828481726064638,0.01527667094171687,0.08526348861339253,false
2.10137000000000018,6479.47361141292276443,0.91917302738958395,0.41010101010100997,9764.37232626991135476,0.01615086556115358,0.08766911796348005,false
2.10137000000000018,6479.47361141292276443,0.91917302738958395,0.44696969696969685,10131.09058325770092779,0.01724279590863302,0.09058422644878399,false
2.10137000000000018,6479.47361141292276443,0.91917302738958395,0.48383838383838373,10511.58159240144414071,0.01849289455963879,0.09381044213614295,false
2.10137000000000018,6479.47361141292276443,0.91917302738958395,0.52070707070707056,10906.36261374569585314,0.01984090692555874,0.09716939439429920,false
2.10137000000000018,6479.47361141292276443,0.91917302738958395,0.55757575757575750,11315.97033395002108591,0.02122710799911281,0.10050650030285065,false
2.10137000000000018,6479.47361141292276443,0.91917302738958395,0.59444444444444433,11740.96159588983755384,0.02261576084595110,0.10374193341759767,false
2.10137000000000018,6479.47361141292276443,0.91917302738958395,0.63131313131313127,12181.91415565873649030,0.02400441369915012,0.10687946902161596,true
2.10137000000000018,6479.47361141292276443,0.91917302738958395,0.66818181818181810,12639.42746800132408680,0.02539306655721264,0.10992748996396810,true
2.10137000000000018,6479.47361141292276443,0.91917302738958395,0.70505050505050493,13114.12350124442309607,0.02678171941864426,0.11289324693185743,true
2.10137000000000018,6479.47361141292276443,0.91917302738958395,0.74191919191919187,13606.64758283443006803,0.02817037228229820,0.11578306161487489,true
2.10137000000000018,6479.47361141292276443,0.91917302738958395,0.77878787878787870,14117.66927663031856355,0.02955902514770256,0.11860248526841033,true
2.10137000000000018,6479.47361141292276443,0.91917302738958395,0.81565656565656564,14647.88329314495604194,0.03094767801446304,0.12135642408796668,true
2.10137000000000018,6479.47361141292276443,0.91917302738958395,0.85252525252525246,15198.01043397211287811,0.03233633088218543,0.12404923951178054,true
2.10137000000000018,6479.47361141292276443,0.91917302738958395,0.88939393939393896,15768.79857168311355053,0.03372498375053324,0.12668482931977845,true
2.10137000000000018,6479.47361141292276443,0.91917302738958395,0.92626262626262579,16361.02366652525415702,0.03511363661932966,0.12926669384000347,true
2.10137000000000018,6479.47361141292276443,0.91917302738958395,0.96313131313131273,16975.49082130407623481,0.03650228948842512,0.13179799047410123,true
2.10137000000000018,6479.47361141292276443,0.91917302738958395,0.99999999999999956,17613.03537588364633848,0.03789094235767010,0.13428157896661971,true
3.09863000000000000,6706.69828468600098859,0.88559031962009116,-3.54999999999999982,192.64749149731107991,0.38604941429533995,0.35296901932108882,true
3.09863000000000000,6706.69828468600098859,0.88559031962009116,-3.50404040404040362,201.70810869466001236,0.38041887268978986,0.35038553311002707,true
3.09863000000000000,6706.69828468600098859,0.88559031962009116,-3.45808080808080787,211.19486579841941420,0.37479057314646624,0.34778389639365620,true
3.09863000000000000,6706.69828468600098859,0.88559031962009116,-3.41212121212121167,221.12780506574262063,0.36916675772759505,0.34516474689632842,true
3.09863000000000000,6706.69828468600098859,0.88559031962009116,-3.36616161616161591,231.52791138334097809,0.36354966849540310,0.34252873909528525,true
3.09863000000000000,6706.69828468600098859,0.88559031962009116,-3.32020202020202015,242.41715660133769461,0.35794129717811907,0.33987642634698123,true
3.09863000000000000,6706.69828468600098859,0.88559031962009116,-3.27424242424242395,253.81854595223489923,0.35234217364099901,0.33720767746363728,true
3.09863000000000000,6706.69828468600098859,0.88559031962009116,-3.22828282828282820,265.75616665306290543,0.34675229861767137,0.33452209942699057,true
3.09863000000000000,6706.69828468600098859,0.88559031962009116,-3.18232323232323200,278.25523879339169753,0.34117167211192728,0.33181928361908275,true
3.09863000000000000,6706.69828468600098859,0.88559031962009116,-3.13636363636363624,291.34216861671097831,0.33560029412742026,0.32909880533195374,true
3.09863000000000000,6706.69828468600098859,0.88559031962009116,-3.09040404040404004,305.04460430774798851,0.33003816466660679,0.32636022287366434,true
3.09863000000000000,6706.69828468600098859,0.88559031962009116,-3.04444444444444384,319.39149440357800813,0.32448528373132673,0.32360307661046905,true
3.09863000000000000,6706.69828468600098859,0.88559031962009116,-2.99848484848484809,334.41314895193426082,0.31894165132341484,0.32082688793857511,true
3.09863000000000000,6706.69828468600098859,0.88559031962009116,-2.95252525252525233,350.14130354592106187,0.31340726744467939,0.31803115817872502,true
3.09863000000000000,6706.69828468600098859,0.88559031962009116,-2.90656565656565657,366.60918637041447710,0.30788213209656623,0.31521536738661432,true
3.09863000000000000,6706.69828468600098859,0.88559031962009116,-2.86060606060606037,383.85158840179639128,0.30236624528026046,0.31237897307159546,true
3.09863000000000000,6706.69828468600098859,0.88559031962009116,-2.81464646464646462,401.90493690932947857,0.29685960699694136,0.30952140881470669,false
3.09863000000000000,6706.69828468600098859,0.88559031962009116,-2.76868686868686842,420.80737241345815391,0.29136221724778144,0.30664208277597077,false
3.09863000000000000,6706.69828468600098859,0.88559031962009116,-2.72272727272727222,440.59882926361808586,0.28587407603379483,0.30374037608000914,false
3.09863000000000000,6706.69828468600098859,0.88559031962009116,-2.67676767676767646,461.32112000579166988,0.28039518335583774,0.30081564106780978,false
3.09863000000000000,6706.69828468600098859,0.88559031962009116,-2.63080808080808071,483.01802371804706127,0.27492553921475921,0.29786719940083239,false
3.09863000000000000,6706.69828468600098859,0.88559031962009116,-2.58484848484848451,505.73537850068282751,0.26946514361140683,0.29489434000175824,false
3.09863000000000000,6706.69828468600098859,0.88559031962009116,-2.53888888888888875,529.52117831637860945,0.26401399654654839,0.29189631681440775,false
3.09863000000000000,6706.69828468600098859,0.88559031962009116,-2.49292929292929299,554.42567438494415910,0.25857209802084113,0.28887234636313142,false
3.09863000000000000,6706.69828468600098859,0.88559031962009116,-2.44696969696969679,580.50148134687447055,0.25313944803493421,0.28582160508935228,false
3.09863000000000000,6706.69828468600098859,0.88559031962009116,-2.40101010101010059,607.80368842000120821,0.24771604658947646,0.28274322643975852,false
3.09863000000000000,6706.69828468600098859,0.88559031962009116,-2.35505050505050484,636.38997578407611400,0.24230189368507410,0.27963629767730319,false
3.09863000000000000,6706.69828468600098859,0.88559031962009116,-2.30909090909090908,666.32073643916658057,0.23689698932225070,0.27649985638212710,false
3.09863000000000000,6706.69828468600098859,0.88559031962009116,-2.26313131313131288,697.65920379530746231,0.23150133350152002,0.27333288660483779,false
3.09863000000000000,6706.69828468600098859,0.88559031962009116,-2.21717171717171713,730.47158526296175296,0.22611492622339635,0.27013431462889703,false
3.09863000000000000,6706.69828468600098859,0.88559031962009116,-2.17121212121212137,764.82720212652532155,0.22073776748837115,0.26690300429251063,false
3.09863000000000000,6706.69828468600098859,0.88559031962009116,-2.12525252525252517,800.79863599637451443,0.21536985729687455,0.26363775181279331,false
3.09863000000000000,6706.69828468600098859,0.88559031962009116,-2.07929292929292897,838.46188214886115020,0.21001119564932608,0.26033728004603462,false
3.09863000000000000,6706.69828468600098859,0.88559031962009116,-2.03333333333333321,877.89651007821294115,0.20466178254614542,0.25700023210708151,false
3.09863000000000000,6706.69828468600098859,0.88559031962009116,-1.98737373737373701,919.18583159952777351,0.19932161798775447,0.25362516425823972,false
3.09863000000000000,6706.69828468600098859,0.88559031962009116,-1.94141414141414126,962.41707685800190575,0.19399070197458493,0.25021053796289783,false
3.09863000000000000,6706.69828468600098859,0.88559031962009116,-1.89545454545454528,1007.68157861624854377,0.18866903450707082,0.24675471098081345,false
3.09863000000000000,6706.69828468600098859,0.88559031962009116,-1.84949494949494930,1055.07496520903191595,0.18335661558564628,0.24325592736002410,false
3.09863000000000000,6706.69828468600098859,0.88559031962009116,-1.80353535353535355,1104.69736257307249616,0.17805344521078159,0.23971230615368114,false
3.09863000000000000,6706.69828468600098859,0.88559031962009116,-1.75757575757575757,1156.65360577873730108,0.17275952338315831,0.23612182865765971,false
3.09863000000000000,6706.69828468600098859,0.88559031962009116,-1.71161616161616137,1211.05346051051151335,0.16747485010353461,0.23248232392462265,false
3.09863000000000000,6706.69828468600098859,0.88559031962009116,-1.66565656565656539,1268.01185496416337628,0.16219942537266865,0.22879145226172398,false
3.09863000000000000,6706.69828468600098859,0.88559031962009116,-1.61969696969696941,1327.64912265052157636,0.15693478470204603,0.22504778733821976,false
3.09863000000000000,6706.69828468600098859,0.88559031962009116,-1.57373737373737366,1390.09125661882330860,0.15169582823355651,0.22125951602875174,false
3.09863000000000000,6706.69828468600098859,0.88559031962009116,-1.52777777777777768,1455.47017563672625329,0.14650433747197888,0.21744047132210700,false
3.09863000000000000,6706.69828468600098859,0.88559031962009116,-1.48181818181818170,1523.92400288932026342,0.14138215079285962,0.21360550026687294,false
3.09863000000000000,6706.69828468600098859,0.88559031962009116,-1.43585858585858595,1595.59735778594676958,0.13635022188940871,0.20976984817668726,false
3.09863000000000000,6706.69828468600098859,0.88559031962009116,-1.38989898989898975,1670.64166149130619488,0.13141749400743580,0.20594048446510599,false
3.09863000000000000,6706.69828468600098859,0.88559031962009116,-1.34393939393939377,1749.21545682633063734,0.12658425466077022,0.20211799609292616,false
3.09863000000000000,6706.69828468600098859,0.88559031962009116,-1.29797979797979779,1831.48474321467870141,0.12185060027185660,0.19830285910830811,false
3.09863000000000000,6706.69828468600098859,0.88559031962009116,-1.25202020202020181,1917.62332738245959263,0.11721662525434320,0.19449558444584755,false
3.09863000000000000,6706.69828468600098859,0.88559031962009116,-1.20606060606060583,2007.81319055210997249,0.11268237781956320,0.19069668381685637,false
3.09863000000000000,6706.69828468600098859,0.88559031962009116,-1.16010101010100986,2102.24487290616889368,0.10824785997653437,0.18690666956620111,false
3.09863000000000000,6706.69828468600098859,0.88559031962009116,-1.11414141414141432,2201.11787613319393131,0.10391307172547838,0.18312609343769759,false
3.09863000000000000,6706.69828468600098859,0.88559031962009116,-1.06818181818181812,2304.64108490626495040,0.09967801306660970,0.17935555226166014,false
3.09863000000000000,6706.69828468600098859,0.88559031962009116,-1.02222222222222214,2413.03320818449583385,0.09554268399982901,0.17559569247648210,false
3.09863000000000000,6706.69828468600098859,0.88559031962009116,-0.97626262626262617,2526.52324126990151854,0.09150708452460121,0.17184721518025883,false
3.09863000000000000,6706.69828468600098859,0.88559031962009116,-0.93030303030303019,2645.35094959576508700,0.08757121464035916,0.16811088178237241,false
3.09863000000000000,6706.69828468600098859,0.88559031962009116,-0.88434343434343410,2769.76737526858596539,0.08373507377679500,0.16438751977432320,false
3.09863000000000000,6706.69828468600098859,0.88559031962009116,-0.83838383838383812,2900.03536743377162566,0.07999859242497495,0.16067796110475149,false
3.09863000000000000,6706.69828468600098859,0.88559031962009116,-0.79242424242424259,3036.43013758553797743,0.07636156718689872,0.15698297523635812,false
3.09863000000000000,6706.69828468600098859,0.88559031962009116,-0.74646464646464661,3179.23984099421113569,0.07282377928156668,0.15330338561059667,false
3.09863000000000000,6706.69828468600098859,0.88559031962009116,-0.70050505050505052,3328.76618547926727842,0.06938500999919668,0.14964009215073748,false
3.09863000000000000,6706.69828468600098859,0.88559031962009116,-0.65454545454545454,3485.32506881426206746,0.06604509226263224,0.14599413690968141,false
3.09863000000000000,6706.69828468600098859,0.88559031962009116,-0.60858585858585856,3649.24724611024976184,0.06280400164319801,0.14236682427916320,false
3.09863000000000000,6706.69828468600098859,0.88559031962009116,-0.56262626262626247,3820.87902858765755809,0.05966173813979195,0.13875961627404262,false
3.09863000000000000,6706.69828468600098859,0.88559031962009116,-0.51666666666666650,4000.58301521285648050,0.05661830175131195,0.13517412241698998,false
3.09863000000000000,6706.69828468600098859,0.88559031962009116,-0.47070707070707046,4188.73885874516327021,0.05366968844486424,0.13160720819470667,false
3.09863000000000000,6706.69828468600098859,0.88559031962009116,-0.42474747474747443,4385.74406781262496224,0.05079587806038816,0.12803519738666730,false
3.09863000000000000,6706.69828468600098859,0.88559031962009116,-0.37878787878787895,4592.01484671113030345,0.04797284640603146,0.12442649946298062,false
3.09863000000000000,6706.69828468600098859,0.88559031962009116,-0.33282828282828292,4807.98697470103888918,0.04517656928994170,0.12074572489079430,false
3.09863000000000000,6706.69828468600098859,0.88559031962009116,-0.28686868686868688,5034.11672665897640400,0.04238570490881396,0.11695662959281762,false
3.09863000000000000,6706.69828468600098859,0.88559031962009116,-0.24090909090909088,5270.88183702982496470,0.03959457567001486,0.11304021787083765,false
3.09863000000000000,6706.69828468600098859,0.88559031962009116,-0.19494949494949484,5518.78250911541363166,0.03680317375262190,0.10898275325543218,false
3.09863000000000000,6706.69828468600098859,0.88559031962009116,-0.14898989898989884,5778.34247183217303245,0.03401149915608737,0.10476784887587741,false
3.09863000000000000,6706.69828468600098859,0.88559031962009116,-0.10303030303030282,6050.11008617032712209,0.03122387007205092,0.10038261497907486,false
3.09863000000000000,6706.69828468600098859,0.88559031962009116,-0.05707070707070730,6334.65950369219081040,0.02848218895748690,0.09587421499476766,false
3.09863000000000000,6706.69828468600098859,0.88559031962009116,-0.01111111111111128,6632.59187951710100606,0.02584771016769080,0.09133267485559396,false
3.09863000000000000,6706.69828468600098859,0.88559031962009116,0.03484848484848474,6944.53664235554151674,0.02338184799100216,0.08686694651084317,false
3.09863000000000000,6706.69828468600098859,0.88559031962009116,0.08080808080808076,7271.15282427569036372,0.02114447794571615,0.08260638609285584,false
3.09863000000000000,6706.69828468600098859,0.88559031962009116,0.12676767676767678,7613.13045301166403078,0.01917458520800528,0.07866438076632522,false
3.09863000000000000,6706.69828468600098859,0.88559031962009116,0.17272727272727278,7971.19200975495914463,0.01749609962792789,0.07514252091601764,false
3.09863000000000000,6706.69828468600098859,0.88559031962009116,0.21868686868686882,8346.09395550888984872,0.01613261868121267,0.07215518985215497,false
3.09863000000000000,6706.69828468600098859,0.88559031962009116,0.26464646464646485,8738.62832923069254321,0.01510724822950682,0.06982449798952976,false
3.09863000000000000,6706.69828468600098859,0.88559031962009116,0.31060606060606083,9149.62442113761790097,0.01443178701058261,0.06824568460712034,false
3.09863000000000000,6706.69828468600098859,0.88559031962009116,0.35656565656565636,9579.95052471213057288,0.01410672663833743,0.06747272724485194,false
3.09863000000000000,6706.69828468600098859,0.88559031962009116,0.40252525252525240,10030.51577110761536460,0.01413206711258712,0.06753330202589940,false
3.09863000000000000,6706.69828468600098859,0.88559031962009116,0.44848484848484843,10502.27204983001684013,0.01450707002643468,0.06842345393501481,false
3.09863000000000000,6706.69828468600098859,0.88559031962009116,0.49444444444444441,10996.21601975320845668,0.01519754988372967,0.07003287059980262,false
3.09863000000000000,6706.69828468600098859,0.88559031962009116,0.54040404040404044,11513.39121471664839191,0.01612291095899781,0.07213347707384046,false
3.09863000000000000,6706.69828468600098859,0.88559031962009116,0.58636363636363642,12054.89024815370066790,0.01719913897716819,0.07450209619820221,true
3.09863000000000000,6706.69828468600098859,0.88559031962009116,0.63232323232323251,12621.85712140831310535,0.01834243845031363,0.07693849283831092,true
3.09863000000000000,6706.69828468600098859,0.88559031962009116,0.67828282828282804,13215.48964061662809399,0.01949548713489697,0.07931990494139142,true
3.09863000000000000,6706.69828468600098859,0.88559031962009116,0.72424242424242402,13837.04194725970774016,0.02065237776615506,0.08163946867280784,true
3.09863000000000000,6706.69828468600098859,0.88559031962009116,0.77020202020202000,14487.82716773338870553,0.02181311033220517,0.08390231374757787,true
3.09863000000000000,6706.69828468600098859,0.88559031962009116,0.81616161616161609,15169.22018753305746941,0.02297768451798720,0.08611291099068714,true
3.09863000000000000,6706.69828468600098859,0.88559031962009116,0.86212121212121207,15882.66055591414260562,0.02414588020485563,0.08827478331351929,true
3.09863000000000000,6706.69828468600098859,0.88559031962009116,0.90808080808080804,16629.65552716492675245,0.02531687000991453,0.09038994980505982,true
3.09863000000000000,6706.69828468600098859,0.88559031962009116,0.95404040404040413,17411.78324491681996733,0.02648972256043373,0.09245999044871316,true
3.09863000000000000,6706.69828468600098859,0.88559031962009116,0.99999999999999967,18230.69607621939940145,0.02766350648368308,0.09448628057788204,true
5.11232899999999990,7201.93360439341449819,0.82229998567496976,-3.64999999999999947,187.18638376783496824,0.24311719403138685,0.21807126353630074,true
5.11232899999999990,7201.93360439341449819,0.82229998567496976,-3.60303030303030258,196.18822343934050423,0.23963004382509470,0.21650166280121216,true
5.11232899999999990,7201.93360439341449819,0.82229998567496976,-3.55606060606060526,205.62296381569649384,0.23614775735210622,0.21492281261969215,true
5.11232899999999990,7201.93360439341449819,0.82229998567496976,-3.50909090909090882,215.51142319928294455,0.23267519834572517,0.21333673738863129,true
5.11232899999999990,7201.93360439341449819,0.82229998567496976,-3.46212121212121193,225.87542104981079660,0.22921723053925522,0.21174552126264162,true
5.11232899999999990,7201.93360439341449819,0.82229998567496976,-3.41515151515151461,236.73782613022564192,0.22577817461288324,0.21015105828649136,true
5.11232899999999990,7201.93360439341449819,0.82229998567496976,-3.36818181818181772,248.12260696796107595,0.22235918000658278,0.20855381302894982,true
5.11232899999999990,7201.93360439341449819,0.82229998567496976,-3.32121212121212128,260.05488474288620182,0.21896024830752955,0.20695372182010596,true
5.11232899999999990,7201.93360439341449819,0.82229998567496976,-3.27424242424242395,272.56098871864764988,0.21558137951965381,0.20535071813495079,true
5.11232899999999990,7201.93360439341449819,0.82229998567496976,-3.22727272727272707,285.66851433971737606,0.21222257364674516,0.20374473323179190,true
5.11232899999999990,7201.93360439341449819,0.82229998567496976,-3.18030303030302974,299.40638412234420684,0.20888383069136737,0.20213569605380788,true
5.11232899999999990,7201.93360439341449819,0.82229998567496976,-3.13333333333333286,313.80491147376409344,0.20556515065545328,0.20052353312593552,true
5.11232899999999990,7201.93360439341449819,0.82229998567496976,-3.08636363636363642,328.89586758049335913,0.20226653354093033,0.19890816844595227,true
5.11232899999999990,7201.93360439341449819,0.82229998567496976,-3.03939393939393909,344.71255151329700084,0.19898797934969881,0.19728952336901875,true
5.11232899999999990,7201.93360439341449819,0.82229998567496976,-2.99242424242424221,361.28986370351992718,0.19572948808328941,0.19566751648539266,true
5.11232899999999990,7201.93360439341449819,0.82229998567496976,-2.94545454545454488,378.66438295291663962,0.19249105974296662,0.19404206349122113,true
5.11232899999999990,7201.93360439341449819,0.82229998567496976,-2.89848484848484800,396.87444714689911507,0.18927269432998900,0.19241307705176855,true
5.11232899999999990,7201.93360439341449819,0.82229998567496976,-2.85151515151515111,415.96023784930849843,0.18607439184560809,0.19078046665631787,false
5.11232899999999990,7201.93360439341449819,0.82229998567496976,-2.80454545454545423,435.96386896536722588,0.18289615229091480,0.18914413846419417,false
5.11232899999999990,7201.93360439341449819,0.82229998567496976,-2.75757575757575735,456.92947966845639485,0.17973797566683927,0.18750399514141367,false
5.11232899999999990,7201.93360439341449819,0.82229998567496976,-2.71060606060606002,478.90333179576435896,0.17659986197430477,0.18585993568725376,false
5.11232899999999990,7201.93360439341449819,0.82229998567496976,-2.66363636363636314,501.93391192771548504,0.17348181121423273,0.18421185524981540,false
5.11232899999999990,7201.93360439341449819,0.82229998567496976,-2.61666666666666670,526.07203837642589406,0.17038382338746422,0.18255964492976620,false
5.11232899999999990,7201.93360439341449819,0.82229998567496976,-2.56969696969696937,551.37097331925940580,0.16730589849472868,0.18090319157141183,false
5.11232899999999990,7201.93360439341449819,0.82229998567496976,-2.52272727272727249,577.88654032491240287,0.16424803653674755,0.17924237754013939,false
5.11232899999999990,7201.93360439341449819,0.82229998567496976,-2.47575757575757516,605.67724753136155869,0.16121023751424174,0.17757708048501122,false
5.11232899999999990,7201.93360439341449819,0.82229998567496976,-2.42878787878787827,634.80441674746418812,0.15819250142788965,0.17590717308532508,false
5.11232899999999990,7201.93360439341449819,0.82229998567496976,-2.38181818181818183,665.33231876309218933,0.15519482827828690,0.17423252277984561,false
5.11232899999999990,7201.93360439341449819,0.82229998567496976,-2.33484848484848451,697.32831516636019842,0.15221721806601957,0.17255299147731845,false
5.11232899999999990,7201.93360439341449819,0.82229998567496976,-2.28787878787878762,730.86300698087939054,0.14925967079167382,0.17086843524657064,false
5.11232899999999990,7201.93360439341449819,0.82229998567496976,-2.24090909090909030,766.01039045101640568,0.14632218645581277,0.16917870398445389,false
5.11232899999999990,7201.93360439341449819,0.82229998567496976,-2.19393939393939341,802.84802031890160379,0.14340476505893635,0.16748364105969646,false
5.11232899999999990,7201.93360439341449819,0.82229998567496976,-2.14696969696969697,841.45718095346978771,0.14050740660153357,0.16578308293058272,false
5.11232899999999990,7201.93360439341449819,0.82229998567496976,-2.09999999999999964,881.92306570914183794,0.13763011108409348,0.16407685873401159,false
5.11232899999999990,7201.93360439341449819,0.82229998567496976,-2.05303030303030232,924.33496490990296479,0.13477287850709282,0.16236478984331387,false
5.11232899999999990,7201.93360439341449819,0.82229998567496976,-2.00606060606060588,968.78646287358833433,0.13193570887095965,0.16064668939190832,false
5.11232899999999990,7201.93360439341449819,0.82229998567496976,-1.95909090909090855,1015.37564441111635460,0.12911860217610957,0.15892236175961025,false
5.11232899999999990,7201.93360439341449819,0.82229998567496976,-1.91212121212121189,1064.20531125631259783,0.12632155842295845,0.15719160201792376,false
5.11232899999999990,7201.93360439341449819,0.82229998567496976,-1.86515151515151478,1115.38320890390923523,0.12354457761191545,0.15545419533028695,false
5.11232899999999990,7201.93360439341449819,0.82229998567496976,-1.81818181818181768,1169.02226435623038014,0.12078765974335248,0.15370991630276232,false
5.11232899999999990,7201.93360439341449819,0.82229998567496976,-1.77121212121212079,1225.24083530318080193,0.11805080481762785,0.15195852828017578,false
5.11232899999999990,7201.93360439341449819,0.82229998567496976,-1.72424242424242369,1284.16297128536029959,0.11533401283509971,0.15019978258200453,false
5.11232899999999990,7201.93360439341449819,0.82229998567496976,-1.67727272727272703,1345.91868741657413011,0.11263728379612314,0.14843341767164492,false
5.11232899999999990,7201.93360439341449819,0.82229998567496976,-1.63030303030302992,1410.64425126973469560,0.10996061770102469,0.14665915825188530,false
5.11232899999999990,7201.93360439341449819,0.82229998567496976,-1.58333333333333304,1478.48248355916621222,0.10730401455011633,0.14487671427852752,false
5.11232899999999990,7201.93360439341449819,0.82229998567496976,-1.53636363636363593,1549.58307328280784532,0.10466747434370990,0.14308577988296975,false
5.11232899999999990,7201.93360439341449819,0.82229998567496976,-1.48939393939393883,1624.10290801967403240,0.10205099708211431,0.14128603219334415,false
5.11232899999999990,7201.93360439341449819,0.82229998567496976,-1.44242424242424216,1702.20642011140739669,0.09945458276559904,0.13947713004237589,false
5.11232899999999990,7201.93360439341449819,0.82229998567496976,-1.39545454545454506,1784.06594949178816023,0.09687823139440502,0.13765871254854253,false
5.11232899999999990,7201.93360439341449819,0.82229998567496976,-1.34848484848484818,1869.86212396480004827,0.09432194296877260,0.13583039755510903,false
5.11232899999999990,7201.93360439341449819,0.82229998567496976,-1.30151515151515107,1959.78425777036977706,0.09178571748893878,0.13399177990934494,false
5.11232899999999990,7201.93360439341449819,0.82229998567496976,-1.25454545454545441,2054.03076931722443987,0.08926955495506612,0.13214242956159136,false
5.11232899999999990,7201.93360439341449819,0.82229998567496976,-1.20757575757575730,2152.80961900463444181,0.08677345536724239,0.13028188946086691,false
5.11232899999999990,7201.93360439341449819,0.82229998567496976,-1.16060606060605997,2256.33876809910407246,0.08429741872555224,0.12840967321993749,false
5.11232899999999990,7201.93360439341449819,0.82229998567496976,-1.11363636363636331,2364.84665967855835333,0.08184144503007883,0.12652526251831747,false
5.11232899999999990,7201.93360439341449819,0.82229998567496976,-1.06666666666666621,2478.57272270526345892,0.07940553428084146,0.12462810420660095,false
5.11232899999999990,7201.93360439341449819,0.82229998567496976,-1.01969696969696932,2597.76790033972565652,0.07698968647777100,0.12271760706941896,false
5.11232899999999990,7201.93360439341449819,0.82229998567496976,-0.97272727272727233,2722.69520366134702272,0.07459390162079174,0.12079313819689058,false
5.11232899999999990,7201.93360439341449819,0.82229998567496976,-0.92575757575757522,2853.63029201764129539,0.07221817970982683,0.11885401890530566,false
5.11232899999999990,7201.93360439341449819,0.82229998567496976,-0.87878787878787845,2990.86208128258385841,0.06986252074466434,0.11689952013704674,false
5.11232899999999990,7201.93360439341449819,0.82229998567496976,-0.83181818181818135,3134.69338136626856794,0.06752692472482977,0.11492885725677174,false
5.11232899999999990,7201.93360439341449819,0.82229998567496976,-0.78484848484848457,3285.44156438254503882,0.06521139164981853,0.11294118414498279,false
5.11232899999999990,7201.93360439341449819,0.82229998567496976,-0.73787878787878747,3443.43926494902234481,0.06291592106183636,0.11093558606639793,false
5.11232899999999990,7201.93360439341449819,0.82229998567496976,-0.69090909090909058,3609.03511416465516959,0.06064018096810413,0.10891077462852447,false
5.11232899999999990,7201.93360439341449819,0.82229998567496976,-0.64393939393939348,3782.59450888451056016,0.05838292342470525,0.10686451559880313,false
5.11232899999999990,7201.93360439341449819,0.82229998567496976,-0.59696969696969671,3964.50041798913616731,0.05614274363737855,0.10479424155107697,false
5.11232899999999990,7201.93360439341449819,0.82229998567496976,-0.54999999999999960,4155.15422742763712449,0.05391823681186288,0.10269716232158836,false
5.11232899999999990,7201.93360439341449819,0.82229998567496976,-0.50303030303030249,4354.97662589906576613,0.05170823228618757,0.10057046269205895,false
5.11232899999999990,7201.93360439341449819,0.82229998567496976,-0.45606060606060539,4564.40853312646595441,0.04951249592754417,0.09841198969713882,false
5.11232899999999990,7201.93360439341449819,0.82229998567496976,-0.40909090909090895,4783.91207277183184488,0.04733102773541474,0.09621960506554869,false
5.11232899999999990,7201.93360439341449819,0.82229998567496976,-0.36212121212121184,5013.97159213881514006,0.04516382770928128,0.09399093581008075,false
5.11232899999999990,7201.93360439341449819,0.82229998567496976,-0.31515151515151474,5255.09473091314794146,0.04301089584868676,0.09172333706595080,false
5.11232899999999990,7201.93360439341449819,0.82229998567496976,-0.26818181818181763,5507.81354129909141193,0.04087223215352968,0.08941384704355487,false
5.11232899999999990,7201.93360439341449819,0.82229998567496976,-0.22121212121212053,5772.68566202351121319,0.03874783662383726,0.08705913195238422,false
5.11232899999999990,7201.93360439341449819,0.82229998567496976,-0.17424242424242409,6050.29554879810257262,0.03663770925963691,0.08465541803123208,false
5.11232899999999990,7201.93360439341449819,0.82229998567496976,-0.12727272727272695,6341.25576395485768444,0.03454283947384985,0.08219958403192333,false
5.11232899999999990,7201.93360439341449819,0.82229998567496976,-0.08030303030302985,6646.20832810039701144,0.03247282823606623,0.07969859407991388,false
5.11232899999999990,7201.93360439341449819,0.82229998567496976,-0.03333333333333274,6965.82613677171957534,0.03044171055143764,0.07716584721902033,false
5.11232899999999990,7201.93360439341449819,0.82229998567496976,0.01363636363636437,7300.81444521927551250,0.02846355807003765,0.07461655542987994,false
5.11232899999999990,7201.93360439341449819,0.82229998567496976,0.06060606060606082,7651.91242459360637440,0.02655265045867184,0.07206834382844429,false
5.11232899999999990,7201.93360439341449819,0.82229998567496976,0.10757575757575792,8019.89479296942499786,0.02472609141929944,0.06954538856149753,false
5.11232899999999990,7201.93360439341449819,0.82229998567496976,0.15454545454545504,8405.57352480599911360,0.02300301988958563,0.06707845176292354,false
5.11232899999999990,7201.93360439341449819,0.82229998567496976,0.20151515151515215,8809.79964261595159769,0.02140261973880970,0.06470294827887114,false
5.11232899999999990,7201.93360439341449819,0.82229998567496976,0.24848484848484859,9233.46509479582164204,0.01994367517231063,0.06245873710267520,false
5.11232899999999990,7201.93360439341449819,0.82229998567496976,0.29545454545454569,9677.50472376202560554,0.01863577812480023,0.06037600434082531,false
5.11232899999999990,7201.93360439341449819,0.82229998567496976,0.34242424242424280,10142.89832873487284814,0.01747932826036324,0.05847267628220867,true
5.11232899999999990,7201.93360439341449819,0.82229998567496976,0.38939393939393996,10630.67282772245380329,0.01647432557914407,0.05676680152000090,true
5.11232899999999990,7201.93360439341449819,0.82229998567496976,0.43636363636363706,11141.90452347484460915,0.01562077008128538,0.05527666370009037,true
5.11232899999999990,7201.93360439341449819,0.82229998567496976,0.48333333333333350,11677.72147840859543066,0.01491866176684987,0.05402011899858580,true
5.11232899999999990,7201.93360439341449819,0.82229998567496976,0.53030303030303061,12239.30600374197274505,0.01436800063578944,0.05301378005035303,true
5.11232899999999990,7201.93360439341449819,0.82229998567496976,0.57727272727272771,12827.89726833326312772,0.01396878668804780,0.05227209968634697,true
5.11232899999999990,7201.93360439341449819,0.82229998567496976,0.62424242424242482,13444.79403297882709012,0.01372101992356792,0.05180644600613687,true
5.11232899999999990,7201.93360439341449819,0.82229998567496976,0.67121212121212193,14091.35751620418523089,0.01362470034220394,0.05162428887356046,true
5.11232899999999990,7201.93360439341449819,0.82229998567496976,0.71818181818181837,14769.01439787171693752,0.01367982794363749,0.05172862328826514,true
5.11232899999999990,7201.93360439341449819,0.82229998567496976,0.76515151515151547,15479.25996723264142929,0.01388640272753035,0.05211772869682547,true
5.11232899999999990,7201.93360439341449819,0.82229998567496976,0.81212121212121258,16223.66142236949963262,0.01424441274222012,0.05278528578627875,true
5.11232899999999990,7201.93360439341449819,0.82229998567496976,0.85909090909090968,17003.86132830974747776,0.01474518132598978,0.05370511630241281,true
5.11232899999999990,7201.93360439341449819,0.82229998567496976,0.90606060606060679,17821.58124144084285945,0.01535609331472321,0.05480636187047191,true
5.11232899999999990,7201.93360439341449819,0.82229998567496976,0.95303030303030323,18678.62550822434423026,0.01604043424009914,0.05601426777618172,true
5.11232899999999990,7201.93360439341449819,0.82229998567496976,1.00000000000000044,19576.88524659118047566,0.01676148963379634,0.05725941531161566,true
